"GEO_ID","NAME","B08201_001E","B08201_001M","B08201_002E","B08201_002M","B08201_003E","B08201_003M","B08201_004E","B08201_004M","B08201_005E","B08201_005M","B08201_006E","B08201_006M","B08201_007E","B08201_007M","B08201_008E","B08201_008M","B08201_009E","B08201_009M","B08201_010E","B08201_010M","B08201_011E","B08201_011M","B08201_012E","B08201_012M","B08201_013E","B08201_013M","B08201_014E","B08201_014M","B08201_015E","B08201_015M","B08201_016E","B08201_016M","B08201_017E","B08201_017M","B08201_018E","B08201_018M","B08201_019E","B08201_019M","B08201_020E","B08201_020M","B08201_021E","B08201_021M","B08201_022E","B08201_022M","B08201_023E","B08201_023M","B08201_024E","B08201_024M","B08201_025E","B08201_025M","B08201_026E","B08201_026M","B08201_027E","B08201_027M","B08201_028E","B08201_028M","B08201_029E","B08201_029M","B08201_030E","B08201_030M",
"Geography","Geographic Area Name","Estimate!!Total:","Margin of Error!!Total:","Estimate!!Total:!!No vehicle available","Margin of Error!!Total:!!No vehicle available","Estimate!!Total:!!1 vehicle available","Margin of Error!!Total:!!1 vehicle available","Estimate!!Total:!!2 vehicles available","Margin of Error!!Total:!!2 vehicles available","Estimate!!Total:!!3 vehicles available","Margin of Error!!Total:!!3 vehicles available","Estimate!!Total:!!4 or more vehicles available","Margin of Error!!Total:!!4 or more vehicles available","Estimate!!Total:!!1-person household:","Margin of Error!!Total:!!1-person household:","Estimate!!Total:!!1-person household:!!No vehicle available","Margin of Error!!Total:!!1-person household:!!No vehicle available","Estimate!!Total:!!1-person household:!!1 vehicle available","Margin of Error!!Total:!!1-person household:!!1 vehicle available","Estimate!!Total:!!1-person household:!!2 vehicles available","Margin of Error!!Total:!!1-person household:!!2 vehicles available","Estimate!!Total:!!1-person household:!!3 vehicles available","Margin of Error!!Total:!!1-person household:!!3 vehicles available","Estimate!!Total:!!1-person household:!!4 or more vehicles available","Margin of Error!!Total:!!1-person household:!!4 or more vehicles available","Estimate!!Total:!!2-person household:","Margin of Error!!Total:!!2-person household:","Estimate!!Total:!!2-person household:!!No vehicle available","Margin of Error!!Total:!!2-person household:!!No vehicle available","Estimate!!Total:!!2-person household:!!1 vehicle available","Margin of Error!!Total:!!2-person household:!!1 vehicle available","Estimate!!Total:!!2-person household:!!2 vehicles available","Margin of Error!!Total:!!2-person household:!!2 vehicles available","Estimate!!Total:!!2-person household:!!3 vehicles available","Margin of Error!!Total:!!2-person household:!!3 vehicles available","Estimate!!Total:!!2-person household:!!4 or more vehicles available","Margin of Error!!Total:!!2-person household:!!4 or more vehicles available","Estimate!!Total:!!3-person household:","Margin of Error!!Total:!!3-person household:","Estimate!!Total:!!3-person household:!!No vehicle available","Margin of Error!!Total:!!3-person household:!!No vehicle available","Estimate!!Total:!!3-person household:!!1 vehicle available","Margin of Error!!Total:!!3-person household:!!1 vehicle available","Estimate!!Total:!!3-person household:!!2 vehicles available","Margin of Error!!Total:!!3-person household:!!2 vehicles available","Estimate!!Total:!!3-person household:!!3 vehicles available","Margin of Error!!Total:!!3-person household:!!3 vehicles available","Estimate!!Total:!!3-person household:!!4 or more vehicles available","Margin of Error!!Total:!!3-person household:!!4 or more vehicles available","Estimate!!Total:!!4-or-more-person household:","Margin of Error!!Total:!!4-or-more-person household:","Estimate!!Total:!!4-or-more-person household:!!No vehicle available","Margin of Error!!Total:!!4-or-more-person household:!!No vehicle available","Estimate!!Total:!!4-or-more-person household:!!1 vehicle available","Margin of Error!!Total:!!4-or-more-person household:!!1 vehicle available","Estimate!!Total:!!4-or-more-person household:!!2 vehicles available","Margin of Error!!Total:!!4-or-more-person household:!!2 vehicles available","Estimate!!Total:!!4-or-more-person household:!!3 vehicles available","Margin of Error!!Total:!!4-or-more-person household:!!3 vehicles available","Estimate!!Total:!!4-or-more-person household:!!4 or more vehicles available","Margin of Error!!Total:!!4-or-more-person household:!!4 or more vehicles available",
"1400000US18097310104","Census Tract 3101.04, Marion County, Indiana","1882","419","139","104","1118","397","535","132","38","43","52","47","1303","410","139","104","1072","396","68","62","24","39","0","12","421","130","0","12","46","32","362","121","0","12","13","24","93","67","0","12","0","12","79","68","14","19","0","12","65","68","0","12","0","12","26","41","0","12","39","40",
"1400000US18097310105","Census Tract 3101.05, Marion County, Indiana","1763","286","113","72","621","120","792","292","177","81","60","39","699","112","113","72","533","114","49","41","4","6","0","12","489","130","0","12","65","56","296","103","91","68","37","39","297","269","0","12","13","18","260","267","24","22","0","12","278","60","0","12","10","17","187","59","58","42","23","22",
"1400000US18097310106","Census Tract 3101.06, Marion County, Indiana","2330","461","539","452","1263","209","431","173","52","47","45","33","1299","473","473","444","761","253","65","75","0","12","0","12","749","216","26","31","367","161","339","164","17","29","0","12","240","137","40","47","135","117","18","28","35","44","12","23","42","32","0","12","0","12","9","19","0","12","33","33",
"1400000US18097310108","Census Tract 3101.08, Marion County, Indiana","1596","240","0","12","366","86","869","221","234","87","127","54","428","91","0","12","356","83","56","24","0","12","16","23","787","244","0","12","0","12","645","235","109","48","33","39","205","87","0","12","10","15","64","42","97","71","34","24","176","47","0","12","0","12","104","46","28","22","44","24",
"1400000US18097310110","Census Tract 3101.10, Marion County, Indiana","1285","112","28","38","663","132","507","105","87","57","0","12","557","120","28","38","465","116","59","38","5","9","0","12","490","114","0","12","164","71","320","99","6","10","0","12","124","64","0","12","21","23","58","38","45","43","0","12","114","51","0","12","13","16","70","46","31","33","0","12",
"1400000US18097310111","Census Tract 3101.11, Marion County, Indiana","1529","136","101","85","781","143","478","133","138","75","31","29","710","150","50","66","505","119","131","79","24","28","0","12","419","111","51","56","110","62","230","96","18","28","10","16","244","116","0","12","125","78","83","68","36","34","0","12","156","85","0","12","41","62","34","34","60","54","21","25",
"1400000US18097310112","Census Tract 3101.12, Marion County, Indiana","2628","505","62","65","759","487","944","230","632","262","231","106","736","450","62","65","591","474","47","42","36","42","0","17","897","190","0","17","127","104","529","130","188","104","53","47","406","172","0","17","41","46","211","172","128","76","26","35","589","243","0","17","0","17","157","88","280","229","152","80",
"1400000US18097310113","Census Tract 3101.13, Marion County, Indiana","340","37","0","12","56","61","181","80","94","69","9","17","56","61","0","12","56","61","0","12","0","12","0","12","176","58","0","12","0","12","127","63","40","40","9","17","10","16","0","12","0","12","10","16","0","12","0","12","98","34","0","12","0","12","44","26","54","40","0","12",
"1400000US18097310201","Census Tract 3102.01, Marion County, Indiana","1466","165","28","29","516","118","652","132","224","133","46","32","426","108","28","29","333","116","50","52","15","24","0","12","473","129","0","12","105","47","314","118","35","37","19","21","152","74","0","12","36","50","78","48","22","22","16","19","415","126","0","12","42","57","210","63","152","124","11","15",
"1400000US18097310203","Census Tract 3102.03, Marion County, Indiana","1944","227","116","96","946","227","583","170","239","154","60","55","820","203","87","97","625","202","108","85","0","17","0","17","557","205","29","37","168","123","355","152","0","17","5","11","166","112","0","17","41","53","49","46","70","87","6","13","401","157","0","17","112","92","71","87","169","119","49","53",
"1400000US18097310204","Census Tract 3102.04, Marion County, Indiana","1864","266","179","72","433","113","624","144","293","142","335","240","503","138","114","54","137","71","179","99","29","45","44","55","467","129","37","49","152","85","189","90","70","56","19","21","358","135","28","28","91","62","100","55","139","111","0","17","536","226","0","17","53","43","156","65","55","50","272","231",
"1400000US18097310305","Census Tract 3103.05, Marion County, Indiana","2292","209","104","72","1053","209","775","243","292","144","68","52","1034","234","90","60","715","214","176","124","53","82","0","17","756","235","8","12","211","131","431","197","65","63","41","39","239","129","0","17","127","119","67","59","45","53","0","17","263","150","6","30","0","17","101","94","129","108","27","31",
"1400000US18097310306","Census Tract 3103.06, Marion County, Indiana","2423","427","401","168","947","320","626","315","317","167","132","107","731","199","227","142","468","172","15","23","21","27","0","17","527","187","85","92","245","156","95","56","70","67","32","36","230","142","0","17","125","126","83","76","22","26","0","17","935","379","89","101","109","176","433","296","204","156","100","101",
"1400000US18097310308","Census Tract 3103.08, Marion County, Indiana","1073","133","58","52","289","99","516","127","150","73","60","57","203","89","0","12","139","79","48","37","0","12","16","26","365","127","39","43","64","44","205","96","57","51","0","12","243","92","0","12","64","68","117","71","62","33","0","12","262","120","19","32","22","26","146","81","31","37","44","53",
"1400000US18097310309","Census Tract 3103.09, Marion County, Indiana","1426","140","195","104","841","194","294","135","68","69","28","38","499","113","101","75","379","122","19","23","0","12","0","12","399","166","0","12","234","136","165","107","0","12","0","12","198","112","94","76","64","63","13","22","27","31","0","12","330","142","0","12","164","113","97","82","41","59","28","38",
"1400000US18097310310","Census Tract 3103.10, Marion County, Indiana","2069","516","226","303","819","396","679","182","279","147","66","58","644","369","19","30","540","368","72","57","13","22","0","17","662","309","207","287","130","79","306","105","19","21","0","17","331","149","0","17","104","89","71","41","109","114","47","45","432","135","0","17","45","37","230","133","138","82","19","29",
"1400000US18097310311","Census Tract 3103.11, Marion County, Indiana","1837","168","73","62","404","109","761","159","453","155","146","69","387","109","9","17","333","105","34","24","11","16","0","17","545","149","0","17","34","30","343","138","137","77","31","37","308","105","26","40","14","23","131","69","98","56","39","33","597","130","38","45","23","25","253","81","207","121","76","51",
"1400000US18097310312","Census Tract 3103.12, Marion County, Indiana","2680","294","359","233","1420","301","585","244","293","166","23","39","1111","263","304","225","654","211","153","148","0","17","0","17","675","270","55","85","376","242","166","87","55","58","23","39","591","264","0","17","349","209","143","125","99","121","0","17","303","140","0","17","41","63","123","125","139","101","0","17",
"1400000US18097320105","Census Tract 3201.05, Marion County, Indiana","1810","160","109","97","830","187","731","184","103","68","37","49","690","171","63","71","588","166","39","46","0","12","0","12","667","176","0","12","150","77","481","162","12","21","24","40","191","111","0","12","58","68","81","60","39","41","13","26","262","109","46","69","34","44","130","102","52","56","0","12",
"1400000US18097320106","Census Tract 3201.06, Marion County, Indiana","1206","398","57","50","393","88","356","100","387","427","13","15","238","69","57","50","157","54","24","23","0","12","0","12","385","90","0","12","120","64","219","87","46","34","0","12","77","46","0","12","36","33","32","27","9","11","0","12","506","423","0","12","80","50","81","57","332","424","13","15",
"1400000US18097320107","Census Tract 3201.07, Marion County, Indiana","845","117","4","7","248","112","401","64","156","62","36","24","211","54","4","7","137","41","64","27","0","12","6","10","351","63","0","12","27","24","236","52","85","36","3","5","91","47","0","12","25","24","32","25","34","42","0","12","192","90","0","12","59","90","69","30","37","30","27","24",
"1400000US18097320108","Census Tract 3201.08, Marion County, Indiana","2306","209","235","123","1275","246","603","225","116","116","77","64","1229","246","212","120","942","245","59","78","16","24","0","17","612","255","23","28","206","154","375","197","8","16","0","17","136","118","0","17","60","73","73","76","3","5","0","17","329","147","0","17","67","79","96","79","89","110","77","64",
"1400000US18097320109","Census Tract 3201.09, Marion County, Indiana","1334","308","157","85","506","306","504","110","134","65","33","27","632","315","56","36","475","315","85","57","7","11","9","17","465","109","94","77","19","20","282","84","70","51","0","12","137","67","7","10","0","12","75","42","38","46","17","19","100","44","0","12","12","18","62","34","19","19","7","10",
"1400000US18097320202","Census Tract 3202.02, Marion County, Indiana","2518","375","163","114","1078","324","953","197","269","107","55","58","961","245","115","103","745","221","74","63","27","44","0","17","1182","317","48","58","333","240","763","192","38","37","0","17","189","96","0","17","0","17","42","35","110","73","37","51","186","59","0","17","0","17","74","44","94","60","18","30",
"1400000US18097320203","Census Tract 3202.03, Marion County, Indiana","1673","214","130","61","1028","164","384","150","90","42","41","34","1134","175","112","59","909","162","113","85","0","12","0","12","380","140","8","14","95","68","232","122","23","22","22","27","78","49","10","15","18","23","16","18","23","25","11","16","81","42","0","12","6","11","23","22","44","36","8","12",
"1400000US18097320205","Census Tract 3202.05, Marion County, Indiana","1213","137","19","23","720","179","359","139","54","57","61","57","678","151","19","23","610","154","29","43","0","12","20","34","395","111","0","12","102","61","293","123","0","12","0","12","99","79","0","12","8","13","37","52","54","57","0","12","41","48","0","12","0","12","0","12","0","12","41","48",
"1400000US18097320206","Census Tract 3202.06, Marion County, Indiana","1447","367","223","110","791","352","183","148","202","113","48","41","839","371","144","83","610","340","85","140","0","12","0","12","221","85","47","54","88","64","73","49","13","21","0","12","137","98","0","12","36","55","25","41","76","70","0","12","250","47","32","47","57","51","0","12","113","81","48","41",
"1400000US18097320301","Census Tract 3203.01, Marion County, Indiana","1829","207","0","12","844","201","816","155","92","51","77","55","877","188","0","12","663","189","214","95","0","12","0","12","654","124","0","12","168","81","390","89","49","37","47","51","102","48","0","12","0","12","58","37","26","23","18","21","196","103","0","12","13","20","154","94","17","27","12","19",
"1400000US18097320303","Census Tract 3203.03, Marion County, Indiana","1663","139","82","64","879","151","613","132","82","50","7","12","836","142","40","52","732","139","64","55","0","12","0","12","573","129","22","23","78","53","464","130","9","14","0","12","198","91","0","12","51","55","67","64","73","49","7","12","56","34","20","25","18","18","18","19","0","12","0","12",
"1400000US18097320305","Census Tract 3203.05, Marion County, Indiana","1053","119","18","32","228","94","630","132","154","87","23","28","216","88","18","32","151","81","30","37","17","27","0","12","453","151","0","12","58","49","313","128","82","67","0","12","85","65","0","12","0","12","67","56","18","31","0","12","299","73","0","12","19","30","220","87","37","36","23","28",
"1400000US18097320306","Census Tract 3203.06, Marion County, Indiana","2282","312","114","82","1225","340","825","170","62","45","56","35","1241","318","101","79","1038","326","102","92","0","12","0","12","724","146","0","12","152","94","562","135","10","17","0","12","169","69","13","20","35","54","47","32","36","34","38","31","148","59","0","12","0","12","114","57","16","22","18","27",
"1400000US18097320400","Census Tract 3204, Marion County, Indiana","1496","231","35","39","778","188","488","129","130","74","65","54","704","208","35","39","609","191","55","44","0","12","5","11","526","146","0","12","147","114","297","116","44","35","38","36","112","62","0","12","22","35","45","41","45","43","0","12","154","84","0","12","0","12","91","65","41","38","22","37",
"1400000US18097320500","Census Tract 3205, Marion County, Indiana","1425","188","152","52","569","183","571","132","106","49","27","27","520","91","120","48","361","94","28","26","11","19","0","12","559","188","14","21","157","146","338","118","41","29","9","14","118","49","10","16","5","8","53","41","32","28","18","20","228","60","8","13","46","35","152","65","22","19","0","12",
"1400000US18097320600","Census Tract 3206, Marion County, Indiana","1090","107","14","15","233","70","596","103","185","83","62","42","404","77","14","15","215","66","130","57","19","24","26","30","429","77","0","12","8","14","334","72","57","40","30","29","189","86","0","12","10","14","77","52","102","73","0","12","68","75","0","12","0","12","55","72","7","13","6","9",
"1400000US18097320700","Census Tract 3207, Marion County, Indiana","1130","125","16","18","610","119","371","102","68","49","65","66","660","128","16","18","574","126","61","46","9","14","0","12","257","85","0","12","28","23","180","71","25","25","24","40","124","70","0","12","8","14","85","58","31","39","0","12","89","52","0","12","0","12","45","35","3","5","41","50",
"1400000US18097320800","Census Tract 3208, Marion County, Indiana","1177","112","27","16","199","46","623","53","276","104","52","17","248","47","14","12","156","44","71","29","7","10","0","12","525","112","10","10","28","17","310","44","158","100","19","10","167","42","2","4","11","12","101","37","32","18","21","12","237","31","1","3","4","9","141","29","79","28","12","9",
"1400000US18097320901","Census Tract 3209.01, Marion County, Indiana","2455","254","18","29","860","204","1131","233","426","221","20","41","728","196","18","29","633","185","77","62","0","17","0","17","754","170","0","17","112","85","548","156","82","57","12","22","584","255","0","17","3","14","368","181","205","185","8","25","389","161","0","17","112","104","138","109","139","102","0","17",
"1400000US18097320902","Census Tract 3209.02, Marion County, Indiana","1597","217","98","55","829","176","494","144","147","99","29","31","575","150","70","61","456","140","49","40","0","12","0","12","558","148","0","12","205","97","280","103","63","66","10","13","261","147","0","12","99","82","106","91","37","51","19","30","203","93","28","43","69","52","59","36","47","50","0","12",
"1400000US18097320903","Census Tract 3209.03, Marion County, Indiana","1843","393","83","63","1004","368","409","179","241","112","106","80","525","169","18","21","421","162","52","79","18","27","16","26","271","102","0","17","109","68","143","76","13","20","6","11","529","352","39","50","319","330","71","60","100","87","0","17","518","140","26","33","155","91","143","95","110","69","84","78",
"1400000US18097321001","Census Tract 3210.01, Marion County, Indiana","1106","223","88","68","340","224","371","136","209","136","98","83","326","202","62","56","223","202","23","29","18","22","0","12","318","94","26","34","57","60","213","99","6","11","16","27","261","104","0","12","60","64","67","59","124","99","10","16","201","116","0","12","0","12","68","51","61","96","72","74",
"1400000US18097321002","Census Tract 3210.02, Marion County, Indiana","1778","303","38","30","548","137","842","291","211","91","139","79","659","124","24","20","424","114","157","87","18","21","36","57","410","140","0","17","37","33","293","110","58","48","22","26","165","85","14","22","24","35","23","25","79","72","25","28","544","302","0","17","63","81","369","275","56","63","56","49",
"1400000US18097321100","Census Tract 3211, Marion County, Indiana","1464","156","82","56","375","96","537","97","318","139","152","74","499","84","82","56","267","73","108","45","23","21","19","29","434","82","0","12","56","32","206","58","110","46","62","54","297","146","0","12","32","26","102","49","148","133","15","16","234","61","0","12","20","27","121","53","37","22","56","33",
"1400000US18097321200","Census Tract 3212, Marion County, Indiana","1925","279","33","38","394","129","1023","199","447","265","28","35","338","115","15","24","281","105","18","19","24","36","0","12","867","165","18","28","113","80","634","162","102","90","0","12","379","166","0","12","0","12","193","137","186","99","0","12","341","197","0","12","0","12","178","79","135","191","28","35",
"1400000US18097321300","Census Tract 3213, Marion County, Indiana","1409","150","40","32","558","141","697","138","109","56","5","8","562","130","28","25","470","134","64","59","0","12","0","12","581","97","8","12","63","41","461","90","44","28","5","8","239","106","0","12","25","23","155","101","59","43","0","12","27","32","4","7","0","12","17","31","6","9","0","12",
"1400000US18097321400","Census Tract 3214, Marion County, Indiana","2492","326","75","67","992","249","1243","263","135","99","47","46","959","220","40","50","777","211","133","88","9","14","0","17","1121","274","35","41","135","84","899","258","52","80","0","17","181","91","0","17","23","27","90","73","56","45","12","21","231","84","0","17","57","61","121","54","18","31","35","41",
"1400000US18097321600","Census Tract 3216, Marion County, Indiana","2359","315","58","55","877","198","1098","324","174","87","152","77","812","187","24","35","616","175","172","104","0","17","0","17","752","237","0","17","121","96","575","232","12","23","44","51","243","120","13","23","20","27","129","97","62","67","19","24","552","188","21","34","120","94","222","176","100","70","89","49",
"1400000US18097321700","Census Tract 3217, Marion County, Indiana","2079","208","158","102","882","185","863","150","155","114","21","26","966","170","158","102","724","147","37","38","35","53","12","20","796","172","0","12","51","62","673","124","72","94","0","12","192","96","0","12","47","54","123","95","22","42","0","12","125","47","0","12","60","59","30","32","26","38","9","15",
"1400000US18097321800","Census Tract 3218, Marion County, Indiana","1457","131","0","12","462","88","816","158","158","59","21","22","395","91","0","12","344","86","43","39","8","12","0","12","689","114","0","12","118","61","480","110","70","45","21","22","158","59","0","12","0","12","108","46","50","31","0","12","215","106","0","12","0","12","185","112","30","25","0","12",
"1400000US18097321900","Census Tract 3219, Marion County, Indiana","1245","172","14","21","396","123","574","173","171","78","90","48","364","117","14","21","290","113","51","40","9","15","0","17","432","135","0","17","101","70","265","95","66","52","0","17","129","68","0","17","0","17","50","35","65","57","14","16","320","128","0","17","5","9","208","121","31","20","76","45",
"1400000US18097322000","Census Tract 3220, Marion County, Indiana","1376","327","27","28","627","143","553","284","135","71","34","31","494","130","15","19","424","114","55","44","0","12","0","12","509","288","0","12","82","54","340","272","70","47","17","24","250","97","12","20","104","73","98","62","35","38","1","2","123","50","0","12","17","19","60","39","30","38","16","18",
"1400000US18097322100","Census Tract 3221, Marion County, Indiana","904","106","75","48","262","86","387","119","105","53","75","48","255","78","50","45","205","83","0","12","0","12","0","12","205","92","7","11","29","34","146","91","14","17","9","14","188","67","12","21","8","11","115","66","53","34","0","12","256","63","6","11","20","24","126","66","38","34","66","50",
"1400000US18097322200","Census Tract 3222, Marion County, Indiana","871","87","14","22","329","74","424","90","83","32","21","15","226","70","14","22","180","65","32","27","0","12","0","12","359","72","0","12","95","36","209","68","43","23","12","13","135","46","0","12","44","28","64","34","22","20","5","7","151","41","0","12","10","12","119","37","18","14","4","6",
"1400000US18097322300","Census Tract 3223, Marion County, Indiana","1010","143","5","9","191","67","680","164","102","46","32","44","224","78","0","12","170","63","54","46","0","12","0","12","466","158","5","9","16","18","406","153","7","12","32","44","225","89","0","12","5","8","142","75","78","47","0","12","95","30","0","12","0","12","78","29","17","19","0","12",
"1400000US18097322400","Census Tract 3224, Marion County, Indiana","1526","271","93","61","789","212","428","131","146","67","70","57","840","262","67","57","667","209","96","115","10","15","0","12","457","115","8","12","95","50","275","94","79","44","0","12","125","75","11","15","13","19","14","17","43","38","44","55","104","45","7","11","14","20","43","27","14","20","26","32",
"1400000US18097322500","Census Tract 3225, Marion County, Indiana","805","99","201","68","398","94","127","45","71","48","8","11","468","94","159","59","302","85","1","2","6","9","0","12","185","50","17","15","66","39","72","28","22","19","8","11","82","57","0","12","22","26","28","29","32","40","0","12","70","29","25","28","8","14","26","21","11","17","0","12",
"1400000US18097322601","Census Tract 3226.01, Marion County, Indiana","1024","122","306","108","460","141","231","108","22","30","5","10","456","132","165","94","266","101","25","40","0","12","0","12","356","112","120","84","131","81","83","59","22","30","0","12","72","52","10","16","14","22","43","43","0","12","5","10","140","91","11","17","49","51","80","80","0","12","0","12",
"1400000US18097322602","Census Tract 3226.02, Marion County, Indiana","850","158","46","46","460","81","221","108","116","114","7","11","433","72","10","17","389","75","11","17","23","35","0","12","238","117","25","39","35","35","160","102","18","20","0","12","144","123","0","12","27","45","50","50","67","105","0","12","35","29","11","16","9","14","0","12","8","14","7","11",
"1400000US18097322700","Census Tract 3227, Marion County, Indiana","744","125","109","91","292","94","193","80","94","49","56","33","255","140","93","88","127","75","35","47","0","12","0","12","325","89","8","14","145","74","105","55","44","31","23","22","67","40","0","12","8","15","6","11","32","27","21","25","97","59","8","12","12","19","47","48","18","23","12","18",
"1400000US18097330103","Census Tract 3301.03, Marion County, Indiana","2337","295","50","43","1225","182","883","310","164","89","15","22","1039","172","50","43","885","173","93","98","11","19","0","12","937","299","0","12","210","130","632","290","95","92","0","12","279","111","0","12","119","102","108","66","37","45","15","22","82","67","0","12","11","21","50","60","21","36","0","12",
"1400000US18097330105","Census Tract 3301.05, Marion County, Indiana","2577","483","259","153","1245","307","782","411","282","90","9","14","1410","294","259","153","965","291","164","125","22","28","0","12","713","405","0","12","139","102","536","394","38","32","0","12","211","118","0","12","114","112","54","65","43","45","0","12","243","82","0","12","27","53","28","43","179","68","9","14",
"1400000US18097330106","Census Tract 3301.06, Marion County, Indiana","2413","270","385","167","1200","246","777","266","23","34","28","44","1466","300","355","160","981","226","130","111","0","12","0","12","693","317","30","34","204","176","431","228","0","12","28","44","70","66","0","12","0","12","70","66","0","12","0","12","184","124","0","12","15","28","146","121","23","34","0","12",
"1400000US18097330107","Census Tract 3301.07, Marion County, Indiana","2412","273","51","44","723","288","1017","183","434","120","187","100","725","301","38","41","473","290","158","93","56","69","0","17","1108","180","0","17","168","95","681","143","214","80","45","57","252","138","10","18","64","85","69","55","79","52","30","45","327","117","3","11","18","27","109","63","85","73","112","64",
"1400000US18097330108","Census Tract 3301.08, Marion County, Indiana","1676","285","0","12","251","119","1031","292","228","64","166","77","373","131","0","12","198","113","135","58","30","30","10","16","707","226","0","12","45","43","513","227","74","43","75","53","162","55","0","12","0","12","117","49","45","32","0","12","434","203","0","12","8","13","266","199","79","34","81","55",
"1400000US18097330109","Census Tract 3301.09, Marion County, Indiana","2160","228","44","55","817","240","1030","172","213","102","56","73","648","145","29","39","344","96","228","133","0","12","47","71","834","206","0","12","224","168","561","129","40","49","9","14","376","137","0","12","89","79","163","99","124","80","0","12","302","237","15","24","160","222","78","55","49","42","0","12",
"1400000US18097330203","Census Tract 3302.03, Marion County, Indiana","1970","179","23","28","225","99","1072","168","517","156","133","74","267","99","10","17","202","97","55","54","0","17","0","17","917","173","13","22","0","17","672","152","204","98","28","32","271","99","0","17","23","36","114","79","71","51","63","60","515","148","0","17","0","17","231","90","242","127","42","44",
"1400000US18097330204","Census Tract 3302.04, Marion County, Indiana","2489","644","12","23","323","111","1037","202","831","650","286","154","171","80","12","23","127","63","32","56","0","17","0","17","1125","642","0","17","90","61","423","144","586","652","26","35","659","237","0","17","106","82","440","218","77","65","36","41","534","154","0","17","0","17","142","109","168","115","224","141",
"1400000US18097330206","Census Tract 3302.06, Marion County, Indiana","1841","243","44","46","338","106","759","150","574","256","126","65","371","111","27","41","246","92","73","49","25","36","0","17","555","134","17","20","29","26","326","105","183","106","0","17","321","78","0","17","47","43","149","51","82","47","43","29","594","225","0","17","16","17","211","79","284","231","83","60",
"1400000US18097330208","Census Tract 3302.08, Marion County, Indiana","1243","168","10","15","460","127","554","127","151","62","68","51","446","131","10","15","409","125","14","18","13","24","0","12","486","113","0","12","45","25","392","109","49","41","0","12","98","53","0","12","0","12","31","39","58","34","9","14","213","80","0","12","6","12","117","59","31","18","59","51",
"1400000US18097330210","Census Tract 3302.10, Marion County, Indiana","2181","376","120","120","637","206","1118","353","198","100","108","83","376","128","17","30","263","116","39","44","57","59","0","17","810","386","69","106","243","172","498","323","0","17","0","17","438","174","0","17","41","49","281","160","99","75","17","26","557","171","34","47","90","104","300","170","42","40","91","79",
"1400000US18097330211","Census Tract 3302.11, Marion County, Indiana","1897","183","389","197","847","249","403","137","186","122","72","71","786","225","308","173","370","174","89","75","0","12","19","40","500","213","71","86","265","173","142","88","22","35","0","12","202","114","0","12","174","107","20","26","0","12","8","19","409","152","10","21","38","46","152","114","164","117","45","55",
"1400000US18097330212","Census Tract 3302.12, Marion County, Indiana","1714","248","101","125","328","123","802","254","395","128","88","65","357","135","35","53","240","112","36","40","14","24","32","51","696","221","0","12","79","63","499","214","118","101","0","12","240","162","66","111","9","17","101","102","64","57","0","12","421","137","0","12","0","12","166","123","199","81","56","48",
"1400000US18097330213","Census Tract 3302.13, Marion County, Indiana","1604","333","37","49","528","351","665","145","215","120","159","106","381","146","37","49","275","118","69","73","0","12","0","12","475","148","0","12","45","47","351","132","60","55","19","31","405","346","0","12","208","328","55","70","68","60","74","88","343","107","0","12","0","12","190","81","87","83","66","50",
"1400000US18097330401","Census Tract 3304.01, Marion County, Indiana","2195","230","0","17","565","157","1125","226","355","153","150","115","426","160","0","17","335","151","91","53","0","17","0","17","1011","209","0","17","179","125","573","176","243","134","16","27","217","89","0","17","51","57","82","62","61","50","23","31","541","134","0","17","0","17","379","113","51","46","111","107",
"1400000US18097330500","Census Tract 3305, Marion County, Indiana","2704","372","122","96","999","358","930","236","525","262","128","89","1038","337","88","89","695","312","161","142","9","14","85","68","1025","230","34","40","190","116","497","178","268","125","36","54","204","128","0","17","57","88","107","100","40","44","0","17","437","261","0","17","57","70","165","112","208","227","7","12",
"1400000US18097330600","Census Tract 3306, Marion County, Indiana","2449","698","495","615","833","199","755","269","266","117","100","80","871","638","484","615","263","148","124","91","0","17","0","17","691","266","6","13","140","94","463","245","50","57","32","46","237","124","5","15","53","74","34","41","111","95","34","52","650","161","0","17","377","94","134","113","105","74","34","47",
"1400000US18097330701","Census Tract 3307.01, Marion County, Indiana","986","331","88","81","513","338","250","100","135","83","0","12","306","124","88","81","138","77","80","89","0","12","0","12","519","346","0","12","334","324","152","81","33","55","0","12","105","96","0","12","41","55","18","37","46","71","0","12","56","51","0","12","0","12","0","12","56","51","0","12",
"1400000US18097330702","Census Tract 3307.02, Marion County, Indiana","1562","215","64","75","655","211","499","159","296","161","48","64","668","232","16","29","544","226","42","54","66","74","0","12","454","137","48","67","58","55","319","133","29","42","0","12","168","85","0","12","53","56","82","79","33","56","0","12","272","147","0","12","0","12","56","58","168","136","48","64",
"1400000US18097330803","Census Tract 3308.03, Marion County, Indiana","1383","390","166","94","761","347","317","127","78","61","61","48","686","329","130","87","495","299","61","56","0","12","0","12","247","100","27","32","114","82","85","55","8","12","13","22","94","70","9","14","8","13","67","65","10","19","0","12","356","143","0","12","144","124","104","80","60","52","48","42",
"1400000US18097330804","Census Tract 3308.04, Marion County, Indiana","1205","188","266","116","492","140","257","85","160","128","30","36","528","174","227","121","257","109","36","31","8","14","0","12","209","110","20","28","118","93","71","51","0","12","0","12","261","153","19","34","56","65","94","68","92","118","0","12","207","98","0","12","61","46","56","50","60","51","30","36",
"1400000US18097330805","Census Tract 3308.05, Marion County, Indiana","1067","172","204","87","618","156","157","80","76","59","12","19","594","164","145","71","380","147","44","40","25","30","0","12","284","123","33","38","122","94","103","68","26","39","0","12","76","53","10","15","56","49","10","17","0","12","0","12","113","57","16","24","60","41","0","12","25","29","12","19",
"1400000US18097330806","Census Tract 3308.06, Marion County, Indiana","1588","320","268","116","864","303","224","97","164","79","68","45","748","199","179","98","489","177","55","64","25","29","0","12","239","100","29","48","68","49","88","51","44","43","10","17","164","87","3","8","85","71","29","28","35","38","12","19","437","262","57","61","222","250","52","46","60","54","46","42",
"1400000US18097330900","Census Tract 3309, Marion County, Indiana","2580","340","516","258","981","245","892","340","145","103","46","43","1015","315","362","248","468","200","175","125","0","17","10","18","918","331","115","92","367","189","402","258","19","26","15","29","268","137","39","64","146","115","45","52","38","57","0","17","379","229","0","17","0","17","270","202","88","94","21","25",
"1400000US18097331000","Census Tract 3310, Marion County, Indiana","1579","253","152","78","692","248","505","136","186","70","44","37","658","168","119","69","313","117","183","81","43","48","0","12","460","128","33","35","168","98","161","81","59","40","39","36","206","84","0","12","51","47","95","66","60","32","0","12","255","232","0","12","160","214","66","52","24","29","5","8",
"1400000US18097340101","Census Tract 3401.01, Marion County, Indiana","1937","374","43","39","529","199","875","322","282","92","208","92","548","294","20","23","270","99","251","287","7","13","0","17","682","210","23","33","209","159","306","146","100","58","44","31","295","118","0","17","22","24","141","89","112","67","20","23","412","126","0","17","28","30","177","94","63","44","144","88",
"1400000US18097340102","Census Tract 3401.02, Marion County, Indiana","1687","215","280","142","964","216","338","136","94","49","11","22","819","212","206","106","594","194","19","19","0","12","0","12","569","156","44","67","240","112","222","117","63","38","0","12","185","92","7","11","113","79","47","39","18","21","0","12","114","75","23","41","17","19","50","57","13","20","11","22",
"1400000US18097340108","Census Tract 3401.08, Marion County, Indiana","953","97","120","55","402","88","379","109","52","27","0","12","369","97","85","56","234","80","44","40","6","9","0","12","269","70","19","21","82","49","140","55","28","18","0","12","166","60","16","26","69","47","81","53","0","12","0","12","149","81","0","12","17","19","114","76","18","20","0","12",
"1400000US18097340111","Census Tract 3401.11, Marion County, Indiana","940","108","0","12","249","81","491","129","111","59","89","35","206","98","0","12","118","59","88","83","0","12","0","12","327","104","0","12","85","64","219","74","11","19","12","18","138","79","0","12","37","41","65","59","36","35","0","12","269","71","0","12","9","16","119","59","64","56","77","31",
"1400000US18097340112","Census Tract 3401.12, Marion County, Indiana","2232","216","134","77","1336","224","564","192","110","68","88","65","1130","173","134","77","946","167","22","29","28","34","0","12","662","213","0","12","211","126","419","176","16","20","16","26","284","144","0","12","162","120","76","63","43","39","3","5","156","73","0","12","17","22","47","50","23","40","69","57",
"1400000US18097340113","Census Tract 3401.13, Marion County, Indiana","1565","258","243","219","623","124","472","114","114","51","113","117","656","227","234","219","389","90","33","34","0","12","0","12","301","73","9","14","103","48","178","57","5","9","6","10","254","141","0","12","32","52","101","68","48","36","73","109","354","84","0","12","99","60","160","90","61","33","34","39",
"1400000US18097340114","Census Tract 3401.14, Marion County, Indiana","1470","124","57","41","505","99","592","122","269","63","47","30","357","93","36","33","275","93","38","25","8","9","0","12","557","119","21","30","114","64","323","94","87","35","12","14","267","68","0","12","45","37","83","41","120","54","19","23","289","98","0","12","71","52","148","80","54","31","16","18",
"1400000US18097340115","Census Tract 3401.15, Marion County, Indiana","2667","292","144","115","1532","299","810","186","140","50","41","33","1245","297","60","60","1120","274","46","37","19","23","0","17","767","192","77","91","327","158","324","92","29","21","10","12","300","128","0","17","63","75","168","100","66","45","3","6","355","153","7","12","22","28","272","151","26","21","28","33",
"1400000US18097340201","Census Tract 3402.01, Marion County, Indiana","1021","181","21","26","325","114","371","115","169","129","135","82","177","60","5","9","130","51","42","29","0","12","0","12","262","88","16","25","66","55","93","43","56","38","31","45","193","102","0","12","96","88","48","47","17","20","32","35","389","165","0","12","33","34","188","104","96","121","72","66",
"1400000US18097340202","Census Tract 3402.02, Marion County, Indiana","1619","166","213","112","753","176","534","125","75","39","44","27","480","114","96","67","322","94","62","48","0","12","0","12","551","138","40","43","233","97","226","78","44","32","8","12","361","131","43","51","131","127","152","82","20","18","15","17","227","91","34","55","67","49","94","54","11","20","21","23",
"1400000US18097340301","Census Tract 3403.01, Marion County, Indiana","1022","294","44","48","407","297","269","110","79","66","223","109","191","92","0","12","167","85","0","12","24","38","0","12","215","111","0","12","34","34","118","68","0","12","63","82","262","300","26","40","188","293","48","59","0","12","0","12","354","80","18","25","18","34","103","62","55","54","160","97",
"1400000US18097340302","Census Tract 3403.02, Marion County, Indiana","1630","272","202","143","874","180","481","274","32","38","41","60","498","196","0","17","470","190","28","50","0","17","0","17","613","276","148","128","128","81","323","254","14","21","0","17","216","126","29","51","142","115","27","44","18","33","0","17","303","161","25","38","134","122","103","81","0","17","41","60",
"1400000US18097340400","Census Tract 3404, Marion County, Indiana","1193","168","155","87","398","144","331","142","186","98","123","105","315","129","12","19","156","95","102","59","22","35","23","34","394","131","72","65","136","76","92","60","33","34","61","92","85","74","0","12","45","62","4","10","19","27","17","19","399","105","71","59","61","54","133","91","112","98","22","35",
"1400000US18097340500","Census Tract 3405, Marion County, Indiana","1987","397","154","96","1081","360","571","257","81","59","100","75","593","292","66","38","506","287","12","14","9","14","0","17","698","288","0","17","309","173","389","229","0","17","0","17","353","141","88","94","118","80","48","46","60","56","39","44","343","140","0","17","148","94","122","91","12","18","61","57",
"1400000US18097340600","Census Tract 3406, Marion County, Indiana","1672","194","116","56","565","129","673","178","277","103","41","39","469","127","98","53","224","92","76","53","63","55","8","13","547","125","8","13","199","78","279","83","39","37","22","33","159","68","0","17","53","43","95","60","0","17","11","17","497","158","10","16","89","51","223","134","175","96","0","17",
"1400000US18097340700","Census Tract 3407, Marion County, Indiana","1385","211","149","118","513","172","418","159","181","132","124","118","457","222","113","112","220","145","115","93","9","13","0","12","303","131","36","43","103","74","114","74","50","65","0","12","210","139","0","12","57","85","55","56","98","87","0","12","415","105","0","12","133","97","134","117","24","48","124","118",
"1400000US18097340800","Census Tract 3408, Marion County, Indiana","701","103","19","15","249","64","235","68","149","45","49","25","253","78","14","12","175","60","28","23","36","38","0","12","265","70","5","8","57","29","130","58","54","25","19","17","84","33","0","12","5","8","21","18","40","23","18","13","99","36","0","12","12","13","56","29","19","12","12","16",
"1400000US18097340901","Census Tract 3409.01, Marion County, Indiana","1240","114","30","35","228","83","661","119","197","95","124","81","235","82","0","12","158","65","77","47","0","12","0","12","423","98","30","35","59","43","236","88","53","52","45","39","225","73","0","12","0","12","162","63","63","49","0","12","357","96","0","12","11","17","186","76","81","64","79","62",
"1400000US18097340903","Census Tract 3409.03, Marion County, Indiana","915","244","92","151","573","233","107","81","143","158","0","12","508","273","92","151","416","226","0","12","0","12","0","12","298","147","0","12","151","124","85","67","62","88","0","12","95","123","0","12","0","12","14","24","81","131","0","12","14","32","0","12","6","20","8","18","0","12","0","12",
"1400000US18097340904","Census Tract 3409.04, Marion County, Indiana","2221","354","83","51","1281","385","719","158","138","77","0","12","1186","363","83","51","1071","363","16","29","16","27","0","12","383","141","0","12","148","109","200","107","35","35","0","12","351","133","0","12","45","53","228","123","78","64","0","12","301","137","0","12","17","27","275","133","9","15","0","12",
"1400000US18097341000","Census Tract 3410, Marion County, Indiana","707","78","25","24","242","60","303","70","92","36","45","35","261","65","25","24","163","49","46","28","27","23","0","12","222","53","0","12","72","35","124","42","18","16","8","9","120","49","0","12","0","12","84","44","30","21","6","8","104","38","0","12","7","10","49","25","17","19","31","31",
"1400000US18097341100","Census Tract 3411, Marion County, Indiana","705","85","96","47","201","71","337","66","36","42","35","34","253","70","47","37","156","59","50","41","0","12","0","12","225","77","34","27","25","26","161","68","4","6","1","3","83","44","0","12","0","12","83","44","0","12","0","12","144","53","15","17","20","31","43","31","32","41","34","34",
"1400000US18097341200","Census Tract 3412, Marion County, Indiana","843","171","141","48","301","89","262","121","131","104","8","10","260","88","55","35","166","73","39","41","0","12","0","12","242","108","59","27","69","41","6","9","108","100","0","12","85","42","0","12","28","32","39","33","18","26","0","12","256","126","27","22","38","43","178","120","5","7","8","10",
"1400000US18097341600","Census Tract 3416, Marion County, Indiana","858","184","297","164","363","95","122","63","59","65","17","23","479","165","241","156","232","79","6","10","0","12","0","12","119","71","56","56","45","43","18","21","0","12","0","12","138","73","0","12","77","62","26","27","35","55","0","12","122","56","0","12","9","14","72","49","24","38","17","23",
"1400000US18097341701","Census Tract 3417.01, Marion County, Indiana","925","132","98","60","324","121","387","114","87","57","29","37","390","136","86","58","164","98","119","93","0","12","21","34","197","91","12","19","80","60","89","79","16","20","0","12","89","57","0","12","15","23","19","31","47","49","8","15","249","79","0","12","65","65","160","59","24","26","0","12",
"1400000US18097341702","Census Tract 3417.02, Marion County, Indiana","788","249","0","12","509","250","240","73","35","38","4","8","178","77","0","12","167","81","11","18","0","12","0","12","229","87","0","12","105","82","108","56","16","25","0","12","118","56","0","12","46","31","53","36","19","30","0","12","263","221","0","12","191","218","68","33","0","12","4","8",
"1400000US18097341902","Census Tract 3419.02, Marion County, Indiana","1496","206","115","48","608","191","491","96","254","120","28","31","603","165","95","40","453","164","25","23","30","34","0","12","421","116","10","15","108","94","273","66","30","28","0","12","179","87","0","12","11","15","118","73","50","39","0","12","293","121","10","15","36","33","75","49","144","106","28","31",
"1400000US18097341903","Census Tract 3419.03, Marion County, Indiana","1991","259","249","142","1037","299","494","182","74","75","137","59","668","246","146","116","398","208","124","78","0","17","0","17","556","181","76","90","285","158","168","117","14","23","13","21","240","153","0","17","121","119","75","83","37","58","7","11","527","179","27","47","233","141","127","121","23","42","117","58",
"1400000US18097341904","Census Tract 3419.04, Marion County, Indiana","812","61","98","44","335","62","275","61","91","45","13","16","251","60","80","42","115","51","32","27","24","24","0","12","343","76","4","6","121","54","156","50","57","34","5","8","70","34","5","7","28","28","29","19","0","12","8","14","148","51","9","14","71","39","58","34","10","17","0","12",
"1400000US18097342000","Census Tract 3420, Marion County, Indiana","2011","255","9","18","379","140","830","208","675","250","118","97","367","133","9","18","232","89","126","102","0","17","0","17","569","181","0","17","54","53","235","102","280","192","0","17","482","185","0","17","93","100","260","142","108","70","21","33","593","218","0","17","0","17","209","102","287","205","97","93",
"1400000US18097342101","Census Tract 3421.01, Marion County, Indiana","1935","264","121","95","514","147","892","276","302","120","106","73","401","162","27","27","227","78","147","138","0","17","0","17","704","253","9","15","212","131","461","215","22","21","0","17","362","124","0","17","55","66","93","66","144","80","70","62","468","116","85","92","20","27","191","114","136","94","36","39",
"1400000US18097342200","Census Tract 3422, Marion County, Indiana","1702","275","177","121","769","283","357","140","279","114","120","70","376","141","13","21","323","135","32","31","0","17","8","14","435","138","60","49","80","78","175","104","120","84","0","17","373","247","0","17","242","232","92","86","39","32","0","17","518","114","104","106","124","107","58","49","120","61","112","69",
"1400000US18097342300","Census Tract 3423, Marion County, Indiana","2263","343","149","96","1112","312","607","225","301","134","94","67","577","206","64","63","425","189","11","20","65","65","12","19","671","208","71","70","267","128","285","164","48","49","0","17","391","213","0","17","256","188","88","85","29","40","18","31","624","199","14","23","164","131","223","120","159","109","64","53",
"1400000US18097342400","Census Tract 3424, Marion County, Indiana","502","88","32","23","105","34","227","85","74","34","64","41","96","40","22","19","22","16","31","18","0","12","21","26","244","88","5","8","61","32","156","81","17","15","5","8","63","38","5","9","22","18","17","27","6","10","13","21","99","44","0","12","0","12","23","21","51","33","25","27",
"1400000US18097342500","Census Tract 3425, Marion County, Indiana","1634","210","98","85","505","134","697","209","287","107","47","38","454","112","54","60","225","91","109","45","66","51","0","12","510","175","7","14","128","80","326","156","49","34","0","12","323","114","0","12","69","43","74","66","157","92","23","29","347","144","37","57","83","105","188","93","15","23","24","26",
"1400000US18097342600","Census Tract 3426, Marion County, Indiana","1214","264","136","76","301","78","669","263","45","42","63","50","327","235","81","48","84","56","162","235","0","12","0","12","321","85","8","14","108","47","196","76","0","12","9","14","231","108","0","12","42","38","131","97","25","25","33","36","335","109","47","54","67","43","180","94","20","32","21","32",
"1400000US18097350100","Census Tract 3501, Marion County, Indiana","492","82","82","45","168","76","201","78","37","30","4","9","187","65","51","30","88","58","41","31","7","10","0","12","195","74","23","31","69","49","103","53","0","12","0","12","58","52","8","16","11","18","35","50","0","12","4","9","52","35","0","12","0","12","22","24","30","28","0","12",
"1400000US18097350300","Census Tract 3503, Marion County, Indiana","1393","289","564","225","689","201","126","57","14","16","0","12","926","267","480","212","446","167","0","12","0","12","0","12","307","123","62","68","147","87","84","42","14","16","0","12","52","44","0","12","18","23","34","37","0","12","0","12","108","105","22","46","78","92","8","12","0","12","0","12",
"1400000US18097350400","Census Tract 3504, Marion County, Indiana","987","156","167","76","400","162","342","86","45","25","33","38","412","153","101","62","272","142","39","32","0","12","0","12","320","91","59","55","57","40","157","76","14","16","33","38","96","52","0","12","40","42","53","38","3","8","0","12","159","85","7","11","31","45","93","65","28","21","0","12",
"1400000US18097350500","Census Tract 3505, Marion County, Indiana","973","126","100","59","533","132","219","72","78","54","43","37","482","114","63","50","314","113","95","45","10","17","0","12","186","65","29","22","56","47","77","45","15","14","9","12","131","66","3","6","86","63","12","13","26","32","4","8","174","86","5","9","77","53","35","45","27","37","30","33",
"1400000US18097350600","Census Tract 3506, Marion County, Indiana","2201","409","498","304","834","287","535","167","298","152","36","38","1024","408","336","288","560","282","72","52","47","47","9","15","471","171","72","69","125","82","191","118","83","73","0","17","405","145","47","48","89","63","131","94","138","130","0","17","301","140","43","56","60","58","141","98","30","45","27","34",
"1400000US18097350700","Census Tract 3507, Marion County, Indiana","766","197","87","58","379","189","223","61","25","22","52","47","506","192","78","57","295","181","112","57","4","7","17","25","116","48","0","12","48","34","58","34","10","15","0","12","82","57","1","5","36","39","10","17","0","12","35","40","62","36","8","13","0","12","43","33","11","15","0","12",
"1400000US18097350800","Census Tract 3508, Marion County, Indiana","680","99","141","61","362","86","135","62","36","37","6","12","343","92","80","49","205","68","58","41","0","12","0","12","161","74","23","26","95","55","24","27","19","30","0","12","88","55","7","10","53","40","28","36","0","12","0","12","88","49","31","28","9","13","25","28","17","22","6","12",
"1400000US18097350900","Census Tract 3509, Marion County, Indiana","590","106","105","48","218","74","212","85","46","33","9","15","292","90","105","48","124","62","37","29","26","29","0","12","136","77","0","12","33","28","97","70","6","8","0","12","54","29","0","12","20","23","20","15","14","16","0","12","108","50","0","12","41","33","58","38","0","12","9","15",
"1400000US18097351000","Census Tract 3510, Marion County, Indiana","1098","306","181","83","569","302","239","110","95","64","14","19","635","284","159","77","453","294","10","17","13","23","0","12","182","74","9","15","61","42","104","55","8","12","0","12","127","77","13","21","0","12","57","55","57","58","0","12","154","71","0","12","55","47","68","69","17","21","14","19",
"1400000US18097351200","Census Tract 3512, Marion County, Indiana","993","210","203","82","510","148","239","178","23","22","18","20","341","86","106","47","212","81","12","14","11","17","0","12","358","206","31","34","155","99","151","170","12","14","9","15","134","68","35","38","72","63","18","20","0","12","9","13","160","76","31","37","71","57","58","48","0","12","0","12",
"1400000US18097351500","Census Tract 3515, Marion County, Indiana","898","211","97","66","581","194","202","82","6","9","12","19","587","197","63","57","513","194","11","17","0","12","0","12","221","75","18","17","37","26","154","71","0","12","12","19","40","34","16","26","9","13","15","18","0","12","0","12","50","50","0","12","22","35","22","34","6","9","0","12",
"1400000US18097351600","Census Tract 3516, Marion County, Indiana","1154","140","70","58","490","108","393","84","192","105","9","13","493","96","65","57","377","100","42","37","9","16","0","12","336","100","5","8","76","55","237","72","18","29","0","12","177","74","0","12","37","35","58","36","82","58","0","12","148","74","0","12","0","12","56","30","83","77","9","13",
"1400000US18097351700","Census Tract 3517, Marion County, Indiana","995","139","116","78","265","85","468","136","69","49","77","56","195","78","84","66","103","51","0","12","0","12","8","13","591","130","21","34","101","63","370","129","48","42","51","57","119","69","6","11","46","51","54","51","7","11","6","13","90","45","5","11","15","19","44","32","14","20","12","19",
"1400000US18097351900","Census Tract 3519, Marion County, Indiana","1063","168","256","98","447","144","285","76","55","36","20","22","459","156","185","88","219","116","40","31","3","5","12","19","291","87","25","26","146","67","110","57","10","10","0","12","211","96","31","29","82","76","80","53","18","27","0","12","102","46","15","21","0","12","55","35","24","29","8","11",
"1400000US18097352100","Census Tract 3521, Marion County, Indiana","758","101","158","79","277","52","244","71","56","44","23","24","313","93","93","61","87","37","112","56","8","13","13","19","218","83","51","50","69","39","80","43","18","24","0","12","93","43","0","12","59","32","9","12","25","28","0","12","134","56","14","22","62","33","43","38","5","8","10","14",
"1400000US18097352300","Census Tract 3523, Marion County, Indiana","533","102","48","41","298","74","139","72","38","35","10","15","253","83","42","40","161","69","20","23","30","33","0","12","143","52","6","9","91","40","46","32","0","12","0","12","122","77","0","12","37","35","70","68","5","7","10","15","15","13","0","12","9","11","3","5","3","5","0","12",
"1400000US18097352400","Census Tract 3524, Marion County, Indiana","1198","147","136","97","548","142","380","127","113","65","21","29","573","168","122","95","303","141","137","91","11","28","0","12","236","84","0","12","143","61","60","42","33","51","0","12","217","108","14","22","102","83","72","56","11","14","18","28","172","96","0","12","0","12","111","88","58","51","3","11",
"1400000US18097352500","Census Tract 3525, Marion County, Indiana","1604","333","343","265","683","174","452","101","65","38","61","44","877","332","278","272","499","162","82","67","0","12","18","30","458","138","46","42","125","68","242","92","38","35","7","10","157","77","19","32","52","43","60","49","18","19","8","13","112","49","0","12","7","11","68","46","9","14","28","28",
"1400000US18097352600","Census Tract 3526, Marion County, Indiana","1351","191","195","95","628","191","355","103","161","54","12","20","521","136","104","68","275","118","115","62","27","25","0","12","405","168","64","58","195","139","91","66","55","35","0","12","121","61","0","12","40","38","61","50","20","24","0","12","304","87","27","37","118","68","88","48","59","39","12","20",
"1400000US18097352700","Census Tract 3527, Marion County, Indiana","830","131","143","101","208","77","374","109","105","68","0","12","365","155","93","89","143","66","129","92","0","12","0","12","269","95","38","39","41","29","129","67","61","51","0","12","81","58","12","23","0","12","64","51","5","10","0","12","115","79","0","12","24","31","52","58","39","46","0","12",
"1400000US18097352800","Census Tract 3528, Marion County, Indiana","552","106","112","54","303","104","101","55","26","22","10","16","196","88","34","31","104","50","58","51","0","12","0","12","202","91","35","28","119","91","33","23","5","8","10","16","127","67","18","26","80","58","10","18","19","20","0","12","27","38","25","38","0","12","0","12","2","4","0","12",
"1400000US18097353300","Census Tract 3533, Marion County, Indiana","1348","165","163","73","769","179","346","105","47","35","23","24","817","157","163","73","645","154","9","14","0","12","0","12","439","112","0","12","97","72","319","102","12","18","11","15","20","21","0","12","0","12","0","12","8","13","12","18","72","51","0","12","27","43","18","22","27","29","0","12",
"1400000US18097353500","Census Tract 3535, Marion County, Indiana","1175","214","312","147","459","150","288","151","86","114","30","32","544","147","230","133","299","131","7","12","8","12","0","12","444","169","80","66","124","78","240","145","0","12","0","12","112","109","2","4","25","33","7","11","78","113","0","12","75","48","0","12","11","19","34","34","0","12","30","32",
"1400000US18097353600","Census Tract 3536, Marion County, Indiana","1269","185","253","151","689","123","161","71","36","27","130","115","516","131","46","38","461","126","0","12","9","14","0","12","358","100","85","62","154","60","99","60","20","20","0","12","28","23","0","12","16","18","4","6","7","9","1","6","367","166","122","127","58","37","58","38","0","12","129","114",
"1400000US18097354201","Census Tract 3542.01, Marion County, Indiana","2369","276","456","186","1123","244","597","187","146","192","47","41","1617","308","456","186","903","218","112","104","146","192","0","12","666","166","0","12","220","100","399","135","0","12","47","41","39","44","0","12","0","12","39","44","0","12","0","12","47","54","0","12","0","12","47","54","0","12","0","12",
"1400000US18097354202","Census Tract 3542.02, Marion County, Indiana","2137","262","223","98","1128","237","629","177","116","92","41","48","1432","241","223","98","1055","248","79","62","56","64","19","32","551","146","0","12","73","56","398","131","58","63","22","37","102","135","0","12","0","12","100","135","2","12","0","12","52","10","0","12","0","12","52","10","0","12","0","12",
"1400000US18097354400","Census Tract 3544, Marion County, Indiana","691","143","99","40","200","57","336","135","50","23","6","8","231","63","68","38","125","41","27","27","5","8","6","8","336","138","31","27","65","38","212","131","28","20","0","12","73","27","0","12","10","11","49","29","14","13","0","12","51","25","0","12","0","12","48","25","3","7","0","12",
"1400000US18097354500","Census Tract 3545, Marion County, Indiana","969","162","157","59","437","154","254","67","102","54","19","23","463","90","147","60","267","76","46","33","0","12","3","6","257","144","0","12","130","136","120","44","5","6","2","4","86","44","10","16","1","3","14","15","61","36","0","12","163","55","0","12","39","34","74","38","36","38","14","19",
"1400000US18097354700","Census Tract 3547, Marion County, Indiana","635","147","48","35","342","142","167","54","69","36","9","13","296","145","48","35","228","139","20","24","0","12","0","12","140","59","0","12","59","38","81","44","0","12","0","12","108","44","0","12","34","27","31","25","43","26","0","12","91","33","0","12","21","17","35","23","26","22","9","13",
"1400000US18097354800","Census Tract 3548, Marion County, Indiana","533","80","116","53","221","73","155","39","27","26","14","14","186","58","58","36","85","38","38","27","0","12","5","7","155","50","29","27","60","35","61","31","5","8","0","12","60","42","0","12","33","32","14","18","13","21","0","12","132","61","29","34","43","42","42","23","9","13","9","12",
"1400000US18097354900","Census Tract 3549, Marion County, Indiana","1334","266","408","198","601","164","232","70","73","45","20","20","849","267","314","191","450","176","85","51","0","12","0","12","248","77","55","43","68","40","71","33","54","39","0","12","101","50","22","22","25","24","44","33","6","8","4","7","136","55","17","16","58","40","32","26","13","19","16","19",
"1400000US18097355000","Census Tract 3550, Marion County, Indiana","822","140","270","105","244","89","189","68","110","76","9","9","345","107","199","97","109","50","37","34","0","12","0","12","171","78","0","12","66","55","52","35","53","59","0","12","113","61","28","36","40","32","13","14","32","38","0","12","193","68","43","37","29","47","87","44","25","26","9","9",
"1400000US18097355100","Census Tract 3551, Marion County, Indiana","910","419","459","416","259","65","138","49","27","24","27","25","582","421","399","413","109","57","39","29","27","24","8","13","173","52","35","28","72","43","56","34","0","12","10","16","60","41","12","20","24","32","15","16","0","12","9","16","95","50","13","17","54","37","28","26","0","12","0","12",
"1400000US18097355300","Census Tract 3553, Marion County, Indiana","1112","130","111","80","587","146","340","107","61","50","13","19","469","129","29","36","395","122","32","31","0","12","13","19","449","132","46","54","142","99","239","92","22","22","0","12","75","69","36","58","0","12","33","39","6","10","0","12","119","70","0","12","50","53","36","33","33","40","0","12",
"1400000US18097355400","Census Tract 3554, Marion County, Indiana","1419","272","329","157","657","267","329","91","41","50","63","51","815","270","278","149","490","247","47","42","0","12","0","12","256","109","45","58","61","68","150","72","0","12","0","12","131","75","6","11","6","10","44","44","36","47","39","45","217","64","0","12","100","65","88","54","5","9","24","25",
"1400000US18097355500","Census Tract 3555, Marion County, Indiana","1444","194","172","120","428","134","704","199","101","63","39","38","446","129","110","95","258","102","46","53","22","18","10","16","459","134","62","72","123","77","227","85","47","48","0","12","228","133","0","12","32","38","183","126","0","12","13","19","311","145","0","12","15","22","248","142","32","38","16","27",
"1400000US18097355600","Census Tract 3556, Marion County, Indiana","869","108","131","64","384","81","183","63","139","84","32","33","369","98","100","59","216","77","50","40","0","12","3","5","216","62","31","24","108","53","76","40","0","12","1","3","43","34","0","12","16","16","0","12","27","31","0","12","241","103","0","12","44","32","57","45","112","77","28","32",
"1400000US18097355700","Census Tract 3557, Marion County, Indiana","890","158","171","66","329","85","309","165","75","40","6","11","407","112","143","62","172","67","79","70","13","19","0","12","313","135","17","17","114","52","146","136","30","27","6","11","89","44","0","12","25","27","42","34","22","23","0","12","81","47","11","19","18","27","42","35","10","13","0","12",
"1400000US18097355900","Census Tract 3559, Marion County, Indiana","864","160","85","48","353","144","299","70","95","50","32","26","303","94","63","40","231","91","9","9","0","12","0","12","385","113","17","20","118","94","226","65","19","22","5","8","114","52","5","8","0","12","32","22","70","43","7","12","62","34","0","12","4","8","32","21","6","11","20","24",
"1400000US18097356200","Census Tract 3562, Marion County, Indiana","985","116","60","48","512","100","359","65","48","23","6","8","522","103","51","47","450","92","21","16","0","12","0","12","357","73","9","12","57","31","272","62","19","16","0","12","80","34","0","12","5","7","46","28","23","17","6","8","26","18","0","12","0","12","20","17","6","8","0","12",
"1400000US18097356400","Census Tract 3564, Marion County, Indiana","1376","195","127","82","745","218","376","118","82","46","46","49","427","142","42","37","378","132","7","12","0","12","0","12","515","167","31","47","214","138","241","104","0","12","29","44","237","97","38","48","145","86","15","20","30","27","9","14","197","71","16","19","8","13","113","78","52","36","8","14",
"1400000US18097356900","Census Tract 3569, Marion County, Indiana","830","125","143","61","330","97","264","86","69","33","24","20","336","94","120","54","210","91","0","12","0","12","6","9","286","97","0","12","53","36","217","88","10","12","6","9","123","48","0","12","36","25","35","28","52","31","0","12","85","39","23","24","31","26","12","15","7","12","12","15",
"1400000US18097357000","Census Tract 3570, Marion County, Indiana","779","165","74","61","377","151","225","63","62","32","41","34","224","75","41","52","154","52","29","21","0","12","0","12","325","149","27","30","142","141","119","53","27","25","10","11","121","57","6","10","52","35","41","32","22","15","0","12","109","48","0","12","29","27","36","23","13","15","31","32",
"1400000US18097357100","Census Tract 3571, Marion County, Indiana","902","176","41","19","496","141","246","63","90","78","29","23","341","133","21","14","313","135","4","6","0","12","3","6","397","119","14","13","149","60","167","59","67","77","0","12","67","35","6","9","0","12","52","32","9","11","0","12","97","39","0","12","34","30","23","19","14","14","26","22",
"1400000US18097357200","Census Tract 3572, Marion County, Indiana","850","135","81","51","418","114","254","90","26","23","71","47","349","109","41","43","236","79","65","56","7","11","0","12","297","91","26","26","124","64","136","68","0","12","11","17","79","59","0","12","37","41","12","22","15","19","15","27","125","73","14","21","21","25","41","43","4","8","45","46",
"1400000US18097357300","Census Tract 3573, Marion County, Indiana","845","154","178","87","333","87","280","154","23","20","31","33","320","86","178","87","134","56","8","12","0","12","0","12","334","159","0","12","110","59","208","141","12","12","4","6","78","57","0","12","60","58","13","23","0","12","5","9","113","48","0","12","29","39","51","39","11","18","22","32",
"1400000US18097357400","Census Tract 3574, Marion County, Indiana","1690","210","350","160","554","137","563","177","99","67","124","81","599","141","153","87","327","123","119","64","0","17","0","17","424","190","143","148","87","74","134","82","21","24","39","47","234","112","36","47","89","89","57","49","48","59","4","7","433","153","18","29","51","54","253","145","30","34","81","67",
"1400000US18097357500","Census Tract 3575, Marion County, Indiana","1286","176","36","28","429","111","554","136","212","82","55","45","338","106","36","28","182","71","120","68","0","12","0","12","338","122","0","12","125","67","173","77","40","30","0","12","275","110","0","12","29","31","113","74","133","68","0","12","335","99","0","12","93","101","148","73","39","37","55","45",
"1400000US18097357601","Census Tract 3576.01, Marion County, Indiana","1739","347","85","86","498","150","616","251","488","297","52","45","438","169","85","86","307","139","29","61","0","12","17","28","512","271","0","12","86","78","246","130","180","227","0","12","474","186","0","12","69","51","112","83","258","177","35","39","315","210","0","12","36","62","229","212","50","67","0","12",
"1400000US18097357602","Census Tract 3576.02, Marion County, Indiana","471","111","55","83","171","117","179","82","66","64","0","12","129","118","55","83","74","83","0","12","0","12","0","12","120","64","0","12","41","58","42","57","37","56","0","12","34","65","0","12","34","65","0","12","0","12","0","12","188","78","0","12","22","38","137","79","29","36","0","12",
"1400000US18097357800","Census Tract 3578, Marion County, Indiana","755","120","98","80","332","91","249","71","71","36","5","8","280","108","69","77","199","71","12","15","0","12","0","12","259","70","22","18","94","49","138","56","5","8","0","12","107","38","7","10","7","11","43","25","45","29","5","8","109","52","0","12","32","39","56","34","21","25","0","12",
"1400000US18097357900","Census Tract 3579, Marion County, Indiana","1366","199","137","73","566","150","498","150","81","54","84","47","631","146","119","71","448","147","50","41","0","12","14","22","314","85","18","20","89","45","177","66","20","27","10","15","188","72","0","12","4","8","152","69","18","20","14","17","233","95","0","12","25","20","119","94","43","38","46","39",
"1400000US18097358000","Census Tract 3580, Marion County, Indiana","479","89","77","44","188","67","169","74","32","30","13","14","226","68","71","43","134","61","19","16","2","4","0","12","92","37","6","8","43","35","36","19","1","2","6","9","54","39","0","12","6","10","23","22","25","30","0","12","107","75","0","12","5","10","91","73","4","7","7","11",
"1400000US18097358100","Census Tract 3581, Marion County, Indiana","958","194","129","80","312","122","344","207","165","95","8","12","238","115","51","52","148","92","0","12","39","39","0","12","369","196","62","57","66","43","233","193","0","12","8","12","114","94","0","12","71","90","43","35","0","12","0","12","237","106","16","26","27","35","68","73","126","84","0","12",
"1400000US18097360101","Census Tract 3601.01, Marion County, Indiana","1100","211","234","82","467","109","229","88","125","156","45","36","571","143","171","72","294","110","106","71","0","12","0","12","186","88","15","21","112","78","45","34","4","7","10","16","154","79","48","45","43","48","63","47","0","12","0","12","189","152","0","12","18","29","15","18","121","155","35","28",
"1400000US18097360102","Census Tract 3601.02, Marion County, Indiana","1070","153","226","131","378","170","361","182","69","49","36","58","540","148","152","93","192","120","177","140","19","31","0","12","316","144","74","100","80","68","105","56","21","22","36","58","85","80","0","12","53","81","24","22","8","12","0","12","129","105","0","12","53","60","55","88","21","32","0","12",
"1400000US18097360201","Census Tract 3602.01, Marion County, Indiana","1900","404","197","227","1087","378","377","141","108","77","131","87","1093","386","46","44","836","367","177","111","0","12","34","54","433","247","139","220","135","98","50","54","83","65","26","43","227","119","12","18","77","86","113","88","25","30","0","12","147","90","0","12","39","55","37","37","0","12","71","58",
"1400000US18097360202","Census Tract 3602.02, Marion County, Indiana","1132","124","101","87","340","109","434","134","189","104","68","86","523","143","77","83","228","90","164","106","54","85","0","12","203","74","24","36","43","37","129","73","0","12","7","12","62","49","0","12","35","38","13","21","14","24","0","12","344","151","0","12","34","52","128","74","121","102","61","86",
"1400000US18097360301","Census Tract 3603.01, Marion County, Indiana","1313","118","112","85","583","143","456","115","127","70","35","32","527","125","106","85","364","135","57","58","0","12","0","12","256","114","6","10","85","73","144","81","16","18","5","8","233","112","0","12","70","67","95","74","56","49","12","21","297","102","0","12","64","61","160","71","55","48","18","23",
"1400000US18097360302","Census Tract 3603.02, Marion County, Indiana","984","170","78","50","521","146","295","112","70","45","20","20","204","71","29","32","160","68","8","13","7","10","0","12","358","112","33","37","111","62","191","84","12","21","11","15","126","55","0","12","74","44","30","30","13","22","9","13","296","138","16","22","176","122","66","62","38","26","0","12",
"1400000US18097360401","Census Tract 3604.01, Marion County, Indiana","2643","624","280","169","1290","605","744","260","278","145","51","64","1156","579","191","141","756","528","190","197","19","29","0","17","748","318","0","17","401","310","297","126","40","44","10","19","283","165","60","74","13","23","141","127","28","43","41","61","456","159","29","37","120","115","116","80","191","146","0","17",
"1400000US18097360402","Census Tract 3604.02, Marion County, Indiana","1053","287","197","245","528","169","274","111","35","23","19","27","336","143","0","12","284","137","48","42","4","7","0","12","337","252","197","245","51","34","89","47","0","12","0","12","218","134","0","12","109","94","101","95","8","13","0","12","162","54","0","12","84","56","36","30","23","23","19","27",
"1400000US18097360405","Census Tract 3604.05, Marion County, Indiana","2598","288","82","64","1367","313","829","196","320","134","0","17","903","300","45","48","685","300","121","87","52","62","0","17","861","215","18","28","444","186","327","122","72","55","0","17","456","172","19","31","110","78","274","157","53","46","0","17","378","137","0","17","128","96","107","73","143","102","0","17",
"1400000US18097360406","Census Tract 3604.06, Marion County, Indiana","1397","305","295","200","759","319","253","162","90","75","0","12","820","282","295","200","491","256","33","50","1","27","0","12","367","195","0","12","207","170","129","128","31","55","0","12","113","114","0","12","61","102","32","42","20","35","0","12","97","73","0","12","0","12","59","68","38","39","0","12",
"1400000US18097360407","Census Tract 3604.07, Marion County, Indiana","1282","202","111","65","588","175","462","174","99","86","22","38","280","162","37","41","184","126","59","72","0","12","0","12","444","122","31","34","119","80","229","96","64","62","1","3","295","186","13","22","229","171","18","28","35","57","0","12","263","152","30","49","56","77","156","135","0","12","21","37",
"1400000US18097360501","Census Tract 3605.01, Marion County, Indiana","2429","400","86","72","872","292","1093","415","316","154","62","58","732","316","60","62","528","292","144","116","0","17","0","17","742","251","0","17","194","118","490","226","31","38","27","43","626","292","0","17","132","99","329","257","165","123","0","17","329","137","26","44","18","26","130","101","120","104","35","38",
"1400000US18097360502","Census Tract 3605.02, Marion County, Indiana","2216","327","186","158","845","306","882","232","259","136","44","70","570","213","87","78","357","184","126","81","0","12","0","12","1106","373","99","136","361","257","535","218","67","67","44","70","340","181","0","12","30","51","188","136","122","93","0","12","200","140","0","12","97","116","33","45","70","66","0","12",
"1400000US18097360601","Census Tract 3606.01, Marion County, Indiana","1920","157","116","61","681","146","677","154","307","109","139","83","690","136","72","47","434","118","101","61","83","76","0","12","538","123","9","14","189","101","272","91","59","39","9","15","341","118","35","38","12","20","150","80","81","61","63","59","351","85","0","12","46","64","154","92","84","48","67","57",
"1400000US18097360602","Census Tract 3606.02, Marion County, Indiana","2488","375","243","121","1387","364","686","199","150","95","22","31","1065","353","223","116","788","366","54","80","0","17","0","17","696","218","20","34","329","159","261","103","72","65","14","22","279","169","0","17","103","104","123","113","53","74","0","17","448","205","0","17","167","179","248","130","25","44","8","25",
"1400000US18097360700","Census Tract 3607, Marion County, Indiana","934","119","87","48","382","116","344","77","88","54","33","31","345","99","69","46","237","90","33","20","6","8","0","12","361","77","17","15","85","44","195","64","40","33","24","29","114","65","0","12","26","36","48","33","36","41","4","6","114","49","1","4","34","38","68","38","6","9","5","7",
"1400000US18097360800","Census Tract 3608, Marion County, Indiana","1197","168","339","99","527","135","250","75","77","55","4","7","805","151","317","97","354","106","114","60","20","21","0","12","246","76","18","17","92","59","103","48","29","25","4","7","70","45","0","12","34","34","8","14","28","31","0","12","76","58","4","8","47","47","25","29","0","12","0","12",
"1400000US18097360900","Census Tract 3609, Marion County, Indiana","2505","285","587","240","995","274","669","267","180","151","74","83","1490","339","402","195","750","239","243","178","95","137","0","17","547","232","95","80","161","155","268","164","23","36","0","17","196","108","60","87","56","89","18","28","62","75","0","17","272","175","30","49","28","59","140","139","0","17","74","83",
"1400000US18097361000","Census Tract 3610, Marion County, Indiana","1078","113","12","13","420","90","469","99","140","72","37","32","427","93","12","13","341","80","36","35","38","61","0","12","331","68","0","12","60","39","241","64","30","23","0","12","165","53","0","12","19","16","93","54","45","28","8","12","155","39","0","12","0","12","99","29","27","17","29","29",
"1400000US18097361100","Census Tract 3611, Marion County, Indiana","1636","173","240","93","643","123","540","127","149","110","64","57","804","113","233","91","479","101","92","57","0","12","0","12","428","107","7","11","129","72","266","89","13","19","13","20","108","59","0","12","16","17","54","38","25","28","13","19","296","140","0","12","19","22","128","85","111","102","38","53",
"1400000US18097361200","Census Tract 3612, Marion County, Indiana","1479","248","134","77","662","203","552","189","121","76","10","16","671","188","96","71","440","178","135","80","0","12","0","12","438","182","38","34","109","92","281","163","0","12","10","16","112","65","0","12","31","35","64","49","17","25","0","12","258","98","0","12","82","71","72","50","104","70","0","12",
"1400000US18097361300","Census Tract 3613, Marion County, Indiana","1055","186","58","41","492","191","253","118","230","97","22","26","563","195","50","37","419","187","80","93","5","10","9","16","194","82","0","12","48","40","68","48","78","53","0","12","190","93","0","12","16","21","88","53","73","73","13","19","108","54","8","14","9","14","17","20","74","47","0","12",
"1400000US18097361401","Census Tract 3614.01, Marion County, Indiana","1951","318","69","93","1005","232","565","286","131","140","181","160","724","219","56","91","579","216","62","73","0","17","27","45","437","210","0","17","161","144","167","120","109","129","0","17","232","185","0","17","26","43","123","136","0","17","83","126","558","342","13","32","239","155","213","270","22","48","71","117",
"1400000US18097361402","Census Tract 3614.02, Marion County, Indiana","2129","300","211","173","634","269","795","253","245","135","244","182","412","237","75","115","267","179","0","17","70","84","0","17","969","251","136","147","161","115","539","201","41","60","92","71","433","261","0","17","134","130","164","180","0","17","135","152","315","158","0","17","72","81","92","95","134","99","17","32",
"1400000US18097361601","Census Tract 3616.01, Marion County, Indiana","2095","386","116","150","424","142","618","195","761","352","176","105","420","193","87","143","232","103","55","57","46","65","0","17","747","258","0","17","127","79","261","134","344","231","15","25","365","163","29","35","65","88","88","86","60","52","123","91","563","293","0","17","0","17","214","92","311","267","38","43",
"1400000US18097361602","Census Tract 3616.02, Marion County, Indiana","1266","203","0","12","339","214","436","137","356","117","135","80","197","86","0","12","129","86","68","61","0","12","0","12","517","129","0","12","65","61","283","126","126","76","43","48","276","112","0","12","26","40","74","61","117","84","59","79","276","190","0","12","119","183","11","20","113","60","33","40",
"1400000US18097370201","Census Tract 3702.01, Marion County, Indiana","1291","95","87","53","455","118","493","89","113","71","143","74","371","85","41","26","229","82","94","63","0","12","7","12","438","101","30","37","144","61","177","65","31","43","56","46","201","99","0","12","23","26","105","69","56","46","17","28","281","80","16","22","59","57","117","48","26","31","63","56",
"1400000US18097370203","Census Tract 3702.03, Marion County, Indiana","1397","305","63","48","545","136","542","316","166","125","81","120","263","121","44","37","204","114","15","25","0","12","0","12","421","102","0","12","172","87","192","98","57","53","0","12","364","326","10","17","79","71","235","312","40","61","0","12","349","152","9","19","90","75","100","78","69","94","81","120",
"1400000US18097370204","Census Tract 3702.04, Marion County, Indiana","1332","159","112","88","659","166","418","148","124","70","19","30","589","153","98","84","373","126","118","96","0","12","0","12","336","121","14","24","149","113","135","90","19","25","19","30","274","108","0","12","128","76","111","101","35","40","0","12","133","77","0","12","9","17","54","48","70","66","0","12",
"1400000US18097370303","Census Tract 3703.03, Marion County, Indiana","2238","277","56","70","512","185","1106","278","458","193","106","72","444","181","56","70","330","161","38","53","20","33","0","17","877","280","0","17","106","89","563","219","208","165","0","17","121","91","0","17","13","20","58","54","50","68","0","17","796","133","0","17","63","72","447","124","180","111","106","72",
"1400000US18097370304","Census Tract 3703.04, Marion County, Indiana","1214","261","15","26","388","187","598","256","177","100","36","41","218","98","15","26","157","84","46","43","0","12","0","12","603","204","0","12","44","48","434","229","109","81","16","25","127","73","0","12","58","69","40","36","19","27","10","20","266","211","0","12","129","183","78","65","49","49","10","23",
"1400000US18097370305","Census Tract 3703.05, Marion County, Indiana","1695","698","654","751","366","134","411","155","158","80","106","60","775","745","645","752","116","86","0","12","14","23","0","12","402","116","9","16","142","100","192","82","30","36","29","31","215","87","0","12","53","50","51","42","96","66","15","26","303","147","0","12","55","53","168","135","18","32","62","45",
"1400000US18097370306","Census Tract 3703.06, Marion County, Indiana","1771","243","16","26","357","157","851","268","466","175","81","61","136","74","0","17","105","63","15","26","16","27","0","17","761","256","16","26","194","153","391","230","124","73","36","41","340","146","0","17","8","14","174","113","135","80","23","38","534","129","0","17","50","60","271","112","191","133","22","26",
"1400000US18097380101","Census Tract 3801.01, Marion County, Indiana","2746","460","0","17","878","342","1222","428","456","263","190","184","891","333","0","17","669","320","222","151","0","17","0","17","1086","444","0","17","39","69","696","365","206","203","145","171","355","193","0","17","69","92","143","118","143","124","0","17","414","167","0","17","101","89","161","104","107","113","45","74",
"1400000US18097380102","Census Tract 3801.02, Marion County, Indiana","1400","420","85","153","481","266","655","485","133","168","46","81","488","211","85","153","403","233","0","12","0","12","0","12","490","441","0","12","0","12","391","415","99","155","0","12","0","12","0","12","0","12","0","12","0","12","0","12","422","169","0","12","78","106","264","250","34","58","46","81",
"1400000US18097380103","Census Tract 3801.03, Marion County, Indiana","2706","510","95","120","370","245","1975","556","183","148","83","95","179","167","25","43","154","182","0","17","0","17","0","17","684","246","0","17","138","106","512","250","0","17","34","59","839","354","70","111","78","113","549","295","123","116","19","34","1004","513","0","17","0","17","914","520","60","88","30","71",
"1400000US18097380200","Census Tract 3802, Marion County, Indiana","1427","222","267","156","649","171","353","73","87","44","71","57","652","198","167","116","444","154","41","38","0","12","0","12","443","92","40","35","130","72","232","71","14","14","27","34","140","69","0","12","38","30","36","33","33","31","33","45","192","99","60","88","37","36","44","30","40","33","11","19",
"1400000US18097380301","Census Tract 3803.01, Marion County, Indiana","692","170","21","23","349","151","114","49","155","81","53","47","287","135","12","19","212","118","12","19","51","59","0","12","142","80","0","12","58","61","40","38","44","41","0","12","104","92","9","15","66","88","29","28","0","12","0","12","159","68","0","12","13","21","33","39","60","37","53","47",
"1400000US18097380302","Census Tract 3803.02, Marion County, Indiana","824","136","88","51","409","154","260","106","67","49","0","12","288","124","20","23","242","122","16","26","10","17","0","12","368","109","28","30","138","79","177","83","25","29","0","12","40","36","0","12","0","12","31","34","9","14","0","12","128","61","40","35","29","32","36","32","23","30","0","12",
"1400000US18097380402","Census Tract 3804.02, Marion County, Indiana","2034","246","162","74","1008","253","749","180","77","53","38","39","781","230","110","62","640","206","31","38","0","17","0","17","600","138","29","37","234","99","307","92","22","22","8","12","186","85","14","23","64","53","98","71","10","16","0","17","467","218","9","13","70","48","313","189","45","43","30","38",
"1400000US18097380403","Census Tract 3804.03, Marion County, Indiana","1377","217","8","13","442","134","616","144","185","76","126","70","367","128","8","13","270","114","89","59","0","12","0","12","477","131","0","12","62","42","362","112","42","32","11","16","209","86","0","12","31","39","77","44","91","59","10","16","324","85","0","12","79","55","88","41","52","36","105","68",
"1400000US18097380404","Census Tract 3804.04, Marion County, Indiana","1547","187","39","25","649","133","674","145","156","66","29","22","484","105","39","25","394","100","47","32","4","8","0","12","641","158","0","12","227","114","370","124","44","37","0","12","232","84","0","12","0","12","172","74","43","34","17","18","190","74","0","12","28","27","85","53","65","37","12","14",
"1400000US18097380501","Census Tract 3805.01, Marion County, Indiana","843","127","51","37","388","119","319","104","66","42","19","25","295","91","21","19","218","81","41","29","15","22","0","12","216","65","20","24","52","36","111","55","23","22","10","17","202","103","0","12","76","64","106","81","20","19","0","12","130","72","10","17","42","67","61","40","8","16","9","18",
"1400000US18097380502","Census Tract 3805.02, Marion County, Indiana","1397","254","106","66","667","124","495","223","97","66","32","29","616","131","56","49","478","115","56","58","19","30","7","13","393","149","50","51","140","70","192","126","6","10","5","9","201","189","0","12","26","27","153","184","22","22","0","12","187","65","0","12","23","27","94","59","50","50","20","23",
"1400000US18097380600","Census Tract 3806, Marion County, Indiana","2078","364","137","100","580","147","1078","361","216","91","67","63","545","140","90","85","370","123","59","47","22","25","4","20","686","163","30","36","171","108","330","141","155","82","0","17","364","289","0","17","15","25","298","286","25","36","26","41","483","268","17","29","24","43","391","263","14","23","37","36",
"1400000US18097380700","Census Tract 3807, Marion County, Indiana","2410","276","274","175","982","282","848","186","230","123","76","68","968","294","238","191","651","184","66","80","13","21","0","17","533","145","0","17","69","59","409","142","41","37","14","22","258","129","36","60","17","27","151","79","54","50","0","17","651","299","0","17","245","248","222","104","122","101","62","66",
"1400000US18097380800","Census Tract 3808, Marion County, Indiana","1220","235","33","25","422","96","320","104","190","74","255","214","417","99","18","21","342","90","39","30","10","16","8","12","476","234","15","23","43","33","153","76","92","52","173","209","158","55","0","12","14","21","48","31","67","52","29","31","169","79","0","12","23","32","80","68","21","23","45","35",
"1400000US18097380901","Census Tract 3809.01, Marion County, Indiana","1852","222","116","150","610","188","679","168","297","101","150","73","524","152","4","6","373","122","114","125","7","11","26","40","673","176","10","15","237","140","342","92","84","57","0","12","149","65","0","12","0","12","52","44","80","46","17","16","506","171","102","149","0","12","171","82","126","81","107","52",
"1400000US18097380902","Census Tract 3809.02, Marion County, Indiana","2435","430","43","41","769","146","1168","428","316","106","139","75","636","141","31","37","536","135","69","66","0","17","0","17","1198","439","12","20","189","105","825","417","143","70","29","33","277","118","0","17","11","20","109","94","115","75","42","39","324","94","0","17","33","42","165","57","58","48","68","64",
"1400000US18097381002","Census Tract 3810.02, Marion County, Indiana","1285","249","28","22","316","73","439","83","385","240","117","56","343","89","8","11","249","74","49","29","15","19","22","34","422","114","2","3","42","21","218","55","148","100","12","12","166","56","18","19","2","4","72","30","30","31","44","33","354","217","0","12","23","28","100","47","192","214","39","26",
"1400000US18097381003","Census Tract 3810.03, Marion County, Indiana","1488","239","85","89","1002","239","271","59","97","38","33","20","586","187","14","17","552","184","20","25","0","12","0","12","482","199","65","88","247","191","124","41","34","20","12","15","147","64","4","7","58","53","42","30","37","27","6","6","273","106","2","4","145","98","85","35","26","12","15","12",
"1400000US18097381004","Census Tract 3810.04, Marion County, Indiana","1365","260","160","92","739","250","233","119","94","64","139","119","741","268","108","67","587","254","46","30","0","12","0","12","228","97","36","58","58","56","118","62","16","25","0","12","161","97","0","12","48","41","16","26","53","46","44","70","235","131","16","25","46","49","53","94","25","39","95","75",
"1400000US18097381101","Census Tract 3811.01, Marion County, Indiana","2453","328","141","111","791","209","1085","322","382","116","54","47","886","201","125","110","582","192","179","107","0","17","0","17","929","304","16","19","143","105","617","276","129","65","24","29","255","150","0","17","66","97","71","54","88","59","30","38","383","113","0","17","0","17","218","110","165","87","0","17",
"1400000US18097381102","Census Tract 3811.02, Marion County, Indiana","2588","411","48","55","973","249","1034","384","320","121","213","140","997","362","18","29","634","217","328","314","17","27","0","17","836","157","0","17","194","103","507","148","129","78","6","11","222","128","0","17","20","25","93","104","91","68","18","25","533","154","30","47","125","80","106","78","83","87","189","138",
"1400000US18097381203","Census Tract 3812.03, Marion County, Indiana","1085","201","159","93","492","175","348","155","80","32","6","11","302","157","65","54","227","153","10","18","0","12","0","12","429","142","58","63","129","60","216","134","26","23","0","12","148","84","12","18","45","41","69","65","22","23","0","12","206","64","24","27","91","53","53","33","32","29","6","11",
"1400000US18097381204","Census Tract 3812.04, Marion County, Indiana","1426","180","374","156","815","143","137","65","81","78","19","21","888","177","374","156","514","121","0","12","0","12","0","12","204","65","0","12","141","59","63","50","0","12","0","12","236","79","0","12","133","65","57","46","27","29","19","21","98","78","0","12","27","36","17","26","54","73","0","12",
"1400000US18097381205","Census Tract 3812.05, Marion County, Indiana","2383","213","53","65","1109","213","876","212","280","115","65","54","708","192","0","17","647","184","49","42","12","19","0","17","845","227","37","55","237","127","508","182","63","47","0","17","404","159","0","17","161","104","137","100","73","55","33","37","426","150","16","29","64","82","182","108","132","99","32","37",
"1400000US18097381206","Census Tract 3812.06, Marion County, Indiana","1750","324","122","77","644","151","563","175","139","86","282","279","550","153","89","74","415","133","46","47","0","12","0","12","608","186","19","24","185","110","350","157","0","12","54","72","199","102","0","12","44","55","41","49","78","69","36","47","393","269","14","27","0","12","126","68","61","41","192","263",
"1400000US18097381207","Census Tract 3812.07, Marion County, Indiana","1423","408","0","12","351","240","690","343","241","141","141","89","361","230","0","12","319","235","21","29","21","35","0","12","393","91","0","12","32","36","319","79","31","34","11","18","147","130","0","12","0","12","0","12","121","126","26","33","522","340","0","12","0","12","350","341","68","51","104","80",
"1400000US18097390102","Census Tract 3901.02, Marion County, Indiana","2274","426","155","92","1319","432","458","132","310","235","32","39","927","423","84","64","793","414","50","46","0","17","0","17","551","247","71","71","107","88","186","115","187","221","0","17","201","108","0","17","119","88","31","30","51","54","0","17","595","158","0","17","300","152","191","95","72","62","32","39",
"1400000US18097390103","Census Tract 3901.03, Marion County, Indiana","1230","319","0","12","518","268","595","249","81","67","36","54","433","305","0","12","305","229","128","202","0","12","0","12","424","163","0","12","190","133","221","101","13","21","0","12","91","60","0","12","12","20","34","33","45","57","0","12","282","79","0","12","11","19","212","83","23","27","36","54",
"1400000US18097390104","Census Tract 3901.04, Marion County, Indiana","2066","316","20","31","456","156","1069","340","368","124","153","72","328","122","0","17","245","109","56","69","0","17","27","31","745","329","0","17","74","55","554","304","99","62","18","30","359","151","0","17","28","43","185","130","130","74","16","25","634","130","20","31","109","88","274","98","139","87","92","53",
"1400000US18097390200","Census Tract 3902, Marion County, Indiana","1699","269","0","12","450","194","964","244","185","82","100","46","340","180","0","12","242","165","98","72","0","12","0","12","666","236","0","12","172","85","396","220","86","62","12","15","263","100","0","12","22","25","188","84","53","51","0","12","430","89","0","12","14","24","282","76","46","33","88","45",
"1400000US18097390300","Census Tract 3903, Marion County, Indiana","1969","248","0","17","372","181","848","192","461","128","288","164","291","160","0","17","179","145","64","47","30","36","18","27","664","151","0","17","107","92","407","110","136","78","14","22","240","127","0","17","80","105","61","49","71","53","28","35","774","211","0","17","6","9","316","159","224","82","228","159",
"1400000US18097390405","Census Tract 3904.05, Marion County, Indiana","1700","245","75","63","861","231","540","161","191","109","33","34","798","236","75","63","690","226","29","32","4","6","0","12","422","122","0","12","119","72","253","98","39","37","11","14","171","99","0","12","52","68","80","58","39","42","0","12","309","95","0","12","0","12","178","107","109","94","22","31",
"1400000US18097390406","Census Tract 3904.06, Marion County, Indiana","1768","242","0","17","279","99","1008","184","383","199","98","56","237","99","0","17","156","69","59","72","22","35","0","17","436","156","0","17","49","54","269","110","105","102","13","21","390","113","0","17","39","45","254","93","81","64","16","26","705","231","0","17","35","57","426","149","175","159","69","48",
"1400000US18097390407","Census Tract 3904.07, Marion County, Indiana","1800","223","33","33","209","134","948","170","311","106","299","124","148","55","13","21","70","46","65","49","0","17","0","17","669","226","8","15","111","117","443","161","77","49","30","34","245","99","0","17","13","18","99","65","102","62","31","35","738","156","12","19","15","25","341","118","132","88","238","117",
"1400000US18097390408","Census Tract 3904.08, Marion County, Indiana","1655","208","29","44","493","229","605","198","464","183","64","84","332","159","0","12","282","138","50","60","0","12","0","12","488","151","0","12","54","66","319","130","115","96","0","12","303","214","0","12","131","176","34","56","138","120","0","12","532","127","29","44","26","44","202","106","211","137","64","84",
"1400000US18097390409","Census Tract 3904.09, Marion County, Indiana","2558","684","0","17","1027","689","1227","176","203","124","101","96","924","697","0","17","878","693","46","69","0","17","0","17","1008","198","0","17","149","101","742","186","74","82","43","71","288","141","0","17","0","17","139","98","91","88","58","66","338","77","0","17","0","17","300","97","38","59","0","17",
"1400000US18097390410","Census Tract 3904.10, Marion County, Indiana","712","50","14","22","201","92","362","93","88","46","47","47","241","92","14","22","176","91","51","37","0","12","0","12","299","90","0","12","25","28","236","84","38","29","0","12","47","40","0","12","0","12","13","21","23","26","11","20","125","43","0","12","0","12","62","29","27","35","36","43",
"1400000US18097390411","Census Tract 3904.11, Marion County, Indiana","1473","173","81","111","556","121","688","169","70","51","78","66","495","173","81","111","399","114","15","24","0","12","0","12","530","156","0","12","109","72","377","135","29","33","15","24","172","94","0","12","34","37","112","80","13","22","13","23","276","129","0","12","14","21","184","114","28","32","50","59",
"1400000US18097390500","Census Tract 3905, Marion County, Indiana","900","197","112","61","416","128","195","64","140","143","37","35","264","85","42","25","200","79","18","17","4","6","0","12","251","146","30","29","19","24","94","51","103","141","5","9","189","82","33","50","53","38","49","37","32","27","22","32","196","104","7","12","144","101","34","23","1","4","10","12",
"1400000US18097390601","Census Tract 3906.01, Marion County, Indiana","1099","485","0","12","424","220","590","471","71","72","14","23","307","212","0","12","242","203","65","104","0","12","0","12","561","471","0","12","120","116","395","453","46","73","0","12","125","121","0","12","62","103","43","69","20","32","0","12","106","110","0","12","0","12","87","99","5","21","14","23",
"1400000US18097390602","Census Tract 3906.02, Marion County, Indiana","1797","275","155","65","1093","289","467","159","19","24","63","66","915","271","143","65","751","277","21","28","0","12","0","12","723","201","12","20","321","131","335","152","14","21","41","54","83","57","0","12","21","33","40","36","0","12","22","33","76","64","0","12","0","12","71","65","5","15","0","12",
"1400000US18097390700","Census Tract 3907, Marion County, Indiana","1031","280","148","72","193","87","541","261","97","62","52","45","369","272","61","64","85","55","215","247","0","12","8","13","186","81","39","34","73","60","64","54","10","16","0","12","181","101","48","61","0","12","107","67","13","21","13","20","295","116","0","12","35","41","155","105","74","61","31","37",
"1400000US18097390801","Census Tract 3908.01, Marion County, Indiana","0","12","0","12","0","12","0","12","0","12","0","12","0","12","0","12","0","12","0","12","0","12","0","12","0","12","0","12","0","12","0","12","0","12","0","12","0","12","0","12","0","12","0","12","0","12","0","12","0","12","0","12","0","12","0","12","0","12","0","12",
"1400000US18097390802","Census Tract 3908.02, Marion County, Indiana","1256","152","38","46","281","84","545","146","263","82","129","67","284","94","34","45","180","72","23","27","47","40","0","12","423","123","4","9","61","51","274","114","84","53","0","12","180","73","0","12","11","18","89","59","67","39","13","22","369","99","0","12","29","33","159","75","65","58","116","66",
"1400000US18097390900","Census Tract 3909, Marion County, Indiana","1391","266","170","82","697","253","431","103","60","36","33","28","668","225","121","75","508","233","39","50","0","12","0","12","485","116","13","20","158","92","272","79","23","26","19","22","159","79","36","45","27","44","65","48","23","21","8","14","79","39","0","12","4","8","55","34","14","14","6","9",
"1400000US18097391001","Census Tract 3910.01, Marion County, Indiana","462","82","33","55","283","116","82","56","64","75","0","12","225","93","33","55","192","82","0","12","0","12","0","12","139","76","0","12","57","67","82","56","0","12","0","12","98","79","0","12","34","61","0","12","64","75","0","12","0","12","0","12","0","12","0","12","0","12","0","12",
"1400000US18097391002","Census Tract 3910.02, Marion County, Indiana","3125","500","341","149","1722","424","928","340","130","96","4","9","1772","428","233","96","1406","421","133","122","0","17","0","17","1220","352","106","117","316","153","778","321","20","33","0","17","129","91","2","3","0","17","17","27","110","87","0","17","4","9","0","17","0","17","0","17","0","17","4","9",
