"GEO_ID","NAME","B08201_001E","B08201_001M","B08201_002E","B08201_002M","B08201_003E","B08201_003M","B08201_004E","B08201_004M","B08201_005E","B08201_005M","B08201_006E","B08201_006M","B08201_007E","B08201_007M","B08201_008E","B08201_008M","B08201_009E","B08201_009M","B08201_010E","B08201_010M","B08201_011E","B08201_011M","B08201_012E","B08201_012M","B08201_013E","B08201_013M","B08201_014E","B08201_014M","B08201_015E","B08201_015M","B08201_016E","B08201_016M","B08201_017E","B08201_017M","B08201_018E","B08201_018M","B08201_019E","B08201_019M","B08201_020E","B08201_020M","B08201_021E","B08201_021M","B08201_022E","B08201_022M","B08201_023E","B08201_023M","B08201_024E","B08201_024M","B08201_025E","B08201_025M","B08201_026E","B08201_026M","B08201_027E","B08201_027M","B08201_028E","B08201_028M","B08201_029E","B08201_029M","B08201_030E","B08201_030M",
"Geography","Geographic Area Name","Estimate!!Total:","Margin of Error!!Total:","Estimate!!Total:!!No vehicle available","Margin of Error!!Total:!!No vehicle available","Estimate!!Total:!!1 vehicle available","Margin of Error!!Total:!!1 vehicle available","Estimate!!Total:!!2 vehicles available","Margin of Error!!Total:!!2 vehicles available","Estimate!!Total:!!3 vehicles available","Margin of Error!!Total:!!3 vehicles available","Estimate!!Total:!!4 or more vehicles available","Margin of Error!!Total:!!4 or more vehicles available","Estimate!!Total:!!1-person household:","Margin of Error!!Total:!!1-person household:","Estimate!!Total:!!1-person household:!!No vehicle available","Margin of Error!!Total:!!1-person household:!!No vehicle available","Estimate!!Total:!!1-person household:!!1 vehicle available","Margin of Error!!Total:!!1-person household:!!1 vehicle available","Estimate!!Total:!!1-person household:!!2 vehicles available","Margin of Error!!Total:!!1-person household:!!2 vehicles available","Estimate!!Total:!!1-person household:!!3 vehicles available","Margin of Error!!Total:!!1-person household:!!3 vehicles available","Estimate!!Total:!!1-person household:!!4 or more vehicles available","Margin of Error!!Total:!!1-person household:!!4 or more vehicles available","Estimate!!Total:!!2-person household:","Margin of Error!!Total:!!2-person household:","Estimate!!Total:!!2-person household:!!No vehicle available","Margin of Error!!Total:!!2-person household:!!No vehicle available","Estimate!!Total:!!2-person household:!!1 vehicle available","Margin of Error!!Total:!!2-person household:!!1 vehicle available","Estimate!!Total:!!2-person household:!!2 vehicles available","Margin of Error!!Total:!!2-person household:!!2 vehicles available","Estimate!!Total:!!2-person household:!!3 vehicles available","Margin of Error!!Total:!!2-person household:!!3 vehicles available","Estimate!!Total:!!2-person household:!!4 or more vehicles available","Margin of Error!!Total:!!2-person household:!!4 or more vehicles available","Estimate!!Total:!!3-person household:","Margin of Error!!Total:!!3-person household:","Estimate!!Total:!!3-person household:!!No vehicle available","Margin of Error!!Total:!!3-person household:!!No vehicle available","Estimate!!Total:!!3-person household:!!1 vehicle available","Margin of Error!!Total:!!3-person household:!!1 vehicle available","Estimate!!Total:!!3-person household:!!2 vehicles available","Margin of Error!!Total:!!3-person household:!!2 vehicles available","Estimate!!Total:!!3-person household:!!3 vehicles available","Margin of Error!!Total:!!3-person household:!!3 vehicles available","Estimate!!Total:!!3-person household:!!4 or more vehicles available","Margin of Error!!Total:!!3-person household:!!4 or more vehicles available","Estimate!!Total:!!4-or-more-person household:","Margin of Error!!Total:!!4-or-more-person household:","Estimate!!Total:!!4-or-more-person household:!!No vehicle available","Margin of Error!!Total:!!4-or-more-person household:!!No vehicle available","Estimate!!Total:!!4-or-more-person household:!!1 vehicle available","Margin of Error!!Total:!!4-or-more-person household:!!1 vehicle available","Estimate!!Total:!!4-or-more-person household:!!2 vehicles available","Margin of Error!!Total:!!4-or-more-person household:!!2 vehicles available","Estimate!!Total:!!4-or-more-person household:!!3 vehicles available","Margin of Error!!Total:!!4-or-more-person household:!!3 vehicles available","Estimate!!Total:!!4-or-more-person household:!!4 or more vehicles available","Margin of Error!!Total:!!4-or-more-person household:!!4 or more vehicles available",
"1400000US18097310104","Census Tract 3101.04; Marion County; Indiana","2014","302","59","59","1262","332","555","122","87","65","51","60","1220","338","59","59","1118","338","43","49","0","13","0","13","501","129","0","13","144","75","321","107","14","22","22","42","73","62","0","13","0","13","0","13","73","62","0","13","220","72","0","13","0","13","191","64","0","13","29","39",
"1400000US18097310105","Census Tract 3101.05; Marion County; Indiana","1922","359","135","90","802","168","807","389","58","41","120","70","617","126","50","39","498","127","65","57","4","7","0","13","508","166","26","39","166","102","253","96","6","9","57","68","339","353","24","41","12","21","289","352","14","15","0","13","458","101","35","49","126","79","200","110","34","32","63","49",
"1400000US18097310106","Census Tract 3101.06; Marion County; Indiana","2189","249","305","187","1417","275","418","229","49","61","0","13","1119","249","270","184","820","208","29","37","0","13","0","13","739","284","11","26","491","249","237","182","0","13","0","13","277","153","24","39","106","98","98","98","49","61","0","13","54","60","0","13","0","13","54","60","0","13","0","13",
"1400000US18097310108","Census Tract 3101.08; Marion County; Indiana","1661","239","0","13","469","102","831","251","240","93","121","56","425","92","0","13","368","84","39","23","0","13","18","23","777","251","0","13","35","29","575","250","121","48","46","27","196","76","0","13","0","13","96","58","64","47","36","29","263","94","0","13","66","58","121","70","55","59","21","23",
"1400000US18097310110","Census Tract 3101.10; Marion County; Indiana","1374","126","61","54","574","205","645","189","66","51","28","43","711","170","36","38","467","184","203","136","5","8","0","13","497","154","25","38","107","108","316","112","25","41","24","41","129","92","0","13","0","13","93","84","36","30","0","13","37","55","0","13","0","13","33","52","0","13","4","13",
"1400000US18097310111","Census Tract 3101.11; Marion County; Indiana","1530","134","26","41","756","145","519","127","208","97","21","41","646","147","26","41","590","138","30","41","0","13","0","13","483","157","0","13","133","60","323","124","27","32","0","13","253","121","0","13","26","42","153","89","74","70","0","13","148","58","0","13","7","17","13","21","107","77","21","41",
"1400000US18097310112","Census Tract 3101.12; Marion County; Indiana","2418","372","0","18","726","362","925","225","580","234","187","102","626","344","0","18","507","314","119","101","0","18","0","18","888","157","0","18","145","151","499","148","146","88","98","70","389","192","0","18","47","45","221","168","101","70","20","30","515","190","0","18","27","48","86","40","333","209","69","60",
"1400000US18097310113","Census Tract 3101.13; Marion County; Indiana","380","31","0","13","36","25","250","42","64","34","30","28","31","25","0","13","14","20","17","17","0","13","0","13","196","48","0","13","18","18","126","48","40","26","12","22","45","35","0","13","0","13","23","24","22","22","0","13","108","40","0","13","4","6","84","34","2","6","18","16",
"1400000US18097310201","Census Tract 3102.01; Marion County; Indiana","1674","158","65","57","602","152","644","185","278","116","85","52","499","113","12","19","448","118","31","24","8","12","0","13","614","176","14","22","69","81","409","147","122","83","0","13","126","57","0","13","23","26","54","43","32","34","17","24","435","121","39","48","62","79","150","103","116","84","68","45",
"1400000US18097310203","Census Tract 3102.03; Marion County; Indiana","2242","239","216","150","1200","285","588","203","199","111","39","57","1109","260","202","150","783","237","124","88","0","18","0","18","468","196","14","24","277","162","177","102","0","18","0","18","274","166","0","18","23","40","213","152","38","45","0","18","391","170","0","18","117","103","74","79","161","120","39","57",
"1400000US18097310204","Census Tract 3102.04; Marion County; Indiana","1745","178","160","101","387","138","748","181","256","147","194","99","481","156","82","61","295","130","104","81","0","13","0","13","527","171","78","84","62","58","330","127","52","39","5","13","489","190","0","13","30","37","248","128","105","106","106","96","248","116","0","13","0","13","66","54","99","81","83","84",
"1400000US18097310305","Census Tract 3103.05; Marion County; Indiana","2519","219","126","96","1367","332","747","269","226","184","53","63","961","266","118","94","792","284","51","60","0","18","0","18","540","218","8","14","243","156","243","132","25","42","21","33","398","217","0","18","40","58","215","169","143","172","0","18","620","287","0","18","292","238","238","189","58","59","32","54",
"1400000US18097310306","Census Tract 3103.06; Marion County; Indiana","3051","498","292","177","1364","414","1115","498","210","171","70","69","785","276","151","151","538","258","83","90","13","24","0","18","645","271","30","47","282","211","333","213","0","18","0","18","422","212","0","18","241","194","155","135","26","44","0","18","1199","501","111","116","303","201","544","446","171","168","70","69",
"1400000US18097310308","Census Tract 3103.08; Marion County; Indiana","1306","86","34","39","553","148","454","182","265","109","0","13","324","100","19","30","253","99","33","38","19","29","0","13","514","185","0","13","151","125","205","136","158","108","0","13","155","87","0","13","28","46","49","43","78","62","0","13","313","99","15","25","121","91","167","93","10","20","0","13",
"1400000US18097310309","Census Tract 3103.09; Marion County; Indiana","1631","152","241","119","923","222","366","155","68","60","33","46","762","175","216","115","499","204","47","58","0","13","0","13","553","184","25","43","260","119","268","133","0","13","0","13","161","102","0","13","80","88","19","29","62","59","0","13","155","99","0","13","84","74","32","31","6","14","33","46",
"1400000US18097310310","Census Tract 3103.10; Marion County; Indiana","1911","369","246","290","554","167","676","175","428","232","7","12","480","150","0","18","375","126","84","119","21","26","0","18","588","340","246","290","86","81","230","100","26","28","0","18","380","218","0","18","8","13","80","55","285","211","7","12","463","117","0","18","85","71","282","110","96","84","0","18",
"1400000US18097310311","Census Tract 3103.11; Marion County; Indiana","1919","213","14","25","510","133","748","187","508","197","139","75","389","122","0","18","259","109","130","67","0","18","0","18","621","171","0","18","108","77","400","149","79","68","34","36","344","143","0","18","40","50","122","81","182","112","0","18","565","143","14","25","103","77","96","73","247","154","105","68",
"1400000US18097310312","Census Tract 3103.12; Marion County; Indiana","2872","316","696","405","1366","345","461","202","269","165","80","91","1391","297","386","270","906","281","73","70","26","41","0","18","636","264","79","93","279","202","187","111","91","107","0","18","490","250","130","188","167","149","129","123","23","38","41","59","355","142","101","125","14","22","72","87","129","128","39","66",
"1400000US18097320105","Census Tract 3201.05; Marion County; Indiana","1855","186","90","94","988","208","494","184","214","115","69","54","848","185","90","94","758","186","0","13","0","13","0","13","498","174","0","13","155","105","291","148","52","51","0","13","111","89","0","13","19","38","32","37","31","50","29","40","398","128","0","13","56","51","171","116","131","93","40","49",
"1400000US18097320106","Census Tract 3201.06; Marion County; Indiana","1331","487","144","103","375","132","376","116","420","481","16","18","402","109","144","103","244","123","14","16","0","13","0","13","234","80","0","13","70","48","145","65","13","17","6","12","79","69","0","13","0","13","39","57","40","37","0","13","616","518","0","13","61","70","178","100","367","492","10","16",
"1400000US18097320107","Census Tract 3201.07; Marion County; Indiana","859","131","0","13","342","125","329","62","168","77","20","19","274","69","0","13","235","64","31","26","8","12","0","13","327","71","0","13","37","20","193","59","94","53","3","5","98","58","0","13","0","13","43","24","48","53","7","11","160","98","0","13","70","100","62","26","18","15","10","16",
"1400000US18097320108","Census Tract 3201.08; Marion County; Indiana","2284","283","728","320","1057","274","385","174","114","120","0","13","1227","312","564","341","647","228","16","26","0","13","0","13","411","180","54","68","159","107","179","111","19","42","0","13","449","245","57","95","209","178","98","104","85","112","0","13","197","156","53","77","42","77","92","85","10","19","0","13",
"1400000US18097320109","Census Tract 3201.09; Marion County; Indiana","1341","322","154","77","471","318","553","122","150","63","13","21","620","332","97","58","471","318","52","46","0","13","0","13","448","100","57","66","0","13","347","96","44","29","0","13","100","46","0","13","0","13","76","38","24","27","0","13","173","53","0","13","0","13","78","41","82","51","13","21",
"1400000US18097320202","Census Tract 3202.02; Marion County; Indiana","2551","329","149","131","1091","330","1048","167","187","84","76","70","993","260","146","131","769","237","70","48","0","18","8","14","1029","264","0","18","269","218","685","179","46","44","29","36","271","105","3","5","21","35","130","76","78","57","39","56","258","90","0","18","32","48","163","84","63","52","0","18",
"1400000US18097320203","Census Tract 3202.03; Marion County; Indiana","1812","210","151","77","974","190","618","175","28","31","41","35","1046","188","140","74","845","184","61","65","0","13","0","13","566","154","11","16","92","50","415","150","14","24","34","29","133","67","0","13","37","38","96","57","0","13","0","13","67","43","0","13","0","13","46","34","14","18","7","15",
"1400000US18097320205","Census Tract 3202.05; Marion County; Indiana","1270","140","0","13","886","138","355","119","29","31","0","13","845","139","0","13","845","139","0","13","0","13","0","13","310","114","0","13","41","40","269","107","0","13","0","13","74","67","0","13","0","13","45","59","29","31","0","13","41","43","0","13","0","13","41","43","0","13","0","13",
"1400000US18097320206","Census Tract 3202.06; Marion County; Indiana","1262","376","155","71","682","356","344","173","81","54","0","13","699","359","95","48","483","351","121","151","0","13","0","13","299","143","23","37","151","125","98","65","27","24","0","13","71","62","0","13","0","13","46","51","25","35","0","13","193","75","37","35","48","57","79","34","29","31","0","13",
"1400000US18097320301","Census Tract 3203.01; Marion County; Indiana","1813","226","30","33","841","200","769","157","158","71","15","29","693","179","14","21","645","183","34","31","0","13","0","13","843","149","16","26","171","89","573","137","83","64","0","13","66","38","0","13","12","19","17","19","37","28","0","13","211","97","0","13","13","20","145","86","38","36","15","29",
"1400000US18097320303","Census Tract 3203.03; Marion County; Indiana","1853","238","38","58","1134","286","554","243","30","46","97","112","886","266","38","58","769","234","79","89","0","13","0","13","588","219","0","13","176","142","382","150","30","46","0","13","282","66","0","13","189","125","93","105","0","13","0","13","97","112","0","13","0","13","0","13","0","13","97","112",
"1400000US18097320305","Census Tract 3203.05; Marion County; Indiana","1071","123","0","13","262","70","555","127","214","100","40","38","181","56","0","13","106","55","75","48","0","13","0","13","418","136","0","13","127","71","197","105","67","69","27","33","243","71","0","13","14","21","127","63","102","69","0","13","229","42","0","13","15","22","156","50","45","42","13","20",
"1400000US18097320306","Census Tract 3203.06; Marion County; Indiana","2357","259","103","77","1462","334","583","160","158","125","51","50","1328","361","91","74","1237","366","0","13","0","13","0","13","753","238","0","13","225","187","388","134","117","118","23","37","98","68","12","20","0","13","45","47","22","38","19","28","178","63","0","13","0","13","150","63","19","29","9","23",
"1400000US18097320400","Census Tract 3204; Marion County; Indiana","1487","216","58","67","611","214","641","125","62","39","115","91","581","199","58","67","482","211","26","40","15","24","0","13","468","119","0","13","65","54","375","110","28","23","0","13","193","110","0","13","52","73","74","48","19","21","48","70","245","71","0","13","12","18","166","52","0","13","67","55",
"1400000US18097320500","Census Tract 3205; Marion County; Indiana","1512","225","97","70","697","189","513","180","188","69","17","19","592","119","97","70","486","128","9","15","0","13","0","13","450","213","0","13","149","140","252","137","49","35","0","13","320","126","0","13","30","33","174","125","99","47","17","19","150","59","0","13","32","42","78","46","40","42","0","13",
"1400000US18097320600","Census Tract 3206; Marion County; Indiana","1004","122","0","13","338","95","459","109","136","82","71","40","317","95","0","13","255","83","58","43","4","7","0","13","360","97","0","13","61","39","253","92","19","28","27","28","157","70","0","13","9","17","47","41","81","62","20","28","170","90","0","13","13","19","101","82","32","40","24","22",
"1400000US18097320700","Census Tract 3207; Marion County; Indiana","1311","160","0","13","661","145","541","95","27","30","82","81","639","153","0","13","592","140","47","39","0","13","0","13","469","105","0","13","69","38","295","80","23","28","82","81","119","69","0","13","0","13","119","69","0","13","0","13","84","78","0","13","0","13","80","76","4","6","0","13",
"1400000US18097320800","Census Tract 3208; Marion County; Indiana","1214","96","17","17","236","54","576","75","286","89","99","33","220","58","3","4","179","52","34","18","4","6","0","13","553","106","14","17","39","20","326","58","161","87","13","15","178","61","0","13","18","13","87","56","52","23","21","14","263","39","0","13","0","13","129","28","69","23","65","25",
"1400000US18097320901","Census Tract 3209.01; Marion County; Indiana","2632","269","156","187","870","208","1135","223","378","228","93","65","997","197","135","186","629","198","194","165","24","39","15","26","819","241","0","18","186","145","452","147","155","107","26","32","448","241","21","35","38","44","168","117","180","192","41","46","368","84","0","18","17","30","321","95","19","32","11","22",
"1400000US18097320902","Census Tract 3209.02; Marion County; Indiana","1808","196","118","93","1022","225","362","138","276","141","30","39","810","224","92","86","686","219","32","37","0","13","0","13","511","177","0","13","280","144","189","99","33","40","9","16","120","75","0","13","18","36","56","52","25","28","21","35","367","122","26","35","38","45","85","81","218","129","0","13",
"1400000US18097320903","Census Tract 3209.03; Marion County; Indiana","2004","340","129","131","1007","343","577","170","242","144","49","49","682","275","21","39","550","231","69","95","42","69","0","18","425","188","85","123","59","46","190","107","83","84","8","15","312","297","6","12","207","279","78","105","21","35","0","18","585","195","17","26","191","113","240","81","96","110","41","47",
"1400000US18097321001","Census Tract 3210.01; Marion County; Indiana","1078","210","0","13","345","209","430","112","253","114","50","55","351","180","0","13","256","171","65","60","30","40","0","13","429","124","0","13","39","43","295","126","81","62","14","22","81","68","0","13","29","45","49","46","0","13","3","5","217","126","0","13","21","33","21","44","142","102","33","49",
"1400000US18097321002","Census Tract 3210.02; Marion County; Indiana","1997","301","65","63","540","146","994","334","281","101","117","64","575","153","7","12","433","122","54","36","81","87","0","18","726","164","0","18","58","55","578","150","60","41","30","34","233","112","58","60","49","53","82","60","24","29","20","30","463","273","0","18","0","18","280","263","116","86","67","54",
"1400000US18097321100","Census Tract 3211; Marion County; Indiana","1605","178","154","88","356","99","629","109","355","163","111","57","449","100","132","84","251","74","44","28","1","4","21","32","616","101","22","33","86","63","430","94","75","47","3","5","342","172","0","13","12","13","133","66","191","153","6","6","198","55","0","13","7","8","22","16","88","46","81","47",
"1400000US18097321200","Census Tract 3212; Marion County; Indiana","2046","265","0","18","600","175","993","194","297","190","156","98","448","145","0","18","420","137","0","18","0","18","28","44","830","132","0","18","119","79","604","143","79","63","28","42","295","140","0","18","10","18","177","134","57","56","51","59","473","191","0","18","51","48","212","87","161","170","49","52",
"1400000US18097321300","Census Tract 3213; Marion County; Indiana","1413","135","13","22","684","130","628","141","88","50","0","13","670","132","0","13","609","127","61","47","0","13","0","13","503","107","13","22","57","36","379","97","54","39","0","13","197","116","0","13","18","24","145","115","34","33","0","13","43","37","0","13","0","13","43","37","0","13","0","13",
"1400000US18097321400","Census Tract 3214; Marion County; Indiana","2583","312","125","125","1071","242","1116","244","209","107","62","60","945","266","83","110","779","249","83","67","0","18","0","18","1067","313","42","57","257","195","679","217","89","64","0","18","274","138","0","18","35","49","173","108","66","67","0","18","297","106","0","18","0","18","181","79","54","64","62","60",
"1400000US18097321600","Census Tract 3216; Marion County; Indiana","2341","372","206","159","875","264","1024","328","116","90","120","89","819","255","157","157","507","182","103","129","0","18","52","57","910","329","28","46","308","210","542","249","32","36","0","18","249","131","21","33","0","18","148","113","12","21","68","55","363","218","0","18","60","88","231","207","72","79","0","18",
"1400000US18097321700","Census Tract 3217; Marion County; Indiana","1910","218","203","120","673","185","868","168","166","125","0","13","726","171","203","120","503","172","20","32","0","13","0","13","876","178","0","13","138","98","662","135","76","98","0","13","212","130","0","13","13","23","136","104","63","76","0","13","96","55","0","13","19","29","50","45","27","43","0","13",
"1400000US18097321800","Census Tract 3218; Marion County; Indiana","1440","137","21","26","392","80","813","144","155","59","59","40","386","79","14","23","267","69","105","63","0","13","0","13","542","85","7","11","98","48","365","79","57","46","15","23","200","87","0","13","27","24","114","76","33","26","26","29","312","98","0","13","0","13","229","114","65","59","18","21",
"1400000US18097321900","Census Tract 3219; Marion County; Indiana","1275","162","7","12","396","102","698","163","91","47","83","49","236","99","0","18","194","92","39","36","0","18","3","9","566","103","7","12","135","45","364","105","54","31","6","11","124","69","0","18","9","14","93","63","18","25","4","6","349","152","0","18","58","44","202","149","19","23","70","47",
"1400000US18097322000","Census Tract 3220; Marion County; Indiana","1608","278","93","66","652","155","711","292","98","56","54","36","665","132","71","59","531","141","63","79","0","13","0","13","543","266","5","9","48","40","451","263","22","26","17","26","170","76","17","22","39","47","90","51","10","15","14","18","230","64","0","13","34","31","107","50","66","42","23","18",
"1400000US18097322100","Census Tract 3221; Marion County; Indiana","990","114","129","94","323","112","451","111","66","48","21","27","273","102","34","37","215","98","24","29","0","13","0","13","241","79","0","13","43","52","163","76","25","29","10","18","151","84","0","13","58","62","71","59","22","24","0","13","325","82","95","82","7","11","193","76","19","21","11","20",
"1400000US18097322200","Census Tract 3222; Marion County; Indiana","883","96","8","9","266","81","489","82","95","42","25","20","201","68","8","9","162","64","25","19","6","9","0","13","343","73","0","13","60","35","245","62","38","27","0","13","156","53","0","13","37","35","87","40","28","21","4","8","183","42","0","13","7","11","132","36","23","20","21","19",
"1400000US18097322300","Census Tract 3223; Marion County; Indiana","1064","207","26","25","223","69","739","207","59","28","17","19","209","65","0","13","171","57","38","34","0","13","0","13","557","212","26","25","52","34","441","203","29","23","9","13","181","87","0","13","0","13","173","87","0","13","8","13","117","39","0","13","0","13","87","38","30","23","0","13",
"1400000US18097322400","Census Tract 3224; Marion County; Indiana","1605","234","92","75","884","249","488","152","80","50","61","58","911","245","74","79","706","242","113","121","18","26","0","13","476","121","18","30","120","72","288","110","50","31","0","13","143","77","0","13","41","48","53","40","12","19","37","58","75","45","0","13","17","24","34","30","0","13","24","27",
"1400000US18097322500","Census Tract 3225; Marion County; Indiana","766","111","72","52","477","106","175","66","29","30","13","29","345","88","43","32","284","88","12","13","6","10","0","13","211","54","0","13","81","43","117","50","0","13","13","29","170","79","29","41","78","67","40","34","23","33","0","13","40","38","0","13","34","38","6","10","0","13","0","13",
"1400000US18097322601","Census Tract 3226.01; Marion County; Indiana","907","170","147","79","466","177","270","113","18","30","6","20","660","191","131","70","396","190","133","94","0","13","0","13","98","72","0","13","36","37","62","57","0","13","0","13","64","54","16","31","0","13","24","37","18","30","6","20","85","84","0","13","34","53","51","52","0","13","0","13",
"1400000US18097322602","Census Tract 3226.02; Marion County; Indiana","797","159","81","63","249","104","282","106","185","132","0","13","334","88","46","27","177","81","48","61","63","61","0","13","246","119","35","57","72","75","139","75","0","13","0","13","175","114","0","13","0","13","95","42","80","108","0","13","42","33","0","13","0","13","0","13","42","33","0","13",
"1400000US18097322700","Census Tract 3227; Marion County; Indiana","930","210","188","187","81","41","426","81","162","62","73","51","425","212","188","187","48","33","169","78","20","24","0","13","286","76","0","13","16","19","190","68","22","23","58","50","82","51","0","13","0","13","0","13","74","50","8","13","137","52","0","13","17","25","67","38","46","42","7","13",
"1400000US18097330103","Census Tract 3301.03; Marion County; Indiana","2094","250","0","13","1134","182","841","252","59","56","60","69","1004","192","0","13","907","191","75","67","0","13","22","37","762","222","0","13","130","73","594","225","38","53","0","13","203","114","0","13","10","22","172","111","21","29","0","13","125","93","0","13","87","87","0","13","0","13","38","61",
"1400000US18097330105","Census Tract 3301.05; Marion County; Indiana","2357","424","151","116","1068","326","883","401","211","145","44","46","944","318","151","116","763","306","30","47","0","13","0","13","1071","327","0","13","203","113","734","379","121","126","13","22","89","62","0","13","21","30","0","13","37","42","31","40","253","80","0","13","81","83","119","71","53","49","0","13",
"1400000US18097330106","Census Tract 3301.06; Marion County; Indiana","2149","335","170","108","1287","324","548","229","126","96","18","35","1070","293","97","97","944","278","29","34","0","13","0","13","683","353","48","44","237","247","365","216","15","23","18","35","214","125","0","13","0","13","103","91","111","97","0","13","182","155","25","42","106","138","51","63","0","13","0","13",
"1400000US18097330107","Census Tract 3301.07; Marion County; Indiana","2112","268","65","56","638","236","1023","200","350","116","36","40","644","267","44","48","455","238","109","57","36","60","0","13","930","161","21","32","120","83","659","160","130","70","0","13","237","109","0","13","53","50","105","69","60","49","19","33","301","61","0","13","10","18","150","65","124","58","17","24",
"1400000US18097330108","Census Tract 3301.08; Marion County; Indiana","1552","272","7","11","322","133","883","248","274","92","66","38","312","119","0","13","245","113","67","46","0","13","0","13","724","206","7","11","77","55","493","200","118","65","29","23","194","64","0","13","0","13","160","63","34","29","0","13","322","185","0","13","0","13","163","174","122","52","37","26",
"1400000US18097330109","Census Tract 3301.09; Marion County; Indiana","1947","250","0","13","747","254","837","133","266","100","97","60","385","118","0","13","291","106","86","65","0","13","8","14","904","214","0","13","240","169","538","127","89","63","37","37","248","117","0","13","56","54","79","58","113","78","0","13","410","231","0","13","160","221","134","64","64","53","52","46",
"1400000US18097330203","Census Tract 3302.03; Marion County; Indiana","1797","185","15","24","343","115","935","193","483","168","21","26","161","81","0","13","126","73","35","39","0","13","0","13","960","170","15","24","69","59","670","173","199","75","7","12","196","93","0","13","39","46","82","57","61","59","14","23","480","159","0","13","109","88","148","61","223","138","0","13",
"1400000US18097330204","Census Tract 3302.04; Marion County; Indiana","2157","265","37","43","282","129","1030","180","613","272","195","102","233","99","21","34","191","95","21","34","0","18","0","18","1035","310","16","25","91","94","518","159","365","245","45","43","311","128","0","18","0","18","216","103","67","85","28","39","578","134","0","18","0","18","275","95","181","104","122","86",
"1400000US18097330206","Census Tract 3302.06; Marion County; Indiana","1805","239","0","18","238","82","817","149","638","237","112","54","335","147","0","18","158","72","137","117","40","48","0","18","596","178","0","18","47","35","385","124","121","115","43","39","280","98","0","18","19","22","129","71","107","52","25","23","594","205","0","18","14","21","166","61","370","207","44","33",
"1400000US18097330208","Census Tract 3302.08; Marion County; Indiana","1207","174","26","34","457","136","527","152","118","52","79","47","306","109","14","22","268","105","17","19","7","13","0","13","527","149","0","13","110","68","372","142","22","25","23","26","194","75","12","18","12","20","85","51","60","44","25","31","180","61","0","13","67","64","53","31","29","12","31","30",
"1400000US18097330210","Census Tract 3302.10; Marion County; Indiana","2355","348","65","91","528","238","1377","385","199","118","186","121","423","160","0","18","253","141","170","167","0","18","0","18","793","329","65","91","146","128","488","299","41","67","53","80","162","164","0","18","54","85","50","82","58","101","0","18","977","341","0","18","75","81","669","319","100","87","133","73",
"1400000US18097330211","Census Tract 3302.11; Marion County; Indiana","2047","221","382","229","900","329","427","148","330","172","8","13","729","206","279","210","441","239","9","15","0","18","0","18","374","120","82","89","159","112","84","72","49","84","0","18","374","216","21","37","231","181","71","64","51","65","0","18","570","204","0","18","69","116","263","132","230","141","8","13",
"1400000US18097330212","Census Tract 3302.12; Marion County; Indiana","1760","284","112","100","339","124","901","278","329","134","79","68","250","97","15","25","182","85","14","23","39","60","0","18","536","248","0","18","92","66","429","233","15","29","0","18","523","207","52","85","61","56","248","144","96","91","66","68","451","148","45","50","4","14","210","84","179","111","13","22",
"1400000US18097330213","Census Tract 3302.13; Marion County; Indiana","1442","315","0","13","604","341","571","121","209","83","58","45","281","97","0","13","207","86","53","43","21","25","0","13","550","103","0","13","154","92","311","92","85","52","0","13","433","314","0","13","243","318","110","65","72","56","8","17","178","54","0","13","0","13","97","49","31","41","50","45",
"1400000US18097330401","Census Tract 3304.01; Marion County; Indiana","2074","238","16","26","393","178","1157","200","413","129","95","106","223","119","0","18","112","68","78","93","33","41","0","18","1247","255","16","26","254","165","763","159","214","86","0","18","186","99","0","18","27","47","55","52","71","51","33","40","418","145","0","18","0","18","261","142","95","101","62","97",
"1400000US18097330500","Census Tract 3305; Marion County; Indiana","2561","406","96","98","1359","354","496","155","530","268","80","75","932","261","96","98","750","288","80","63","6","11","0","18","816","209","0","18","287","199","307","115","195","149","27","35","460","208","0","18","292","161","72","79","96","96","0","18","353","249","0","18","30","48","37","44","233","237","53","64",
"1400000US18097330600","Census Tract 3306; Marion County; Indiana","2523","545","416","496","832","222","1026","322","214","132","35","44","1152","530","416","496","530","209","183","116","0","18","23","37","596","276","0","18","98","89","498","253","0","18","0","18","360","205","0","18","173","144","138","123","37","41","12","22","415","152","0","18","31","53","207","145","177","132","0","18",
"1400000US18097330701","Census Tract 3307.01; Marion County; Indiana","1078","349","42","47","634","358","184","86","96","93","122","88","191","95","42","47","125","80","24","28","0","13","0","13","646","370","0","13","509","361","128","79","0","13","9","14","9","14","0","13","0","13","0","13","0","13","9","14","232","113","0","13","0","13","32","38","96","93","104","87",
"1400000US18097330702","Census Tract 3307.02; Marion County; Indiana","1407","217","91","82","554","211","411","111","279","144","72","68","539","202","34","51","376","184","117","108","0","13","12","19","233","95","13","22","38","36","148","74","34","42","0","13","201","130","0","13","110","115","64","57","27","32","0","13","434","167","44","63","30","33","82","48","218","136","60","64",
"1400000US18097330803","Census Tract 3308.03; Marion County; Indiana","1638","384","258","151","826","381","392","180","147","125","15","17","543","357","116","133","355","318","72","97","0","13","0","13","403","186","108","108","260","165","27","42","0","13","8","13","411","197","25","38","114","142","125","88","147","125","0","13","281","158","9","29","97","105","168","138","0","13","7","12",
"1400000US18097330804","Census Tract 3308.04; Marion County; Indiana","1528","218","271","156","800","199","178","100","213","183","66","49","666","230","211","136","442","201","13","20","0","13","0","13","228","105","15","24","91","66","103","83","19","32","0","13","401","212","45","74","132","156","30","41","194","184","0","13","233","140","0","13","135","117","32","55","0","13","66","49",
"1400000US18097330805","Census Tract 3308.05; Marion County; Indiana","1264","163","218","134","591","175","347","130","98","62","10","18","701","166","129","116","461","157","68","72","43","48","0","13","340","124","59","68","111","92","124","87","46","44","0","13","140","94","14","21","19","22","107","91","0","13","0","13","83","49","16","26","0","13","48","47","9","16","10","18",
"1400000US18097330806","Census Tract 3308.06; Marion County; Indiana","1578","306","152","137","838","340","409","137","107","73","72","69","338","229","11","21","258","201","69","64","0","18","0","18","479","267","29","48","295","251","129","95","26","48","0","18","241","132","0","18","144","108","31","39","48","51","18","29","520","237","112","133","141","172","180","102","33","56","54","64",
"1400000US18097330900","Census Tract 3309; Marion County; Indiana","2847","520","602","379","818","274","1236","394","121","137","70","55","906","419","527","374","280","147","99","91","0","18","0","18","1241","421","75","56","236","193","900","387","0","18","30","46","185","142","0","18","0","18","77","54","83","128","25","45","515","213","0","18","302","165","160","122","38","57","15","24",
"1400000US18097331000","Census Tract 3310; Marion County; Indiana","1593","243","143","76","702","289","561","158","124","74","63","60","408","182","61","53","239","152","108","75","0","13","0","13","458","132","62","55","132","86","197","90","50","42","17","30","283","136","20","31","80","73","167","122","16","25","0","13","444","238","0","13","251","218","89","61","58","55","46","50",
"1400000US18097340101","Census Tract 3401.01; Marion County; Indiana","1889","322","89","54","612","238","843","230","211","81","134","87","420","230","11","18","246","130","155","179","8","13","0","13","776","196","59","52","224","174","404","122","62","39","27","33","270","115","19","22","56","57","112","75","68","50","15","18","423","155","0","13","86","118","172","108","73","54","92","79",
"1400000US18097340102","Census Tract 3401.02; Marion County; Indiana","1900","195","450","174","1086","239","226","94","127","107","11","20","1036","196","294","145","683","182","59","47","0","13","0","13","298","148","106","98","79","71","79","59","34","45","0","13","269","157","50","65","108","101","51","49","60","88","0","13","297","164","0","13","216","163","37","39","33","40","11","20",
"1400000US18097340108","Census Tract 3401.08; Marion County; Indiana","1344","167","210","142","534","182","448","247","146","97","6","12","403","170","63","90","276","146","64","75","0","13","0","13","416","189","147","117","84","87","136","147","43","45","6","12","185","113","0","13","112","111","62","54","11","18","0","13","340","201","0","13","62","74","186","159","92","95","0","13",
"1400000US18097340111","Census Tract 3401.11; Marion County; Indiana","973","81","8","14","150","83","519","147","116","65","180","75","126","80","0","13","58","46","68","65","0","13","0","13","286","95","0","13","43","49","182","82","40","39","21","33","162","93","8","14","29","44","92","74","33","31","0","13","399","94","0","13","20","32","177","90","43","44","159","78",
"1400000US18097340112","Census Tract 3401.12; Marion County; Indiana","2386","193","115","77","1348","268","698","240","209","136","16","25","1177","278","115","77","956","274","106","91","0","13","0","13","603","204","0","13","131","106","350","165","122","122","0","13","359","194","0","13","235","185","106","74","18","26","0","13","247","159","0","13","26","47","136","150","69","50","16","25",
"1400000US18097340113","Census Tract 3401.13; Marion County; Indiana","1588","205","252","211","509","127","511","152","205","93","111","95","600","204","220","209","288","99","92","44","0","13","0","13","424","108","21","25","181","78","163","69","48","65","11","17","251","123","11","17","20","24","62","44","93","72","65","91","313","114","0","13","20","23","194","115","64","54","35","21",
"1400000US18097340114","Census Tract 3401.14; Marion County; Indiana","1586","153","23","28","380","99","832","143","233","82","118","61","312","93","13","19","242","85","55","34","2","3","0","13","684","128","10","15","78","38","441","118","119","59","36","44","235","101","0","13","43","38","145","96","47","34","0","13","355","99","0","13","17","21","191","73","65","41","82","43",
"1400000US18097340115","Census Tract 3401.15; Marion County; Indiana","3012","315","269","194","1872","394","650","224","194","213","27","42","1645","379","232","188","1351","377","62","55","0","18","0","18","616","215","0","18","271","166","287","120","35","65","23","38","506","307","37","60","236","181","100","107","129","192","4","8","245","181","0","18","14","18","201","176","30","32","0","18",
"1400000US18097340201","Census Tract 3402.01; Marion County; Indiana","1241","222","78","50","365","125","453","134","314","224","31","47","214","102","11","18","97","55","106","86","0","13","0","13","304","131","0","13","53","38","129","93","122","103","0","13","203","111","0","13","131","94","53","54","15","19","4","11","520","191","67","47","84","85","165","108","177","181","27","46",
"1400000US18097340202","Census Tract 3402.02; Marion County; Indiana","2053","201","98","65","1186","219","590","153","154","83","25","29","662","163","73","58","567","157","22","25","0","13","0","13","638","170","0","13","181","127","391","117","66","57","0","13","489","179","25","37","370","184","76","61","9","16","9","14","264","113","0","13","68","78","101","60","79","57","16","25",
"1400000US18097340301","Census Tract 3403.01; Marion County; Indiana","1064","323","122","149","501","332","189","113","148","86","104","77","198","122","0","13","177","113","21","37","0","13","0","13","330","182","122","149","133","134","64","60","11","26","0","13","288","316","0","13","191","301","23","41","74","71","0","13","248","94","0","13","0","13","81","81","63","68","104","77",
"1400000US18097340302","Census Tract 3403.02; Marion County; Indiana","1819","280","181","137","694","209","743","329","117","103","84","74","453","163","78","76","315","159","60","54","0","18","0","18","632","326","69","106","66","71","429","311","68","77","0","18","197","149","0","18","106","119","84","97","7","14","0","18","537","191","34","46","207","198","170","172","42","69","84","74",
"1400000US18097340400","Census Tract 3404; Marion County; Indiana","1341","198","42","49","413","176","556","179","191","112","139","119","204","86","0","13","141","79","63","58","0","13","0","13","439","237","25","39","191","166","116","98","35","31","72","114","99","90","0","13","17","18","16","22","61","82","5","14","599","142","17","29","64","63","361","141","95","97","62","48",
"1400000US18097340500","Census Tract 3405; Marion County; Indiana","2059","372","169","132","1143","362","444","211","228","132","75","64","995","374","16","27","855","362","105","105","19","35","0","18","579","298","83","115","199","148","246","187","51","63","0","18","234","116","36","52","73","63","26","42","86","71","13","19","251","88","34","52","16","26","67","78","72","75","62","62",
"1400000US18097340600","Census Tract 3406; Marion County; Indiana","1574","228","138","111","394","195","604","238","207","130","231","170","300","159","24","38","128","101","124","111","24","40","0","18","489","191","0","18","144","113","163","115","25","30","157","158","232","158","41","70","122","130","43","58","13","21","13","21","553","203","73","83","0","18","274","188","145","119","61","83",
"1400000US18097340700","Census Tract 3407; Marion County; Indiana","1457","233","134","141","675","223","420","163","178","115","50","58","585","226","86","130","459","213","40","47","0","13","0","13","330","134","42","48","76","51","176","100","0","13","36","56","167","97","6","16","37","56","23","28","87","80","14","23","375","129","0","13","103","88","181","111","91","85","0","13",
"1400000US18097340800","Census Tract 3408; Marion County; Indiana","768","113","11","13","260","69","287","80","114","55","96","42","257","80","6","10","195","63","34","20","22","33","0","13","304","77","5","7","56","37","166","66","52","32","25","22","65","35","0","13","0","13","42","28","14","13","9","10","142","47","0","13","9","12","45","23","26","22","62","37",
"1400000US18097340901","Census Tract 3409.01; Marion County; Indiana","1207","134","0","13","280","89","381","109","249","91","297","109","242","77","0","13","192","71","40","37","0","13","10","19","338","121","0","13","54","47","170","85","68","44","46","46","223","87","0","13","30","37","107","64","54","44","32","35","404","119","0","13","4","7","64","51","127","80","209","103",
"1400000US18097340903","Census Tract 3409.03; Marion County; Indiana","1133","197","102","130","661","183","349","137","6","12","15","24","652","213","95","131","557","165","0","13","0","13","0","13","351","147","0","13","66","74","285","130","0","13","0","13","82","46","7","11","38","36","37","54","0","13","0","13","48","30","0","13","0","13","27","29","6","12","15","24",
"1400000US18097340904","Census Tract 3409.04; Marion County; Indiana","2344","279","395","186","1142","311","626","216","155","84","26","40","1272","296","298","148","909","314","65","60","0","13","0","13","394","145","25","36","130","88","221","109","18","31","0","13","295","143","72","114","60","71","56","56","107","67","0","13","383","163","0","13","43","59","284","178","30","39","26","40",
"1400000US18097341000","Census Tract 3410; Marion County; Indiana","775","110","64","48","200","57","375","80","114","45","22","17","272","70","42","36","160","50","59","37","11","15","0","13","320","69","22","31","33","27","198","66","64","28","3","6","102","44","0","13","0","13","66","37","22","21","14","14","81","30","0","13","7","10","52","27","17","16","5","9",
"1400000US18097341100","Census Tract 3411; Marion County; Indiana","795","94","39","31","342","110","179","62","165","76","70","54","195","75","11","16","174","73","10","14","0","13","0","13","225","77","20","22","78","51","88","39","26","22","13","14","138","85","0","13","39","56","26","23","73","65","0","13","237","93","8","12","51","72","55","48","66","53","57","52",
"1400000US18097341200","Census Tract 3412; Marion County; Indiana","944","124","76","68","388","103","254","116","145","115","81","84","315","103","40","32","205","91","49","44","0","13","21","33","337","135","36","53","113","63","57","50","131","115","0","13","116","71","0","13","43","41","73","62","0","13","0","13","176","123","0","13","27","39","75","78","14","22","60","78",
"1400000US18097341600","Census Tract 3416; Marion County; Indiana","846","188","311","167","302","99","125","51","74","74","34","35","419","185","236","167","156","71","27","23","0","13","0","13","97","47","40","36","19","21","38","27","0","13","0","13","108","70","13","16","37","30","24","28","34","55","0","13","222","94","22","27","90","75","36","33","40","41","34","35",
"1400000US18097341701","Census Tract 3417.01; Marion County; Indiana","933","150","93","83","294","158","341","156","137","47","68","83","174","97","20","30","63","48","91","74","0","13","0","13","326","133","73","76","152","104","78","62","23","34","0","13","109","86","0","13","31","47","57","71","21","34","0","13","324","130","0","13","48","68","115","97","93","49","68","83",
"1400000US18097341702","Census Tract 3417.02; Marion County; Indiana","752","204","17","22","424","198","193","64","81","48","37","35","240","75","17","22","187","72","28","27","8","13","0","13","122","74","0","13","36","52","80","43","0","13","6","9","78","55","0","13","1","8","15","24","62","50","0","13","312","187","0","13","200","190","70","39","11","15","31","35",
"1400000US18097341902","Census Tract 3419.02; Marion County; Indiana","1651","218","39","46","653","188","625","133","284","119","50","40","636","196","39","46","460","181","103","75","18","28","16","23","467","127","0","13","97","94","273","94","82","60","15","23","199","83","0","13","29","35","90","61","80","59","0","13","349","119","0","13","67","58","159","105","104","84","19","23",
"1400000US18097341903","Census Tract 3419.03; Marion County; Indiana","2272","271","143","220","1207","328","747","251","104","104","71","74","633","253","0","18","510","241","123","87","0","18","0","18","450","303","0","18","277","278","139","101","29","42","5","8","651","320","143","220","282","253","89","105","75","97","62","73","538","274","0","18","138","133","396","229","0","18","4","15",
"1400000US18097341904","Census Tract 3419.04; Marion County; Indiana","930","94","71","66","410","121","339","106","93","45","17","18","381","112","55","61","240","106","86","68","0","13","0","13","229","79","0","13","86","63","97","46","35","26","11","16","104","60","0","13","45","47","38","26","21","24","0","13","216","79","16","19","39","36","118","76","37","37","6","10",
"1400000US18097342000","Census Tract 3420; Marion County; Indiana","2137","304","45","59","752","304","692","203","447","249","201","119","507","254","32","54","192","120","226","179","57","71","0","18","483","170","13","27","233","145","144","90","93","94","0","18","597","248","0","18","302","236","156","120","106","93","33","41","550","268","0","18","25","41","166","167","191","196","168","110",
"1400000US18097342101","Census Tract 3421.01; Marion County; Indiana","2144","341","98","89","506","132","1044","349","292","114","204","156","484","170","14","16","288","121","182","134","0","18","0","18","847","320","15","20","136","76","603","314","87","69","6","10","342","145","0","18","55","48","103","65","135","97","49","79","471","130","69","90","27","36","156","89","70","55","149","129",
"1400000US18097342200","Census Tract 3422; Marion County; Indiana","1856","312","206","183","869","364","370","188","256","144","155","178","634","213","171","180","463","181","0","13","0","13","0","13","382","173","35","43","37","45","217","139","75","63","18","31","489","332","0","13","369","327","70","89","31","53","19","31","351","198","0","13","0","13","83","92","150","110","118","181",
"1400000US18097342300","Census Tract 3423; Marion County; Indiana","2197","311","182","167","780","302","877","219","192","115","166","124","607","231","159","165","333","174","86","81","29","48","0","18","646","262","23","39","222","158","331","193","37","42","33","50","522","268","0","18","172","182","232","166","70","71","48","58","422","142","0","18","53","64","228","100","56","68","85","98",
"1400000US18097342400","Census Tract 3424; Marion County; Indiana","520","79","17","19","110","56","273","88","59","39","61","58","95","47","8","13","44","34","43","32","0","13","0","13","221","72","0","13","28","29","163","71","30","27","0","13","37","30","9","14","8","11","0","13","10","15","10","15","167","80","0","13","30","42","67","54","19","22","51","57",
"1400000US18097342500","Census Tract 3425; Marion County; Indiana","1686","190","68","64","327","92","928","230","269","129","94","66","280","89","17","20","162","82","77","47","24","46","0","18","501","152","0","18","114","53","291","140","76","46","20","33","220","111","0","18","25","28","86","71","82","82","27","31","685","136","51","60","26","41","474","165","87","104","47","52",
"1400000US18097342600","Census Tract 3426; Marion County; Indiana","1123","277","35","30","289","103","597","255","41","47","161","87","346","235","13","19","150","79","183","225","0","13","0","13","137","76","10","15","21","28","106","65","0","13","0","13","286","142","0","13","81","70","183","137","22","35","0","13","354","120","12","18","37","33","125","68","19","28","161","87",
"1400000US18097350100","Census Tract 3501; Marion County; Indiana","628","108","55","41","241","106","312","136","20","25","0","13","217","92","37","36","166","80","14","17","0","13","0","13","240","99","9","15","33","30","198","101","0","13","0","13","114","89","9","16","42","47","49","73","14","21","0","13","57","48","0","13","0","13","51","47","6","11","0","13",
"1400000US18097350300","Census Tract 3503; Marion County; Indiana","1587","268","350","157","900","265","321","121","0","13","16","29","1080","249","332","153","686","242","62","72","0","13","0","13","275","126","18","23","80","75","177","90","0","13","0","13","26","41","0","13","26","41","0","13","0","13","0","13","206","93","0","13","108","99","82","60","0","13","16","29",
"1400000US18097350400","Census Tract 3504; Marion County; Indiana","965","182","0","13","503","190","387","114","50","46","25","32","370","180","0","13","370","180","0","13","0","13","0","13","240","92","0","13","52","45","137","74","34","37","17","27","168","91","0","13","33","37","119","79","16","24","0","13","187","72","0","13","48","50","131","62","0","13","8","16",
"1400000US18097350500","Census Tract 3505; Marion County; Indiana","1196","164","36","43","484","160","556","173","30","38","90","135","397","164","11","18","257","134","39","39","0","13","90","135","477","142","6","12","191","75","268","116","12","23","0","13","33","48","0","13","15","36","0","13","18","33","0","13","289","97","19","38","21","39","249","115","0","13","0","13",
"1400000US18097350600","Census Tract 3506; Marion County; Indiana","2252","384","444","242","1226","318","389","132","193","130","0","13","1205","306","402","229","665","232","96","76","42","68","0","13","434","155","42","67","234","104","92","51","66","68","0","13","205","97","0","13","106","69","33","34","66","74","0","13","408","221","0","13","221","219","168","104","19","31","0","13",
"1400000US18097350700","Census Tract 3507; Marion County; Indiana","785","223","126","96","414","197","210","82","35","41","0","13","339","204","19","32","298","195","22","33","0","13","0","13","151","68","9","14","116","62","5","8","21","32","0","13","231","112","98","93","0","13","133","89","0","13","0","13","64","54","0","13","0","13","50","50","14","22","0","13",
"1400000US18097350800","Census Tract 3508; Marion County; Indiana","836","92","135","69","476","108","203","92","22","25","0","13","321","95","69","52","200","93","52","55","0","13","0","13","134","69","8","13","50","34","76","59","0","13","0","13","166","91","39","35","127","83","0","13","0","13","0","13","215","77","19","22","99","57","75","58","22","25","0","13",
"1400000US18097350900","Census Tract 3509; Marion County; Indiana","734","127","120","90","125","78","384","107","71","42","34","30","227","91","114","90","100","69","0","13","13","16","0","13","213","104","6","10","15","15","181","99","0","13","11","17","142","57","0","13","5","7","111","53","26","23","0","13","152","50","0","13","5","12","92","45","32","34","23","26",
"1400000US18097351000","Census Tract 3510; Marion County; Indiana","1015","250","40","33","577","283","253","89","115","92","30","36","610","279","33","29","483","274","10","14","84","85","0","13","120","68","7","16","55","42","21","26","22","37","15","24","78","57","0","13","0","13","63","45","0","13","15","25","207","68","0","13","39","37","159","81","9","14","0","13",
"1400000US18097351200","Census Tract 3512; Marion County; Indiana","1188","218","216","150","393","188","466","242","113","115","0","13","539","216","194","148","247","149","71","90","27","43","0","13","476","240","22","35","92","78","281","222","81","112","0","13","78","91","0","13","48","85","25","39","5","22","0","13","95","55","0","13","6","24","89","62","0","13","0","13",
"1400000US18097351500","Census Tract 3515; Marion County; Indiana","1012","226","109","46","545","214","329","96","29","26","0","13","486","209","39","27","423","207","11","16","13","18","0","13","359","96","58","36","70","42","231","91","0","13","0","13","108","75","0","13","33","34","59","64","16","18","0","13","59","32","12","19","19","20","28","27","0","13","0","13",
"1400000US18097351600","Census Tract 3516; Marion County; Indiana","1183","190","25","42","545","164","410","101","203","122","0","13","551","168","25","42","511","159","15","23","0","13","0","13","316","106","0","13","22","28","240","87","54","58","0","13","136","85","0","13","12","19","56","41","68","73","0","13","180","95","0","13","0","13","99","54","81","81","0","13",
"1400000US18097351700","Census Tract 3517; Marion County; Indiana","1364","174","164","106","561","160","546","168","71","76","22","25","465","164","89","71","346","148","30","35","0","13","0","13","625","183","75","71","130","92","408","144","9","15","3","6","93","71","0","13","16","28","56","56","21","38","0","13","181","63","0","13","69","62","52","38","41","63","19","24",
"1400000US18097351900","Census Tract 3519; Marion County; Indiana","1079","179","261","149","532","147","260","89","26","27","0","13","530","174","204","133","291","121","28","36","7","12","0","13","384","119","57","49","150","75","163","89","14","22","0","13","107","84","0","13","60","63","42","46","5","10","0","13","58","50","0","13","31","39","27","35","0","13","0","13",
"1400000US18097352100","Census Tract 3521; Marion County; Indiana","717","157","93","116","329","108","251","114","26","34","18","21","243","124","28","36","60","64","129","110","14","22","12","19","277","133","65","109","178","97","22","33","12","26","0","13","42","30","0","13","35","30","7","18","0","13","0","13","155","59","0","13","56","55","93","48","0","13","6","10",
"1400000US18097352300","Census Tract 3523; Marion County; Indiana","655","117","10","16","361","122","205","101","29","25","50","74","219","102","10","16","151","87","52","74","6","8","0","13","159","68","0","13","70","50","66","56","23","24","0","13","136","115","0","13","99","84","37","57","0","13","0","13","141","92","0","13","41","45","50","37","0","13","50","74",
"1400000US18097352400","Census Tract 3524; Marion County; Indiana","1262","154","148","149","642","146","363","110","44","44","65","62","545","134","19","28","492","140","34","41","0","13","0","13","288","93","0","13","91","63","161","81","0","13","36","41","117","95","0","13","38","61","75","56","4","7","0","13","312","148","129","148","21","33","93","85","40","44","29","45",
"1400000US18097352500","Census Tract 3525; Marion County; Indiana","1697","288","272","267","780","160","391","127","179","109","75","67","918","297","250","265","614","147","15","16","39","61","0","13","546","145","10","15","152","77","279","112","93","77","12","19","92","50","12","18","14","22","28","30","38","36","0","13","141","65","0","13","0","13","69","37","9","22","63","63",
"1400000US18097352600","Census Tract 3526; Marion County; Indiana","1594","287","155","110","583","245","566","149","264","129","26","39","542","254","130","105","349","217","63","57","0","13","0","13","481","193","19","31","112","129","292","131","58","38","0","13","152","121","0","13","34","35","44","54","74","91","0","13","419","180","6","18","88","73","167","112","132","94","26","39",
"1400000US18097352700","Census Tract 3527; Marion County; Indiana","1009","115","68","51","278","136","504","139","114","76","45","59","214","116","62","51","140","112","2","4","10","14","0","13","467","123","6","12","104","74","341","107","16","25","0","13","101","64","0","13","8","18","79","64","14","24","0","13","227","71","0","13","26","40","82","68","74","64","45","59",
"1400000US18097352800","Census Tract 3528; Marion County; Indiana","766","124","121","60","341","96","196","101","104","55","4","12","244","100","75","53","169","84","0","13","0","13","0","13","333","113","0","13","92","54","186","109","51","48","4","12","77","47","19","21","10","16","9","14","39","34","0","13","112","72","27","26","70","61","1","11","14","20","0","13",
"1400000US18097353300","Census Tract 3533; Marion County; Indiana","1560","190","249","98","913","185","334","100","30","27","34","25","1051","169","249","98","783","176","19","29","0","13","0","13","377","127","0","13","97","85","280","100","0","13","0","13","41","37","0","13","14","24","27","29","0","13","0","13","91","48","0","13","19","34","8","14","30","27","34","25",
"1400000US18097353500","Census Tract 3535; Marion County; Indiana","1300","237","403","165","433","139","388","181","76","115","0","13","624","152","303","157","321","135","0","13","0","13","0","13","556","180","89","65","107","53","360","164","0","13","0","13","120","122","11","20","5","8","28","40","76","115","0","13","0","13","0","13","0","13","0","13","0","13","0","13",
"1400000US18097353600","Census Tract 3536; Marion County; Indiana","1125","216","168","104","432","129","419","116","44","40","62","96","452","128","70","53","342","115","40","42","0","13","0","13","402","134","38","47","44","34","311","116","9","14","0","13","59","43","0","13","24","25","35","35","0","13","0","13","212","151","60","87","22","39","33","38","35","39","62","96",
"1400000US18097354201","Census Tract 3542.01; Marion County; Indiana","2735","338","562","277","1466","335","579","258","99","140","29","36","2084","357","535","271","1266","319","161","202","93","140","29","36","629","186","27","48","193","115","409","173","0","13","0","13","16","26","0","13","7","16","9","21","0","13","0","13","6","8","0","13","0","13","0","13","6","8","0","13",
"1400000US18097354202","Census Tract 3542.02; Marion County; Indiana","2531","292","518","200","1175","324","799","295","21","34","18","28","1471","286","372","170","1033","298","27","41","21","34","18","28","868","254","95","95","142","126","631","239","0","13","0","13","141","167","0","13","0","13","141","167","0","13","0","13","51","78","51","78","0","13","0","13","0","13","0","13",
"1400000US18097354400","Census Tract 3544; Marion County; Indiana","670","136","41","24","231","60","309","135","89","39","0","13","219","58","36","22","159","54","16","13","8","10","0","13","304","127","5","8","67","36","216","122","16","16","0","13","63","30","0","13","0","13","43","28","20","24","0","13","84","20","0","13","5","7","34","19","45","27","0","13",
"1400000US18097354500","Census Tract 3545; Marion County; Indiana","903","182","47","37","542","164","266","99","45","38","3","4","393","95","41","34","333","98","19","19","0","13","0","13","302","162","6","10","169","141","126","76","1","2","0","13","93","57","0","13","22","31","63","52","8","11","0","13","115","43","0","13","18","27","58","34","36","36","3","4",
"1400000US18097354700","Census Tract 3547; Marion County; Indiana","681","194","75","39","315","209","241","51","28","24","22","34","305","170","75","39","206","182","24","24","0","13","0","13","271","83","0","13","100","80","156","50","15","16","0","13","35","29","0","13","2","7","20","20","13","19","0","13","70","50","0","13","7","14","41","31","0","13","22","34",
"1400000US18097354800","Census Tract 3548; Marion County; Indiana","708","109","93","54","241","98","274","68","65","57","35","34","226","66","51","36","123","61","34","26","0","13","18","26","128","52","27","36","39","41","62","38","0","13","0","13","123","54","8","19","5","10","68","42","25","29","17","22","231","90","7","13","74","79","110","48","40","47","0","13",
"1400000US18097354900","Census Tract 3549; Marion County; Indiana","1281","259","274","176","683","210","207","85","117","78","0","13","801","250","246","177","437","202","87","59","31","41","0","13","191","97","28","33","73","61","75","56","15","19","0","13","189","85","0","13","129","69","26","36","34","36","0","13","100","75","0","13","44","46","19","32","37","58","0","13",
"1400000US18097355000","Census Tract 3550; Marion County; Indiana","834","125","166","102","362","109","201","80","74","61","31","27","289","109","96","88","157","67","15","15","0","13","21","24","284","85","70","56","92","54","79","40","43","41","0","13","123","78","0","13","52","27","40","64","31","43","0","13","138","79","0","13","61","68","67","42","0","13","10","15",
"1400000US18097355100","Census Tract 3551; Marion County; Indiana","986","379","364","368","407","101","139","64","23","22","53","37","565","371","346","367","177","76","42","33","0","13","0","13","207","74","18","18","89","61","66","45","0","13","34","28","155","90","0","13","129","86","13","18","13","20","0","13","59","33","0","13","12","18","18","19","10","14","19","21",
"1400000US18097355300","Census Tract 3553; Marion County; Indiana","1094","189","148","80","538","151","363","130","44","39","1","13","551","112","128","78","357","111","65","52","0","13","1","13","298","125","9","14","59","49","222","121","8","17","0","13","155","116","0","13","115","103","40","43","0","13","0","13","90","51","11","19","7","12","36","36","36","37","0","13",
"1400000US18097355400","Census Tract 3554; Marion County; Indiana","1163","284","215","161","668","277","240","75","7","12","33","48","779","280","184","145","532","265","63","53","0","13","0","13","246","107","0","13","117","101","117","64","7","12","5","10","99","75","31","41","0","13","40","44","0","13","28","47","39","39","0","13","19","28","20","26","0","13","0","13",
"1400000US18097355500","Census Tract 3555; Marion County; Indiana","1435","174","84","80","556","137","580","185","151","74","64","51","478","137","84","80","340","124","45","44","9","15","0","13","428","122","0","13","112","77","205","105","47","47","64","51","329","139","0","13","41","49","236","139","52","56","0","13","200","134","0","13","63","94","94","97","43","62","0","13",
"1400000US18097355600","Census Tract 3556; Marion County; Indiana","876","90","200","78","346","88","199","71","104","73","27","22","351","92","169","75","150","67","25","23","3","6","4","6","308","77","31","22","122","54","141","60","13","14","1","2","104","60","0","13","58","56","22","19","24","27","0","13","113","66","0","13","16","20","11","13","64","62","22","21",
"1400000US18097355700","Census Tract 3557; Marion County; Indiana","1003","181","101","94","445","118","332","136","77","57","48","45","399","127","57","64","292","113","50","60","0","13","0","13","386","146","12","19","109","64","223","116","42","46","0","13","182","77","32","47","44","46","44","45","14","23","48","45","36","29","0","13","0","13","15","19","21","24","0","13",
"1400000US18097355900","Census Tract 3559; Marion County; Indiana","1119","163","82","60","468","144","451","109","118","76","0","13","437","124","82","60","303","110","52","46","0","13","0","13","509","126","0","13","158","109","309","85","42","52","0","13","107","49","0","13","7","12","49","37","51","36","0","13","66","41","0","13","0","13","41","39","25","35","0","13",
"1400000US18097356200","Census Tract 3562; Marion County; Indiana","1460","158","209","105","857","156","347","99","47","30","0","13","999","167","207","104","776","153","16","22","0","13","0","13","326","106","2","4","62","42","262","103","0","13","0","13","89","57","0","13","11","12","40","40","38","27","0","13","46","20","0","13","8","11","29","19","9","13","0","13",
"1400000US18097356400","Census Tract 3564; Marion County; Indiana","1841","213","201","160","1037","276","454","118","122","62","27","35","665","206","47","42","611","201","7","14","0","13","0","13","690","229","79","121","286","183","285","119","37","29","3","15","289","155","75","101","131","114","31","47","52","55","0","13","197","72","0","13","9","19","131","50","33","47","24","32",
"1400000US18097356900","Census Tract 3569; Marion County; Indiana","960","145","143","67","340","113","376","140","83","55","18","25","419","116","130","66","232","100","39","41","0","13","18","25","367","129","5","10","33","29","273","131","56","49","0","13","72","48","0","13","27","28","18","23","27","30","0","13","102","53","8","16","48","28","46","35","0","13","0","13",
"1400000US18097357000","Census Tract 3570; Marion County; Indiana","1031","159","56","61","410","153","472","106","80","44","13","19","316","101","46","60","227","73","43","28","0","13","0","13","595","168","10","16","172","140","366","101","47","36","0","13","40","31","0","13","11","13","21","22","8","13","0","13","80","31","0","13","0","13","42","27","25","22","13","19",
"1400000US18097357100","Census Tract 3571; Marion County; Indiana","967","166","81","37","465","145","369","104","52","78","0","13","380","143","59","34","310","134","11","18","0","13","0","13","448","134","22","24","121","60","257","91","48","78","0","13","103","61","0","13","34","33","65","51","4","7","0","13","36","40","0","13","0","13","36","40","0","13","0","13",
"1400000US18097357200","Census Tract 3572; Marion County; Indiana","1079","139","40","39","370","111","489","121","98","53","82","80","351","108","30","33","221","80","87","68","13","19","0","13","402","105","0","13","87","57","280","92","35","33","0","13","143","68","0","13","31","33","62","51","33","30","17","25","183","101","10","17","31","35","60","47","17","26","65","78",
"1400000US18097357300","Census Tract 3573; Marion County; Indiana","823","158","204","104","270","79","241","135","15","23","93","71","343","111","204","104","86","41","47","36","6","9","0","13","259","139","0","13","106","60","139","120","0","13","14","15","67","66","0","13","24","30","0","13","0","13","43","55","154","61","0","13","54","47","55","47","9","23","36","37",
"1400000US18097357400","Census Tract 3574; Marion County; Indiana","1603","201","287","168","548","151","565","164","127","70","76","60","515","154","145","98","176","95","154","87","40","38","0","13","717","215","127","151","259","147","269","110","29","32","33","49","114","68","15","23","35","37","34","34","26","28","4","7","257","140","0","13","78","101","108","96","32","35","39","32",
"1400000US18097357500","Census Tract 3575; Marion County; Indiana","1331","161","120","69","494","117","414","139","263","104","40","39","368","154","104","66","248","122","16","17","0","13","0","13","415","138","16","21","92","56","259","114","48","42","0","13","269","119","0","13","89","81","79","60","101","70","0","13","279","93","0","13","65","91","60","51","114","86","40","39",
"1400000US18097357601","Census Tract 3576.01; Marion County; Indiana","1886","283","108","86","734","202","650","279","363","193","31","35","536","152","42","44","424","168","51","57","19","22","0","18","548","229","46","74","157","88","157","103","188","187","0","18","229","83","0","18","61","50","80","47","88","58","0","18","573","273","20","32","92","74","362","256","68","54","31","35",
"1400000US18097357602","Census Tract 3576.02; Marion County; Indiana","579","106","128","59","231","121","162","57","28","35","30","29","207","110","35","50","139","97","21","27","12","20","0","13","121","60","15","25","20","21","86","61","0","13","0","13","61","50","0","13","34","40","17","25","0","13","10","16","190","64","78","56","38","47","38","33","16","29","20","25",
"1400000US18097357800","Census Tract 3578; Marion County; Indiana","700","140","103","76","331","92","229","71","25","20","12","21","300","99","89","74","174","54","30","21","7","12","0","13","241","61","14","16","82","42","126","43","7","11","12","21","47","40","0","13","21","32","26","23","0","13","0","13","112","61","0","13","54","48","47","34","11","15","0","13",
"1400000US18097357900","Census Tract 3579; Marion County; Indiana","1529","196","78","49","724","213","538","130","108","51","81","50","515","189","59","47","396","182","41","34","19","20","0","13","637","138","0","13","248","114","316","94","66","45","7","11","208","95","19","28","59","64","91","63","12","19","27","45","169","92","0","13","21","26","90","83","11","17","47","39",
"1400000US18097358000","Census Tract 3580; Marion County; Indiana","513","85","29","24","159","63","258","103","60","45","7","11","110","51","6","9","69","40","26","24","9","11","0","13","210","68","12","14","79","57","118","62","1","2","0","13","34","26","0","13","0","13","24","19","10","17","0","13","159","63","11","16","11","14","90","67","40","38","7","11",
"1400000US18097358100","Census Tract 3581; Marion County; Indiana","975","211","75","61","347","126","493","181","34","45","26","32","356","104","75","61","203","102","57","54","21","36","0","13","391","181","0","13","71","73","307","169","13","23","0","13","39","34","0","13","0","13","25","29","0","13","14","22","189","71","0","13","73","77","104","60","0","13","12","26",
"1400000US18097360101","Census Tract 3601.01; Marion County; Indiana","1109","192","335","155","406","156","165","98","186","161","17","25","412","165","268","162","126","74","18","28","0","13","0","13","396","162","67","75","152","138","127","85","50","42","0","13","62","60","0","13","42","49","20","32","0","13","0","13","239","189","0","13","86","88","0","13","136","157","17","25",
"1400000US18097360102","Census Tract 3601.02; Marion County; Indiana","769","202","80","72","248","135","295","175","114","67","32","56","281","125","55","56","159","94","67","72","0","13","0","13","247","127","25","37","46","46","108","93","36","47","32","56","50","81","0","13","43","69","7","24","0","13","0","13","191","123","0","13","0","13","113","118","78","43","0","13",
"1400000US18097360201","Census Tract 3602.01; Marion County; Indiana","2010","427","242","224","916","418","545","235","228","162","79","64","910","416","73","75","632","404","205","163","0","13","0","13","586","262","148","215","180","123","143","90","88","112","27","29","256","169","21","33","63","74","92","128","80","83","0","13","258","130","0","13","41","45","105","85","60","70","52","58",
"1400000US18097360202","Census Tract 3602.02; Marion County; Indiana","1090","144","14","22","283","147","482","200","214","125","97","92","196","88","0","13","124","84","72","82","0","13","0","13","247","157","14","22","33","36","183","145","17","29","0","13","299","144","0","13","126","120","80","94","93","84","0","13","348","149","0","13","0","13","147","134","104","87","97","92",
"1400000US18097360301","Census Tract 3603.01; Marion County; Indiana","1377","102","39","31","755","183","214","103","314","123","55","55","378","166","27","29","340","168","11","18","0","13","0","13","512","186","12","18","275","172","71","50","137","98","17","18","240","87","0","13","108","79","57","41","47","35","28","52","247","96","0","13","32","52","75","70","130","80","10","19",
"1400000US18097360302","Census Tract 3603.02; Marion County; Indiana","1079","184","92","62","475","162","333","155","102","73","77","71","387","146","34","35","192","132","88","78","53","63","20","29","262","133","33","35","95","64","114","103","20","32","0","13","178","99","25","39","71","48","82","78","0","13","0","13","252","132","0","13","117","82","49","74","29","47","57","63",
"1400000US18097360401","Census Tract 3604.01; Marion County; Indiana","2816","502","199","141","1816","501","521","255","169","127","111","141","1381","490","113","105","930","402","320","247","0","18","18","32","987","417","69","108","654","368","147","115","24","35","93","139","371","162","0","18","205","151","29","32","137","122","0","18","77","72","17","32","27","44","25","44","8","13","0","18",
"1400000US18097360402","Census Tract 3604.02; Marion County; Indiana","1045","350","301","323","329","140","237","125","108","76","70","62","364","139","29","44","277","130","48","59","0","13","10","17","391","322","272","320","17","21","88","48","14","15","0","13","158","127","0","13","35","58","48","77","46","64","29","44","132","64","0","13","0","13","53","47","48","58","31","38",
"1400000US18097360405","Census Tract 3604.05; Marion County; Indiana","2376","299","52","62","1300","363","710","226","170","100","144","114","847","339","52","62","715","327","57","54","0","18","23","35","859","257","0","18","452","245","361","168","46","54","0","18","353","181","0","18","65","79","164","109","66","62","58","93","317","112","0","18","68","63","128","95","58","61","63","50",
"1400000US18097360406","Census Tract 3604.06; Marion County; Indiana","1802","233","386","233","905","342","442","142","15","23","54","66","802","237","347","236","389","238","66","64","0","13","0","13","470","213","39","60","177","166","239","109","15","23","0","13","156","139","0","13","79","112","57","71","0","13","20","33","374","261","0","13","260","221","80","109","0","13","34","50",
"1400000US18097360407","Census Tract 3604.07; Marion County; Indiana","1219","284","36","44","468","178","569","266","117","92","29","38","268","128","14","23","180","120","74","87","0","13","0","13","231","108","22","37","70","60","131","81","0","13","8","13","375","189","0","13","143","123","139","161","72","80","21","36","345","228","0","13","75","66","225","209","45","57","0","13",
"1400000US18097360501","Census Tract 3605.01; Marion County; Indiana","2512","342","178","113","802","291","1133","313","257","168","142","172","630","278","113","104","420","260","97","83","0","18","0","18","1049","269","65","73","192","123","553","242","103","82","136","170","471","242","0","18","117","94","267","219","87","99","0","18","362","126","0","18","73","81","216","108","67","96","6","21",
"1400000US18097360502","Census Tract 3605.02; Marion County; Indiana","2113","323","125","107","577","265","840","253","251","142","320","186","396","154","109","101","199","103","54","68","0","18","34","55","691","260","16","29","289","228","227","106","93","116","66","76","423","184","0","18","36","61","180","132","93","77","114","142","603","172","0","18","53","58","379","203","65","83","106","93",
"1400000US18097360601","Census Tract 3606.01; Marion County; Indiana","1833","170","22","34","656","157","756","139","289","116","110","65","572","143","22","34","409","143","82","51","59","46","0","13","616","121","0","13","195","92","382","99","39","30","0","13","324","124","0","13","19","21","212","98","50","50","43","48","321","119","0","13","33","29","80","63","141","82","67","54",
"1400000US18097360602","Census Tract 3606.02; Marion County; Indiana","2406","275","464","187","1101","323","559","215","202","92","80","79","914","232","180","153","684","258","50","57","0","18","0","18","542","209","82","82","113","72","325","172","22","31","0","18","418","208","122","168","135","109","43","48","68","69","50","65","532","221","80","87","169","198","141","117","112","62","30","44",
"1400000US18097360700","Census Tract 3607; Marion County; Indiana","842","139","98","60","291","95","333","85","84","34","36","30","312","99","72","56","201","86","39","34","0","13","0","13","269","82","24","26","35","36","170","61","40","24","0","13","132","50","2","4","48","36","37","27","22","18","23","19","129","39","0","13","7","10","87","38","22","20","13","21",
"1400000US18097360800","Census Tract 3608; Marion County; Indiana","1255","200","194","83","540","174","360","146","125","72","36","34","565","165","175","82","312","114","78","64","0","13","0","13","322","139","19","20","97","59","172","122","11","16","23","30","178","88","0","13","54","42","46","44","78","64","0","13","190","120","0","13","77","108","64","56","36","28","13","14",
"1400000US18097360900","Census Tract 3609; Marion County; Indiana","2409","276","351","177","989","229","886","228","157","97","26","42","1028","273","277","169","618","217","107","128","26","42","0","18","683","189","38","51","157","116","418","159","70","71","0","18","280","204","0","18","133","170","74","64","47","59","26","42","418","199","36","57","81","87","287","186","14","26","0","18",
"1400000US18097361000","Census Tract 3610; Marion County; Indiana","987","103","12","15","323","60","444","87","167","88","41","27","300","84","0","13","232","62","30","17","38","65","0","13","397","73","12","15","83","37","216","63","86","46","0","13","200","61","0","13","8","12","149","60","21","22","22","17","90","30","0","13","0","13","49","30","22","18","19","20",
"1400000US18097361100","Census Tract 3611; Marion County; Indiana","1430","218","111","82","559","148","513","140","175","114","72","66","607","133","111","82","430","140","66","71","0","13","0","13","396","120","0","13","56","48","236","91","79","55","25","38","130","52","0","13","54","35","59","34","17","20","0","13","297","149","0","13","19","30","152","93","79","94","47","53",
"1400000US18097361200","Census Tract 3612; Marion County; Indiana","1439","222","75","59","638","172","464","158","153","74","109","91","546","168","34","30","489","163","23","25","0","13","0","13","433","163","41","50","82","52","271","151","23","28","16","26","138","75","0","13","24","26","79","59","35","36","0","13","322","103","0","13","43","46","91","53","95","73","93","84",
"1400000US18097361300","Census Tract 3613; Marion County; Indiana","1042","201","41","34","312","190","502","145","151","68","36","40","396","204","18","22","245","181","110","85","0","13","23","33","291","112","23","25","25","34","188","98","55","41","0","13","177","74","0","13","0","13","119","65","45","41","13","21","178","66","0","13","42","34","85","50","51","45","0","13",
"1400000US18097361401","Census Tract 3614.01; Marion County; Indiana","1867","349","105","112","600","181","858","341","285","178","19","31","464","199","77","106","318","129","69","73","0","18","0","18","444","139","11","21","114","83","272","125","47","47","0","18","415","176","0","18","50","55","212","126","153","137","0","18","544","319","17","29","118","86","305","298","85","65","19","31",
"1400000US18097361402","Census Tract 3614.02; Marion County; Indiana","2116","293","83","96","546","253","963","211","305","232","219","211","522","165","83","96","385","174","54","57","0","18","0","18","646","225","0","18","75","92","553","212","9","16","9","15","378","242","0","18","86","117","123","118","62","62","107","167","570","211","0","18","0","18","233","104","234","207","103","117",
"1400000US18097361601","Census Tract 3616.01; Marion County; Indiana","2051","373","113","140","455","138","788","221","546","332","149","93","482","182","103","139","299","117","80","64","0","18","0","18","813","276","10","16","97","76","379","146","269","251","58","68","328","152","0","18","10","15","223","139","79","58","16","19","428","239","0","18","49","54","106","65","198","228","75","61",
"1400000US18097361602","Census Tract 3616.02; Marion County; Indiana","1265","171","0","13","388","182","512","123","207","89","158","78","234","95","0","13","172","86","42","38","8","12","12","21","525","141","0","13","48","53","290","129","112","62","75","57","237","95","0","13","62","51","127","87","48","35","0","13","269","173","0","13","106","150","53","52","39","52","71","64",
"1400000US18097370201","Census Tract 3702.01; Marion County; Indiana","1390","128","52","45","565","141","510","93","201","74","62","50","369","90","44","44","299","82","11","17","0","13","15","24","435","134","0","13","187","109","202","73","36","30","10","13","319","126","0","13","53","44","142","94","106","84","18","30","267","85","8","13","26","40","155","81","59","49","19","28",
"1400000US18097370203","Census Tract 3702.03; Marion County; Indiana","1483","316","142","92","524","129","656","336","41","41","120","143","274","97","53","49","183","93","38","48","0","18","0","18","314","136","52","51","99","72","156","92","7","11","0","18","371","310","37","50","40","41","286","304","0","18","8","24","524","163","0","18","202","81","176","84","34","39","112","142",
"1400000US18097370204","Census Tract 3702.04; Marion County; Indiana","1469","142","55","46","458","176","665","181","253","122","38","43","357","150","26","31","295","141","23","36","13","21","0","13","468","148","13","21","63","42","293","114","99","96","0","13","394","179","16","26","0","13","291","175","87","61","0","13","250","104","0","13","100","89","58","44","54","50","38","43",
"1400000US18097370303","Census Tract 3703.03; Marion County; Indiana","2332","284","9","15","399","194","973","283","847","278","104","89","216","150","9","15","129","129","78","62","0","18","0","18","906","359","0","18","24","39","448","225","434","269","0","18","403","174","0","18","181","123","85","71","100","81","37","50","807","209","0","18","65","54","362","182","313","152","67","74",
"1400000US18097370304","Census Tract 3703.04; Marion County; Indiana","1438","307","89","79","400","220","641","236","135","83","173","95","301","101","0","13","144","83","69","50","35","34","53","77","508","228","33","45","76","58","352","219","36","45","11","18","127","78","12","20","55","59","22","25","14","22","24","29","502","223","44","61","125","186","198","86","50","51","85","67",
"1400000US18097370305","Census Tract 3703.05; Marion County; Indiana","1697","670","643","685","339","127","498","191","91","66","126","76","794","692","566","688","203","85","16","26","9","13","0","13","331","142","54","65","35","43","206","115","28","35","8","15","194","95","23","44","15","27","100","77","36","48","20","28","378","167","0","13","86","71","176","165","18","29","98","66",
"1400000US18097370306","Census Tract 3703.06; Marion County; Indiana","1767","260","0","13","244","87","973","277","414","149","136","83","272","124","0","13","97","53","111","93","64","49","0","13","822","249","0","13","79","71","564","242","126","69","53","44","290","115","0","13","37","45","137","86","89","62","27","38","383","149","0","13","31","47","161","102","135","93","56","51",
"1400000US18097380101","Census Tract 3801.01; Marion County; Indiana","3018","420","61","73","908","311","1199","391","505","241","345","214","722","289","14","24","643","279","47","44","18","31","0","18","1452","416","0","18","218","127","797","368","178","205","259","207","366","156","0","18","47","75","149","100","139","94","31","51","478","208","47","68","0","18","206","173","170","135","55","58",
"1400000US18097380102","Census Tract 3801.02; Marion County; Indiana","1400","353","195","140","209","152","732","356","256","140","8","16","433","145","151","134","170","150","102","104","10","16","0","13","572","343","0","13","39","39","478","335","47","55","8","16","111","93","31","53","0","13","27","44","53","44","0","13","284","47","13","25","0","13","125","130","146","112","0","13",
"1400000US18097380103","Census Tract 3801.03; Marion County; Indiana","3220","427","50","60","852","304","1458","490","500","284","360","184","808","280","20","35","647","292","117","145","24","40","0","18","829","232","0","18","168","136","472","186","68","67","121","103","626","295","0","18","20","35","279","178","234","229","93","125","957","419","30","50","17","30","590","409","174","172","146","88",
"1400000US18097380200","Census Tract 3802; Marion County; Indiana","1584","360","396","191","682","302","410","154","81","48","15","32","960","269","340","178","510","223","110","94","0","13","0","13","281","108","10","16","79","81","137","69","55","37","0","13","175","99","0","13","72","89","77","69","26","29","0","13","168","116","46","79","21","42","86","74","0","13","15","32",
"1400000US18097380301","Census Tract 3803.01; Marion County; Indiana","888","151","5","9","349","152","304","112","115","82","115","61","208","155","0","13","127","114","34","46","47","65","0","13","327","102","5","9","132","76","157","99","31","38","2","5","146","103","0","13","63","85","40","44","16","17","27","34","207","52","0","13","27","32","73","59","21","26","86","52",
"1400000US18097380302","Census Tract 3803.02; Marion County; Indiana","1061","151","57","32","427","154","311","146","159","118","107","75","217","113","0","13","169","96","0","13","48","65","0","13","502","169","0","13","181","114","271","139","37","56","13","23","71","54","0","13","35","35","23","30","13","22","0","13","271","123","57","32","42","57","17","31","61","96","94","73",
"1400000US18097380402","Census Tract 3804.02; Marion County; Indiana","2155","266","229","131","1280","324","549","188","38","47","59","63","1016","315","132","88","844","296","40","40","0","18","0","18","462","165","39","44","258","142","165","70","0","18","0","18","218","112","0","18","40","50","141","96","31","45","6","12","459","215","58","63","138","97","203","197","7","14","53","66",
"1400000US18097380403","Census Tract 3804.03; Marion County; Indiana","1632","248","13","21","659","166","679","170","157","81","124","88","633","179","13","21","425","142","115","104","15","23","65","90","574","134","0","13","159","86","373","122","42","35","0","13","243","122","0","13","47","44","106","82","66","54","24","37","182","64","0","13","28","33","85","52","34","29","35","41",
"1400000US18097380404","Census Tract 3804.04; Marion County; Indiana","1758","239","153","85","758","186","562","162","222","84","63","48","665","164","153","85","454","145","47","42","11","16","0","13","644","162","0","13","203","116","357","117","84","51","0","13","162","79","0","13","48","47","44","42","29","21","41","41","287","73","0","13","53","40","114","72","98","58","22","25",
"1400000US18097380501","Census Tract 3805.01; Marion County; Indiana","957","213","11","16","328","154","442","197","103","70","73","69","226","101","11","16","182","91","18","29","15","24","0","13","289","131","0","13","89","100","167","92","22","30","11","18","181","147","0","13","15","25","146","145","20","19","0","13","261","93","0","13","42","68","111","75","46","53","62","69",
"1400000US18097380502","Census Tract 3805.02; Marion County; Indiana","1441","296","128","88","661","173","558","263","82","59","12","19","504","163","31","35","447","159","26","27","0","13","0","13","636","196","97","94","177","81","310","172","52","67","0","13","215","193","0","13","0","13","185","190","30","25","0","13","86","45","0","13","37","31","37","30","0","13","12","19",
"1400000US18097380600","Census Tract 3806; Marion County; Indiana","2059","381","81","66","716","199","1008","394","237","146","17","29","681","204","64","63","564","191","14","16","39","38","0","13","486","171","0","13","47","46","384","156","38","43","17","29","475","340","0","13","90","81","256","271","129","136","0","13","417","302","17","27","15","23","354","310","31","48","0","13",
"1400000US18097380700","Census Tract 3807; Marion County; Indiana","2707","278","417","232","1016","320","708","209","442","125","124","95","1089","265","374","237","538","219","113","86","38","47","26","42","572","180","0","18","102","111","309","138","144","116","17","29","254","145","43","69","0","18","112","84","64","72","35","44","792","276","0","18","376","259","174","106","196","83","46","62",
"1400000US18097380800","Census Tract 3808; Marion County; Indiana","1254","247","31","32","373","110","463","124","141","74","246","216","359","108","0","13","276","98","64","60","11","18","8","14","572","224","31","32","87","61","222","89","51","42","181","215","87","51","0","13","10","17","10","17","55","43","12","18","236","78","0","13","0","13","167","81","24","29","45","37",
"1400000US18097380901","Census Tract 3809.01; Marion County; Indiana","2000","216","179","196","465","137","939","177","288","110","129","85","374","145","4","6","232","94","138","116","0","18","0","18","915","182","10","15","197","105","558","154","108","69","42","64","230","98","22","33","29","36","62","51","78","60","39","38","481","209","143","191","7","13","181","53","102","60","48","43",
"1400000US18097380902","Census Tract 3809.02; Marion County; Indiana","2695","282","60","58","953","180","988","279","543","149","151","87","679","166","15","24","596","160","50","44","18","30","0","18","1286","276","27","44","254","131","738","276","217","99","50","61","350","175","18","30","64","78","101","122","79","78","88","69","380","101","0","18","39","56","99","70","229","93","13","21",
"1400000US18097381002","Census Tract 3810.02; Marion County; Indiana","1477","244","16","16","357","102","555","79","369","228","180","69","373","106","7","11","289","99","74","49","3","5","0","13","519","113","9","11","68","32","260","57","157","103","25","20","171","75","0","13","0","13","72","39","13","9","86","61","414","222","0","13","0","13","149","53","196","212","69","54",
"1400000US18097381003","Census Tract 3810.03; Marion County; Indiana","1569","206","56","35","900","217","417","90","131","44","65","39","719","199","16","13","651","208","47","36","5","7","0","13","407","148","3","5","181","127","164","64","43","27","16","18","129","47","17","20","44","29","25","22","43","21","0","13","314","68","20","25","24","21","181","57","40","24","49","36",
"1400000US18097381004","Census Tract 3810.04; Marion County; Indiana","1693","274","193","150","871","221","505","172","43","45","81","66","756","249","88","78","536","221","132","103","0","13","0","13","463","166","105","142","162","101","196","91","0","13","0","13","102","84","0","13","56","66","23","30","23","40","0","13","372","139","0","13","117","88","154","129","20","30","81","66",
"1400000US18097381101","Census Tract 3811.01; Marion County; Indiana","2506","428","271","192","604","215","1213","372","283","135","135","82","649","225","256","193","377","148","16","27","0","18","0","18","1026","363","15","28","102","86","817","350","72","85","20","30","298","162","0","18","63","98","90","63","123","72","22","35","533","168","0","18","62","84","290","141","88","91","93","70",
"1400000US18097381102","Census Tract 3811.02; Marion County; Indiana","2841","390","145","113","637","240","1448","415","343","179","268","149","948","370","59","55","444","204","445","349","0","18","0","18","879","205","50","75","165","107","514","197","103","68","47","55","337","157","36","50","28","44","164","141","65","64","44","41","677","163","0","18","0","18","325","180","175","139","177","134",
"1400000US18097381203","Census Tract 3812.03; Marion County; Indiana","1118","218","80","80","556","197","363","156","111","111","8","12","313","167","0","13","294","161","0","13","19","39","0","13","339","152","0","13","184","106","143","112","12","22","0","13","255","122","52","62","64","31","126","98","13","27","0","13","211","87","28","49","14","23","94","59","67","79","8","12",
"1400000US18097381204","Census Tract 3812.04; Marion County; Indiana","1613","182","496","159","804","170","236","103","77","74","0","13","1180","179","446","157","646","149","88","76","0","13","0","13","152","89","33","31","90","76","29","30","0","13","0","13","106","62","17","27","19","26","70","50","0","13","0","13","175","72","0","13","49","36","49","35","77","74","0","13",
"1400000US18097381205","Census Tract 3812.05; Marion County; Indiana","2739","225","159","122","1122","257","1276","243","130","120","52","57","719","239","62","55","639","238","6","11","12","20","0","18","923","250","19","30","262","145","629","191","13","19","0","18","391","193","60","102","165","116","154","105","0","18","12","25","706","170","18","29","56","82","487","121","105","116","40","50",
"1400000US18097381206","Census Tract 3812.06; Marion County; Indiana","1760","196","133","61","686","154","692","150","118","77","131","130","692","150","90","48","560","145","42","38","0","13","0","13","560","147","22","25","51","42","439","137","35","31","13","21","102","50","0","13","23","28","48","37","9","14","22","26","406","147","21","27","52","63","163","66","74","67","96","128",
"1400000US18097381207","Census Tract 3812.07; Marion County; Indiana","1561","450","24","27","473","258","610","380","371","157","83","63","321","244","24","27","279","249","18","22","0","13","0","13","425","119","0","13","82","47","208","92","135","69","0","13","228","144","0","13","71","46","6","9","129","131","22","26","587","364","0","13","41","47","378","356","107","74","61","59",
"1400000US18097390102","Census Tract 3901.02; Marion County; Indiana","2740","643","98","71","1598","598","667","193","311","228","66","65","1328","613","98","71","1177","604","22","36","0","18","31","51","857","285","0","18","301","132","372","131","149","209","35","37","251","157","0","18","58","48","147","144","46","67","0","18","304","156","0","18","62","85","126","100","116","84","0","18",
"1400000US18097390103","Census Tract 3901.03; Marion County; Indiana","1433","265","32","35","533","229","750","276","106","67","12","20","446","263","0","13","258","192","188","201","0","13","0","13","562","154","15","23","190","125","321","123","36","37","0","13","153","79","17","27","44","40","48","45","44","41","0","13","272","74","0","13","41","62","193","96","26","34","12","20",
"1400000US18097390104","Census Tract 3901.04; Marion County; Indiana","2587","396","96","97","481","161","1459","462","410","174","141","105","338","112","0","18","230","95","30","35","78","79","0","18","1103","391","27","40","124","84","806","418","109","72","37","45","338","165","0","18","25","36","201","150","39","45","73","75","808","177","69","89","102","96","422","189","184","112","31","49",
"1400000US18097390200","Census Tract 3902; Marion County; Indiana","2368","299","0","18","601","272","1128","322","527","136","112","78","396","236","0","18","260","210","118","111","18","26","0","18","923","350","0","18","291","194","450","273","145","120","37","43","456","175","0","18","35","40","240","126","163","107","18","29","593","147","0","18","15","24","320","134","201","93","57","57",
"1400000US18097390300","Census Tract 3903; Marion County; Indiana","2487","262","58","56","325","164","1276","260","462","181","366","211","523","214","40","45","172","162","288","189","0","18","23","35","780","152","0","18","68","87","547","139","165","135","0","18","158","76","0","18","0","18","78","53","62","52","18","28","1026","251","18","30","85","34","363","162","235","110","325","206",
"1400000US18097390405","Census Tract 3904.05; Marion County; Indiana","2013","258","178","149","1054","306","648","182","119","92","14","21","985","289","144","140","739","294","96","88","6","12","0","13","611","171","34","55","198","111","302","128","63","62","14","21","214","127","0","13","82","96","86","84","46","53","0","13","203","88","0","13","35","40","164","76","4","18","0","13",
"1400000US18097390406","Census Tract 3904.06; Marion County; Indiana","2120","272","0","18","430","161","976","220","577","241","137","93","336","113","0","18","305","115","13","21","18","30","0","18","595","215","0","18","66","71","402","154","88","110","39","63","245","131","0","18","0","18","83","64","162","117","0","18","944","296","0","18","59","76","478","217","309","221","98","71",
"1400000US18097390407","Census Tract 3904.07; Marion County; Indiana","2093","231","17","21","371","183","1078","227","379","99","248","138","179","72","17","21","112","55","50","39","0","18","0","18","816","227","0","18","230","169","439","172","117","55","30","36","372","121","0","18","0","18","153","91","185","75","34","33","726","166","0","18","29","45","436","131","77","55","184","127",
"1400000US18097390408","Census Tract 3904.08; Marion County; Indiana","1790","232","0","18","503","238","668","130","503","145","116","58","314","112","0","18","263","114","51","44","0","18","0","18","417","106","0","18","21","22","334","100","62","43","0","18","433","240","0","18","144","196","141","77","124","84","24","31","626","134","0","18","75","70","142","65","317","129","92","50",
"1400000US18097390409","Census Tract 3904.09; Marion County; Indiana","2791","481","0","18","1082","460","1370","216","258","118","81","55","845","446","0","18","818","445","27","34","0","18","0","18","808","190","0","18","91","74","670","192","47","53","0","18","431","140","0","18","25","42","236","130","136","89","34","52","707","153","0","18","148","100","437","109","75","72","47","57",
"1400000US18097390410","Census Tract 3904.10; Marion County; Indiana","769","70","41","62","269","66","202","61","161","46","96","57","240","66","0","13","229","64","9","15","0","13","2","6","265","72","41","62","32","28","124","50","55","28","13","16","105","50","0","13","8","12","22","25","70","35","5","7","159","56","0","13","0","13","47","38","36","30","76","54",
"1400000US18097390411","Census Tract 3904.11; Marion County; Indiana","1537","211","113","126","537","157","762","134","85","67","40","32","421","162","86","124","286","103","36","31","13","23","0","13","529","150","9","15","144","101","321","115","55","60","0","13","134","86","0","13","37","55","90","62","0","13","7","13","453","117","18","28","70","98","315","120","17","29","33","30",
"1400000US18097390500","Census Tract 3905; Marion County; Indiana","1176","206","97","78","625","181","172","91","203","156","79","63","440","122","67","52","359","119","14","26","0","13","0","13","335","176","0","13","75","72","59","55","143","150","58","49","138","110","30","49","24","31","59","69","25","29","0","13","263","130","0","13","167","133","40","59","35","41","21","35",
"1400000US18097390601","Census Tract 3906.01; Marion County; Indiana","941","343","0","13","310","154","539","332","77","53","15","22","212","133","0","13","212","133","0","13","0","13","0","13","614","319","0","13","63","59","514","318","37","36","0","13","92","73","0","13","35","51","25","41","32","42","0","13","23","25","0","13","0","13","0","13","8","12","15","22",
"1400000US18097390602","Census Tract 3906.02; Marion County; Indiana","1976","240","304","136","1016","306","588","209","60","56","8","20","1013","241","192","105","700","265","121","125","0","13","0","13","663","195","87","93","162","124","395","149","19","30","0","13","88","79","0","13","54","66","26","31","8","17","0","13","212","84","25","34","100","94","46","48","33","39","8","20",
"1400000US18097390700","Census Tract 3907; Marion County; Indiana","1497","293","135","120","469","139","494","305","321","139","78","63","559","278","51","50","272","108","236","276","0","13","0","13","281","114","0","13","124","78","142","77","12","18","3","14","233","149","84","112","0","13","4","7","130","114","15","24","424","142","0","13","73","79","112","117","179","83","60","50",
"1400000US18097390801","Census Tract 3908.01; Marion County; Indiana","0","13","0","13","0","13","0","13","0","13","0","13","0","13","0","13","0","13","0","13","0","13","0","13","0","13","0","13","0","13","0","13","0","13","0","13","0","13","0","13","0","13","0","13","0","13","0","13","0","13","0","13","0","13","0","13","0","13","0","13",
"1400000US18097390802","Census Tract 3908.02; Marion County; Indiana","1546","165","58","81","595","156","505","154","294","131","94","65","381","144","58","81","283","122","32","27","8","12","0","13","353","150","0","13","158","116","177","90","11","18","7","12","336","132","0","13","64","70","103","66","126","103","43","41","476","149","0","13","90","87","193","103","149","73","44","48",
"1400000US18097390900","Census Tract 3909; Marion County; Indiana","1684","303","151","97","999","295","452","92","42","30","40","33","842","228","142","93","666","233","26","41","8","13","0","13","525","220","0","13","293","206","212","65","20","21","0","13","194","79","0","13","40","45","127","64","14","24","13","20","123","56","9","20","0","13","87","44","0","13","27","31",
"1400000US18097391001","Census Tract 3910.01; Marion County; Indiana","418","86","29","27","226","83","157","75","6","11","0","13","142","77","8","14","134","75","0","13","0","13","0","13","158","67","0","13","41","43","117","60","0","13","0","13","37","24","16","21","7","2","8","9","6","11","0","13","81","62","5","10","44","52","32","37","0","13","0","13",
"1400000US18097391002","Census Tract 3910.02; Marion County; Indiana","3722","497","425","172","2079","459","1092","363","57","77","69","61","2112","516","338","176","1774","480","0","18","0","18","0","18","1402","375","83","88","285","146","1034","352","0","18","0","18","90","76","4","8","20","33","44","58","22","35","0","18","118","76","0","18","0","18","14","26","35","54","69","61",
