"GEO_ID","NAME","B08201_001E","B08201_001M","B08201_002E","B08201_002M","B08201_003E","B08201_003M","B08201_004E","B08201_004M","B08201_005E","B08201_005M","B08201_006E","B08201_006M","B08201_007E","B08201_007M","B08201_008E","B08201_008M","B08201_009E","B08201_009M","B08201_010E","B08201_010M","B08201_011E","B08201_011M","B08201_012E","B08201_012M","B08201_013E","B08201_013M","B08201_014E","B08201_014M","B08201_015E","B08201_015M","B08201_016E","B08201_016M","B08201_017E","B08201_017M","B08201_018E","B08201_018M","B08201_019E","B08201_019M","B08201_020E","B08201_020M","B08201_021E","B08201_021M","B08201_022E","B08201_022M","B08201_023E","B08201_023M","B08201_024E","B08201_024M","B08201_025E","B08201_025M","B08201_026E","B08201_026M","B08201_027E","B08201_027M","B08201_028E","B08201_028M","B08201_029E","B08201_029M","B08201_030E","B08201_030M",
"Geography","Geographic Area Name","Estimate!!Total:","Margin of Error!!Total:","Estimate!!Total:!!No vehicle available","Margin of Error!!Total:!!No vehicle available","Estimate!!Total:!!1 vehicle available","Margin of Error!!Total:!!1 vehicle available","Estimate!!Total:!!2 vehicles available","Margin of Error!!Total:!!2 vehicles available","Estimate!!Total:!!3 vehicles available","Margin of Error!!Total:!!3 vehicles available","Estimate!!Total:!!4 or more vehicles available","Margin of Error!!Total:!!4 or more vehicles available","Estimate!!Total:!!1-person household:","Margin of Error!!Total:!!1-person household:","Estimate!!Total:!!1-person household:!!No vehicle available","Margin of Error!!Total:!!1-person household:!!No vehicle available","Estimate!!Total:!!1-person household:!!1 vehicle available","Margin of Error!!Total:!!1-person household:!!1 vehicle available","Estimate!!Total:!!1-person household:!!2 vehicles available","Margin of Error!!Total:!!1-person household:!!2 vehicles available","Estimate!!Total:!!1-person household:!!3 vehicles available","Margin of Error!!Total:!!1-person household:!!3 vehicles available","Estimate!!Total:!!1-person household:!!4 or more vehicles available","Margin of Error!!Total:!!1-person household:!!4 or more vehicles available","Estimate!!Total:!!2-person household:","Margin of Error!!Total:!!2-person household:","Estimate!!Total:!!2-person household:!!No vehicle available","Margin of Error!!Total:!!2-person household:!!No vehicle available","Estimate!!Total:!!2-person household:!!1 vehicle available","Margin of Error!!Total:!!2-person household:!!1 vehicle available","Estimate!!Total:!!2-person household:!!2 vehicles available","Margin of Error!!Total:!!2-person household:!!2 vehicles available","Estimate!!Total:!!2-person household:!!3 vehicles available","Margin of Error!!Total:!!2-person household:!!3 vehicles available","Estimate!!Total:!!2-person household:!!4 or more vehicles available","Margin of Error!!Total:!!2-person household:!!4 or more vehicles available","Estimate!!Total:!!3-person household:","Margin of Error!!Total:!!3-person household:","Estimate!!Total:!!3-person household:!!No vehicle available","Margin of Error!!Total:!!3-person household:!!No vehicle available","Estimate!!Total:!!3-person household:!!1 vehicle available","Margin of Error!!Total:!!3-person household:!!1 vehicle available","Estimate!!Total:!!3-person household:!!2 vehicles available","Margin of Error!!Total:!!3-person household:!!2 vehicles available","Estimate!!Total:!!3-person household:!!3 vehicles available","Margin of Error!!Total:!!3-person household:!!3 vehicles available","Estimate!!Total:!!3-person household:!!4 or more vehicles available","Margin of Error!!Total:!!3-person household:!!4 or more vehicles available","Estimate!!Total:!!4-or-more-person household:","Margin of Error!!Total:!!4-or-more-person household:","Estimate!!Total:!!4-or-more-person household:!!No vehicle available","Margin of Error!!Total:!!4-or-more-person household:!!No vehicle available","Estimate!!Total:!!4-or-more-person household:!!1 vehicle available","Margin of Error!!Total:!!4-or-more-person household:!!1 vehicle available","Estimate!!Total:!!4-or-more-person household:!!2 vehicles available","Margin of Error!!Total:!!4-or-more-person household:!!2 vehicles available","Estimate!!Total:!!4-or-more-person household:!!3 vehicles available","Margin of Error!!Total:!!4-or-more-person household:!!3 vehicles available","Estimate!!Total:!!4-or-more-person household:!!4 or more vehicles available","Margin of Error!!Total:!!4-or-more-person household:!!4 or more vehicles available",
"1400000US18097310104","Census Tract 3101.04, Marion County, Indiana","1848","292","110","102","1115","304","538","145","31","30","54","57","1266","291","110","102","1078","302","78","78","0","12","0","12","399","132","0","12","37","33","333","125","11","18","18","34","117","98","0","12","0","12","97","102","20","24","0","12","66","61","0","12","0","12","30","44","0","12","36","39",
"1400000US18097310105","Census Tract 3101.05, Marion County, Indiana","1854","361","122","66","665","128","845","362","166","75","56","44","766","117","122","66","589","119","51","44","4","7","0","12","426","140","0","12","29","37","278","115","74","67","45","49","352","366","0","12","18","22","319","364","15","15","0","12","310","66","0","12","29","38","197","72","73","48","11","16",
"1400000US18097310106","Census Tract 3101.06, Marion County, Indiana","2185","239","199","164","1461","215","462","208","39","45","24","36","1028","267","186","161","770","179","72","87","0","12","0","12","826","284","13","20","490","241","303","183","20","31","0","12","308","172","0","12","201","145","64","63","19","32","24","36","23","40","0","12","0","12","23","40","0","12","0","12",
"1400000US18097310108","Census Tract 3101.08, Marion County, Indiana","1619","258","0","12","402","104","903","249","192","69","122","51","441","108","0","12","355","97","69","41","0","12","17","24","779","251","0","12","18","19","634","247","110","54","17","18","180","73","0","12","11","18","84","43","59","53","26","20","219","70","0","12","18","21","116","61","23","20","62","38",
"1400000US18097310110","Census Tract 3101.10, Marion County, Indiana","1295","95","33","39","629","123","588","101","45","34","0","12","625","123","33","39","488","121","99","66","5","8","0","12","408","112","0","12","118","60","284","94","6","10","0","12","150","85","0","12","5","8","111","74","34","31","0","12","112","48","0","12","18","21","94","49","0","12","0","12",
"1400000US18097310111","Census Tract 3101.11, Marion County, Indiana","1541","125","56","68","812","141","479","122","152","72","42","36","735","152","56","68","528","134","129","96","22","25","0","12","393","131","0","12","172","100","180","77","29","31","12","18","286","139","0","12","106","90","137","98","43","35","0","12","127","59","0","12","6","13","33","33","58","47","30","31",
"1400000US18097310112","Census Tract 3101.12, Marion County, Indiana","2488","346","60","64","673","343","918","226","570","227","267","91","722","346","60","64","553","337","69","57","40","33","0","17","899","161","0","17","73","58","579","137","174","104","73","54","285","169","0","17","47","48","172","164","38","37","28","35","582","242","0","17","0","17","98","58","318","234","166","68",
"1400000US18097310113","Census Tract 3101.13, Marion County, Indiana","328","81","0","12","46","46","210","85","63","49","9","18","46","46","0","12","46","46","0","12","0","12","0","12","153","67","0","12","0","12","112","64","32","34","9","18","15","25","0","12","0","12","15","25","0","12","0","12","114","55","0","12","0","12","83","46","31","38","0","12",
"1400000US18097310201","Census Tract 3102.01, Marion County, Indiana","1523","140","47","27","520","123","611","147","278","101","67","46","417","115","47","27","302","106","53","57","15","24","0","12","493","125","0","12","126","66","271","115","71","35","25","29","187","75","0","12","38","47","76","49","43","34","30","30","426","129","0","12","54","57","211","83","149","93","12","17",
"1400000US18097310203","Census Tract 3102.03, Marion County, Indiana","2090","231","217","150","883","270","729","192","187","140","74","68","926","243","177","144","647","247","102","109","0","17","0","17","666","188","40","47","175","137","443","148","0","17","8","15","182","85","0","17","45","55","113","65","12","19","12","20","316","165","0","17","16","26","71","113","175","140","54","64",
"1400000US18097310204","Census Tract 3102.04, Marion County, Indiana","1743","165","167","86","523","138","581","154","345","166","127","73","461","149","102","54","149","75","171","100","39","61","0","17","598","144","57","68","208","112","222","97","81","69","30","28","412","154","8","18","99","81","104","71","153","122","48","54","272","95","0","17","67","61","84","61","72","64","49","35",
"1400000US18097310305","Census Tract 3103.05, Marion County, Indiana","2388","179","114","96","1270","211","708","227","237","143","59","54","1200","224","56","53","950","235","134","108","60","94","0","17","702","228","9","14","240","156","371","188","48","56","34","41","187","134","0","17","80","111","85","70","22","27","0","17","299","138","49","77","0","17","118","86","107","95","25","35",
"1400000US18097310306","Census Tract 3103.06, Marion County, Indiana","2769","485","362","176","1064","304","975","486","242","150","126","104","689","256","160","102","483","241","16","27","30","36","0","17","591","190","89","101","284","179","158","90","20","29","40","45","343","175","0","17","175","146","148","107","20","33","0","17","1146","473","113","112","122","133","653","449","172","151","86","93",
"1400000US18097310308","Census Tract 3103.08, Marion County, Indiana","1045","119","55","54","252","97","506","127","169","74","63","57","219","94","0","12","137","73","58","48","7","11","17","28","360","103","40","48","65","52","191","76","64","45","0","12","140","80","0","12","9","14","67","60","64","49","0","12","326","119","15","28","41","39","190","89","34","36","46","53",
"1400000US18097310309","Census Tract 3103.09, Marion County, Indiana","1438","154","196","125","918","201","226","116","70","66","28","34","659","160","151","106","474","163","34","31","0","12","0","12","268","133","0","12","174","109","94","83","0","12","0","12","161","97","45","50","82","68","8","14","26","29","0","12","350","150","0","12","188","135","90","85","44","53","28","34",
"1400000US18097310310","Census Tract 3103.10, Marion County, Indiana","1964","373","246","280","522","152","662","166","479","236","55","58","433","130","0","17","343","119","63","60","27","32","0","17","720","332","246","280","140","94","318","120","16","25","0","17","369","232","0","17","29","35","54","47","241","213","45","55","442","122","0","17","10","15","227","107","195","96","10","17",
"1400000US18097310311","Census Tract 3103.11, Marion County, Indiana","1853","201","108","84","387","126","686","192","519","170","153","85","377","118","15","23","293","104","69","45","0","17","0","17","459","192","0","17","22","23","293","149","119","81","25","40","288","98","31","49","14","23","123","62","86","49","34","33","729","141","62","70","58","50","201","86","314","147","94","65",
"1400000US18097310312","Census Tract 3103.12, Marion County, Indiana","2769","291","397","262","1422","351","717","241","213","132","20","40","1255","331","337","248","725","257","193","143","0","17","0","17","604","283","60","95","274","213","214","134","56","72","0","17","651","236","0","17","408","192","223","176","0","17","20","40","259","131","0","17","15","24","87","86","157","125","0","17",
"1400000US18097320105","Census Tract 3201.05, Marion County, Indiana","1866","164","42","67","931","199","789","211","47","46","57","57","806","177","42","67","714","184","50","59","0","12","0","12","644","185","0","12","145","74","458","163","9","19","32","52","144","80","0","12","59","51","73","59","0","12","12","19","272","112","0","12","13","24","208","115","38","43","13","21",
"1400000US18097320106","Census Tract 3201.06, Marion County, Indiana","1251","461","71","52","404","94","350","101","408","479","18","19","312","95","71","52","211","80","30","27","0","12","0","12","334","94","0","12","94","64","203","77","37","30","0","12","106","57","0","12","49","43","33","25","24","25","0","12","499","483","0","12","50","43","84","63","347","477","18","19",
"1400000US18097320107","Census Tract 3201.07, Marion County, Indiana","897","127","5","8","276","111","441","62","146","70","29","20","238","47","5","8","156","47","70","28","0","12","7","10","352","54","0","12","36","25","249","46","62","34","5","8","114","59","0","12","13","14","58","29","36","52","7","10","193","106","0","12","71","101","64","35","48","30","10","15",
"1400000US18097320108","Census Tract 3201.08, Marion County, Indiana","2300","205","303","140","1145","286","765","296","32","36","55","71","1188","283","266","141","818","251","92","122","12","20","0","17","640","291","24","32","229","188","380","235","7","14","0","17","227","152","0","17","31","49","194","146","2","3","0","17","245","131","13","24","67","80","99","80","11","23","55","71",
"1400000US18097320109","Census Tract 3201.09, Marion County, Indiana","1360","322","100","55","494","294","581","112","166","75","19","22","646","318","54","33","467","302","108","71","8","13","9","17","408","91","41","44","16","22","282","87","69","39","0","12","110","56","5","9","0","12","76","40","29","39","0","12","196","68","0","12","11","17","115","43","60","57","10","16",
"1400000US18097320202","Census Tract 3202.02, Marion County, Indiana","2443","325","161","116","925","308","1105","194","179","79","73","62","821","237","99","95","636","206","73","54","0","17","13","21","1210","285","62","77","278","237","803","179","54","45","13","23","177","84","0","17","0","17","75","58","68","48","34","52","235","80","0","17","11","22","154","84","57","53","13","20",
"1400000US18097320203","Census Tract 3202.03, Marion County, Indiana","1669","204","129","57","980","195","455","152","74","42","31","30","1105","199","112","53","891","193","102","79","0","12","0","12","376","136","9","14","67","46","263","126","18","19","19","24","117","56","8","13","22","26","48","39","27","28","12","18","71","34","0","12","0","12","42","28","29","32","0","12",
"1400000US18097320205","Census Tract 3202.05, Marion County, Indiana","1231","154","20","21","959","134","230","112","22","35","0","12","824","133","20","21","785","138","19","31","0","12","0","12","343","89","0","12","164","25","179","94","0","12","0","12","64","61","0","12","10","15","32","46","22","35","0","12","0","12","0","12","0","12","0","12","0","12","0","12",
"1400000US18097320206","Census Tract 3202.06, Marion County, Indiana","1377","337","175","115","804","331","194","138","204","111","0","12","793","327","68","52","642","324","83","117","0","12","0","12","222","92","55","66","88","70","64","41","15","24","0","12","148","104","0","12","33","53","47","53","68","72","0","12","214","62","52","73","41","44","0","12","121","90","0","12",
"1400000US18097320301","Census Tract 3203.01, Marion County, Indiana","1866","208","0","12","872","199","796","144","148","68","50","46","887","185","0","12","713","191","174","84","0","12","0","12","687","140","0","12","139","82","430","94","84","54","34","38","88","46","0","12","7","12","43","34","30","28","8","12","204","98","0","12","13","21","149","84","34","36","8","13",
"1400000US18097320303","Census Tract 3203.03, Marion County, Indiana","1655","170","99","77","837","158","621","132","91","72","7","12","854","164","75","71","712","145","67","56","0","12","0","12","572","125","0","12","50","34","485","121","37","45","0","12","168","89","0","12","56","52","58","52","54","58","0","12","61","43","24","31","19","19","11","19","0","12","7","12",
"1400000US18097320305","Census Tract 3203.05, Marion County, Indiana","1056","121","0","12","241","86","589","140","198","114","28","32","213","75","0","12","180","76","17","27","16","25","0","12","402","152","0","12","42","37","259","120","101","90","0","12","146","91","0","12","0","12","84","65","62","71","0","12","295","74","0","12","19","30","229","85","19","30","28","32",
"1400000US18097320306","Census Tract 3203.06, Marion County, Indiana","2245","244","126","91","1104","260","848","185","118","93","49","46","1244","254","114","89","1025","261","105","106","0","12","0","12","712","175","0","12","79","60","570","154","63","82","0","12","135","59","12","21","0","12","49","37","45","42","29","38","154","68","0","12","0","12","124","62","10","15","20","30",
"1400000US18097320400","Census Tract 3204, Marion County, Indiana","1461","203","48","49","649","213","557","129","118","68","89","45","633","201","48","49","548","205","30","27","0","12","7","11","530","129","0","12","90","68","367","109","44","46","29","26","54","37","0","12","11","19","14","13","29","30","0","12","244","66","0","12","0","12","146","59","45","34","53","36",
"1400000US18097320500","Census Tract 3205, Marion County, Indiana","1379","215","108","65","527","181","612","131","102","42","30","26","481","116","108","65","345","107","28","25","0","12","0","12","560","207","0","12","127","128","376","146","48","31","9","15","142","57","0","12","7","11","77","48","37","31","21","22","196","60","0","12","48","37","131","70","17","18","0","12",
"1400000US18097320600","Census Tract 3206, Marion County, Indiana","1077","93","17","21","340","76","484","91","161","77","75","48","471","98","17","21","279","77","116","68","30","42","29","34","349","87","0","12","42","38","246","73","52","32","9","13","174","75","0","12","19","21","62","42","74","60","19","29","83","78","0","12","0","12","60","64","5","9","18","21",
"1400000US18097320700","Census Tract 3207, Marion County, Indiana","1173","130","26","28","638","129","373","105","57","45","79","61","662","130","26","28","596","127","30","31","10","15","0","12","310","104","0","12","37","29","190","65","27","34","56","57","128","70","0","12","5","9","106","71","17","23","0","12","73","44","0","12","0","12","47","36","3","5","23","29",
"1400000US18097320800","Census Tract 3208, Marion County, Indiana","1178","94","22","16","210","49","619","57","265","89","62","20","254","52","13","13","155","45","80","30","6","8","0","12","541","93","7","8","40","25","332","48","138","84","24","12","134","38","1","3","10","13","62","25","40","21","21","14","249","31","1","4","5","10","145","29","81","25","17","10",
"1400000US18097320901","Census Tract 3209.01, Marion County, Indiana","2517","272","17","26","924","261","1184","282","346","205","46","35","721","217","17","26","617","216","57","58","30","46","0","17","881","186","0","17","225","154","545","150","87","64","24","27","589","261","0","17","22","29","350","183","195","191","22","36","326","117","0","17","60","87","232","117","34","46","0","17",
"1400000US18097320902","Census Tract 3209.02, Marion County, Indiana","1685","177","120","80","862","152","460","122","217","91","26","38","739","166","94","73","569","148","76","60","0","12","0","12","482","125","0","12","186","95","253","85","38","35","5","11","189","108","0","12","70","65","58","36","40","51","21","35","275","84","26","34","37","41","73","49","139","69","0","12",
"1400000US18097320903","Census Tract 3209.03, Marion County, Indiana","2020","298","105","87","1007","349","519","171","296","169","93","77","664","227","19","21","533","203","76","96","36","54","0","17","529","142","32","55","94","62","275","126","114","116","14","17","359","246","38","50","207","270","57","56","57","65","0","17","468","172","16","26","173","118","111","87","89","74","79","73",
"1400000US18097321001","Census Tract 3210.01, Marion County, Indiana","1020","193","54","55","313","178","383","120","207","130","63","41","270","165","31","48","191","159","26","36","22","27","0","12","325","109","23","32","52","56","195","111","45","47","10","28","233","115","0","12","70","75","73","55","82","71","8","15","192","109","0","12","0","12","89","42","58","95","45","32",
"1400000US18097321002","Census Tract 3210.02, Marion County, Indiana","1879","293","25","28","602","161","894","284","266","113","92","59","635","164","8","12","436","137","116","76","75","77","0","17","512","136","0","17","43","42","413","125","35","31","21","25","179","82","17","26","23","35","23","26","90","73","26","29","553","296","0","17","100","126","342","263","66","58","45","49",
"1400000US18097321100","Census Tract 3211, Marion County, Indiana","1521","182","131","59","408","96","520","85","312","148","150","66","524","85","131","59","266","87","84","44","22","18","21","31","457","96","0","12","77","47","243","59","89","52","48","48","318","148","0","12","46","36","98","46","162","143","12","13","222","60","0","12","19","25","95","40","39","23","69","34",
"1400000US18097321200","Census Tract 3212, Marion County, Indiana","2019","256","0","17","510","129","1077","198","381","226","51","48","406","117","0","17","365","112","26","29","15","24","0","17","928","172","0","17","122","70","676","164","130","117","0","17","332","168","0","17","0","17","216","156","102","56","14","23","353","196","0","17","23","37","159","64","134","184","37","44",
"1400000US18097321300","Census Tract 3213, Marion County, Indiana","1387","127","30","26","540","140","718","146","95","48","4","8","576","116","18","20","477","129","81","67","0","12","0","12","535","95","7","11","35","25","432","96","57","36","4","8","237","110","0","12","28","30","178","101","31","27","0","12","39","30","5","10","0","12","27","25","7","14","0","12",
"1400000US18097321400","Census Tract 3214, Marion County, Indiana","2496","290","121","91","969","295","1173","260","193","122","40","40","970","254","31","34","740","253","182","101","17","28","0","17","1129","258","90","88","158","97","785","230","96","102","0","17","227","121","0","17","31","38","129","87","55","56","12","20","170","54","0","17","40","39","77","41","25","29","28","34",
"1400000US18097321600","Census Tract 3216, Marion County, Indiana","2397","335","52","52","928","211","1166","382","180","102","71","45","796","214","0","17","594","190","202","134","0","17","0","17","865","294","19","31","198","133","631","257","17","28","0","17","212","112","12","20","23","32","103","88","28","50","46","44","524","241","21","35","113","102","230","231","135","84","25","32",
"1400000US18097321700","Census Tract 3217, Marion County, Indiana","2046","192","162","105","833","214","853","142","189","123","9","16","895","200","162","105","652","197","43","47","38","57","0","12","811","163","0","12","87","71","642","121","82","96","0","12","179","105","0","12","19","29","119","86","41","45","0","12","161","67","0","12","75","77","49","41","28","33","9","16",
"1400000US18097321800","Census Tract 3218, Marion County, Indiana","1428","120","0","12","497","100","796","150","117","56","18","20","377","94","0","12","351","93","19","17","7","12","0","12","678","114","0","12","137","73","474","107","60","46","7","11","160","67","0","12","9","13","120","62","31","25","0","12","213","104","0","12","0","12","183","113","19","21","11","16",
"1400000US18097321900","Census Tract 3219, Marion County, Indiana","1186","132","10","16","388","113","570","138","136","39","82","41","358","104","10","16","303","101","37","25","8","12","0","17","395","89","0","17","67","34","272","83","56","29","0","17","107","58","0","17","0","17","75","50","23","27","9","14","326","109","0","17","18","19","186","114","49","23","73","40",
"1400000US18097322000","Census Tract 3220, Marion County, Indiana","1377","283","51","36","603","139","585","278","113","60","25","26","465","103","28","25","388","94","49","46","0","12","0","12","538","269","8","13","90","56","361","266","56","38","23","26","273","109","15","23","101","71","105","67","50","45","2","4","101","44","0","12","24","26","70","32","7","13","0","12",
"1400000US18097322100","Census Tract 3221, Marion County, Indiana","950","104","89","67","243","80","435","111","116","49","67","56","205","79","41","38","164","70","0","12","0","12","0","12","217","77","7","11","28","36","146","68","28","23","8","14","234","101","9","14","34","41","139","74","52","34","0","12","294","85","32","53","17","19","150","59","36","29","59","55",
"1400000US18097322200","Census Tract 3222, Marion County, Indiana","871","106","19","22","278","74","447","91","109","46","18","13","193","67","19","22","147","63","27","24","0","12","0","12","376","79","0","12","79","37","239","75","52","32","6","10","164","61","0","12","44","31","74","43","41","30","5","8","138","36","0","12","8","11","107","37","16","15","7","9",
"1400000US18097322300","Census Tract 3223, Marion County, Indiana","997","172","15","19","161","51","686","184","105","42","30","37","175","74","0","12","139","50","36","42","0","12","0","12","480","169","15","19","17","19","397","168","21","22","30","37","211","94","0","12","5","9","151","89","55","39","0","12","131","45","0","12","0","12","102","37","29","24","0","12",
"1400000US18097322400","Census Tract 3224, Marion County, Indiana","1565","248","73","59","870","232","454","146","115","51","53","55","921","246","55","56","729","228","131","108","6","11","0","12","452","101","7","11","86","46","270","87","89","42","0","12","115","78","5","11","41","39","12","18","20","22","37","58","77","40","6","10","14","20","41","32","0","12","16","19",
"1400000US18097322500","Census Tract 3225, Marion County, Indiana","793","98","169","69","415","109","148","53","61","33","0","12","428","107","127","56","288","110","5","8","8","12","0","12","199","56","14","14","68","43","84","32","33","17","0","12","106","51","0","12","41","39","45","39","20","27","0","12","60","24","28","26","18","26","14","14","0","12","0","12",
"1400000US18097322601","Census Tract 3226.01, Marion County, Indiana","938","139","294","115","467","120","150","87","27","35","0","12","444","128","137","96","266","105","41","52","0","12","0","12","351","112","128","88","127","63","69","55","27","35","0","12","26","28","12","19","14","22","0","12","0","12","0","12","117","87","17","31","60","62","40","47","0","12","0","12",
"1400000US18097322602","Census Tract 3226.02, Marion County, Indiana","845","153","65","64","418","109","205","98","147","121","10","14","389","77","19","22","336","77","10","16","24","36","0","12","272","127","35","57","82","81","134","83","21","23","0","12","143","113","0","12","0","12","61","53","82","111","0","12","41","25","11","16","0","12","0","12","20","16","10","14",
"1400000US18097322700","Census Tract 3227, Marion County, Indiana","903","211","179","177","249","86","337","126","84","54","54","35","353","197","170","176","77","56","106","76","0","12","0","12","359","83","9","16","147","66","155","83","17","23","31","27","47","44","0","12","8","14","5","9","34","41","0","12","144","70","0","12","17","25","71","59","33","38","23","23",
"1400000US18097330103","Census Tract 3301.03, Marion County, Indiana","2214","259","56","49","1162","191","810","267","142","88","44","49","1006","165","56","49","847","176","94","92","9","16","0","12","817","254","0","12","160","93","574","239","83","71","0","12","268","112","0","12","82","63","131","81","37","43","18","25","123","79","0","12","73","68","11","23","13","23","26","42",
"1400000US18097330105","Census Tract 3301.05, Marion County, Indiana","2458","468","174","125","1140","330","903","420","217","101","24","27","1261","316","174","125","947","313","129","121","11","20","0","12","784","386","0","12","116","90","622","377","46","41","0","12","134","106","0","12","54","88","50","57","18","23","12","19","279","80","0","12","23","37","102","105","142","98","12","19",
"1400000US18097330106","Census Tract 3301.06, Marion County, Indiana","2367","283","236","153","1272","263","777","249","82","70","0","12","1358","204","189","143","1011","189","158","134","0","12","0","12","728","203","47","53","182","121","489","205","10","18","0","12","59","51","0","12","0","12","28","34","31","39","0","12","222","162","0","12","79","122","102","109","41","52","0","12",
"1400000US18097330107","Census Tract 3301.07, Marion County, Indiana","2295","270","36","41","744","273","921","143","461","147","133","99","763","259","31","37","517","249","160","88","55","66","0","17","1001","159","0","17","144","96","584","144","224","106","49","62","250","116","5","9","60","83","74","51","92","45","19","33","281","82","0","17","23","25","103","60","90","60","65","56",
"1400000US18097330108","Census Tract 3301.08, Marion County, Indiana","1601","281","0","12","250","119","989","253","183","64","179","77","396","116","0","12","193","112","170","56","24","24","9","15","662","206","0","12","52","43","454","206","71","37","85","47","145","54","0","12","0","12","117","49","28","26","0","12","398","189","0","12","5","9","248","178","60","35","85","64",
"1400000US18097330109","Census Tract 3301.09, Marion County, Indiana","2043","264","35","41","687","256","990","166","247","102","84","75","551","138","20","28","266","94","222","127","0","12","43","64","867","188","0","12","215","163","544","113","88","70","20","24","255","102","0","12","24","29","140","74","91","70","0","12","370","239","15","26","182","228","84","51","68","48","21","29",
"1400000US18097330203","Census Tract 3302.03, Marion County, Indiana","1864","169","27","32","245","120","975","214","504","164","113","69","223","98","12","20","127","92","84","56","0","17","0","17","907","170","15","25","35","31","637","158","191","91","29","26","238","111","0","17","22","33","95","87","78","61","43","44","496","128","0","17","61","77","159","83","235","118","41","47",
"1400000US18097330204","Census Tract 3302.04, Marion County, Indiana","2125","286","10","17","301","110","973","185","560","297","281","146","238","142","10","17","173","104","55","88","0","17","0","17","960","309","0","17","62","46","534","150","298","280","66","65","345","162","0","17","66","63","197","128","67","63","15","28","582","123","0","17","0","17","187","110","195","105","200","120",
"1400000US18097330206","Census Tract 3302.06, Marion County, Indiana","1840","239","23","36","338","109","706","140","644","249","129","60","373","115","23","36","255","90","38","33","57","67","0","17","598","160","0","17","35","27","382","111","173","111","8","13","311","81","0","17","48","48","122","47","101","61","40","28","558","210","0","17","0","17","164","62","313","226","81","53",
"1400000US18097330208","Census Tract 3302.08, Marion County, Indiana","1265","198","11","16","413","138","555","168","181","58","105","58","369","133","0","12","344","134","19","21","6","10","0","12","488","164","0","12","65","42","380","159","43","36","0","12","168","67","11","16","0","12","47","46","81","44","29","27","240","71","0","12","4","9","109","55","51","24","76","58",
"1400000US18097330210","Census Tract 3302.10, Marion County, Indiana","2171","331","149","128","479","165","1284","355","148","112","111","99","407","165","26","42","216","129","116","127","49","53","0","17","661","315","65","91","139","103","420","271","0","17","37","62","346","166","0","17","33","46","232","149","81","74","0","17","757","278","58","72","91","108","516","261","18","35","74","69",
"1400000US18097330211","Census Tract 3302.11, Marion County, Indiana","1898","156","395","198","909","254","434","192","129","100","31","51","771","225","316","187","418","172","37","46","0","17","0","17","447","234","74","78","236","182","116","80","21","36","0","17","237","158","0","17","192","151","45","55","0","17","0","17","443","175","5","13","63","69","236","166","108","107","31","51",
"1400000US18097330212","Census Tract 3302.12, Marion County, Indiana","1743","300","163","121","303","121","723","270","486","159","68","54","269","129","38","60","213","118","0","17","18","31","0","17","629","249","0","17","72","54","483","245","74","69","0","17","298","202","52","85","18","31","100","118","128","98","0","17","547","148","73","50","0","17","140","84","266","107","68","54",
"1400000US18097330213","Census Tract 3302.13, Marion County, Indiana","1564","333","17","36","456","347","744","135","210","112","137","89","320","134","17","36","194","89","92","81","17","29","0","12","574","119","0","12","36","35","471","120","52","48","15","25","434","317","0","12","226","327","81","70","62","62","65","79","236","98","0","12","0","12","100","58","79","82","57","47",
"1400000US18097330401","Census Tract 3304.01, Marion County, Indiana","2121","212","0","17","560","178","1093","196","343","134","125","111","328","149","0","17","243","140","85","68","0","17","0","17","1133","252","0","17","245","165","611","170","261","118","16","27","235","111","0","17","72","72","89","70","50","42","24","31","425","149","0","17","0","17","308","110","32","37","85","103",
"1400000US18097330500","Census Tract 3305, Marion County, Indiana","2652","347","96","107","1254","295","660","175","473","293","169","123","1058","293","79","103","875","287","40","38","6","11","58","63","946","215","17","27","141","102","490","174","210","123","88","96","282","158","0","17","199","144","45","50","38","35","0","17","366","263","0","17","39","54","85","85","219","249","23","29",
"1400000US18097330600","Census Tract 3306, Marion County, Indiana","2389","547","452","503","783","205","840","268","256","121","58","64","940","518","423","501","364","180","153","113","0","17","0","17","645","237","16","30","150","81","451","219","28","47","0","17","345","157","13","25","66","70","86","100","151","107","29","47","459","170","0","17","203","139","150","105","77","66","29","44",
"1400000US18097330701","Census Tract 3307.01, Marion County, Indiana","1010","311","80","85","502","315","265","130","163","127","0","12","281","122","80","85","121","85","80","89","0","12","0","12","500","322","0","12","365","302","88","52","47","68","0","12","136","127","0","12","16","43","50","60","70","104","0","12","93","74","0","12","0","12","47","35","46","48","0","12",
"1400000US18097330702","Census Tract 3307.02, Marion County, Indiana","1529","176","27","44","510","176","590","184","378","162","24","45","605","188","27","44","410","171","91","89","77","94","0","12","391","138","0","12","25","39","342","142","24","36","0","12","206","105","0","12","75","70","103","83","28","52","0","12","327","154","0","12","0","12","54","75","249","132","24","45",
"1400000US18097330803","Census Tract 3308.03, Marion County, Indiana","1400","334","164","92","807","327","339","130","57","51","33","36","700","300","112","84","543","310","45","52","0","12","0","12","262","138","52","53","137","106","60","54","6","11","7","13","101","68","0","12","0","12","81","65","20","28","0","12","337","122","0","12","127","105","153","89","31","41","26","34",
"1400000US18097330804","Census Tract 3308.04, Marion County, Indiana","1218","223","184","101","518","151","262","102","199","180","55","47","498","169","166","101","275","129","44","46","13","21","0","12","228","99","18","20","134","88","67","43","9","18","0","12","264","202","0","12","35","57","102","73","127","174","0","12","228","107","0","12","74","78","49","67","50","45","55","47",
"1400000US18097330805","Census Tract 3308.05, Marion County, Indiana","1046","152","163","86","576","146","184","85","115","66","8","15","527","155","101","61","321","141","54","43","51","46","0","12","316","121","47","54","151","93","81","57","37","42","0","12","90","58","0","12","58","48","32","31","0","12","0","12","113","59","15","22","46","35","17","28","27","30","8","15",
"1400000US18097330806","Census Tract 3308.06, Marion County, Indiana","1538","278","264","122","862","266","172","87","205","89","35","39","615","236","120","92","468","213","17","31","10","17","0","12","282","112","29","48","143","98","54","40","56","50","0","12","181","95","10","16","68","52","44","50","51","55","8","14","460","189","105","64","183","156","57","56","88","72","27","33",
"1400000US18097330900","Census Tract 3309, Marion County, Indiana","2685","463","623","327","702","240","1106","369","218","165","36","39","962","387","496","326","287","132","174","124","0","17","5","11","1039","346","91","75","313","198","606","341","13","21","16","26","352","185","36","59","102","115","85","71","129","148","0","17","332","146","0","17","0","17","241","141","76","79","15","25",
"1400000US18097331000","Census Tract 3310, Marion County, Indiana","1532","236","132","79","627","262","568","139","137","69","68","50","662","197","107","69","341","159","195","104","19","29","0","12","409","119","25","34","70","53","197","96","68","59","49","41","225","96","0","12","76","61","104","76","45","31","0","12","236","210","0","12","140","190","72","48","5","17","19","26",
"1400000US18097340101","Census Tract 3401.01, Marion County, Indiana","1909","307","54","42","554","208","818","238","254","90","229","90","518","228","32","24","311","124","167","191","8","13","0","12","680","218","22","34","206","184","341","123","79","48","32","31","338","95","0","12","25","27","185","72","102","68","26","27","373","120","0","12","12","20","125","92","65","44","171","89",
"1400000US18097340102","Census Tract 3401.02, Marion County, Indiana","1765","211","303","133","1110","218","265","119","87","46","0","12","935","183","193","102","716","163","26","22","0","12","0","12","508","143","75","74","224","101","157","103","52","34","0","12","214","103","7","12","158","96","41","32","8","14","0","12","108","65","28","45","12","20","41","42","27","25","0","12",
"1400000US18097340108","Census Tract 3401.08, Marion County, Indiana","1151","179","133","76","451","123","522","194","37","21","8","13","407","102","95","69","266","94","40","33","6","10","0","12","333","95","38","31","72","53","191","71","24","18","8","13","200","87","0","12","80","65","120","67","0","12","0","12","211","160","0","12","33","35","171","159","7","11","0","12",
"1400000US18097340111","Census Tract 3401.11, Marion County, Indiana","952","98","0","12","229","75","529","121","72","54","122","45","176","93","0","12","92","52","84","74","0","12","0","12","287","86","0","12","92","56","189","74","0","12","6","12","150","78","0","12","37","39","99","62","14","22","0","12","339","76","0","12","8","17","157","71","58","48","116","43",
"1400000US18097340112","Census Tract 3401.12, Marion County, Indiana","2204","224","141","116","1348","211","520","153","146","132","49","49","1214","218","141","116","987","199","69","80","17","25","0","12","559","179","0","12","159","88","323","123","77","105","0","12","282","149","0","12","193","130","76","71","10","12","3","5","149","70","0","12","9","15","52","55","42","65","46","49",
"1400000US18097340113","Census Tract 3401.13, Marion County, Indiana","1622","188","225","208","578","112","488","135","232","97","99","97","641","209","216","207","399","88","26","26","0","12","0","12","339","91","9","15","113","53","166","58","39","43","12","15","251","139","0","12","36","58","60","56","92","55","63","92","391","101","0","12","30","32","236","113","101","78","24","18",
"1400000US18097340114","Census Tract 3401.14, Marion County, Indiana","1655","166","42","43","469","87","773","175","307","88","64","36","377","80","42","43","264","67","58","39","13","13","0","12","597","139","0","12","101","54","372","123","108","53","16","17","365","108","0","12","50","36","177","96","122","54","16","22","316","89","0","12","54","42","166","74","64","42","32","26",
"1400000US18097340115","Census Tract 3401.15, Marion County, Indiana","2790","277","246","148","1675","300","707","214","118","61","44","37","1475","291","147","105","1245","269","62","50","21","27","0","17","744","236","88","107","341","203","305","105","4","6","6","9","312","166","0","17","63","64","183","145","55","42","11","13","259","140","11","18","26","26","157","131","38","37","27","31",
"1400000US18097340201","Census Tract 3402.01, Marion County, Indiana","1187","184","0","12","395","101","492","134","200","162","100","87","187","69","0","12","141","52","46","36","0","12","0","12","305","127","0","12","118","89","134","76","23","23","30","46","191","78","0","12","103","70","57","50","11","18","20","27","504","191","0","12","33","35","255","120","166","155","50","68",
"1400000US18097340202","Census Tract 3402.02, Marion County, Indiana","1927","169","222","124","904","183","619","134","112","58","70","44","643","156","104","80","460","139","79","67","0","12","0","12","598","170","41","53","245","132","246","86","56","40","10","15","390","148","77","77","119","122","143","89","18","19","33","30","296","104","0","12","80","54","151","76","38","36","27","29",
"1400000US18097340301","Census Tract 3403.01, Marion County, Indiana","1077","325","23","37","498","334","314","122","147","106","95","86","202","91","0","12","189","89","0","12","13","21","0","12","210","108","0","12","76","76","99","97","0","12","35","55","263","313","23","37","193","304","47","66","0","12","0","12","402","105","0","12","40","56","168","93","134","101","60","76",
"1400000US18097340302","Census Tract 3403.02, Marion County, Indiana","1728","297","181","142","902","221","458","293","86","93","101","97","594","211","36","60","526","217","32","63","0","12","0","12","581","303","110","118","112","91","314","283","45","58","0","12","238","132","0","12","173","87","43","66","22","41","0","12","315","156","35","49","91","110","69","82","19","51","101","97",
"1400000US18097340400","Census Tract 3404, Marion County, Indiana","1269","205","189","117","403","137","362","172","147","83","168","147","310","126","19","30","144","88","82","57","0","12","65","79","395","174","29","42","123","79","104","89","70","60","69","118","140","82","0","12","81","78","33","37","6","10","20","29","424","122","141","109","55","44","143","102","71","63","14","22",
"1400000US18097340500","Census Tract 3405, Marion County, Indiana","2112","374","104","81","1300","405","496","268","97","75","115","85","746","338","42","40","686","338","18","21","0","17","0","17","715","293","9","19","408","213","298","237","0","17","0","17","247","112","37","52","25","38","54","62","79","70","52","55","404","158","16","31","181","96","126","133","18","25","63","59",
"1400000US18097340600","Census Tract 3406, Marion County, Indiana","1754","185","141","81","471","123","710","193","307","133","125","87","446","126","56","60","209","93","76","67","95","75","10","16","578","153","11","16","171","101","311","97","50","45","35","48","223","89","59","40","15","25","99","88","11","19","39","33","507","169","15","23","76","57","224","149","151","100","41","65",
"1400000US18097340700","Census Tract 3407, Marion County, Indiana","1442","197","225","159","546","175","428","156","141","94","102","121","559","184","154","136","281","129","112","79","12","18","0","12","293","105","48","56","111","70","122","68","12","19","0","12","196","114","23","34","46","73","16","28","98","87","13","22","394","101","0","12","108","89","178","135","19","35","89","116",
"1400000US18097340800","Census Tract 3408, Marion County, Indiana","776","117","15","12","271","72","271","93","152","53","67","40","288","79","12","9","208","65","35","28","33","37","0","12","252","77","3","6","54","28","140","74","39","25","16","22","69","33","0","12","0","12","20","19","37","23","12","13","167","45","0","12","9","13","76","49","43","26","39","30",
"1400000US18097340901","Census Tract 3409.01, Marion County, Indiana","1292","127","20","27","289","106","585","133","222","98","176","102","276","90","0","12","217","78","59","48","0","12","0","12","358","103","20","27","69","70","203","91","40","40","26","35","207","70","0","12","3","11","111","66","77","55","16","26","451","113","0","12","0","12","212","62","105","84","134","87",
"1400000US18097340903","Census Tract 3409.03, Marion County, Indiana","1012","213","86","138","687","202","187","155","52","78","0","12","609","249","86","138","523","213","0","12","0","12","0","12","366","187","0","12","148","119","166","153","52","78","0","12","26","30","0","12","12","19","14","24","0","12","0","12","11","25","0","12","4","16","7","14","0","12","0","12",
"1400000US18097340904","Census Tract 3409.04, Marion County, Indiana","2406","259","135","96","1504","295","581","176","186","94","0","12","1383","295","135","96","1183","314","46","51","19","31","0","12","449","190","0","12","245","142","168","99","36","49","0","12","366","151","0","12","55","63","215","130","96","68","0","12","208","122","0","12","21","44","152","126","35","42","0","12",
"1400000US18097341000","Census Tract 3410, Marion County, Indiana","801","99","28","28","273","88","381","85","83","36","36","24","296","79","28","28","185","61","68","34","15","11","0","12","267","81","0","12","79","58","145","55","32","22","11","12","128","58","0","12","0","12","86","50","36","25","6","9","110","35","0","12","9","13","82","34","0","12","19","18",
"1400000US18097341100","Census Tract 3411, Marion County, Indiana","754","89","74","43","235","86","363","92","46","48","36","30","227","83","34","28","139","71","54","46","0","12","0","12","282","87","31","27","68","48","157","67","16","18","10","11","79","41","0","12","0","12","79","41","0","12","0","12","166","64","9","12","28","41","73","63","30","43","26","29",
"1400000US18097341200","Census Tract 3412, Marion County, Indiana","784","180","142","62","305","106","210","99","115","119","12","17","255","101","67","38","161","93","27","32","0","12","0","12","250","132","31","27","91","58","28","21","100","118","0","12","49","43","0","12","23","35","15","16","11","17","0","12","230","100","44","38","30","48","140","94","4","8","12","17",
"1400000US18097341600","Census Tract 3416, Marion County, Indiana","860","198","291","164","373","106","109","50","56","61","31","38","521","181","257","157","240","86","24","20","0","12","0","12","65","47","28","38","22","23","15","15","0","12","0","12","139","71","6","8","70","58","34","36","29","46","0","12","135","61","0","12","41","41","36","22","27","37","31","38",
"1400000US18097341701","Census Tract 3417.01, Marion County, Indiana","887","135","99","67","285","108","376","120","83","62","44","50","363","129","70","62","165","89","100","80","0","12","28","45","270","105","29","36","64","53","168","89","9","14","0","12","87","58","0","12","17","25","19","22","45","47","6","10","167","78","0","12","39","55","89","56","29","32","10","17",
"1400000US18097341702","Census Tract 3417.02, Marion County, Indiana","827","214","0","12","567","237","209","92","37","36","14","23","204","126","0","12","186","122","18","31","0","12","0","12","207","90","0","12","106","89","89","48","12","19","0","12","158","60","0","12","62","35","71","33","25","33","0","12","258","204","0","12","213","198","31","41","0","12","14","23",
"1400000US18097341902","Census Tract 3419.02, Marion County, Indiana","1589","222","85","48","689","223","526","123","251","113","38","30","655","186","77","47","519","190","19","20","29","44","11","16","425","126","0","12","125","109","270","77","30","28","0","12","215","92","0","12","25","24","133","80","57","48","0","12","294","107","8","12","20","22","104","76","135","85","27","25",
"1400000US18097341903","Census Tract 3419.03, Marion County, Indiana","2065","247","250","165","1119","300","520","187","80","75","96","50","651","252","142","138","427","231","82","64","0","17","0","17","659","243","63","102","334","195","236","144","21","35","5","9","185","133","0","17","75","86","72","80","30","54","8","14","570","209","45","56","283","165","130","111","29","43","83","49",
"1400000US18097341904","Census Tract 3419.04, Marion County, Indiana","927","73","101","56","351","76","323","87","132","59","20","24","285","59","83","52","136","54","34","27","32","34","0","12","349","86","6","8","118","65","166","55","53","36","6","9","77","41","0","12","21","30","35","20","7","10","14","22","216","77","12","20","76","44","88","51","40","38","0","12",
"1400000US18097342000","Census Tract 3420, Marion County, Indiana","2134","306","20","33","437","171","804","208","773","276","100","97","375","153","20","33","225","105","130","102","0","17","0","17","573","196","0","17","81","74","193","93","299","189","0","17","509","216","0","17","96","131","271","154","114","82","28","39","677","238","0","17","35","60","210","112","360","235","72","91",
"1400000US18097342101","Census Tract 3421.01, Marion County, Indiana","2095","290","55","31","578","163","1050","321","302","133","110","92","519","163","35","27","297","118","187","144","0","17","0","17","727","265","20","16","176","139","509","246","22","21","0","17","357","150","0","17","69","83","115","84","109","74","64","70","492","100","0","17","36","46","239","115","171","109","46","56",
"1400000US18097342200","Census Tract 3422, Marion County, Indiana","1762","286","123","125","885","325","467","231","182","120","105","67","325","130","0","17","305","128","20","27","0","17","0","17","537","212","37","39","110","82","306","182","84","84","0","17","468","296","0","17","333","275","100","100","35","43","0","17","432","144","86","118","137","156","41","41","63","69","105","67",
"1400000US18097342300","Census Tract 3423, Marion County, Indiana","2355","306","186","115","1156","296","577","250","309","154","127","94","589","209","73","68","409","198","28","35","65","71","14","23","812","279","94","86","372","189","307","206","39","47","0","17","344","239","0","17","212","211","107","90","25","32","0","17","610","171","19","32","163","125","135","110","180","140","113","95",
"1400000US18097342400","Census Tract 3424, Marion County, Indiana","524","88","20","18","136","60","213","78","68","35","87","45","90","47","14","16","26","17","25","19","0","12","25","33","207","89","0","12","52","40","136","77","16","15","3","5","96","42","6","9","34","28","8","14","16","18","32","29","131","51","0","12","24","32","44","34","36","25","27","24",
"1400000US18097342500","Census Tract 3425, Marion County, Indiana","1718","206","104","82","584","162","667","184","310","117","53","42","464","97","65","66","225","83","91","51","83","58","0","17","510","175","0","17","145","100","285","128","80","50","0","17","300","128","0","17","79","48","74","68","122","87","25","30","444","158","39","58","135","128","217","108","25","29","28","28",
"1400000US18097342600","Census Tract 3426, Marion County, Indiana","1170","254","139","79","326","100","638","249","20","32","47","49","373","235","83","66","113","67","177","230","0","12","0","12","301","90","12","19","121","63","163","72","0","12","5","12","183","109","0","12","26","28","139","93","0","12","18","28","313","84","44","55","66","58","159","88","20","32","24","38",
"1400000US18097350100","Census Tract 3501, Marion County, Indiana","550","122","55","47","235","96","233","106","24","24","3","13","221","88","33","30","111","74","67","45","10","15","0","12","192","68","22","30","79","59","91","50","0","12","0","12","98","84","0","12","45","33","50","74","0","12","3","13","39","36","0","12","0","12","25","29","14","20","0","12",
"1400000US18097350300","Census Tract 3503, Marion County, Indiana","1520","251","577","217","782","250","144","56","17","21","0","12","859","227","426","186","417","193","16","26","0","12","0","12","489","189","151","130","210","126","111","49","17","21","0","12","24","36","0","12","16","34","8","14","0","12","0","12","148","116","0","12","139","114","9","15","0","12","0","12",
"1400000US18097350400","Census Tract 3504, Marion County, Indiana","1097","136","165","94","527","154","356","102","38","37","11","18","512","142","83","61","367","149","62","45","0","12","0","12","379","107","82","69","78","51","199","77","9","13","11","18","81","63","0","12","38","47","34","37","9","16","0","12","125","65","0","12","44","50","61","50","20","30","0","12",
"1400000US18097350500","Census Tract 3505, Marion County, Indiana","1006","161","100","66","529","153","272","103","59","48","46","42","548","158","71","60","379","147","84","42","14","22","0","12","216","78","21","24","55","52","121","56","10","12","9","11","55","45","0","12","15","22","11","14","29","36","0","12","187","102","8","12","80","54","56","69","6","10","37","41",
"1400000US18097350600","Census Tract 3506, Marion County, Indiana","2296","338","537","265","940","301","461","166","337","186","21","33","1117","320","370","246","588","266","91","77","68","78","0","17","488","182","74","72","255","123","82","51","77","71","0","17","395","181","47","64","67","68","112","89","169","148","0","17","296","158","46","62","30","36","176","125","23","41","21","33",
"1400000US18097350700","Census Tract 3507, Marion County, Indiana","776","206","88","60","428","199","198","67","21","24","41","36","439","199","58","46","292","187","79","36","0","12","10","16","159","63","5","7","99","52","39","37","16","22","0","12","123","65","4","8","37","40","51","40","0","12","31","32","55","33","21","31","0","12","29","24","5","9","0","12",
"1400000US18097350800","Census Tract 3508, Marion County, Indiana","787","105","154","71","426","98","178","77","29","36","0","12","423","105","97","61","228","92","98","62","0","12","0","12","177","77","26","27","95","57","34","35","22","34","0","12","101","47","9","14","77","42","15","24","0","12","0","12","86","38","22","21","26","29","31","31","7","13","0","12",
"1400000US18097350900","Census Tract 3509, Marion County, Indiana","677","106","113","54","199","70","288","92","66","44","11","15","329","70","113","54","139","64","47","34","30","29","0","12","151","82","0","12","11","17","140","81","0","12","0","12","67","40","0","12","21","24","37","29","9","12","0","12","130","55","0","12","28","25","64","37","27","31","11","15",
"1400000US18097351000","Census Tract 3510, Marion County, Indiana","1072","298","135","78","573","287","233","92","109","79","22","32","669","297","126","77","450","288","34","38","59","64","0","12","120","68","0","12","66","55","45","35","9","15","0","12","115","70","9","14","0","12","92","62","14","22","0","12","168","82","0","12","57","47","62","72","27","30","22","32",
"1400000US18097351200","Census Tract 3512, Marion County, Indiana","1060","209","197","89","530","153","310","189","16","17","7","12","435","140","121","61","264","122","41","40","9","14","0","12","391","187","0","12","173","78","204","179","7","11","7","12","117","59","47","54","63","53","7","10","0","12","0","12","117","67","29","35","30","28","58","50","0","12","0","12",
"1400000US18097351500","Census Tract 3515, Marion County, Indiana","894","218","80","48","585","206","199","86","12","13","18","28","569","208","40","33","511","203","18","26","0","12","0","12","214","77","21","21","39","22","136","72","0","12","18","28","53","40","19","29","11","17","15","17","8","12","0","12","58","44","0","12","24","36","30","30","4","7","0","12",
"1400000US18097351600","Census Tract 3516, Marion County, Indiana","1221","153","61","58","540","122","419","111","187","116","14","18","535","99","61","58","408","110","55","35","11","18","0","12","365","107","0","12","94","59","249","89","22","39","0","12","174","74","0","12","38","37","68","38","68","56","0","12","147","89","0","12","0","12","47","25","86","85","14","18",
"1400000US18097351700","Census Tract 3517, Marion County, Indiana","1029","167","149","89","286","126","460","129","70","50","64","61","240","89","112","59","119","72","0","12","0","12","9","14","611","136","37","55","143","107","341","125","41","45","49","57","85","71","0","12","16","24","62","62","7","12","0","12","93","49","0","12","8","14","57","45","22","26","6","8",
"1400000US18097351900","Census Tract 3519, Marion County, Indiana","1056","169","251","137","479","147","241","72","59","49","26","29","483","158","207","132","223","107","32","38","4","6","17","26","315","100","17","19","184","83","108","58","6","9","0","12","154","76","27","29","72","59","32","32","23","35","0","12","104","54","0","12","0","12","69","48","26","34","9","11",
"1400000US18097352100","Census Tract 3521, Marion County, Indiana","789","126","184","137","276","73","233","79","61","40","35","34","336","98","93","63","98","43","94","50","22","21","29","34","265","116","91","111","102","46","72","45","0","12","0","12","77","48","0","12","41","34","4","8","32","33","0","12","111","58","0","12","35","32","63","55","7","13","6","10",
"1400000US18097352300","Census Tract 3523, Marion County, Indiana","578","103","46","52","332","89","171","83","29","26","0","12","298","84","46","52","172","65","60","55","20","24","0","12","130","52","0","12","95","47","29","25","6","9","0","12","110","70","0","12","43","37","67","64","0","12","0","12","40","27","0","12","22","22","15","16","3","6","0","12",
"1400000US18097352400","Census Tract 3524, Marion County, Indiana","1319","117","199","113","625","170","326","132","141","63","28","36","626","160","106","70","413","154","93","80","14","30","0","12","260","85","0","12","145","63","71","55","44","46","0","12","151","81","10","15","67","69","38","34","14","17","22","33","282","131","83","100","0","12","124","96","69","57","6","11",
"1400000US18097352500","Census Tract 3525, Marion County, Indiana","1643","308","391","271","712","157","386","128","84","56","70","47","918","287","310","269","519","152","68","56","0","12","21","32","460","135","49","50","129","66","218","106","58","49","6","11","145","82","32","51","64","46","22","22","18","22","9","15","120","65","0","12","0","12","78","59","8","15","34","30",
"1400000US18097352600","Census Tract 3526, Marion County, Indiana","1410","250","74","55","685","241","401","138","240","90","10","16","565","214","37","43","364","196","130","84","34","27","0","12","391","158","37","34","162","140","128","67","64","43","0","12","146","79","0","12","50","47","66","56","30","33","0","12","308","86","0","12","109","68","77","68","112","64","10","16",
"1400000US18097352700","Census Tract 3527, Marion County, Indiana","920","138","182","132","213","106","428","175","97","81","0","12","366","162","129","120","114","80","123","129","0","12","0","12","364","116","51","72","65","48","171","110","77","77","0","12","33","64","2","46","0","12","27","44","4","10","0","12","157","80","0","12","34","36","107","104","16","23","0","12",
"1400000US18097352800","Census Tract 3528, Marion County, Indiana","573","94","163","87","271","89","103","59","36","20","0","12","265","98","95","75","104","52","66","56","0","12","0","12","186","78","35","37","106","72","31","22","14","15","0","12","80","49","21","34","31","35","6","11","22","19","0","12","42","40","12","19","30","36","0","12","0","12","0","12",
"1400000US18097353300","Census Tract 3533, Marion County, Indiana","1457","179","224","82","823","175","335","108","60","45","15","20","948","167","224","82","697","157","27","34","0","12","0","12","394","117","0","12","106","75","272","98","12","19","4","7","33","34","0","12","0","12","13","23","9","19","11","19","82","38","0","12","20","34","23","33","39","33","0","12",
"1400000US18097353500","Census Tract 3535, Marion County, Indiana","1192","235","296","161","508","152","285","150","82","113","21","30","534","186","238","160","289","116","7","12","0","12","0","12","497","203","45","46","197","114","255","146","0","12","0","12","124","107","13","20","22","29","7","10","82","113","0","12","37","38","0","12","0","12","16","24","0","12","21","30",
"1400000US18097353600","Census Tract 3536, Marion County, Indiana","1298","194","215","119","669","140","249","82","45","37","120","108","488","148","64","41","424","143","0","12","0","12","0","12","406","94","68","58","170","74","149","63","19","22","0","12","83","44","0","12","29","21","44","43","8","8","2","6","321","164","83","100","46","45","56","35","18","28","118","107",
"1400000US18097354201","Census Tract 3542.01, Marion County, Indiana","2476","278","332","171","1146","245","843","222","108","150","47","46","1516","286","307","170","956","244","157","119","96","152","0","17","819","219","25","42","174","87","573","201","0","17","47","46","52","50","0","17","16","27","36","44","0","17","0","17","89","103","0","17","0","17","77","92","12","25","0","17",
"1400000US18097354202","Census Tract 3542.02, Marion County, Indiana","2265","290","265","119","1198","256","671","191","114","87","17","28","1519","243","247","119","1103","264","97","79","55","61","17","28","621","169","18","29","95","60","459","142","49","57","0","12","108","142","0","12","0","12","98","142","10","22","0","12","17","28","0","12","0","12","17","28","0","12","0","12",
"1400000US18097354400","Census Tract 3544, Marion County, Indiana","719","146","110","56","234","60","320","129","48","22","7","10","308","70","80","47","177","54","29","27","15","13","7","10","300","136","30","25","47","27","205","126","18","17","0","12","67","31","0","12","10","12","48","31","9","11","0","12","44","25","0","12","0","12","38","23","6","8","0","12",
"1400000US18097354500","Census Tract 3545, Marion County, Indiana","991","165","187","61","471","162","242","59","86","47","5","6","487","90","172","61","297","85","18","16","0","12","0","12","252","148","0","12","127","140","119","45","4","6","2","4","116","51","15","21","1","3","34","32","66","41","0","12","136","52","0","12","46","38","71","36","16","14","3","4",
"1400000US18097354700","Census Tract 3547, Marion County, Indiana","681","141","85","46","381","159","168","55","30","26","17","19","356","149","85","46","243","151","28","27","0","12","0","12","163","61","0","12","93","56","70","39","0","12","0","12","72","44","0","12","22","30","30","24","20","20","0","12","90","37","0","12","23","17","40","28","10","16","17","19",
"1400000US18097354800","Census Tract 3548, Marion County, Indiana","552","109","54","31","218","100","214","61","24","22","42","39","176","62","45","28","47","30","64","47","0","12","20","28","141","64","7","11","48","28","75","53","11","18","0","12","114","66","0","12","76","55","25","25","13","14","0","12","121","80","2","18","47","62","50","38","0","12","22","26",
"1400000US18097354900","Census Tract 3549, Marion County, Indiana","1390","252","340","182","616","205","352","92","82","45","0","12","880","245","268","179","458","195","147","57","7","11","0","12","292","75","45","45","90","57","111","57","46","35","0","12","135","67","24","19","35","40","61","47","15","15","0","12","83","48","3","6","33","27","33","30","14","23","0","12",
"1400000US18097355000","Census Tract 3550, Marion County, Indiana","788","133","221","98","283","94","178","62","92","62","14","16","309","97","171","93","116","52","22","24","0","12","0","12","186","94","0","12","85","54","68","45","33","30","0","12","120","65","25","31","50","39","5","8","40","45","0","12","173","76","25","25","32","54","83","37","19","26","14","16",
"1400000US18097355100","Census Tract 3551, Marion County, Indiana","959","382","412","388","315","80","184","63","20","24","28","26","573","389","353","383","146","61","54","39","20","24","0","12","178","50","23","18","78","39","65","37","0","12","12","17","95","53","14","21","52","43","18","18","0","12","11","19","113","59","22","27","39","32","47","36","0","12","5","8",
"1400000US18097355300","Census Tract 3553, Marion County, Indiana","1187","154","147","91","575","141","384","151","65","55","16","26","529","149","48","45","448","136","17","24","0","12","16","26","496","149","48","58","110","81","314","139","24","26","0","12","48","58","36","55","0","12","12","19","0","12","0","12","114","60","15","21","17","22","41","41","41","47","0","12",
"1400000US18097355400","Census Tract 3554, Marion County, Indiana","1453","302","423","189","689","274","270","117","8","15","63","51","896","281","351","164","500","261","45","53","0","12","0","12","281","141","42","54","95","99","138","84","0","12","6","10","126","68","30","37","6","10","42","45","8","15","40","46","150","61","0","12","88","60","45","35","0","12","17","24",
"1400000US18097355500","Census Tract 3555, Marion County, Indiana","1491","187","139","95","525","139","698","214","114","77","15","25","559","127","125","92","341","110","55","81","38","39","0","12","391","119","14","23","141","74","191","100","45","45","0","12","280","149","0","12","43","55","222","142","0","12","15","25","261","130","0","12","0","12","230","126","31","39","0","12",
"1400000US18097355600","Census Tract 3556, Marion County, Indiana","878","95","136","74","426","95","147","66","127","79","42","38","417","79","121","71","256","77","36","40","0","12","4","6","196","61","15","13","97","45","83","44","0","12","1","2","65","49","0","12","30","29","5","8","30","40","0","12","200","82","0","12","43","39","23","22","97","67","37","39",
"1400000US18097355700","Census Tract 3557, Marion County, Indiana","915","147","164","66","333","82","306","137","106","49","6","10","382","107","132","55","166","73","71","64","13","20","0","12","331","131","12","14","133","56","131","110","49","40","6","10","140","65","20","29","34","34","51","43","35","33","0","12","62","51","0","12","0","12","53","47","9","15","0","12",
"1400000US18097355900","Census Tract 3559, Marion County, Indiana","945","172","50","39","442","142","300","88","109","43","44","32","330","108","43","37","284","103","3","5","0","12","0","12","425","138","4","9","154","103","232","82","26","28","9","12","126","49","3","6","0","12","47","33","66","31","10","16","64","35","0","12","4","7","18","18","17","19","25","28",
"1400000US18097356200","Census Tract 3562, Marion County, Indiana","1104","110","99","73","586","91","359","75","55","25","5","8","607","116","91","73","501","95","15","14","0","12","0","12","381","84","8","11","69","34","286","68","18","20","0","12","91","36","0","12","10","12","45","28","31","19","5","8","25","14","0","12","6","7","13","13","6","10","0","12",
"1400000US18097356400","Census Tract 3564, Marion County, Indiana","1555","247","104","65","926","240","378","127","93","63","54","49","511","161","53","42","458","161","0","12","0","12","0","12","589","213","0","12","290","178","271","117","0","12","28","43","239","118","40","50","148","100","11","16","32","33","8","12","216","72","11","17","30","30","96","61","61","53","18","22",
"1400000US18097356900","Census Tract 3569, Marion County, Indiana","870","144","152","62","356","105","281","131","56","29","25","18","392","98","130","55","255","93","0","12","0","12","7","11","291","119","7","10","31","26","231","122","16","15","6","10","124","44","0","12","53","32","31","31","40","26","0","12","63","26","15","19","17","17","19","20","0","12","12","16",
"1400000US18097357000","Census Tract 3570, Marion County, Indiana","817","179","79","71","374","159","276","74","50","30","38","30","250","85","42","60","188","58","20","18","0","12","0","12","403","165","31","34","128","138","210","70","24","21","10","11","86","50","6","10","39","32","22","23","19","18","0","12","78","45","0","12","19","21","24","20","7","13","28","29",
"1400000US18097357100","Census Tract 3571, Marion County, Indiana","954","163","38","21","483","114","331","76","86","83","16","14","353","102","22","16","318","104","9","10","0","12","4","7","429","116","11","12","144","54","203","66","71","82","0","12","115","51","5","7","0","12","101","51","9","11","0","12","57","31","0","12","21","22","18","17","6","11","12","13",
"1400000US18097357200","Census Tract 3572, Marion County, Indiana","970","150","75","62","425","121","333","112","43","33","94","76","340","133","51","57","231","87","40","51","18","22","0","12","401","145","13","23","120","86","250","106","0","12","18","24","74","48","0","12","27","32","9","15","20","23","18","25","155","80","11","17","47","38","34","41","5","11","58","68",
"1400000US18097357300","Census Tract 3573, Marion County, Indiana","893","186","308","110","266","104","246","153","21","28","52","37","423","112","308","110","95","44","20","26","0","12","0","12","248","153","0","12","58","48","176","137","7","11","7","12","26","25","0","12","10","20","0","12","0","12","16","21","196","52","0","12","103","74","50","83","14","27","29","39",
"1400000US18097357400","Census Tract 3574, Marion County, Indiana","1677","225","375","178","546","179","537","165","116","78","103","75","532","136","141","87","245","96","123","78","23","25","0","17","466","179","156","145","118","89","127","75","23","26","42","52","244","138","46","56","126","127","56","43","11","18","5","7","435","150","32","53","57","68","231","128","59","61","56","58",
"1400000US18097357500","Census Tract 3575, Marion County, Indiana","1280","153","48","32","457","110","527","123","194","80","54","45","324","113","41","31","189","70","94","68","0","12","0","12","327","114","7","11","138","77","157","64","25","23","0","12","343","95","0","12","48","37","151","63","144","73","0","12","286","89","0","12","82","90","125","63","25","29","54","45",
"1400000US18097357601","Census Tract 3576.01, Marion County, Indiana","1855","283","78","75","640","201","730","270","351","234","56","45","543","178","78","75","438","169","13","29","0","17","14","22","528","257","0","17","94","92","245","146","189","205","0","17","342","151","0","17","66","53","96","76","138","117","42","43","442","211","0","17","42","69","376","226","24","35","0","17",
"1400000US18097357602","Census Tract 3576.02, Marion County, Indiana","485","109","59","97","131","112","267","67","28","29","0","12","159","127","59","97","77","92","23","40","0","12","0","12","113","91","0","12","0","12","113","91","0","12","0","12","34","58","0","12","34","58","0","12","0","12","0","12","179","83","0","12","20","37","131","93","28","29","0","12",
"1400000US18097357800","Census Tract 3578, Marion County, Indiana","716","114","109","77","358","89","186","66","50","27","13","20","272","94","71","71","192","62","9","14","0","12","0","12","274","81","30","20","118","67","104","45","9","9","13","20","93","36","8","14","0","12","44","26","41","26","0","12","77","49","0","12","48","44","29","25","0","12","0","12",
"1400000US18097357900","Census Tract 3579, Marion County, Indiana","1418","211","161","69","626","174","465","137","81","51","85","60","657","175","142","63","454","162","37","32","12","20","12","18","349","104","19","22","119","64","168","75","31","29","12","19","211","76","0","12","30","38","145","68","20","23","16","21","201","86","0","12","23","28","115","85","18","30","45","53",
"1400000US18097358000","Census Tract 3580, Marion County, Indiana","505","87","91","50","198","63","173","81","29","27","14","17","223","73","85","50","112","63","24","19","2","5","0","12","96","50","6","9","63","46","20","16","1","2","6","11","37","30","0","12","9","14","18","21","10","14","0","12","149","83","0","12","14","19","111","79","16","24","8","12",
"1400000US18097358100","Census Tract 3581, Marion County, Indiana","944","195","59","54","357","115","428","197","94","66","6","14","238","125","21","30","176","100","9","19","32","41","0","12","398","187","38","45","82","63","272","179","0","12","6","14","117","81","0","12","70","64","47","43","0","12","0","12","191","75","0","12","29","39","100","67","62","52","0","12",
"1400000US18097360101","Census Tract 3601.01, Marion County, Indiana","1024","189","206","76","439","121","225","78","127","156","27","35","454","125","139","64","230","95","85","54","0","12","0","12","233","95","16","20","162","88","47","33","8","14","0","12","170","88","51","46","47","59","72","59","0","12","0","12","167","155","0","12","0","12","21","24","119","156","27","35",
"1400000US18097360102","Census Tract 3601.02, Marion County, Indiana","1027","176","157","72","306","122","396","156","135","54","33","57","519","132","147","75","188","102","184","112","0","12","0","12","275","121","10","17","86","63","126","67","20","24","33","57","74","63","0","12","32","52","31","30","11","16","0","12","159","102","0","12","0","12","55","91","104","48","0","12",
"1400000US18097360201","Census Tract 3602.01, Marion County, Indiana","2017","405","166","221","1184","415","417","160","124","85","126","99","1166","388","9","18","922","408","196","123","0","12","39","62","404","244","146","213","96","76","53","55","76","60","33","55","268","129","11","19","77","78","132","99","48","60","0","12","179","97","0","12","89","83","36","34","0","12","54","33",
"1400000US18097360202","Census Tract 3602.02, Marion County, Indiana","1071","102","67","66","357","109","499","116","102","75","46","59","507","126","67","66","221","83","189","96","30","49","0","12","216","81","0","12","54","48","154","71","0","12","8","12","116","70","0","12","49","51","39","45","28","31","0","12","232","103","0","12","33","50","117","47","44","47","38","58",
"1400000US18097360301","Census Tract 3603.01, Marion County, Indiana","1303","110","114","87","597","173","383","102","157","57","52","37","509","154","100","86","337","142","72","53","0","12","0","12","220","81","14","24","88","69","69","37","38","38","11","15","276","131","0","12","92","78","98","83","71","42","15","23","298","113","0","12","80","76","144","74","48","44","26","26",
"1400000US18097360302","Census Tract 3603.02, Marion County, Indiana","1015","167","83","46","538","144","318","125","70","44","6","9","254","84","25","27","197","86","23","28","9","13","0","12","381","123","44","32","132","65","190","105","15","22","0","12","104","56","0","12","70","55","28","31","0","12","6","9","276","111","14","19","139","89","77","76","46","33","0","12",
"1400000US18097360401","Census Tract 3604.01, Marion County, Indiana","2660","464","216","131","1452","500","707","245","233","131","52","78","1169","422","154","94","839","431","176","182","0","17","0","17","877","361","0","17","407","304","317","177","101","73","52","78","326","142","62","78","104","119","81","71","79","87","0","17","288","126","0","17","102","132","133","103","53","54","0","17",
"1400000US18097360402","Census Tract 3604.02, Marion County, Indiana","1095","339","273","314","482","135","273","116","43","29","24","32","360","136","13","19","295","126","52","51","0","12","0","12","392","323","260","313","28","30","95","58","9","12","0","12","187","110","0","12","92","73","86","91","9","14","0","12","156","53","0","12","67","47","40","29","25","27","24","32",
"1400000US18097360405","Census Tract 3604.05, Marion County, Indiana","2554","292","74","63","1231","337","811","223","348","128","90","70","925","323","37","44","776","316","54","61","41","48","17","27","766","251","18","29","309","204","360","162","79","64","0","17","499","184","19","34","146","105","230","133","66","52","38","57","364","140","0","17","0","17","167","89","162","110","35","40",
"1400000US18097360406","Census Tract 3604.06, Marion County, Indiana","1421","272","314","161","759","291","268","153","66","64","14","30","795","301","314","161","461","268","10","33","10","25","0","12","403","243","0","12","238","199","138","127","27","45","0","12","91","87","0","12","0","12","48","70","29","46","14","30","132","97","0","12","60","68","72","72","0","12","0","12",
"1400000US18097360407","Census Tract 3604.07, Marion County, Indiana","1278","228","41","42","636","122","449","221","109","94","43","50","266","108","12","21","229","104","25","33","0","12","0","12","441","122","18","23","118","84","262","93","36","47","7","13","317","198","11","21","253","183","9","18","44","76","0","12","254","200","0","12","36","55","153","187","29","51","36","45",
"1400000US18097360501","Census Tract 3605.01, Marion County, Indiana","2490","293","92","69","863","282","1118","344","337","167","80","77","683","299","72","59","454","277","157","120","0","17","0","17","802","240","0","17","221","135","493","210","56","52","32","51","667","235","0","17","173","92","331","212","163","124","0","17","338","141","20","38","15","30","137","112","118","98","48","45",
"1400000US18097360502","Census Tract 3605.02, Marion County, Indiana","2174","291","194","159","843","329","832","211","225","101","80","89","546","174","105","83","365","167","39","47","0","17","37","57","1039","340","89","132","367","267","495","187","45","50","43","69","310","116","0","17","0","17","187","118","123","88","0","17","279","156","0","17","111","100","111","109","57","56","0","17",
"1400000US18097360601","Census Tract 3606.01, Marion County, Indiana","1881","176","118","63","602","133","721","166","319","122","121","80","653","132","93","63","389","108","107","65","64","73","0","12","555","128","0","12","154","91","318","104","69","39","14","23","282","103","25","24","13","21","124","79","83","62","37","48","391","106","0","12","46","39","172","87","103","69","70","53",
"1400000US18097360602","Census Tract 3606.02, Marion County, Indiana","2429","266","275","169","1324","301","543","173","246","105","41","52","908","248","211","138","668","236","29","43","0","17","0","17","720","231","23","38","330","162","269","129","83","91","15","24","265","181","0","17","142","116","35","41","88","109","0","17","536","236","41","66","184","201","210","148","75","71","26","50",
"1400000US18097360700","Census Tract 3607, Marion County, Indiana","928","123","107","50","321","108","356","92","92","47","52","34","308","97","80","47","194","87","29","18","5","9","0","12","325","85","21","18","77","51","194","65","28","30","5","8","150","64","0","12","32","32","51","33","42","34","25","24","145","52","6","9","18","29","82","44","17","14","22","25",
"1400000US18097360800","Census Tract 3608, Marion County, Indiana","1262","180","330","87","554","137","274","85","79","45","25","26","818","159","309","85","358","108","127","68","24","24","0","12","244","83","14","17","101","59","76","45","34","29","19","24","64","46","0","12","32","33","11","18","21","25","0","12","136","80","7","10","63","67","60","39","0","12","6","11",
"1400000US18097360900","Census Tract 3609, Marion County, Indiana","2450","285","398","188","955","253","774","268","229","138","94","89","1323","294","262","158","702","223","239","179","120","128","0","17","484","177","74","59","133","121","225","134","52","60","0","17","249","163","41","64","102","112","25","40","46","62","35","58","394","182","21","35","18","34","285","175","11","26","59","73",
"1400000US18097361000","Census Tract 3610, Marion County, Indiana","1052","120","11","12","404","66","469","90","153","83","15","18","387","79","11","12","322","61","15","16","39","65","0","12","360","70","0","12","65","29","261","65","34","24","0","12","179","59","0","12","17","14","107","57","46","25","9","14","126","36","0","12","0","12","86","35","34","23","6","10",
"1400000US18097361100","Census Tract 3611, Marion County, Indiana","1573","180","266","115","567","128","581","147","93","100","66","47","771","130","258","114","420","108","93","71","0","12","0","12","448","90","8","12","114","62","297","85","15","18","14","20","98","51","0","12","20","24","56","35","6","10","16","23","256","132","0","12","13","20","135","93","72","92","36","44",
"1400000US18097361200","Census Tract 3612, Marion County, Indiana","1464","223","120","74","585","168","650","198","91","61","18","27","600","174","107","72","400","158","93","55","0","12","0","12","467","191","13","19","81","50","373","177","0","12","0","12","137","73","0","12","19","28","118","69","0","12","0","12","260","96","0","12","85","63","66","49","91","61","18","27",
"1400000US18097361300","Census Tract 3613, Marion County, Indiana","1056","195","64","39","487","206","264","100","192","91","49","47","588","207","43","34","417","203","107","88","1","9","20","31","212","73","21","25","56","42","50","37","85","55","0","12","185","68","0","12","14","24","87","57","55","55","29","35","71","50","0","12","0","12","20","26","51","44","0","12",
"1400000US18097361401","Census Tract 3614.01, Marion County, Indiana","1899","362","81","107","764","242","757","348","167","141","130","128","634","264","66","103","487","228","57","72","0","17","24","45","414","186","0","17","65","83","305","157","44","77","0","17","238","171","0","17","28","44","155","153","0","17","55","87","613","315","15","27","184","165","240","295","123","101","51","76",
"1400000US18097361402","Census Tract 3614.02, Marion County, Indiana","2091","317","114","136","579","274","784","240","412","242","202","157","280","186","0","17","216","162","0","17","64","75","0","17","882","236","114","136","131","106","528","170","41","48","68","63","478","281","0","17","161","144","175","182","28","46","114","143","451","245","0","17","71","76","81","90","279","227","20","35",
"1400000US18097361601","Census Tract 3616.01, Marion County, Indiana","2008","393","138","124","367","121","583","248","724","340","196","102","412","175","110","120","227","112","42","45","33","55","0","17","781","326","0","17","83","67","284","163","393","269","21","34","404","171","28","36","57","81","135","110","61","52","123","83","411","211","0","17","0","17","122","72","237","204","52","52",
"1400000US18097361602","Census Tract 3616.02, Marion County, Indiana","1283","150","0","12","305","171","578","176","328","235","72","57","188","79","0","12","134","69","54","51","0","12","0","12","454","130","0","12","67","57","244","105","126","72","17","27","383","108","0","12","0","12","280","104","103","71","0","12","258","267","0","12","104","148","0","12","99","227","55","52",
"1400000US18097370201","Census Tract 3702.01, Marion County, Indiana","1305","107","110","55","358","103","543","116","120","76","174","79","331","82","59","43","188","78","78","57","0","12","6","10","517","109","28","33","116","54","245","99","59","62","69","47","196","80","0","12","17","19","124","65","36","35","19","31","261","86","23","28","37","43","96","50","25","32","80","60",
"1400000US18097370203","Census Tract 3702.03, Marion County, Indiana","1473","296","94","66","452","151","668","327","167","124","92","123","229","112","38","34","175","108","16","25","0","12","0","12","497","121","25","41","158","89","246","100","68","61","0","12","371","321","24","30","40","43","265","313","42","62","0","12","376","161","7","15","79","68","141","88","57","76","92","123",
"1400000US18097370204","Census Tract 3702.04, Marion County, Indiana","1390","171","131","96","560","176","546","172","135","79","18","31","514","176","113","93","325","159","76","76","0","12","0","12","361","132","18","29","118","107","187","106","20","27","18","31","330","131","0","12","83","78","203","129","44","51","0","12","185","86","0","12","34","41","80","63","71","66","0","12",
"1400000US18097370303","Census Tract 3703.03, Marion County, Indiana","2344","280","61","69","518","177","1066","310","575","227","124","67","430","156","61","69","318","138","23","25","28","46","0","17","963","331","0","17","66","89","607","248","290","188","0","17","133","89","0","17","12","19","61","57","60","59","0","17","818","176","0","17","122","100","375","155","197","112","124","67",
"1400000US18097370304","Census Tract 3703.04, Marion County, Indiana","1345","313","21","32","444","236","580","252","200","100","100","98","335","140","21","32","162","94","71","63","20","33","61","92","573","241","0","12","71","66","380","234","122","93","0","12","127","97","0","12","80","97","27","32","20","23","0","12","310","204","0","12","131","191","102","61","38","45","39","46",
"1400000US18097370305","Census Tract 3703.05, Marion County, Indiana","1670","666","554","680","358","135","501","198","221","105","36","50","766","678","545","681","203","120","0","12","18","30","0","12","401","136","9","15","103","86","193","100","79","84","17","29","179","94","0","12","31","51","65","59","83","56","0","12","324","157","0","12","21","34","243","160","41","59","19","35",
"1400000US18097370306","Census Tract 3703.06, Marion County, Indiana","1949","264","0","17","395","185","933","334","462","159","159","100","213","113","0","17","100","66","79","90","34","37","0","17","856","274","0","17","242","160","414","258","162","79","38","45","332","161","0","17","11","19","182","120","126","82","13","21","548","153","0","17","42","54","258","126","140","113","108","90",
"1400000US18097380101","Census Tract 3801.01, Marion County, Indiana","2974","422","0","17","789","321","1341","433","634","321","210","199","751","334","0","17","477","297","274","170","0","17","0","17","1295","470","0","17","107","134","774","361","255","256","159","192","407","199","0","17","99","128","112","92","196","146","0","17","521","170","0","17","106","79","181","114","183","130","51","82",
"1400000US18097380102","Census Tract 3801.02, Marion County, Indiana","1381","370","207","192","310","255","574","413","249","214","41","69","517","181","207","192","310","255","0","12","0","12","0","12","436","353","0","12","0","12","344","332","92","116","0","12","0","12","0","12","0","12","0","12","0","12","0","12","428","128","0","12","0","12","230","231","157","176","41","69",
"1400000US18097380103","Census Tract 3801.03, Marion County, Indiana","2964","370","0","19","472","251","2245","398","205","236","42","66","269","231","0","19","231","224","38","66","0","19","0","19","710","253","0","19","230","174","480","249","0","19","0","19","931","390","0","19","11","21","702","353","205","236","13","30","1054","455","0","19","0","19","1025","453","0","19","29","65",
"1400000US18097380200","Census Tract 3802, Marion County, Indiana","1504","303","261","151","676","240","357","109","146","64","64","46","676","223","186","123","460","189","30","35","0","12","0","12","501","132","29","35","142","83","246","95","53","32","31","35","152","65","0","12","54","40","36","32","47","38","15","24","175","95","46","77","20","43","45","42","46","31","18","29",
"1400000US18097380301","Census Tract 3803.01, Marion County, Indiana","762","159","39","35","341","156","153","80","170","87","59","45","286","138","29","35","199","118","10","17","48","65","0","12","173","89","0","12","42","52","65","63","66","53","0","12","129","99","10","16","67","89","35","32","0","12","17","28","174","71","0","12","33","34","43","53","56","33","42","38",
"1400000US18097380302","Census Tract 3803.02, Marion County, Indiana","883","166","89","56","437","178","257","105","100","79","0","12","264","117","19","22","221","117","18","27","6","13","0","12","400","163","23","32","177","140","183","85","17","29","0","12","54","43","0","12","17","22","30","41","7","11","0","12","165","87","47","37","22","28","26","40","70","76","0","12",
"1400000US18097380402","Census Tract 3804.02, Marion County, Indiana","2096","218","183","85","1089","262","720","191","94","60","10","14","918","261","143","72","742","245","33","39","0","12","0","12","565","149","34","45","248","120","251","86","24","23","8","12","211","98","0","12","66","55","126","75","17","21","2","6","402","203","6","10","33","28","310","196","53","48","0","12",
"1400000US18097380403","Census Tract 3804.03, Marion County, Indiana","1465","227","0","12","480","134","671","159","173","76","141","83","443","145","0","12","308","121","107","75","0","12","28","42","516","140","0","12","82","43","383","135","40","33","11","18","221","87","0","12","28","34","99","56","94","64","0","12","285","98","0","12","62","56","82","41","39","33","102","76",
"1400000US18097380404","Census Tract 3804.04, Marion County, Indiana","1590","216","89","53","612","166","686","173","196","73","7","11","507","120","89","53","359","124","54","29","5","8","0","12","667","165","0","12","200","117","397","147","70","50","0","12","184","78","0","12","0","12","141","70","43","36","0","12","232","73","0","12","53","40","94","53","78","53","7","11",
"1400000US18097380501","Census Tract 3805.01, Marion County, Indiana","936","164","83","54","332","118","391","166","117","57","13","20","317","103","38","29","225","98","31","28","23","25","0","12","227","78","26","31","44","44","98","59","46","35","13","20","210","153","0","12","20","27","175","152","15","18","0","12","182","78","19","29","43","68","87","45","33","34","0","12",
"1400000US18097380502","Census Tract 3805.02, Marion County, Indiana","1534","306","97","67","743","103","516","259","148","94","30","34","627","115","43","43","542","107","22","23","20","33","0","12","504","188","54","52","132","60","274","173","44","67","0","12","208","187","0","12","35","32","149","181","24","21","0","12","195","67","0","12","34","37","71","45","60","60","30","34",
"1400000US18097380600","Census Tract 3806, Marion County, Indiana","2082","344","92","67","609","166","984","363","210","110","187","133","539","166","27","32","407","149","55","45","36","36","14","25","636","194","34","50","131","97","343","170","109","74","19","33","463","297","0","17","71","68","323","288","51","61","18","32","444","261","31","37","0","17","263","244","14","22","136","118",
"1400000US18097380700","Census Tract 3807, Marion County, Indiana","2564","267","333","222","1043","328","823","225","290","158","75","59","1022","224","291","227","646","202","85","92","0","17","0","17","470","143","0","17","60","62","326","139","65","61","19","31","295","127","42","68","23","38","178","84","38","49","14","23","777","278","0","17","314","279","234","101","187","138","42","53",
"1400000US18097380800","Census Tract 3808, Marion County, Indiana","1244","230","22","25","378","92","386","106","218","81","240","217","400","95","7","13","328","93","44","32","12","20","9","14","496","224","15","21","20","20","186","71","115","58","160","216","177","67","0","12","14","22","51","36","86","63","26","29","171","84","0","12","16","25","105","78","5","10","45","33",
"1400000US18097380901","Census Tract 3809.01, Marion County, Indiana","1968","221","139","193","489","133","852","161","313","97","175","82","471","143","4","6","283","100","147","111","8","12","29","46","759","143","10","16","192","84","447","115","88","61","22","33","173","77","9","14","14","23","62","50","75","44","13","16","565","205","116","189","0","17","196","82","142","70","111","63",
"1400000US18097380902","Census Tract 3809.02, Marion County, Indiana","2587","300","35","38","1023","165","968","318","420","130","141","75","754","179","14","22","660","167","80","65","0","17","0","17","1112","304","21","32","251","138","641","270","165","77","34","42","378","149","0","17","51","67","101","98","154","86","72","60","343","100","0","17","61","68","146","66","101","74","35","42",
"1400000US18097381002","Census Tract 3810.02, Marion County, Indiana","1365","227","41","24","302","79","469","94","429","237","124","60","349","85","12","14","252","75","41","25","19","24","25","39","474","113","9","11","40","23","247","60","170","107","8","12","201","76","20","22","0","12","90","46","39","38","52","38","341","231","0","12","10","18","91","51","201","222","39","27",
"1400000US18097381003","Census Tract 3810.03, Marion County, Indiana","1456","197","85","78","871","223","367","88","105","36","28","21","619","195","11","14","586","197","22","25","0","12","0","12","495","147","68","81","202","141","179","76","34","22","12","16","88","39","6","10","24","29","24","19","28","16","6","9","254","69","0","12","59","52","142","50","43","23","10","10",
"1400000US18097381004","Census Tract 3810.04, Marion County, Indiana","1478","265","153","108","799","250","214","144","131","99","181","117","829","262","129","101","649","255","51","67","0","12","0","12","199","95","0","12","94","85","80","54","25","45","0","12","204","102","0","12","36","42","17","29","90","94","61","74","246","149","24","37","20","38","66","110","16","29","120","88",
"1400000US18097381101","Census Tract 3811.01, Marion County, Indiana","2540","358","183","129","762","217","1167","377","369","122","59","53","806","200","163","121","480","160","163","123","0","17","0","17","995","354","20","24","142","120","712","325","93","73","28","35","283","152","0","17","63","98","82","64","107","68","31","40","456","123","0","17","77","101","210","125","169","89","0","17",
"1400000US18097381102","Census Tract 3811.02, Marion County, Indiana","2674","399","136","118","816","256","1167","435","303","151","252","130","911","360","43","42","512","183","341","331","15","24","0","17","843","196","0","17","180","126","550","189","101","68","12","18","382","219","64","100","53","58","137","129","81","73","47","52","538","198","29","44","71","74","139","95","106","106","193","130",
"1400000US18097381203","Census Tract 3812.03, Marion County, Indiana","1175","194","174","107","541","180","342","152","110","46","8","12","332","148","53","65","263","145","8","12","8","14","0","12","413","162","60","67","151","79","182","123","20","26","0","12","177","80","15","23","34","38","94","70","34","26","0","12","253","98","46","63","93","54","58","53","48","44","8","12",
"1400000US18097381204","Census Tract 3812.04, Marion County, Indiana","1393","189","392","160","778","112","151","67","51","61","21","23","910","192","392","160","518","117","0","12","0","12","0","12","191","71","0","12","117","55","74","47","0","12","0","12","184","71","0","12","111","48","46","37","6","10","21","23","108","72","0","12","32","34","31","31","45","60","0","12",
"1400000US18097381205","Census Tract 3812.05, Marion County, Indiana","2580","208","82","94","1139","246","922","190","347","121","90","74","629","195","14","22","565","198","38","38","12","20","0","17","936","245","41","67","319","160","516","170","60","49","0","17","473","174","0","17","191","121","164","108","67","59","51","52","542","174","27","52","64","84","204","120","208","92","39","48",
"1400000US18097381206","Census Tract 3812.06, Marion County, Indiana","1723","215","99","71","690","156","631","166","114","89","189","167","627","182","70","72","517","165","40","45","0","12","0","12","596","185","20","24","149","100","367","149","0","12","60","86","115","74","0","12","24","30","22","36","42","44","27","43","385","154","9","17","0","12","202","78","72","71","102","133",
"1400000US18097381207","Census Tract 3812.07, Marion County, Indiana","1545","459","14","24","409","267","706","376","287","146","129","82","375","254","14","24","331","258","16","20","14","28","0","12","425","101","0","12","45","47","294","80","70","58","16","27","188","143","0","12","12","23","0","12","149","134","27","34","557","381","0","12","21","35","396","371","54","47","86","79",
"1400000US18097390102","Census Tract 3901.02, Marion County, Indiana","2603","616","107","91","1533","608","571","180","296","235","96","89","1153","616","62","64","984","619","82","90","0","17","25","43","543","268","45","63","100","87","238","136","160","212","0","17","438","164","0","17","220","107","157","128","61","66","0","17","469","173","0","17","229","167","94","103","75","80","71","73",
"1400000US18097390103","Census Tract 3901.03, Marion County, Indiana","1277","281","0","12","453","233","702","230","84","56","38","48","379","276","0","12","237","199","142","202","0","12","0","12","505","149","0","12","181","125","315","102","9","14","0","12","130","66","0","12","22","34","59","47","49","45","0","12","263","82","0","12","13","22","186","85","26","39","38","48",
"1400000US18097390104","Census Tract 3901.04, Marion County, Indiana","2363","333","22","35","609","162","1131","363","407","144","194","100","463","139","0","17","427","132","0","17","0","17","36","46","879","332","0","17","102","69","634","325","102","83","41","51","335","162","0","17","0","17","199","141","107","79","29","44","686","135","22","35","80","81","298","96","198","80","88","56",
"1400000US18097390200","Census Tract 3902, Marion County, Indiana","2103","317","9","17","545","219","1124","279","351","147","74","44","411","217","0","17","269","185","142","95","0","17","0","17","838","292","0","17","251","133","472","259","107","82","8","14","355","122","0","17","14","23","182","94","159","108","0","17","499","138","9","17","11","20","328","128","85","58","66","43",
"1400000US18097390300","Census Tract 3903, Marion County, Indiana","2161","284","13","21","397","200","946","223","432","165","373","189","321","161","13","21","178","137","75","63","35","43","20","33","744","166","0","17","102","73","468","137","157","89","17","26","219","119","0","17","91","108","33","38","79","59","16","28","877","240","0","17","26","33","370","196","161","108","320","181",
"1400000US18097390405","Census Tract 3904.05, Marion County, Indiana","1907","231","68","74","936","272","680","206","184","110","39","33","823","261","68","74","743","261","7","11","5","8","0","12","607","219","0","12","146","76","397","205","50","40","14","17","203","107","0","12","40","49","115","76","48","51","0","12","274","120","0","12","7","14","161","94","81","84","25","29",
"1400000US18097390406","Census Tract 3904.06, Marion County, Indiana","1993","284","0","17","357","162","1105","201","428","234","103","56","237","114","0","17","196","104","16","26","25","40","0","17","514","160","0","17","68","83","344","142","85","110","17","28","375","134","0","17","38","58","198","95","122","91","17","28","867","261","0","17","55","74","547","189","196","192","69","47",
"1400000US18097390407","Census Tract 3904.07, Marion County, Indiana","2039","241","25","31","242","158","1106","220","388","135","278","140","208","71","0","17","102","59","106","69","0","17","0","17","816","225","12","20","140","144","514","184","92","60","58","53","255","92","0","17","0","17","86","55","137","79","32","34","760","179","13","24","0","17","400","132","159","108","188","127",
"1400000US18097390408","Census Tract 3904.08, Marion County, Indiana","1849","221","23","37","467","262","883","220","447","195","29","57","361","165","0","17","253","145","108","90","0","17","0","17","622","179","0","17","54","68","461","154","107","99","0","17","327","218","0","17","126","196","97","94","104","103","0","17","539","131","23","37","34","57","217","111","236","152","29","57",
"1400000US18097390409","Census Tract 3904.09, Marion County, Indiana","2852","489","0","17","1147","518","1385","240","184","133","136","113","844","513","0","17","790","504","54","85","0","17","0","17","1179","262","0","17","248","161","833","222","48","74","50","84","298","135","0","17","0","17","124","94","88","93","86","83","531","135","0","17","109","121","374","129","48","70","0","17",
"1400000US18097390410","Census Tract 3904.10, Marion County, Indiana","769","59","13","20","256","97","328","100","101","54","71","63","294","91","13","20","230","96","51","38","0","12","0","12","267","91","0","12","26","29","197","89","44","35","0","12","68","50","0","12","0","12","11","18","42","40","15","26","140","50","0","12","0","12","69","28","15","26","56","57",
"1400000US18097390411","Census Tract 3904.11, Marion County, Indiana","1572","214","113","116","478","153","842","184","58","46","81","69","481","193","95","127","369","142","17","27","0","12","0","12","500","150","18","30","76","58","358","136","31","35","17","27","210","116","0","12","19","30","165","92","13","21","13","22","381","169","0","12","14","22","302","163","14","24","51","63",
"1400000US18097390500","Census Tract 3905, Marion County, Indiana","996","185","123","60","483","144","190","76","179","151","21","15","313","95","54","26","239","88","16","16","4","7","0","12","310","158","29","28","74","42","81","56","110","143","16","13","147","74","30","49","12","18","59","42","46","35","0","12","226","111","10","15","158","112","34","31","19","20","5","7",
"1400000US18097390601","Census Tract 3906.01, Marion County, Indiana","891","383","0","12","261","200","572","373","35","43","23","44","287","187","0","12","200","172","87","76","0","12","0","12","505","371","0","12","0","12","470","366","35","43","0","12","61","103","0","12","61","103","0","12","0","12","0","12","38","50","0","12","0","12","15","26","0","12","23","44",
"1400000US18097390602","Census Tract 3906.02, Marion County, Indiana","1858","220","169","86","1109","270","484","155","19","26","77","74","912","250","158","86","727","256","27","37","0","12","0","12","819","196","11","17","332","157","408","156","11","19","57","71","81","58","0","12","50","52","14","23","8","16","9","16","46","46","0","12","0","12","35","37","0","12","11","19",
"1400000US18097390700","Census Tract 3907, Marion County, Indiana","1148","288","145","84","291","106","467","254","182","101","63","50","394","249","75","73","125","77","182","226","0","12","12","21","237","103","36","39","140","86","61","42","0","12","0","12","197","102","34","38","0","12","68","50","79","77","16","26","320","124","0","12","26","39","156","106","103","76","35","40",
"1400000US18097390801","Census Tract 3908.01, Marion County, Indiana","0","12","0","12","0","12","0","12","0","12","0","12","0","12","0","12","0","12","0","12","0","12","0","12","0","12","0","12","0","12","0","12","0","12","0","12","0","12","0","12","0","12","0","12","0","12","0","12","0","12","0","12","0","12","0","12","0","12","0","12",
"1400000US18097390802","Census Tract 3908.02, Marion County, Indiana","1372","141","51","57","384","115","518","130","258","97","161","84","296","105","51","57","186","84","24","29","35","34","0","12","424","117","0","12","105","66","232","87","87","66","0","12","238","84","0","12","37","34","112","69","67","45","22","28","414","113","0","12","56","63","150","75","69","52","139","78",
"1400000US18097390900","Census Tract 3909, Marion County, Indiana","1510","293","106","62","820","317","485","106","62","34","37","24","594","219","59","50","503","234","32","51","0","12","0","12","593","211","10","16","274","203","281","79","19","23","9","14","140","60","23","33","29","43","58","31","24","19","6","12","183","61","14","20","14","23","114","46","19","21","22","24",
"1400000US18097391001","Census Tract 3910.01, Marion County, Indiana","479","103","36","59","303","91","140","92","0","12","0","12","269","90","36","59","233","84","0","12","0","12","0","12","155","87","0","12","32","37","123","87","0","12","0","12","38","57","0","12","38","57","0","12","0","12","0","12","17","29","0","12","0","12","17","29","0","12","0","12",
"1400000US18097391002","Census Tract 3910.02, Marion County, Indiana","3313","520","368","156","1831","458","958","351","150","98","6","12","1844","470","239","98","1449","447","156","142","0","17","0","17","1271","344","125","124","365","171","762","320","19","30","0","17","177","99","4","7","17","27","40","45","116","89","0","17","21","28","0","17","0","17","0","17","15","24","6","12",
