"GEO_ID","NAME","B01001_001E","B01001_001M","B01001_002E","B01001_002M","B01001_003E","B01001_003M","B01001_004E","B01001_004M","B01001_005E","B01001_005M","B01001_006E","B01001_006M","B01001_007E","B01001_007M","B01001_008E","B01001_008M","B01001_009E","B01001_009M","B01001_010E","B01001_010M","B01001_011E","B01001_011M","B01001_012E","B01001_012M","B01001_013E","B01001_013M","B01001_014E","B01001_014M","B01001_015E","B01001_015M","B01001_016E","B01001_016M","B01001_017E","B01001_017M","B01001_018E","B01001_018M","B01001_019E","B01001_019M","B01001_020E","B01001_020M","B01001_021E","B01001_021M","B01001_022E","B01001_022M","B01001_023E","B01001_023M","B01001_024E","B01001_024M","B01001_025E","B01001_025M","B01001_026E","B01001_026M","B01001_027E","B01001_027M","B01001_028E","B01001_028M","B01001_029E","B01001_029M","B01001_030E","B01001_030M","B01001_031E","B01001_031M","B01001_032E","B01001_032M","B01001_033E","B01001_033M","B01001_034E","B01001_034M","B01001_035E","B01001_035M","B01001_036E","B01001_036M","B01001_037E","B01001_037M","B01001_038E","B01001_038M","B01001_039E","B01001_039M","B01001_040E","B01001_040M","B01001_041E","B01001_041M","B01001_042E","B01001_042M","B01001_043E","B01001_043M","B01001_044E","B01001_044M","B01001_045E","B01001_045M","B01001_046E","B01001_046M","B01001_047E","B01001_047M","B01001_048E","B01001_048M","B01001_049E","B01001_049M",
"Geography","Geographic Area Name","Estimate!!Total","Margin of Error!!Total","Estimate!!Total!!Male","Margin of Error!!Total!!Male","Estimate!!Total!!Male!!Under 5 years","Margin of Error!!Total!!Male!!Under 5 years","Estimate!!Total!!Male!!5 to 9 years","Margin of Error!!Total!!Male!!5 to 9 years","Estimate!!Total!!Male!!10 to 14 years","Margin of Error!!Total!!Male!!10 to 14 years","Estimate!!Total!!Male!!15 to 17 years","Margin of Error!!Total!!Male!!15 to 17 years","Estimate!!Total!!Male!!18 and 19 years","Margin of Error!!Total!!Male!!18 and 19 years","Estimate!!Total!!Male!!20 years","Margin of Error!!Total!!Male!!20 years","Estimate!!Total!!Male!!21 years","Margin of Error!!Total!!Male!!21 years","Estimate!!Total!!Male!!22 to 24 years","Margin of Error!!Total!!Male!!22 to 24 years","Estimate!!Total!!Male!!25 to 29 years","Margin of Error!!Total!!Male!!25 to 29 years","Estimate!!Total!!Male!!30 to 34 years","Margin of Error!!Total!!Male!!30 to 34 years","Estimate!!Total!!Male!!35 to 39 years","Margin of Error!!Total!!Male!!35 to 39 years","Estimate!!Total!!Male!!40 to 44 years","Margin of Error!!Total!!Male!!40 to 44 years","Estimate!!Total!!Male!!45 to 49 years","Margin of Error!!Total!!Male!!45 to 49 years","Estimate!!Total!!Male!!50 to 54 years","Margin of Error!!Total!!Male!!50 to 54 years","Estimate!!Total!!Male!!55 to 59 years","Margin of Error!!Total!!Male!!55 to 59 years","Estimate!!Total!!Male!!60 and 61 years","Margin of Error!!Total!!Male!!60 and 61 years","Estimate!!Total!!Male!!62 to 64 years","Margin of Error!!Total!!Male!!62 to 64 years","Estimate!!Total!!Male!!65 and 66 years","Margin of Error!!Total!!Male!!65 and 66 years","Estimate!!Total!!Male!!67 to 69 years","Margin of Error!!Total!!Male!!67 to 69 years","Estimate!!Total!!Male!!70 to 74 years","Margin of Error!!Total!!Male!!70 to 74 years","Estimate!!Total!!Male!!75 to 79 years","Margin of Error!!Total!!Male!!75 to 79 years","Estimate!!Total!!Male!!80 to 84 years","Margin of Error!!Total!!Male!!80 to 84 years","Estimate!!Total!!Male!!85 years and over","Margin of Error!!Total!!Male!!85 years and over","Estimate!!Total!!Female","Margin of Error!!Total!!Female","Estimate!!Total!!Female!!Under 5 years","Margin of Error!!Total!!Female!!Under 5 years","Estimate!!Total!!Female!!5 to 9 years","Margin of Error!!Total!!Female!!5 to 9 years","Estimate!!Total!!Female!!10 to 14 years","Margin of Error!!Total!!Female!!10 to 14 years","Estimate!!Total!!Female!!15 to 17 years","Margin of Error!!Total!!Female!!15 to 17 years","Estimate!!Total!!Female!!18 and 19 years","Margin of Error!!Total!!Female!!18 and 19 years","Estimate!!Total!!Female!!20 years","Margin of Error!!Total!!Female!!20 years","Estimate!!Total!!Female!!21 years","Margin of Error!!Total!!Female!!21 years","Estimate!!Total!!Female!!22 to 24 years","Margin of Error!!Total!!Female!!22 to 24 years","Estimate!!Total!!Female!!25 to 29 years","Margin of Error!!Total!!Female!!25 to 29 years","Estimate!!Total!!Female!!30 to 34 years","Margin of Error!!Total!!Female!!30 to 34 years","Estimate!!Total!!Female!!35 to 39 years","Margin of Error!!Total!!Female!!35 to 39 years","Estimate!!Total!!Female!!40 to 44 years","Margin of Error!!Total!!Female!!40 to 44 years","Estimate!!Total!!Female!!45 to 49 years","Margin of Error!!Total!!Female!!45 to 49 years","Estimate!!Total!!Female!!50 to 54 years","Margin of Error!!Total!!Female!!50 to 54 years","Estimate!!Total!!Female!!55 to 59 years","Margin of Error!!Total!!Female!!55 to 59 years","Estimate!!Total!!Female!!60 and 61 years","Margin of Error!!Total!!Female!!60 and 61 years","Estimate!!Total!!Female!!62 to 64 years","Margin of Error!!Total!!Female!!62 to 64 years","Estimate!!Total!!Female!!65 and 66 years","Margin of Error!!Total!!Female!!65 and 66 years","Estimate!!Total!!Female!!67 to 69 years","Margin of Error!!Total!!Female!!67 to 69 years","Estimate!!Total!!Female!!70 to 74 years","Margin of Error!!Total!!Female!!70 to 74 years","Estimate!!Total!!Female!!75 to 79 years","Margin of Error!!Total!!Female!!75 to 79 years","Estimate!!Total!!Female!!80 to 84 years","Margin of Error!!Total!!Female!!80 to 84 years","Estimate!!Total!!Female!!85 years and over","Margin of Error!!Total!!Female!!85 years and over",
"1400000US18097310103","Census Tract 3101.03, Marion County, Indiana","7160","533","3349","378","302","222","324","137","243","98","159","86","57","52","0","16","33","53","88","53","58","42","208","118","165","85","205","105","276","82","399","104","330","101","53","38","82","56","49","45","81","67","96","61","111","60","30","34","0","16","3811","382","325","119","149","104","138","98","304","154","147","82","24","38","32","36","130","88","199","116","132","85","191","67","271","109","293","148","413","111","396","103","87","74","183","73","43","31","97","62","73","59","67","53","90","66","27","35",
"1400000US18097310104","Census Tract 3101.04, Marion County, Indiana","3157","277","1409","304","23","42","0","11","42","51","0","11","21","35","38","46","8","14","7","12","291","146","248","102","91","86","12","24","11","19","18","32","125","79","45","55","128","82","37","40","56","47","43","41","65","55","38","36","62","45","1748","241","15","22","0","11","60","85","0","11","48","49","41","63","9","14","29","35","170","113","136","77","213","91","65","59","38","48","81","86","121","79","99","62","101","66","50","42","21","33","178","76","97","74","87","67","89","54",
"1400000US18097310105","Census Tract 3101.05, Marion County, Indiana","3619","258","1849","186","158","78","43","33","185","98","116","87","22","35","9","16","12","18","122","112","131","76","149","62","101","41","78","57","132","65","97","50","103","42","8","12","96","49","92","62","48","49","80","58","7","11","40","44","20","25","1770","183","97","42","100","64","66","48","61","56","0","11","0","11","31","36","105","68","150","81","200","76","183","86","75","55","110","56","134","69","150","49","35","30","58","42","50","31","25","22","70","39","22","20","1","2","47","30",
"1400000US18097310106","Census Tract 3101.06, Marion County, Indiana","3976","405","1775","274","107","75","82","93","69","64","37","47","59","78","0","11","21","33","206","119","246","182","220","99","72","55","17","23","149","122","65","54","76","70","69","62","36","40","12","13","1","4","37","34","25","26","76","51","93","58","2201","305","197","146","57","49","118","92","33","41","38","61","56","72","21","34","228","100","277","168","160","91","208","112","94","87","84","60","150","91","24","37","24","32","52","56","2","9","28","31","18","22","41","43","145","55","146","78",
"1400000US18097310108","Census Tract 3101.08, Marion County, Indiana","3246","295","1624","208","77","50","39","27","55","29","11","15","27","26","0","11","9","14","102","104","105","74","30","29","141","89","78","56","97","87","101","45","247","72","62","30","136","48","15","16","112","66","101","38","50","37","20","19","9","10","1622","180","28","25","54","43","64","38","36","29","16","17","45","55","10","15","53","59","73","40","71","45","57","30","72","32","115","55","117","42","166","69","175","75","98","40","72","47","117","50","83","56","60","35","33","27","7","11",
"1400000US18097310110","Census Tract 3101.10, Marion County, Indiana","2841","256","1191","169","70","43","155","80","61","51","18","21","36","45","0","11","0","11","123","87","130","61","117","49","59","38","81","40","23","27","125","71","77","63","29","31","23","22","0","11","0","11","40","32","13","18","11","17","0","11","1650","185","157","82","73","58","31","30","0","11","27","41","56","67","0","11","168","86","263","91","156","65","163","52","59","33","59","58","113","51","144","68","30","30","90","51","17","18","11","16","18","18","0","11","0","11","15","23",
"1400000US18097310111","Census Tract 3101.11, Marion County, Indiana","3805","338","1764","314","88","72","126","79","222","117","51","57","36","52","0","11","25","27","157","139","333","206","89","52","38","42","119","60","68","55","41","52","61","40","66","53","123","51","45","47","20","20","20","22","20","30","8","17","8","17","2041","283","119","71","55","51","58","76","94","74","15","23","14","16","27","32","156","72","194","93","337","232","193","115","97","53","123","82","137","66","102","49","23","24","56","42","48","62","50","33","16","21","29","40","66","84","32","34",
"1400000US18097310201","Census Tract 3102.01, Marion County, Indiana","3633","413","1737","276","138","72","147","96","162","81","64","54","12","19","9","14","32","37","119","95","187","107","113","68","43","28","163","48","80","46","173","84","101","47","49","46","55","34","37","26","18","18","18","19","10","11","7","10","0","11","1896","331","120","74","46","46","104","53","143","75","164","210","0","11","0","11","97","80","112","66","108","53","168","86","201","77","56","31","164","93","121","52","63","30","70","29","76","49","6","9","52","49","4","7","6","10","15","19",
"1400000US18097310203","Census Tract 3102.03, Marion County, Indiana","5642","482","2933","415","328","176","228","118","291","144","177","100","87","87","27","46","0","16","222","150","346","217","154","118","211","126","124","92","109","73","152","104","82","81","108","83","3","7","28","32","54","46","0","16","54","45","75","48","73","49","2709","346","178","109","134","116","206","148","55","54","24","34","0","16","0","16","132","102","92","58","221","125","265","110","190","111","109","103","134","78","324","124","45","49","60","52","48","41","7","11","64","53","64","56","175","87","182","91",
"1400000US18097310204","Census Tract 3102.04, Marion County, Indiana","5886","532","2779","355","176","82","217","81","420","147","142","69","81","57","0","16","13","22","71","49","160","81","225","104","233","85","264","96","187","82","233","86","137","67","65","54","64","40","16","17","26","23","25","26","13","16","0","16","11","18","3107","342","261","109","324","125","245","92","142","66","88","53","59","54","0","16","182","112","115","95","130","55","163","75","319","92","198","58","297","96","170","82","100","60","138","76","31","28","67","58","30","27","8","14","0","16","40","37",
"1400000US18097310305","Census Tract 3103.05, Marion County, Indiana","7013","722","3227","414","391","207","302","135","267","157","81","70","114","111","131","110","0","16","279","151","255","141","253","130","200","103","218","99","226","108","118","75","127","76","39","39","42","37","74","59","97","55","13","21","0","16","0","16","0","16","3786","491","262","152","180","102","455","219","251","149","127","99","130","95","45","51","216","136","213","136","313","171","342","172","296","113","150","85","166","98","160","76","53","58","179","88","35","34","37","30","108","83","42","38","13","21","13","20",
"1400000US18097310306","Census Tract 3103.06, Marion County, Indiana","7484","903","3530","516","537","225","397","159","404","171","113","77","117","86","79","103","58","52","329","220","152","112","408","182","161","92","112","87","169","120","102","74","243","123","35","31","38","38","33","30","20","21","8","15","6","14","9","15","0","16","3954","619","568","277","300","137","460","259","161","102","114","104","110","69","49","57","159","189","431","216","298","144","254","118","276","137","153","83","139","83","147","84","61","50","58","41","27","35","82","44","28","31","12","19","31","33","36","33",
"1400000US18097310308","Census Tract 3103.08, Marion County, Indiana","3779","480","1781","218","75","67","96","66","217","114","129","67","73","76","0","11","49","52","20","23","185","104","87","79","195","81","191","95","129","85","93","44","55","36","30","24","66","46","7","12","8","12","15","13","53","38","8","12","0","11","1998","369","293","172","184","95","177","68","65","56","53","54","0","11","28","44","108","89","77","48","98","60","182","109","159","89","187","82","63","42","93","39","25","25","31","26","19","21","41","29","36","27","36","25","12","20","31","34",
"1400000US18097310309","Census Tract 3103.09, Marion County, Indiana","3931","467","1840","311","206","117","153","95","98","75","95","78","0","11","28","39","0","11","147","101","299","186","147","58","111","66","106","67","51","49","12","19","121","61","46","45","70","55","27","26","89","69","16","19","0","11","18","22","0","11","2091","345","192","128","185","104","119","73","148","134","66","81","73","95","7","12","89","85","244","109","87","66","157","83","159","91","139","92","131","60","87","48","28","28","78","48","9","15","33","29","20","21","0","11","17","19","23","23",
"1400000US18097310310","Census Tract 3103.10, Marion County, Indiana","4622","303","2149","220","166","74","208","63","172","75","167","97","101","78","55","69","16","28","106","65","78","68","54","33","150","73","176","63","220","84","115","77","98","52","49","43","76","52","18","18","50","40","74","43","0","11","0","11","0","11","2473","268","165","83","125","77","109","54","155","78","35","44","13","20","42","40","88","53","195","104","346","137","109","65","286","88","269","90","115","53","183","68","28","20","68","41","6","10","52","50","25","18","0","11","40","33","19","20",
"1400000US18097310311","Census Tract 3103.11, Marion County, Indiana","5347","358","2449","240","134","70","220","96","177","80","155","116","32","37","84","49","14","23","111","88","207","89","167","82","226","83","133","67","50","37","193","72","181","78","47","35","99","61","28","27","73","36","66","31","36","31","16","16","0","16","2898","228","152","71","170","84","146","77","187","87","35","33","116","87","102","69","89","75","301","119","152","72","234","87","159","89","199","80","235","68","199","71","53","35","155","59","52","28","32","27","26","22","60","34","9","14","35","33",
"1400000US18097310312","Census Tract 3103.12, Marion County, Indiana","5547","540","2214","342","395","157","0","16","40","52","63","66","17","29","0","16","0","16","297","167","188","118","294","181","254","195","109","94","169","87","134","110","72","72","46","40","44","42","18","34","37","45","0","16","21","36","0","16","16","28","3333","517","287","294","248","207","63","69","14","26","53","60","0","16","36","59","396","205","370","201","128","130","167","106","234","115","522","143","217","128","159","84","110","70","37","48","63","71","28","45","56","52","58","66","17","29","70","71",
"1400000US18097320105","Census Tract 3201.05, Marion County, Indiana","4578","457","2268","320","150","95","130","79","145","89","165","106","0","11","9","15","95","101","154","76","282","137","196","124","149","75","103","68","60","45","172","80","137","59","17","26","71","52","38","34","34","31","65","41","49","34","2","14","45","34","2310","291","253","122","38","31","56","48","31","29","7","11","49","57","49","56","63","46","168","71","238","157","159","88","137","70","101","61","228","83","105","69","57","42","136","60","86","57","64","53","131","62","51","36","54","30","49","37",
"1400000US18097320106","Census Tract 3201.06, Marion County, Indiana","2515","356","1295","224","160","87","122","81","152","78","35","35","43","44","0","11","9","15","38","37","129","98","65","48","35","35","45","33","7","11","18","21","73","44","33","34","69","45","31","23","33","23","52","35","36","24","59","35","51","33","1220","209","64","65","84","60","30","35","24","27","28","36","13","22","7","11","72","57","51","50","54","42","105","61","75","50","27","24","53","36","78","42","76","42","69","42","16","18","55","29","45","29","25","22","73","47","96","54",
"1400000US18097320107","Census Tract 3201.07, Marion County, Indiana","1766","141","867","72","45","29","21","16","36","26","33","41","0","11","0","11","0","11","17","16","82","25","63","32","75","32","66","28","30","17","90","49","73","30","19","13","32","19","16","14","17","15","57","25","32","19","32","21","31","23","899","100","45","25","52","34","12","14","16","17","17","19","4","7","0","11","0","11","98","29","79","28","44","23","42","25","35","35","122","49","58","26","24","17","47","24","26","17","38","22","57","24","36","20","30","20","17","14",
"1400000US18097320108","Census Tract 3201.08, Marion County, Indiana","4899","612","2054","334","314","173","120","110","105","94","36","56","29","37","0","11","50","76","86","88","359","165","104","79","127","86","183","127","116","108","20","28","231","132","59","68","12","21","14","24","19","25","38","31","32","35","0","11","0","11","2845","485","377","224","82","92","188","118","129","100","50","83","61","73","82","87","159","101","486","185","199","97","235","134","139","101","84","69","120","88","44","39","24","46","62","55","33","50","64","48","124","75","54","35","15","22","34","32",
"1400000US18097320109","Census Tract 3201.09, Marion County, Indiana","2651","171","1053","137","44","40","64","38","57","33","73","50","5","9","0","11","0","11","28","33","20","22","31","26","88","50","46","34","25","25","117","44","72","37","26","21","47","29","19","20","44","48","67","40","82","49","63","37","35","43","1598","135","95","50","53","46","30","26","36","31","14","19","18","21","42","43","18","20","116","57","89","73","66","38","76","36","63","35","91","49","122","56","83","46","98","37","31","25","98","53","105","59","161","60","53","31","40","43",
"1400000US18097320202","Census Tract 3202.02, Marion County, Indiana","4030","317","1878","197","122","74","77","45","74","52","45","39","24","39","0","11","0","11","69","46","209","77","179","88","92","45","142","74","164","58","81","48","130","49","98","71","142","53","9","11","52","42","55","41","32","29","16","25","66","49","2152","228","70","42","60","37","178","95","116","73","15","20","36","44","4","10","59","37","88","37","121","53","138","59","79","51","159","68","87","38","168","64","56","30","128","50","30","27","58","43","99","55","175","104","26","27","202","95",
"1400000US18097320203","Census Tract 3202.03, Marion County, Indiana","3245","262","1380","157","0","11","41","28","115","52","38","34","20","21","18","22","12","18","70","40","195","69","187","64","51","39","87","56","108","46","77","56","79","39","6","9","46","32","37","32","11","17","90","52","50","34","25","22","17","19","1865","240","73","53","70","57","50","30","20","24","9","14","0","11","41","39","130","87","249","130","163","55","77","46","88","58","123","71","96","46","139","66","29","37","125","82","14","22","97","53","86","47","69","42","40","28","77","39",
"1400000US18097320204","Census Tract 3202.04, Marion County, Indiana","5525","426","2801","361","187","101","300","158","132","99","231","118","42","46","0","16","30","38","211","107","186","101","212","132","429","170","126","101","95","76","195","106","144","77","42","56","53","64","37","30","56","48","25","31","29","33","39","38","0","16","2724","326","78","67","107","70","63","54","68","66","24","33","61","60","22","27","211","104","527","258","182","93","104","61","245","104","161","97","129","81","83","55","99","80","54","62","129","86","63","46","119","70","60","37","57","52","78","48",
"1400000US18097320301","Census Tract 3203.01, Marion County, Indiana","3567","192","1785","225","43","36","96","46","101","48","13","20","23","24","0","11","45","70","97","89","252","128","86","50","88","41","95","47","52","36","39","30","112","47","53","32","117","52","53","35","114","60","110","51","99","41","80","51","17","20","1782","203","61","40","49","42","67","31","17","20","31","26","0","11","0","11","62","67","122","84","140","85","67","36","55","31","100","50","82","44","180","70","90","45","108","51","123","43","97","44","100","45","88","42","85","48","58","44",
"1400000US18097320303","Census Tract 3203.03, Marion County, Indiana","3402","308","1741","219","98","55","36","49","27","41","20","19","24","28","28","31","0","11","231","119","606","161","281","92","64","41","100","63","66","42","95","70","44","40","0","11","8","13","8","13","5","8","0","11","0","11","0","11","0","11","1661","237","120","67","73","55","17","27","13","21","23","24","23","27","57","52","228","88","524","155","177","78","160","89","36","24","101","53","22","23","33","21","0","11","8","12","0","11","22","28","24","28","0","11","0","11","0","11",
"1400000US18097320304","Census Tract 3203.04, Marion County, Indiana","6387","399","3097","276","159","89","228","90","238","101","93","59","14","23","21","35","0","16","109","126","295","136","113","72","137","88","225","97","356","148","199","114","277","110","34","36","94","63","50","42","123","73","86","59","82","53","115","59","49","41","3290","264","78","69","212","80","237","105","15","25","61","59","43","46","0","16","181","109","204","116","330","226","273","116","172","96","161","82","243","126","314","122","113","72","48","44","58","51","89","68","64","45","149","62","140","73","105","50",
"1400000US18097320400","Census Tract 3204, Marion County, Indiana","3178","253","1470","187","153","90","45","43","61","40","56","47","10","16","0","11","23","52","89","53","75","64","115","73","165","77","151","106","32","28","58","47","100","49","48","31","79","54","18","19","94","76","29","34","12","18","45","32","12","15","1708","152","167","101","56","47","40","41","112","69","16","26","0","11","5","9","40","46","118","67","268","83","123","56","89","52","73","40","144","64","87","46","62","39","48","32","19","23","54","47","43","30","39","30","36","28","69","49",
"1400000US18097320500","Census Tract 3205, Marion County, Indiana","3025","197","1281","117","66","64","36","43","137","64","46","45","9","15","0","11","0","11","8","12","151","78","82","46","145","55","30","31","88","57","49","30","136","73","46","32","75","41","7","11","18","21","45","32","18","19","30","28","59","32","1744","193","83","61","63","44","150","77","110","54","40","33","82","70","0","11","24","22","152","80","111","47","117","67","84","55","66","46","57","34","102","45","45","33","68","39","49","31","41","27","50","37","37","29","134","103","79","52",
"1400000US18097320600","Census Tract 3206, Marion County, Indiana","2301","226","1229","156","50","36","9","14","42","37","35","40","40","37","11","16","0","11","127","87","215","100","138","53","82","45","32","33","68","38","69","40","165","78","28","20","13","14","26","23","9","15","23","22","19","21","28","25","0","11","1072","163","71","44","52","55","25","30","0","11","12","14","0","11","48","51","5","8","136","57","128","54","48","41","43","37","57","36","111","56","92","39","31","30","37","30","18","23","37","23","38","45","39","36","37","27","7","11",
"1400000US18097320700","Census Tract 3207, Marion County, Indiana","1955","182","1031","153","18","21","24","29","67","40","31","41","0","11","0","11","0","11","76","74","130","81","81","69","135","102","86","44","82","42","63","42","55","46","80","51","23","24","21","17","10","18","35","27","14","20","0","11","0","11","924","126","37","30","26","26","31","25","35","30","0","11","23","25","20","32","60","42","81","49","140","58","26","23","90","43","15","20","90","38","84","42","10","15","28","25","19","20","24","24","26","23","10","16","26","39","23","26",
"1400000US18097320800","Census Tract 3208, Marion County, Indiana","3023","166","1444","104","109","46","94","27","131","47","77","27","14","9","28","36","15","16","8","8","33","19","46","28","91","24","123","52","97","30","103","33","162","42","58","24","33","13","18","10","76","25","53","18","24","11","27","15","24","12","1579","112","100","35","72","24","136","47","62","27","7","6","3","5","0","11","27","28","90","54","38","18","93","28","86","32","128","34","167","40","123","32","26","13","57","23","73","48","76","25","51","20","17","14","81","32","66","34",
"1400000US18097320901","Census Tract 3209.01, Marion County, Indiana","6168","493","2810","361","226","125","304","127","139","102","93","80","93","72","0","16","70","80","98","81","112","89","249","188","87","58","221","95","142","66","128","89","172","80","20","32","183","93","84","59","189","106","93","59","27","31","24","28","56","41","3358","303","90","68","158","98","217","138","48","43","30","35","86","91","0","16","138","151","132","99","112","57","275","99","175","113","192","89","168","97","553","175","111","77","137","74","103","63","82","58","174","79","84","57","124","80","169","89",
"1400000US18097320902","Census Tract 3209.02, Marion County, Indiana","4416","450","1851","282","431","176","136","97","155","119","93","62","32","41","21","29","39","44","79","63","170","88","181","88","92","73","39","32","48","35","109","66","63","42","17","19","14","22","15","18","5","8","64","43","16","17","9","13","23","19","2565","323","227","114","309","143","257","121","110","72","10","16","29","52","77","70","86","67","147","91","324","105","126","88","118","67","158","80","131","86","121","62","82","46","60","35","34","33","78","51","31","24","12","17","25","22","13","11",
"1400000US18097320903","Census Tract 3209.03, Marion County, Indiana","4889","493","2270","311","277","166","109","82","259","100","58","47","148","97","16","24","92","83","87","49","193","125","180","90","132","90","111","72","180","91","148","80","67","56","16","21","80","61","9","13","21","24","46","27","9","13","24","29","8","13","2619","391","236","132","232","109","322","160","141","98","151","91","19","22","60","62","69","52","208","98","258","157","115","67","264","132","108","76","84","60","114","69","26","24","47","39","11","16","8","12","40","32","43","29","21","21","42","36",
"1400000US18097321001","Census Tract 3210.01, Marion County, Indiana","2846","267","1475","201","116","55","86","57","150","52","110","49","24","36","29","48","0","11","83","77","78","60","92","51","41","36","169","103","50","37","140","64","45","42","72","47","40","34","35","25","26","21","20","15","26","23","37","26","6","9","1371","190","96","88","19","25","64","45","18","20","23","29","19","31","66","64","35","41","75","57","105","60","76","54","77","56","154","63","62","42","70","42","23","24","53","39","63","35","66","44","29","23","73","33","58","41","47","27",
"1400000US18097321002","Census Tract 3210.02, Marion County, Indiana","4198","313","1883","302","67","87","184","85","123","67","30","43","63","64","36","39","17","24","86","52","59","51","165","84","55","39","131","95","163","78","53","31","227","102","29","29","42","43","57","64","41","31","92","51","52","38","47","38","64","44","2315","288","97","72","171","107","168","71","127","89","0","11","12","18","0","11","92","77","98","71","134","76","233","103","118","64","127","63","101","52","103","58","65","32","66","71","72","44","115","74","204","74","73","47","45","33","94","48",
"1400000US18097321100","Census Tract 3211, Marion County, Indiana","3698","247","1725","186","62","33","177","86","79","48","116","69","89","68","13","20","3","5","11","10","106","51","100","41","114","71","112","58","159","52","111","63","107","51","36","24","73","34","40","28","28","18","64","29","43","25","48","45","34","20","1973","163","85","40","52","31","158","55","128","41","18","21","3","5","89","81","46","39","33","28","144","50","57","27","139","69","263","82","79","44","194","76","43","26","101","36","29","20","49","24","48","24","63","30","101","41","51","32",
"1400000US18097321200","Census Tract 3212, Marion County, Indiana","5085","340","2552","282","191","86","181","92","137","114","76","77","16","24","20","31","18","30","81","75","228","120","160","89","193","75","167","88","299","136","211","106","231","100","29","33","84","79","29","32","84","49","54","44","32","36","0","16","31","36","2533","215","103","61","282","111","203","102","91","66","50","41","0","16","0","16","18","30","304","126","177","67","151","74","236","102","243","102","201","95","187","110","44","41","86","56","42","39","30","34","28","32","28","31","15","24","14","23",
"1400000US18097321300","Census Tract 3213, Marion County, Indiana","2423","244","1432","217","69","56","55","44","20","33","0","11","6","10","0","11","0","11","283","160","452","170","154","56","59","38","88","45","50","36","21","30","68","39","9","14","32","26","41","40","13","20","6","9","0","11","6","10","0","11","991","133","28","26","7","15","44","44","0","11","4","6","0","11","0","11","62","50","233","84","128","59","133","48","29","29","65","38","35","29","55","31","47","32","23","23","21","22","29","27","13","18","26","25","9","16","0","11",
"1400000US18097321400","Census Tract 3214, Marion County, Indiana","5612","392","2455","360","181","124","72","56","23","29","130","77","10","18","26","40","28","31","101","85","332","138","368","170","133","81","173","91","179","140","160","105","98","61","74","66","106","70","44","43","59","47","55","51","61","50","23","25","19","31","3157","348","149","71","155","74","80","69","64","44","14","23","0","16","0","16","231","148","613","226","200","100","188","120","175","95","171","85","274","122","261","173","75","55","110","57","73","59","65","66","54","51","54","48","40","43","111","74",
"1400000US18097321600","Census Tract 3216, Marion County, Indiana","5558","502","2670","363","272","163","194","123","79","58","59","71","78","120","4","12","26","33","134","103","312","192","314","132","101","94","208","103","230","123","144","82","127","74","21","24","105","96","57","44","52","48","58","46","40","29","55","42","0","16","2888","361","56","70","187","135","279","166","59","56","19","42","0","16","52","79","103","86","369","193","279","139","145","128","140","96","245","110","146","86","159","115","57","53","47","45","71","52","54","50","188","85","69","41","16","26","148","98",
"1400000US18097321700","Census Tract 3217, Marion County, Indiana","3724","343","1826","260","45","64","50","51","58","57","0","11","21","25","13","22","13","21","69","65","366","171","265","110","310","147","38","35","186","92","39","32","90","63","56","37","70","48","0","11","11","18","5","10","6","12","50","43","65","49","1898","290","80","73","69","61","0","11","62","68","0","11","14","22","0","11","129","75","300","117","127","78","57","50","118","74","114","78","89","58","128","89","36","32","139","121","22","26","65","77","48","39","48","34","105","63","148","70",
"1400000US18097321800","Census Tract 3218, Marion County, Indiana","3586","242","1787","209","87","38","72","40","53","34","75","33","9","14","0","11","0","11","39","31","305","203","217","82","117","56","179","65","113","53","142","66","109","45","27","21","64","34","59","31","30","27","48","29","32","27","10","15","0","11","1799","184","174","96","107","50","82","46","52","44","7","10","0","11","0","11","41","29","224","119","178","67","147","58","128","54","95","44","169","56","93","39","49","32","83","43","8","14","55","35","66","37","19","21","0","11","22","24",
"1400000US18097321900","Census Tract 3219, Marion County, Indiana","6175","513","2549","395","114","44","92","46","81","48","50","56","516","169","170","79","351","289","161","93","133","55","118","50","90","37","107","60","103","55","90","47","95","44","39","32","65","58","10","14","43","28","54","37","33","54","15","16","19","20","3626","406","52","33","172","79","70","34","38","28","1160","183","327","93","308","130","300","182","128","77","184","89","123","47","176","101","104","50","92","45","92","47","70","60","9","14","0","16","48","33","82","47","43","33","17","18","31","28",
"1400000US18097322000","Census Tract 3220, Marion County, Indiana","3667","357","1560","204","43","42","92","77","99","58","75","59","25","23","9","14","16","27","87","85","167","67","147","91","108","63","115","82","78","53","62","43","129","62","60","47","86","48","45","41","44","30","22","21","19","31","8","13","24","33","2107","254","113","65","100","72","82","57","126","63","10","15","36","41","107","65","79","55","227","101","173","97","94","64","170","65","84","57","100","58","179","83","121","76","61","47","63","36","45","32","24","33","52","32","23","20","38","26",
"1400000US18097322100","Census Tract 3221, Marion County, Indiana","2950","423","1412","236","53","45","105","68","109","75","0","11","0","11","23","24","57","83","46","38","140","112","129","68","142","70","163","82","60","64","94","67","22","18","44","45","54","38","45","32","59","57","59","28","0","11","8","13","0","11","1538","285","131","67","129","74","218","119","59","57","41","58","0","11","12","22","29","36","112","69","164","79","84","51","59","54","73","51","97","77","28","30","79","65","27","29","37","48","52","30","62","44","29","26","16","27","0","11",
"1400000US18097322200","Census Tract 3222, Marion County, Indiana","2145","206","1075","133","93","42","62","32","83","35","58","35","0","11","0","11","0","11","35","27","109","67","87","39","86","33","66","31","70","31","106","45","66","27","15","13","19","14","13","11","34","18","28","14","17","12","17","13","11","10","1070","137","95","44","133","60","40","20","32","20","24","19","0","11","0","11","5","8","64","31","101","32","65","32","118","38","69","28","69","30","70","37","30","18","39","17","20","14","35","16","18","13","5","8","9","9","29","20",
"1400000US18097322300","Census Tract 3223, Marion County, Indiana","2499","167","1219","138","141","64","36","35","17","19","24","26","19","20","0","11","0","11","87","60","160","70","153","49","71","38","115","47","114","48","68","36","65","43","8","13","44","30","16","17","22","22","29","21","30","25","0","11","0","11","1280","124","108","54","52","38","12","18","21","23","0","11","0","11","15","19","147","93","162","70","153","43","66","32","79","39","104","53","82","38","54","35","19","22","55","34","49","24","34","22","16","19","18","19","22","27","12","22",
"1400000US18097322400","Census Tract 3224, Marion County, Indiana","3125","299","1544","239","53","37","128","86","88","59","79","67","20","28","0","11","25","32","146","61","235","89","170","65","102","73","104","43","77","55","93","55","82","50","62","49","18","20","0","11","27","23","11","15","24","20","0","11","0","11","1581","231","47","33","6","11","36","29","71","49","113","89","22","36","20","32","62","45","296","101","197","96","152","54","82","55","75","40","157","121","111","51","29","23","9","13","18","28","20","22","37","28","0","11","8","14","13","16",
"1400000US18097322500","Census Tract 3225, Marion County, Indiana","1391","192","628","135","39","32","34","26","89","50","10","13","0","11","23","23","9","13","34","22","93","56","29","23","66","33","55","33","25","20","31","21","21","16","23","19","22","28","0","11","8","10","4","7","11","18","2","3","0","11","763","103","21","21","65","29","17","19","0","11","9","13","3","5","0","11","23","15","87","46","76","41","53","32","104","64","92","39","33","19","60","30","15","14","10","13","23","16","8","8","19","15","32","20","9","10","4","7",
"1400000US18097322600","Census Tract 3226, Marion County, Indiana","4011","426","1665","263","217","108","158","116","40","45","77","58","63","52","30","30","33","36","96","68","111","78","119","74","109","72","56","46","150","97","137","64","98","60","0","11","11","13","23","21","6","11","67","49","47","46","17","18","0","11","2346","314","298","143","128","111","102","74","86","80","66","43","55","45","107","95","127","76","221","108","72","58","155","74","97","61","160","113","191","69","238","111","28","24","65","51","16","17","55","39","22","19","27","20","30","26","0","11",
"1400000US18097322700","Census Tract 3227, Marion County, Indiana","1994","262","1031","167","15","19","32","33","10","16","103","49","96","91","0","11","7","13","25","29","75","74","26","24","51","40","27","28","115","59","84","67","51","32","37","27","57","41","58","32","18","15","62","38","35","23","35","23","12","19","963","174","39","49","44","51","0","11","58","42","0","11","8","13","0","11","20","21","30","29","68","52","15","17","95","65","54","41","142","61","37","28","23","22","83","44","30","27","72","48","48","24","61","34","9","14","27","26",
"1400000US18097330103","Census Tract 3301.03, Marion County, Indiana","5035","479","2199","331","152","125","103","88","99","96","0","16","0","16","0","16","87","97","50","53","286","131","335","151","182","106","215","113","136","83","44","41","80","54","114","81","71","63","47","43","59","49","54","40","41","44","30","37","14","20","2836","368","278","160","23","35","104","99","112","95","22","26","0","16","42","65","54","45","480","191","366","133","139","110","63","75","128","89","183","99","297","100","91","70","72","51","98","61","43","35","87","64","55","49","47","54","52","43",
"1400000US18097330105","Census Tract 3301.05, Marion County, Indiana","5071","422","2564","363","206","129","118","83","119","92","76","72","17","27","1","2","0","16","290","205","216","121","366","132","144","115","106","78","179","85","213","106","105","75","48","45","117","73","0","16","22","27","28","28","84","70","64","45","45","39","2507","336","156","115","158","90","81","74","102","60","13","26","0","16","43","44","103","65","280","145","250","130","215","116","106","93","131","104","157","91","151","92","27","31","78","52","86","71","46","34","42","39","95","55","39","35","148","70",
"1400000US18097330106","Census Tract 3301.06, Marion County, Indiana","3933","441","1820","315","113","94","49","58","0","11","124","125","82","90","85","74","0","11","92","71","130","84","170","135","166","129","206","141","171","114","98","60","57","48","42","47","23","28","43","53","42","54","77","64","10","17","9","16","31","34","2113","503","176","168","56","95","88","121","17","29","47","58","30","34","75","84","277","160","235","113","137","107","181","131","182","111","36","42","66","84","124","73","23","32","17","29","8","13","52","53","143","94","11","17","90","85","42","42",
"1400000US18097330107","Census Tract 3301.07, Marion County, Indiana","6457","340","3121","271","159","129","192","82","219","95","141","111","44","39","23","38","0","16","221","92","342","107","125","89","160","93","131","64","137","69","205","95","329","105","44","39","219","88","100","52","55","40","67","48","134","73","27","32","47","44","3336","236","65","61","195","94","178","93","98","54","160","66","24","37","28","42","86","80","340","113","64","56","191","75","181","92","307","100","231","87","222","84","176","100","174","100","63","49","103","59","176","78","116","66","56","44","102","65",
"1400000US18097330108","Census Tract 3301.08, Marion County, Indiana","3818","291","1920","191","52","37","140","99","135","57","77","47","32","27","0","11","25","28","56","53","41","31","61","42","101","54","183","106","105","56","268","64","134","45","52","33","88","52","65","42","104","33","85","68","57","37","42","32","17","21","1898","182","40","28","98","50","119","66","116","71","43","30","41","35","46","50","39","33","62","42","67","40","48","42","156","65","149","56","219","64","204","58","86","51","106","42","49","31","61","34","45","29","27","28","60","39","17","19",
"1400000US18097330109","Census Tract 3301.09, Marion County, Indiana","4829","405","2443","287","173","99","85","78","59","66","117","70","25","38","42","46","0","11","145","86","104","76","320","129","121","92","192","102","156","78","132","69","284","103","85","55","114","73","100","54","49","34","82","60","20","30","18","27","20","31","2386","315","169","129","39","42","47","48","19","29","17","28","46","56","0","11","194","132","191","101","180","128","123","80","81","55","99","84","177","92","364","122","107","60","124","62","32","31","65","79","158","77","72","55","30","34","52","58",
"1400000US18097330202","Census Tract 3302.02, Marion County, Indiana","11186","954","4733","539","482","204","477","212","532","228","369","168","103","75","173","130","16","29","322","191","288","153","337","179","304","157","172","122","335","126","206","98","156","68","55","58","55","45","74","56","100","56","58","49","69","47","33","36","17","26","6453","764","522","303","598","247","671","255","253","149","72","73","74","97","63","81","259","178","446","173","638","304","486","229","495","196","444","177","424","162","415","165","12","19","164","119","83","60","110","67","65","52","50","78","55","52","54","52",
"1400000US18097330203","Census Tract 3302.03, Marion County, Indiana","5899","366","2835","279","190","163","111","67","306","124","114","99","58","54","27","41","0","16","40","45","49","55","169","95","147","74","95","75","230","111","212","127","321","107","166","86","175","102","71","50","96","70","103","67","58","44","19","29","78","89","3064","274","224","129","243","141","154","80","155","85","91","72","24","38","0","16","87","65","124","70","119","74","209","87","120","98","247","88","347","102","284","97","161","103","60","49","145","99","78","56","79","55","77","81","17","27","19","32",
"1400000US18097330204","Census Tract 3302.04, Marion County, Indiana","6614","435","2995","256","290","109","150","104","334","149","191","101","110","64","51","45","33","38","28","34","172","95","195","82","163","70","104","69","224","86","252","114","326","114","62","44","78","64","46","42","56","42","27","41","23","26","0","16","80","68","3619","354","269","150","224","116","206","117","170","91","60","54","0","16","13","21","205","147","238","134","313","111","162","86","250","103","291","119","492","154","248","110","66","58","109","71","23","24","73","58","21","24","48","44","90","71","48","49",
"1400000US18097330206","Census Tract 3302.06, Marion County, Indiana","4920","380","2393","208","172","89","120","49","216","89","132","61","44","31","28","31","21","23","121","71","169","75","193","69","169","79","174","73","151","53","203","85","198","77","46","31","50","34","48","33","83","48","14","20","17","25","11","19","13","21","2527","275","216","80","94","51","282","81","74","42","30","33","53","57","24","23","67","53","178","61","205","67","115","52","180","64","227","73","194","73","247","81","54","36","81","47","89","40","54","39","16","23","47","44","0","11","0","11",
"1400000US18097330208","Census Tract 3302.08, Marion County, Indiana","2828","245","1434","156","185","74","98","58","103","48","20","25","42","38","0","11","0","11","57","71","134","86","143","59","90","51","51","32","26","27","119","58","134","57","10","16","43","34","44","37","55","26","31","23","40","29","9","14","0","11","1394","156","55","43","77","49","42","35","36","39","6","9","16","18","0","11","47","37","144","68","118","52","110","53","67","44","56","38","136","55","167","57","53","32","60","37","24","20","44","37","76","34","16","17","18","20","26","25",
"1400000US18097330209","Census Tract 3302.09, Marion County, Indiana","8847","650","4458","402","320","138","391","141","300","166","218","103","21","32","53","55","63","59","243","174","275","112","331","150","454","149","181","81","257","106","287","116","357","159","89","70","93","62","59","47","84","56","78","61","89","58","157","81","58","48","4389","483","190","119","253","125","444","177","274","112","93","67","89","93","26","40","42","64","160","83","371","140","360","144","243","88","544","158","223","103","252","115","100","74","93","66","53","44","93","56","64","51","81","53","203","110","138","72",
"1400000US18097330401","Census Tract 3304.01, Marion County, Indiana","5890","399","2777","353","189","96","162","80","260","124","125","93","102","99","74","75","0","16","82","83","148","84","182","113","56","43","198","108","112","59","310","98","151","63","75","49","127","68","87","48","112","65","69","47","21","32","96","60","39","31","3113","316","153","96","113","78","171","89","131","86","122","69","37","54","0","16","172","107","170","124","129","79","135","103","286","131","259","103","262","94","254","98","112","72","122","76","127","84","69","55","85","58","56","50","31","33","117","115",
"1400000US18097330500","Census Tract 3305, Marion County, Indiana","6645","730","3043","595","99","99","246","215","225","173","290","247","142","142","29","47","0","16","71","118","205","164","267","141","86","69","105","108","169","115","143","106","261","151","46","41","88","61","175","95","189","84","110","66","35","41","30","37","32","40","3602","474","315","199","329","148","219","157","105","125","135","146","29","49","0","16","21","34","153","111","235","121","443","186","206","170","102","81","204","129","270","107","35","32","163","105","66","62","148","86","201","94","65","54","0","16","158","104",
"1400000US18097330600","Census Tract 3306, Marion County, Indiana","5369","782","2259","343","39","48","339","230","142","155","105","110","95","76","0","16","22","35","123","99","252","126","110","78","300","202","146","85","100","82","78","65","162","82","19","29","87","57","17","28","40","51","46","41","10","16","13","20","14","22","3110","539","419","216","92","95","438","224","176","139","43","63","92","97","0","16","64","63","289","137","352","182","101","70","260","141","115","85","98","67","201","97","28","33","30","36","56","64","44","42","112","69","37","35","25","27","38","45",
"1400000US18097330700","Census Tract 3307, Marion County, Indiana","5698","446","2870","340","179","150","85","65","127","91","97","66","15","25","75","79","20","36","49","73","166","127","216","146","342","168","226","171","289","170","232","129","228","142","119","94","100","60","56","63","24","31","100","48","37","43","32","34","56","87","2828","392","121","66","272","163","234","143","0","16","31","48","41","68","34","43","23","29","156","127","203","89","225","120","291","173","125","105","220","114","267","106","76","57","51","45","74","50","47","38","126","67","98","62","40","42","73","57",
"1400000US18097330803","Census Tract 3308.03, Marion County, Indiana","4050","654","1923","385","309","146","323","107","125","68","65","50","40","50","11","18","0","11","151","87","184","144","114","78","219","94","89","55","54","56","103","55","61","44","12","19","12","16","0","11","37","36","0","11","14","21","0","11","0","11","2127","369","348","187","190","100","176","78","85","72","39","41","86","70","61","37","112","81","137","81","147","95","172","82","150","84","40","40","122","68","136","64","13","19","14","22","25","27","51","30","9","15","14","19","0","11","0","11",
"1400000US18097330804","Census Tract 3308.04, Marion County, Indiana","3392","472","1491","331","374","194","182","78","134","76","22","27","34","54","0","11","10","16","145","100","82","60","79","45","76","52","11","16","138","88","42","50","75","73","14","27","55","47","11","17","0","11","7","12","0","11","0","11","0","11","1901","288","234","156","220","98","116","65","70","60","70","58","10","15","59","80","110","75","189","100","224","106","126","111","105","71","56","47","71","50","63","45","16","18","46","48","55","41","17","20","26","30","0","11","18","29","0","11",
"1400000US18097330805","Census Tract 3308.05, Marion County, Indiana","2843","390","1308","201","188","106","208","136","46","47","47","44","15","17","0","11","0","11","70","57","102","83","60","55","99","66","156","114","23","29","44","38","96","55","28","34","37","33","37","38","5","8","27","33","3","6","4","10","13","21","1535","272","202","99","86","70","92","65","28","36","29","28","3","7","0","11","199","93","126","85","94","72","102","50","8","11","156","83","81","53","164","82","26","24","11","12","34","32","11","15","32","24","18","20","25","21","8","14",
"1400000US18097330806","Census Tract 3308.06, Marion County, Indiana","3831","419","1899","295","204","112","242","145","187","94","55","62","8","14","41","47","0","11","113","70","212","107","153","85","98","71","8","12","82","61","188","89","105","64","15","22","34","42","22","22","20","20","12","16","46","34","28","31","26","24","1932","302","117","78","238","121","85","54","33","39","0","11","45","45","13","20","102","82","189","132","165","90","136","89","231","78","48","46","79","52","218","71","21","28","44","40","14","15","54","62","32","32","10","17","24","25","34","28",
"1400000US18097330900","Census Tract 3309, Marion County, Indiana","5147","610","1920","373","236","152","83","74","153","118","102","81","46","61","0","16","0","16","150","143","230","162","126","138","121","86","160","140","78","79","35","43","127","86","0","16","14","22","52","57","0","16","123","96","43","44","33","35","8","15","3227","457","252","110","327","231","131","117","68","66","14","28","0","16","155","131","134","96","214","139","429","158","123","118","141","113","335","199","291","158","200","109","13","22","50","46","63","50","61","60","147","104","50","51","29","28","0","16",
"1400000US18097331000","Census Tract 3310, Marion County, Indiana","4469","356","2129","238","94","66","146","89","202","110","71","49","92","66","60","71","0","11","28","36","129","67","80","60","197","96","85","55","96","62","206","118","122","57","28","25","93","47","43","29","72","43","148","95","85","41","24","22","28","30","2340","246","130","72","156","78","138","64","113","66","13","19","28","32","29","28","58","69","105","61","164","81","143","77","122","53","96","50","233","102","148","60","96","46","71","45","81","34","130","60","99","42","113","52","27","24","47","35",
"1400000US18097340101","Census Tract 3401.01, Marion County, Indiana","3808","307","1950","235","215","78","149","107","146","81","38","44","0","11","0","11","26","30","83","61","106","67","193","88","163","78","139","67","85","57","97","51","139","58","49","39","52","31","36","30","54","36","34","31","72","36","59","39","15","20","1858","178","60","49","181","90","23","32","73","56","17","23","18","29","10","17","98","58","137","72","130","78","153","102","90","60","72","46","133","64","218","88","58","39","49","35","51","34","37","33","53","41","103","50","67","41","27","24",
"1400000US18097340102","Census Tract 3401.02, Marion County, Indiana","3592","525","1671","346","124","88","207","143","104","89","54","51","18","20","80","61","20","32","88","75","126","90","85","72","130","78","61","58","115","67","79","45","51","33","50","33","32","26","7","12","25","21","43","31","127","75","20","21","25","26","1921","352","87","107","113","88","156","121","81","83","77","68","0","11","8","13","48","62","140","91","115","90","133","81","97","79","96","86","40","38","82","51","98","52","42","29","17","19","61","28","114","54","166","76","58","34","92","39",
"1400000US18097340108","Census Tract 3401.08, Marion County, Indiana","2255","320","1163","189","120","55","139","68","61","37","20","24","23","25","28","32","41","47","68","39","124","59","146","67","85","49","62","28","48","31","29","27","71","39","17","19","10","12","6","6","3","5","6","7","16","18","26","23","14","22","1092","181","136","54","108","51","46","35","4","8","51","30","32","33","9","12","65","37","102","42","83","49","89","45","36","27","45","27","33","22","39","24","31","21","41","29","6","7","19","13","37","35","11","13","18","21","51","43",
"1400000US18097340109","Census Tract 3401.09, Marion County, Indiana","1378","185","612","70","37","34","24","25","41","27","5","8","7","11","17","21","30","32","32","31","46","34","35","31","109","57","51","41","45","25","23","17","24","17","25","14","16","21","5","10","10","10","19","13","11","11","0","11","0","11","766","144","109","59","48","35","90","58","34","26","4","7","0","11","0","11","26","32","44","35","85","49","68","32","44","28","31","19","55","30","40","19","13","11","10","11","9","10","18","14","13","12","20","13","5","7","0","11",
"1400000US18097340110","Census Tract 3401.10, Marion County, Indiana","5435","592","2471","371","279","137","103","88","95","96","112","83","45","72","57","92","87","108","200","124","260","140","138","83","280","142","99","96","240","139","99","82","165","89","13","23","29","46","34","54","34","36","28","40","64","63","0","16","10","18","2964","373","292","178","101","78","171","134","187","91","19","28","95","92","71","69","172","96","343","142","186","94","226","119","268","143","229","140","164","96","140","99","37","51","84","72","20","30","39","61","40","41","71","78","0","16","9","16",
"1400000US18097340111","Census Tract 3401.11, Marion County, Indiana","3646","384","1491","232","97","66","62","44","91","56","82","48","54","40","64","47","16","17","153","100","48","36","90","51","32","31","167","72","146","53","195","68","74","39","29","26","40","25","24","23","27","20","0","11","0","11","0","11","0","11","2155","271","183","106","31","46","179","71","297","76","76","50","15","22","0","11","101","54","156","76","139","58","96","50","181","66","202","66","165","85","130","49","25","23","22","22","16","17","34","21","16","18","0","11","21","25","70","99",
"1400000US18097340112","Census Tract 3401.12, Marion County, Indiana","4933","614","2521","436","111","97","65","63","323","196","7","14","69","87","39","44","59","71","263","107","357","199","165","101","32","47","168","107","173","125","107","73","199","98","70","54","60","48","25","28","35","31","46","41","41","38","37","34","70","53","2412","324","179","135","0","11","79","77","132","103","73","75","13","20","26","32","253","116","259","131","246","136","167","101","137","89","118","76","162","102","142","64","37","33","70","41","17","19","3","6","99","53","59","44","42","39","99","55",
"1400000US18097340113","Census Tract 3401.13, Marion County, Indiana","3977","359","1980","222","128","66","96","57","217","129","114","62","0","11","21","24","30","31","144","82","185","94","61","52","122","65","123","66","91","50","137","57","103","55","34","31","47","29","39","30","46","33","53","40","31","28","53","52","105","82","1997","199","49","37","104","65","47","42","71","45","10","15","37","38","35","37","50","39","84","62","132","71","122","66","95","58","149","66","157","63","111","50","81","51","98","69","43","28","52","36","102","57","56","35","98","58","214","76",
"1400000US18097340114","Census Tract 3401.14, Marion County, Indiana","4201","226","2169","174","108","51","183","100","229","81","92","55","17","19","0","11","29","35","46","30","169","74","130","51","169","53","151","65","153","57","133","54","181","58","18","19","111","50","21","17","57","33","88","41","46","33","14","12","24","26","2032","169","155","90","70","51","66","38","117","51","18","22","34","28","16","20","44","28","178","65","158","76","126","48","211","71","156","52","143","51","154","57","85","54","64","37","17","17","61","38","80","42","38","29","10","12","31","46",
"1400000US18097340201","Census Tract 3402.01, Marion County, Indiana","3619","542","1713","288","158","119","132","82","95","51","131","80","54","78","40","28","50","37","72","53","77","52","109","71","187","72","114","64","101","52","54","37","111","41","41","28","27","24","21","20","32","29","32","32","33","37","25","28","17","24","1906","299","155","97","210","86","151","55","81","42","44","37","0","11","64","81","81","57","114","76","113","70","127","79","87","60","161","79","95","63","129","44","45","30","50","41","25","31","14","20","75","58","36","30","26","28","23","25",
"1400000US18097340202","Census Tract 3402.02, Marion County, Indiana","4189","334","1918","260","200","90","63","66","136","80","49","30","34","40","77","74","12","20","144","92","206","94","100","66","77","53","127","67","122","48","110","47","102","54","41","41","37","29","58","54","50","37","104","54","27","22","25","19","17","20","2271","313","204","128","167","98","92","57","54","32","57","37","11","17","20","23","137","68","265","102","111","73","103","63","102","43","148","88","170","79","162","66","22","19","68","35","36","33","93","51","98","56","64","35","81","52","6","10",
"1400000US18097340300","Census Tract 3403, Marion County, Indiana","8215","906","4201","572","674","307","391","193","342","179","137","106","0","16","32","49","0","16","210","140","178","134","542","239","283","148","460","213","223","115","302","151","195","101","65","74","21","26","36","43","38","41","41","38","0","16","31","37","0","16","4014","608","372","218","364","175","334","168","258","134","22","36","168","148","0","16","181","120","192","146","290","155","417","165","301","161","215","110","269","139","128","92","29","34","126","69","75","64","23","38","41","40","112","118","83","69","14","23",
"1400000US18097340400","Census Tract 3404, Marion County, Indiana","3644","416","1767","301","165","78","168","116","166","89","91","88","37","41","19","26","57","68","101","63","127","70","97","56","188","82","74","55","118","77","119","87","122","59","9","15","64","54","8","12","23","19","3","7","11","13","0","11","0","11","1877","242","127","86","259","102","150","86","7","12","12","16","0","11","16","23","128","67","148","72","211","92","62","44","103","67","175","72","68","48","96","60","112","71","20","21","44","30","18","20","40","26","32","34","12","14","37","30",
"1400000US18097340500","Census Tract 3405, Marion County, Indiana","4625","467","1827","269","169","109","46","41","120","86","80","69","107","82","138","103","86","62","59","42","66","45","96","81","74","63","147","70","128","95","104","86","186","143","25","31","76","58","9","13","10","16","37","46","27","43","16","18","21","22","2798","365","287","156","292","144","77","63","80","88","212","55","189","93","122","89","137","66","288","148","219","112","74","56","188","76","130","87","113","63","102","69","58","60","9","14","23","20","61","59","9","14","18","18","63","41","47","50",
"1400000US18097340600","Census Tract 3406, Marion County, Indiana","5525","577","2377","293","133","89","161","81","109","71","76","46","34","41","14","18","42","36","143","80","108","67","274","129","231","87","175","117","174","84","147","71","268","88","16","17","16","21","22","20","69","69","49","28","39","31","37","23","40","48","3148","425","259","124","328","146","218","127","138","109","71","65","15","20","159","115","152","80","253","124","237","108","117","70","142","76","186","74","161","77","152","66","76","46","142","70","52","28","92","66","57","33","37","24","53","37","51","33",
"1400000US18097340700","Census Tract 3407, Marion County, Indiana","4245","429","2053","343","191","118","74","68","137","101","27","33","61","72","3","6","9","16","64","80","283","179","326","156","122","116","24","30","221","124","170","117","133","99","37","32","40","37","14","15","17","19","82","44","8","11","0","11","10","15","2192","356","363","145","271","146","162","122","26","39","76","63","39","59","21","36","58","63","397","168","141","74","49","46","68","51","78","61","93","80","91","53","42","51","44","39","22","19","28","31","56","37","32","34","31","41","4","25",
"1400000US18097340800","Census Tract 3408, Marion County, Indiana","1631","188","781","107","73","72","43","21","56","31","26","18","0","11","0","11","23","25","4","7","26","25","57","33","72","41","42","26","69","32","25","22","74","31","18","16","59","29","5","8","19","13","42","33","14","14","22","24","12","15","850","123","57","36","53","22","29","23","23","18","43","25","7","10","11","16","21","21","44","34","58","25","67","30","36","24","79","34","64","53","56","26","11","15","25","15","23","29","9","10","48","34","22","22","31","33","33","21",
"1400000US18097340901","Census Tract 3409.01, Marion County, Indiana","3676","346","1728","178","93","55","111","50","137","78","151","78","75","57","12","22","36","41","50","40","143","99","57","38","131","59","65","51","169","66","177","73","115","51","8","14","27","23","25","25","40","31","30","34","23","22","33","29","20","22","1948","235","228","104","116","64","179","122","54","40","0","11","14","22","6","11","100","67","120","77","107","48","109","75","148","67","136","67","149","61","119","53","33","26","82","50","24","21","25","18","74","40","37","25","57","40","31","26",
"1400000US18097340902","Census Tract 3409.02, Marion County, Indiana","6604","917","3155","468","368","181","147","128","134","114","36","55","170","185","33","40","27","30","188","192","365","171","439","277","316","166","172","139","149","111","128","73","135","97","31","42","76","60","26","30","34","30","81","62","35","36","29","30","36","43","3449","616","426","223","334","233","79","94","111","114","139","123","50","52","56","68","260","129","383","180","408","176","132","113","141","128","133","94","120","78","174","119","46","49","62","49","43","37","70","64","143","106","79","56","50","41","10","18",
"1400000US18097341000","Census Tract 3410, Marion County, Indiana","1755","166","802","104","40","35","41","35","32","22","19","18","12","13","0","11","21","26","35","20","91","58","40","24","91","50","46","34","67","25","65","32","43","20","23","14","16","12","24","15","41","21","37","17","6","9","6","8","6","10","953","104","66","36","47","22","35","22","23","16","8","9","33","27","0","11","23","12","126","46","50","29","64","29","75","40","79","32","32","19","88","30","42","20","22","15","5","8","43","22","42","17","20","16","0","11","30","22",
"1400000US18097341100","Census Tract 3411, Marion County, Indiana","1944","303","1050","200","97","58","121","62","62","44","21","16","0","11","0","11","18","20","23","26","139","61","56","45","32","34","52","41","51","29","117","45","60","30","44","40","35","24","42","28","36","39","17","17","13","13","6","9","8","11","894","180","97","51","34","30","99","52","12","14","0","11","0","11","0","11","31","24","82","48","89","53","34","32","46","26","100","42","55","27","55","24","26","21","34","29","4","6","12","13","30","19","32","33","4","9","18","28",
"1400000US18097341200","Census Tract 3412, Marion County, Indiana","2120","307","1002","164","103","62","133","60","66","45","66","44","0","11","33","30","0","11","21","20","68","36","45","28","106","45","47","29","59","36","83","43","27","19","28","25","38","22","24","22","13","10","0","11","20","15","9","10","13","9","1118","188","89","49","74","57","101","70","50","36","5","8","30","29","0","11","51","49","74","47","47","32","85","39","43","28","82","42","66","40","85","33","32","26","21","19","6","8","23","16","42","22","30","25","40","22","42","23",
"1400000US18097341600","Census Tract 3416, Marion County, Indiana","2149","279","956","165","91","48","149","75","102","49","35","28","19","23","0","11","38","54","13","16","136","73","57","44","24","31","46","36","48","39","51","35","8","11","19","20","25","26","11","12","11","18","41","34","19","13","6","9","7","10","1193","184","88","68","58","37","114","64","72","43","62","42","0","11","7","14","53","35","147","65","76","68","57","32","67","43","68","45","122","69","36","32","0","11","25","24","6","10","33","31","48","28","14","14","33","21","7","10",
"1400000US18097341700","Census Tract 3417, Marion County, Indiana","4798","489","2550","298","173","78","284","102","153","77","132","74","28","29","49","72","30","29","74","49","222","106","174","91","191","84","275","117","140","56","242","103","139","51","39","32","70","48","23","25","29","22","21","24","51","36","11","17","0","11","2248","313","255","125","324","157","62","78","43","42","70","46","36","33","39","47","95","71","196","63","86","56","134","54","202","80","193","88","72","48","151","61","37","28","17","19","34","30","27","25","79","46","47","35","49","37","0","11",
"1400000US18097341902","Census Tract 3419.02, Marion County, Indiana","3365","446","1650","243","123","80","76","55","81","55","100","64","17","28","0","11","10","17","45","45","163","69","110","52","72","54","47","33","78","60","152","67","142","70","63","47","84","46","23","25","45","37","84","57","64","44","27","29","44","37","1715","263","106","67","95","52","55","46","84","78","21","20","11","18","16","21","30","24","119","67","139","60","49","41","114","57","55","41","115","51","110","52","92","50","122","59","15","23","109","63","69","51","52","37","76","39","61","37",
"1400000US18097341903","Census Tract 3419.03, Marion County, Indiana","5118","591","2766","465","388","323","184","123","155","122","104","75","10","16","59","68","0","16","132","109","238","155","240","139","258","137","193","137","277","169","255","140","111","72","15","11","30","32","32","42","9","18","0","16","14","22","53","59","9","14","2352","397","300","156","64","68","98","76","165","163","141","109","73","73","61","64","374","143","148","94","199","115","8","19","155","94","188","113","19","30","142","84","20","31","48","55","19","22","28","33","4","10","13","17","37","39","48","28",
"1400000US18097341904","Census Tract 3419.04, Marion County, Indiana","2458","242","1313","156","195","82","114","59","38","29","32","32","5","8","17","20","14","16","82","43","188","79","207","70","77","45","175","71","30","19","38","26","32","27","15","18","15","14","16","17","9","11","4","8","10","12","0","11","0","11","1145","170","192","91","82","71","69","54","31","33","39","38","37","30","9","13","57","41","166","66","141","41","64","36","69","45","63","49","52","31","26","19","14","13","10","14","9","11","0","11","0","11","0","11","8","12","7","12",
"1400000US18097342000","Census Tract 3420, Marion County, Indiana","6931","603","3618","448","308","229","425","134","209","160","221","125","66","72","79","77","37","52","205","151","111","89","166","116","368","182","262","164","198","105","261","94","269","99","70","48","68","51","46","44","95","56","80","66","24","27","21","27","29","32","3313","425","187","129","306","162","258","155","169","105","33","47","0","16","25","40","115","75","171","121","200","144","362","130","275","142","184","86","240","91","264","95","111","68","119","75","20","22","94","65","47","32","37","34","11","19","85","61",
"1400000US18097342101","Census Tract 3421.01, Marion County, Indiana","5518","432","2717","304","229","126","390","169","186","98","119","73","0","16","53","46","0","16","102","72","220","95","166","98","149","71","273","94","125","66","218","80","182","82","43","34","53","30","46","38","42","39","60","42","34","25","8","13","19","20","2801","273","113","78","218","113","285","93","187","92","6","10","16","25","7","12","68","71","345","124","233","83","148","74","187","75","157","83","270","64","164","63","45","27","70","48","67","39","111","58","24","22","8","12","44","29","28","23",
"1400000US18097342200","Census Tract 3422, Marion County, Indiana","5885","630","3043","421","177","107","297","85","248","138","210","107","68","49","79","72","52","49","142","91","231","122","205","91","188","87","148","65","250","132","233","96","184","71","29","22","72","64","54","38","59","57","55","64","40","35","11","18","11","17","2842","427","212","94","221","127","293","133","221","113","78","52","80","64","13","21","101","68","89","49","217","96","153","94","193","86","322","81","93","45","112","56","33","23","92","69","78","51","42","29","56","39","61","43","43","38","39","29",
"1400000US18097342300","Census Tract 3423, Marion County, Indiana","7006","842","3325","541","267","123","374","262","478","230","121","85","12","23","27","46","51","44","114","77","189","119","149","117","314","209","117","85","91","74","197","118","332","133","16","26","145","100","52","49","88","70","152","84","23","36","0","16","16","27","3681","545","211","151","215","146","557","239","45","54","64","78","12","21","32","40","120","82","359","156","111","83","449","241","146","144","257","167","356","141","113","64","28","34","123","72","23","35","129","95","96","62","147","93","54","50","34","41",
"1400000US18097342400","Census Tract 3424, Marion County, Indiana","1831","275","980","185","187","97","107","96","42","25","29","20","7","11","0","11","0","11","19","16","54","37","61","46","42","28","64","42","54","39","89","51","60","31","7","10","44","39","21","14","22","17","35","36","14","16","0","11","22","15","851","139","35","24","73","73","14","21","8","12","18","19","9","14","23","21","10","14","110","57","110","68","43","30","43","29","47","39","109","56","46","33","6","11","35","36","15","11","13","15","12","14","13","14","29","23","30","21",
"1400000US18097342500","Census Tract 3425, Marion County, Indiana","4754","371","2292","255","179","90","181","89","223","97","114","64","54","47","0","11","26","27","57","50","144","81","125","65","226","88","63","41","177","79","199","83","104","50","61","39","118","80","62","33","40","31","30","25","32","29","42","33","35","29","2462","239","224","111","92","54","272","98","56","53","71","61","23","26","60","59","77","88","267","93","144","67","242","91","129","58","176","83","93","52","189","70","32","27","78","43","11","17","74","39","52","31","51","36","36","22","13","16",
"1400000US18097342600","Census Tract 3426, Marion County, Indiana","3350","442","1567","259","144","116","247","126","11","23","75","61","69","74","0","11","31","41","67","44","68","51","69","53","101","48","97","63","34","31","217","85","120","58","63","51","52","33","0","11","15","16","42","39","17","17","21","22","7","11","1783","249","170","86","123","67","157","95","100","63","0","11","12","19","48","45","127","63","144","91","164","83","92","49","97","60","112","78","178","53","28","22","19","22","48","42","34","34","38","28","37","30","21","26","17","19","17","20",
"1400000US18097350100","Census Tract 3501, Marion County, Indiana","1266","188","587","129","92","53","35","30","29","40","12","22","0","11","0","11","0","11","45","37","38","29","8","9","44","34","20","21","34","26","55","32","20","23","23","22","13","13","17","19","49","37","33","25","15","17","0","11","5","8","679","143","40","37","0","11","33","32","0","11","34","35","0","11","14","25","59","55","43","26","72","45","27","21","16","20","54","38","87","48","96","44","0","11","23","21","6","10","7","10","11","12","12","14","6","9","39","25",
"1400000US18097350300","Census Tract 3503, Marion County, Indiana","2170","346","1050","203","45","48","51","57","50","57","0","11","8","15","0","11","46","61","7","10","100","57","113","73","17","20","132","73","86","59","97","65","102","61","34","24","38","34","44","28","16","16","41","36","15","18","0","11","8","12","1120","260","65","71","26","40","20","30","52","48","21","27","41","44","8","13","97","85","110","70","78","65","69","56","119","92","91","64","92","52","37","39","36","30","41","28","53","38","47","45","17","16","0","11","0","11","0","11",
"1400000US18097350400","Census Tract 3504, Marion County, Indiana","2728","294","1339","196","68","49","48","31","80","53","24","21","86","98","8","17","20","31","63","51","89","54","112","61","43","32","107","59","59","38","64","33","142","70","73","61","63","42","34","30","26","27","39","45","34","27","57","44","0","11","1389","214","111","65","88","61","131","62","41","37","16","17","0","11","4","10","56","56","161","89","93","46","55","38","51","36","51","44","35","27","173","64","40","37","65","40","10","15","50","28","42","43","44","27","46","30","26","18",
"1400000US18097350500","Census Tract 3505, Marion County, Indiana","2133","263","1011","154","23","22","84","67","78","52","18","22","34","36","22","32","0","11","65","58","93","60","44","33","54","44","83","44","22","16","117","52","92","40","27","27","36","21","10","10","11","11","23","23","46","30","9","10","20","23","1122","157","50","40","54","42","26","19","19","25","40","33","8","13","18","16","36","33","35","28","72","44","83","43","43","42","69","48","144","62","149","64","46","30","5","7","36","23","39","26","69","32","15","14","25","17","41","21",
"1400000US18097350600","Census Tract 3506, Marion County, Indiana","3912","512","1558","304","77","76","110","107","94","71","69","45","38","61","0","11","14","23","27","41","89","68","107","109","96","94","110","59","124","86","122","71","148","88","22","25","32","28","12","18","27","24","108","50","53","29","51","33","28","38","2354","319","44","41","165","131","87","54","48","38","32","31","45","55","0","11","126","78","144","113","86","59","221","133","74","63","137","82","119","53","162","81","158","73","180","75","68","54","59","39","145","63","113","78","49","41","92","58",
"1400000US18097350700","Census Tract 3507, Marion County, Indiana","1330","238","698","139","35","34","38","28","38","28","14","20","17","20","15","23","41","43","33","33","17","24","48","37","24","25","27","20","40","35","127","75","30","30","20","24","20","18","28","30","21","18","12","16","20","20","0","11","33","31","632","150","34","33","19","20","21","23","34","33","28","26","0","11","8","14","16","19","43","39","19","18","49","37","24","20","73","37","54","33","62","35","11","12","49","33","4","6","2","5","28","20","24","19","19","19","11","15",
"1400000US18097350800","Census Tract 3508, Marion County, Indiana","2133","238","941","154","99","44","120","87","126","75","62","35","48","32","7","10","0","11","39","52","25","28","73","43","60","43","66","45","45","28","46","33","44","37","24","20","7","10","0","11","15","18","6","7","0","11","19","18","10","11","1192","152","121","70","119","56","104","62","36","23","4","6","19","30","55","44","14","19","125","66","77","40","65","41","128","74","62","41","78","51","34","23","26","19","22","19","7","7","21","16","18","17","22","16","10","10","25","19",
"1400000US18097350900","Census Tract 3509, Marion County, Indiana","1362","266","631","152","45","36","44","40","48","42","18","19","50","47","33","28","0","11","71","79","28","19","36","25","15","18","49","33","45","21","42","24","46","28","16","13","3","6","6","9","2","4","25","17","4","6","5","6","0","11","731","178","21","19","59","47","49","37","23","28","50","38","0","11","35","39","14","20","67","41","91","47","64","38","34","32","23","20","51","31","33","25","22","16","2","4","5","7","5","6","34","22","4","7","17","10","28","19",
"1400000US18097351000","Census Tract 3510, Marion County, Indiana","2579","409","1283","250","52","73","150","104","60","60","46","44","18","21","63","80","11","28","18","19","152","101","109","73","66","42","34","39","68","53","114","81","81","77","20","23","63","44","16","17","44","39","42","47","45","47","10","16","1","2","1296","295","105","119","34","44","66","72","46","59","18","34","29","46","48","68","79","76","100","63","192","102","58","63","97","63","35","30","95","66","21","22","50","60","24","25","31","44","41","48","28","29","41","32","38","53","20","22",
"1400000US18097351200","Census Tract 3512, Marion County, Indiana","2345","356","1027","230","81","53","104","57","84","55","58","47","44","44","30","36","3","9","27","25","97","53","91","58","67","45","54","37","46","55","36","28","57","42","24","20","33","27","12","14","0","11","29","29","32","21","12","12","6","10","1318","189","110","62","122","56","44","36","23","26","31","34","0","11","25","28","43","39","121","59","87","40","42","30","118","54","68","35","60","34","124","66","10","14","55","26","28","19","30","21","81","39","50","24","23","18","23","20",
"1400000US18097351500","Census Tract 3515, Marion County, Indiana","1914","254","955","150","43","35","29","29","62","53","35","28","71","53","47","33","3","8","35","31","134","71","60","38","50","36","71","49","36","32","86","43","74","30","15","16","48","30","8","7","9","11","12","13","11","11","0","11","16","15","959","149","46","37","16","25","33","24","103","46","46","43","3","9","4","6","94","42","148","56","37","29","34","38","61","30","47","25","93","34","38","25","37","36","30","22","16","13","3","7","19","18","33","22","6","9","12","13",
"1400000US18097351600","Census Tract 3516, Marion County, Indiana","2205","242","1207","170","65","40","28","20","11","12","0","11","11","13","12","19","0","11","178","116","217","73","150","49","116","36","59","67","59","28","85","35","98","44","25","26","16","16","13","12","23","22","30","26","7","10","0","11","4","7","998","152","97","38","51","42","11","12","8","14","23","20","9","13","19","23","34","25","140","61","110","37","100","40","55","32","111","46","77","42","60","35","5","9","32","30","9","11","0","11","9","12","15","16","13","13","10","11",
"1400000US18097351700","Census Tract 3517, Marion County, Indiana","2613","422","1297","275","34","27","135","48","32","27","39","36","27","34","83","118","0","11","8","11","118","100","195","122","119","63","94","60","105","66","35","34","133","69","11","19","64","49","36","45","18","19","5","8","0","11","6","9","0","11","1316","265","207","123","71","50","85","88","37","27","36","39","21","32","0","11","94","67","176","97","80","47","59","33","93","66","24","32","92","63","76","42","15","18","23","24","16","26","31","37","38","41","10","16","26","24","6","9",
"1400000US18097351900","Census Tract 3519, Marion County, Indiana","2424","240","1113","182","80","53","119","60","87","54","7","10","35","29","0","11","16","19","43","54","155","69","80","67","49","45","52","50","31","28","61","29","64","44","34","22","43","35","4","6","37","23","43","20","30","23","39","20","4","7","1311","141","60","32","87","48","67","38","23","28","0","11","0","11","0","11","15","19","47","39","144","69","42","32","75","50","66","36","161","68","112","41","21","18","63","39","44","26","64","35","67","34","87","34","19","12","47","30",
"1400000US18097352100","Census Tract 3521, Marion County, Indiana","2018","281","1129","203","108","64","118","88","83","55","134","82","7","12","43","46","23","32","16","18","76","49","30","32","73","40","111","54","56","46","60","39","52","32","21","25","42","31","17","18","0","11","15","14","20","17","14","13","10","12","889","145","36","33","27","25","17","23","41","32","18","20","0","11","9","12","7","11","104","65","173","64","57","45","35","43","11","14","62","40","103","36","11","11","32","21","5","7","27","17","17","14","32","19","35","29","30","32",
"1400000US18097352300","Census Tract 3523, Marion County, Indiana","1213","169","525","86","30","29","20","23","43","33","4","7","26","37","37","35","0","11","19","23","16","17","42","30","60","42","0","11","39","37","75","43","17","16","15","15","18","16","9","10","18","18","5","8","32","25","0","11","0","11","688","127","41","33","45","36","19","24","28","30","51","35","2","4","0","11","21","24","48","38","41","31","63","53","23","27","33","30","76","46","65","31","6","9","21","19","18","20","25","16","13","13","22","17","7","11","20","18",
"1400000US18097352400","Census Tract 3524, Marion County, Indiana","3198","474","1567","265","123","67","42","42","83","57","16","21","0","11","73","88","81","88","111","74","125","78","111","93","124","57","88","40","102","67","104","48","193","86","37","27","32","38","9","14","33","25","37","28","34","24","0","11","9","15","1631","300","113","100","85","63","150","142","51","53","14","16","18","31","32","49","57","47","136","72","145","88","75","57","116","79","108","71","105","60","172","73","46","46","65","43","19","20","19","21","44","43","44","34","17","19","0","11",
"1400000US18097352500","Census Tract 3525, Marion County, Indiana","2772","333","1433","237","63","45","85","67","45","30","49","36","23","31","36","36","0","11","40","51","117","68","83","52","141","75","108","56","158","78","120","76","128","54","42","42","24","23","18","17","32","24","76","45","25","32","20","17","0","11","1339","213","156","96","29","33","32","35","7","11","28","23","14","20","25","32","17","22","102","59","178","90","109","70","79","54","130","56","61","41","94","40","70","45","66","49","22","19","32","38","45","27","17","15","26","22","0","11",
"1400000US18097352600","Census Tract 3526, Marion County, Indiana","3243","424","1474","242","103","67","135","63","67","52","37","38","38","43","61","64","0","11","37","36","117","78","55","52","152","76","82","47","85","71","197","72","131","85","61","43","29","35","16","18","0","11","48","35","19","22","4","9","0","11","1769","266","122","80","175","71","276","105","54","36","81","63","13","20","0","11","37","33","35","26","159","69","116","53","88","59","118","70","128","60","81","41","27","27","40","31","16","19","35","27","47","44","41","32","34","36","46","34",
"1400000US18097352700","Census Tract 3527, Marion County, Indiana","2446","392","1205","262","100","72","153","80","47","33","44","46","18","30","13","18","11","16","73","65","165","96","100","46","57","38","23","21","94","58","80","53","60","38","17","16","57","49","15","23","12","19","27","24","22","28","8","12","9","14","1241","252","68","49","105","72","14","16","15","17","78","102","0","11","0","11","107","67","180","83","97","59","72","47","117","62","26","26","111","66","117","62","0","11","20","23","54","49","17","19","12","18","5","8","18","17","8","12",
"1400000US18097352800","Census Tract 3528, Marion County, Indiana","1017","163","394","107","0","11","41","38","72","59","27","29","29","36","0","11","0","11","14","16","14","20","14","19","15","17","6","9","38","29","38","28","45","30","10","11","5","7","0","11","0","11","8","12","18","15","0","11","0","11","623","84","23","29","9","17","14","20","36","27","37","32","17","22","7","12","9","16","2","4","42","31","93","46","34","31","56","35","66","31","50","40","0","11","27","28","40","30","10","14","6","10","20","18","6","9","19","18",
"1400000US18097353300","Census Tract 3533, Marion County, Indiana","2847","224","1648","196","10","18","25","36","13","22","25","27","25","26","15","17","30","35","305","154","243","108","306","111","80","43","109","57","92","57","95","54","69","47","65","39","33","35","39","31","15","16","8","18","30","23","0","11","16","25","1199","156","12","18","10","17","10","21","0","11","19","19","10","17","25","40","164","66","243","92","223","108","40","35","63","45","61","40","69","48","95","54","6","10","13","15","0","11","58","49","27","23","18","24","17","36","16","25",
"1400000US18097353500","Census Tract 3535, Marion County, Indiana","2355","287","1176","262","25","34","30","19","7","9","6","10","120","89","134","120","51","47","201","128","146","97","109","100","17","27","26","27","30","26","46","42","21","27","26","30","38","30","0","11","9","13","20","29","30","33","32","22","52","43","1179","254","10","16","40","31","35","11","0","11","39","37","172","136","106","64","177","88","129","76","17","22","54","58","11","13","43","50","55","41","90","57","31","37","15","16","16","18","13","14","39","40","14","20","29","27","44","53",
"1400000US18097353600","Census Tract 3536, Marion County, Indiana","2360","350","1005","153","89","54","41","34","9","15","42","37","81","46","44","37","7","15","54","44","174","80","40","30","58","39","75","55","71","40","50","31","43","27","14","23","32","30","8","10","27","16","35","19","11","16","0","11","0","11","1355","323","90","57","43","33","52","41","29","24","83","75","87","60","135","170","125","97","72","45","34","29","64","30","82","49","65","37","83","35","57","29","32","20","42","32","6","8","18","14","69","28","39","22","20","14","28","23",
"1400000US18097354200","Census Tract 3542, Marion County, Indiana","6716","466","3910","420","52","49","74","69","107","100","11","22","142","56","50","50","44","40","333","150","633","178","655","191","274","136","279","137","249","130","320","120","187","108","164","126","142","99","81","66","51","41","17","21","32","38","13","21","0","16","2806","332","70","69","16","27","0","16","0","16","144","120","35","40","0","16","246","128","732","214","272","110","141","90","113","106","34","39","330","154","207","93","77","61","65","41","97","80","156","85","11","18","34","33","10","16","16","26",
"1400000US18097354400","Census Tract 3544, Marion County, Indiana","1462","151","612","98","35","26","36","29","10","20","0","11","12","13","5","7","0","11","10","16","74","46","61","27","67","31","21","14","33","21","97","56","55","29","18","16","20","30","17","15","6","9","21","20","0","11","14","29","0","11","850","109","36","23","40","25","9","11","11","12","26","23","46","56","20","25","28","22","82","50","98","44","93","47","52","42","76","36","71","46","37","21","11","18","52","38","0","11","9","9","5","9","30","31","7","11","11","13",
"1400000US18097354500","Census Tract 3545, Marion County, Indiana","2562","270","1245","149","41","22","130","65","75","39","38","32","32","24","7","11","8","9","22","17","123","45","91","43","168","59","88","44","106","54","42","25","67","37","14","12","40","21","5","7","52","26","35","31","6","9","55","38","0","11","1317","178","119","46","67","37","81","47","0","11","36","24","19","28","19","15","115","69","167","58","147","48","109","56","99","38","56","28","42","24","115","67","0","11","10","10","31","23","28","24","19","28","13","14","16","13","9","10",
"1400000US18097354700","Census Tract 3547, Marion County, Indiana","1507","201","811","119","62","60","83","41","123","63","58","35","12","20","5","8","5","8","31","25","62","38","28","26","43","25","60","36","32","19","79","50","62","30","37","23","13","13","0","11","0","11","2","6","14","20","0","11","0","11","696","143","8","10","72","40","33","20","54","30","16","11","30","27","0","11","29","22","83","62","63","44","63","41","56","41","67","33","39","29","32","25","13","19","11","13","5","8","9","12","5","7","5","7","3","5","0","11",
"1400000US18097354800","Census Tract 3548, Marion County, Indiana","1552","236","783","164","55","41","79","63","76","58","49","39","60","52","19","30","0","11","22","19","58","40","78","43","53","37","21","20","72","37","23","18","14","13","15","13","50","35","12","18","0","11","5","7","14","22","8","9","0","11","769","144","77","47","92","31","22","19","54","51","7","11","0","11","21","23","16","13","116","67","60","45","74","40","16","14","5","7","58","31","45","33","21","16","18","19","15","13","0","11","33","24","9","10","5","7","5","9",
"1400000US18097354900","Census Tract 3549, Marion County, Indiana","2705","335","1248","176","131","68","56","41","64","50","5","7","28","26","22","25","37","35","107","54","132","46","70","46","126","52","111","55","99","48","71","38","65","26","31","25","21","18","13","14","23","23","36","23","0","11","0","11","0","11","1457","237","117","75","52","45","101","49","47","50","22","22","20","32","12","19","85","64","130","66","88","44","136","62","115","44","136","56","115","52","87","47","58","44","42","29","22","25","25","22","23","16","17","26","0","11","7","9",
"1400000US18097355000","Census Tract 3550, Marion County, Indiana","2237","300","1071","183","93","62","162","92","41","31","72","48","14","21","0","11","6","9","49","38","96","48","44","27","101","61","63","34","71","55","104","57","70","34","8","9","23","19","32","26","6","8","10","11","6","9","0","11","0","11","1166","166","80","48","135","63","105","46","110","49","0","11","34","27","0","11","51","34","80","43","92","41","58","36","75","45","75","39","100","56","42","29","33","22","0","11","19","19","23","17","25","23","10","13","19","21","0","11",
"1400000US18097355100","Census Tract 3551, Marion County, Indiana","1764","265","805","161","51","38","173","112","18","17","45","47","14","22","11","13","20","22","25","19","20","16","71","41","65","41","30","23","47","30","57","34","84","38","9","10","0","11","10","10","8","12","22","15","9","14","7","10","9","10","959","146","135","59","100","43","82","38","22","21","0","11","0","11","3","5","35","26","111","53","88","45","39","37","49","29","102","38","47","28","80","50","0","11","7","10","7","10","20","15","12","12","9","12","0","11","11","13",
"1400000US18097355300","Census Tract 3553, Marion County, Indiana","2264","378","971","185","62","53","56","45","48","52","36","32","26","32","18","20","0","11","28","30","53","43","50","36","113","69","94","61","76","45","106","53","74","45","8","12","34","28","20","22","0","11","57","31","12","18","0","11","0","11","1293","258","31","40","106","72","43","49","48","55","0","11","34","48","27","35","69","61","63","54","121","60","151","86","118","58","140","58","50","28","110","59","38","51","28","25","38","28","19","19","20","20","29","25","10","15","0","11",
"1400000US18097355400","Census Tract 3554, Marion County, Indiana","2930","522","1517","248","110","86","171","84","73","67","56","60","2","4","26","42","22","24","14","22","82","73","134","79","120","89","150","80","32","28","173","98","93","76","64","58","101","107","19","20","27","31","9","14","39","34","0","11","0","11","1413","362","181","192","63","44","61","61","45","41","2","3","77","86","33","50","36","36","80","67","191","97","76","57","72","74","176","123","54","36","56","58","60","48","68","40","9","14","21","22","17","19","9","14","16","17","10","15",
"1400000US18097355500","Census Tract 3555, Marion County, Indiana","3619","465","1825","301","83","55","105","57","166","104","77","54","64","64","0","11","12","19","42","43","89","60","154","103","106","49","132","77","209","99","162","80","169","77","34","28","73","49","48","36","48","42","36","28","16","19","0","11","0","11","1794","283","120","60","161","81","115","65","71","54","15","24","22","25","0","11","55","39","95","58","199","88","125","70","61","46","88","71","121","62","189","77","48","47","76","44","46","43","44","41","58","38","28","23","14","15","43","36",
"1400000US18097355600","Census Tract 3556, Marion County, Indiana","1862","287","943","184","56","41","92","46","140","63","16","31","0","11","0","11","16","16","54","47","61","44","104","77","50","49","33","32","64","54","94","53","49","36","8","10","32","30","22","20","10","11","25","21","0","11","11","14","6","8","919","162","85","86","34","38","45","53","9","16","51","44","0","11","0","11","29","33","83","60","48","42","106","63","76","51","46","38","88","57","77","46","31","22","25","24","9","13","29","27","13","14","14","14","16","12","5","7",
"1400000US18097355700","Census Tract 3557, Marion County, Indiana","2571","431","1223","245","106","73","59","44","115","56","57","41","18","15","7","11","3","6","41","29","94","57","49","35","109","82","122","50","106","52","104","57","78","43","35","26","22","13","30","27","16","16","10","11","7","10","27","17","8","13","1348","257","140","77","77","41","146","101","38","42","4","7","0","11","58","41","56","46","83","56","122","57","84","47","69","33","74","44","89","45","72","42","18","13","86","51","28","34","6","9","38","23","34","19","13","19","13","14",
"1400000US18097355900","Census Tract 3559, Marion County, Indiana","2262","239","1211","162","152","71","87","49","56","33","35","28","12","13","6","9","32","30","54","46","116","52","125","43","60","33","95","42","76","33","66","30","94","47","0","11","31","21","25","14","5","7","48","29","29","22","4","7","3","6","1051","151","56","34","63","35","46","26","17","14","25","22","5","7","11","17","109","54","77","35","86","42","83","45","131","51","42","29","67","28","76","35","29","23","12","11","27","19","3","6","25","17","18","13","20","14","23","22",
"1400000US18097356200","Census Tract 3562, Marion County, Indiana","3540","421","2526","407","34","39","20","18","28","39","35","29","52","45","20","26","56","39","309","128","435","126","394","110","236","86","285","104","244","87","189","72","82","46","25","24","1","2","36","28","10","18","35","31","0","11","0","11","0","11","1014","119","7","12","17","20","12","16","0","11","0","11","0","11","11","20","122","65","236","62","167","50","57","39","122","67","97","50","47","35","47","50","33","28","4","6","12","14","12","14","0","11","0","11","11","19","0","11",
"1400000US18097356400","Census Tract 3564, Marion County, Indiana","4049","572","2261","400","201","85","204","96","144","85","147","115","54","66","60","68","72","68","54","53","193","80","252","118","72","55","115","82","268","175","103","52","87","50","35","34","6","9","9","15","45","52","56","37","38","42","46","55","0","11","1788","333","149","83","123","75","226","128","38","43","59","43","9","14","15","25","60","52","197","79","225","117","82","60","48","38","125","96","161","76","109","51","8","14","56","48","0","11","16","26","24","23","20","24","28","30","10","15",
"1400000US18097356900","Census Tract 3569, Marion County, Indiana","2984","297","1542","223","159","74","123","73","132","73","41","36","42","32","0","11","16","25","27","21","134","59","117","49","91","60","77","43","155","76","92","44","135","86","29","19","65","34","35","25","5","7","37","31","11","13","0","11","19","23","1442","160","148","73","52","36","70","39","53","34","33","29","22","30","7","10","97","55","131","60","103","47","45","36","61","32","140","60","129","57","92","43","40","27","28","24","29","24","29","26","45","28","62","42","15","13","11","11",
"1400000US18097357000","Census Tract 3570, Marion County, Indiana","2570","285","1305","187","126","67","125","64","49","35","34","25","10","12","48","50","13","19","59","38","203","104","123","64","67","44","36","23","74","48","91","48","94","40","19","21","46","39","41","19","14","14","0","11","7","10","26","17","0","11","1265","190","94","67","58","39","115","50","48","43","28","20","0","11","37","45","39","32","141","60","70","40","169","85","66","32","33","23","90","40","114","48","6","8","38","27","17","16","15","12","31","17","21","28","17","13","18","15",
"1400000US18097357100","Census Tract 3571, Marion County, Indiana","2169","249","1059","180","86","57","147","67","50","44","62","33","11","14","5","7","4","7","74","41","123","71","108","50","67","35","95","40","61","40","24","20","28","21","13","19","58","42","6","9","11","12","18","17","5","8","3","7","0","11","1110","150","77","41","88","53","64","41","44","33","18","19","7","11","17","16","29","27","171","62","162","59","16","14","89","52","70","46","89","50","49","32","4","6","15","14","12","13","3","5","28","17","4","7","27","24","27","22",
"1400000US18097357200","Census Tract 3572, Marion County, Indiana","2834","613","1221","270","136","90","134","67","89","69","10","16","14","16","0","11","11","17","82","94","140","99","58","56","61","49","64","48","82","58","152","65","42","32","19","20","34","48","9","14","37","40","30","36","17","19","0","11","0","11","1613","395","140","87","122","68","159","72","88","63","60","44","9","13","41","44","59","57","116","79","94","64","105","75","31","23","129","77","100","50","75","49","66","44","25","24","30","35","50","57","37","28","12","19","37","34","28","25",
"1400000US18097357300","Census Tract 3573, Marion County, Indiana","2072","245","983","194","111","79","61","39","16","21","58","63","12","13","6","10","23","25","33","34","84","45","62","45","35","33","38","37","44","33","76","39","74","31","33","29","51","35","26","22","32","28","30","18","40","33","38","25","0","11","1089","138","158","72","59","36","34","17","19","30","17","15","13","16","8","12","71","41","89","44","53","36","80","48","60","47","38","22","45","33","135","55","16","13","32","20","10","12","35","21","49","30","39","38","20","15","9","11",
"1400000US18097357400","Census Tract 3574, Marion County, Indiana","3940","406","1781","252","120","77","262","97","100","55","68","54","49","54","18","28","0","11","44","44","76","53","61","40","108","64","104","79","142","78","137","98","201","90","82","46","31","35","17","19","7","12","26","22","28","26","91","52","9","14","2159","263","185","95","125","69","144","95","88","60","30","38","0","11","66","66","59","46","305","106","92","60","122","74","171","89","149","101","90","53","96","51","26","24","41","30","56","60","36","45","69","53","62","41","57","36","90","58",
"1400000US18097357500","Census Tract 3575, Marion County, Indiana","4261","288","2012","182","117","104","216","80","170","65","99","61","73","41","30","36","9","14","39","30","170","84","148","77","29","27","91","54","109","59","166","54","112","64","42","41","100","65","27","25","12","18","56","29","69","40","65","42","63","44","2249","223","170","67","128","87","137","91","84","62","35","35","11","17","25","29","91","90","203","83","150","83","86","60","120","69","123","66","139","60","177","77","56","33","38","37","62","33","73","38","52","33","109","50","36","39","144","73",
"1400000US18097357600","Census Tract 3576, Marion County, Indiana","7584","875","4020","514","411","155","465","188","301","184","39","45","15","26","112","84","33","51","169","113","333","204","300","175","362","159","253","165","229","123","421","182","152","89","31","34","146","90","27","32","28","31","69","60","83","60","11","22","30","33","3564","538","386","192","285","152","267","243","0","16","56","64","0","16","39","48","186","121","316","186","299","133","112","104","230","104","166","89","427","195","159","95","76","70","128","84","120","80","55","42","110","89","59","54","50","38","38","33",
"1400000US18097357800","Census Tract 3578, Marion County, Indiana","1873","264","970","168","59","47","40","46","114","68","33","33","42","35","4","6","5","9","20","17","86","35","94","52","59","35","60","42","74","49","137","51","35","19","32","25","30","16","0","11","14","14","0","11","19","17","8","12","5","8","903","158","75","51","46","29","26","22","8","14","10","11","0","11","6","9","45","32","88","50","100","54","62","42","64","43","50","32","71","40","92","43","14","16","15","15","27","25","23","19","16","16","33","19","11","12","21","17",
"1400000US18097357900","Census Tract 3579, Marion County, Indiana","4413","597","2160","325","214","119","67","53","230","175","119","62","0","11","0","11","44","44","39","33","216","70","178","105","234","83","105","53","103","64","170","82","141","67","0","11","76","40","78","60","39","33","50","28","22","25","12","18","23","23","2253","409","182","139","148","102","122","66","56","59","6","10","61","76","0","11","96","78","139","68","189","87","141","73","194","135","114","49","190","93","112","53","72","52","112","70","20","21","65","72","37","32","55","44","33","30","109","52",
"1400000US18097358000","Census Tract 3580, Marion County, Indiana","1411","255","741","191","0","11","77","51","55","35","6","10","16","16","5","8","7","11","65","38","30","30","67","51","53","36","98","63","56","33","13","13","86","56","9","13","36","34","0","11","20","19","31","26","0","11","4","9","7","15","670","104","57","30","18","19","9","10","7","10","17","15","16","16","13","13","25","27","56","43","56","44","14","15","60","39","56","26","79","37","40","23","20","22","24","15","20","18","12","17","42","25","7","14","15","19","7","15",
"1400000US18097358100","Census Tract 3581, Marion County, Indiana","2858","408","1148","288","179","117","136","80","45","42","46","46","6","12","0","11","0","11","51","66","98","117","93","64","49","46","69","57","23","27","61","48","67","40","31","29","82","52","18","22","33","33","35","28","5","10","6","10","15","17","1710","221","128","106","208","96","110","60","87","83","9","14","20","30","0","11","123","87","169","113","190","82","26","32","51","33","159","60","130","118","67","56","9","15","64","41","40","25","8","12","37","26","15","16","38","36","22","20",
"1400000US18097360101","Census Tract 3601.01, Marion County, Indiana","2088","218","1035","145","95","48","86","38","155","70","62","52","14","15","17","26","2","5","36","24","20","19","36","37","39","26","75","39","51","45","84","54","110","54","17","17","75","44","8","12","8","11","12","13","17","17","16","17","0","11","1053","137","56","34","109","57","89","46","17","19","14","16","2","4","15","23","56","44","64","39","91","35","55","35","61","39","54","37","74","40","75","44","27","30","82","43","13","15","19","16","26","20","23","17","12","13","19","16",
"1400000US18097360102","Census Tract 3601.02, Marion County, Indiana","2574","290","1206","212","121","96","55","38","198","108","72","71","73","63","5","10","23","36","76","73","38","42","82","68","43","43","75","54","78","58","110","62","23","23","27","27","15","17","24","21","15","17","34","30","13","14","0","11","6","9","1368","194","124","80","124","83","50","52","55","55","0","11","0","11","18","28","208","104","96","87","105","65","34","35","65","47","60","50","87","52","58","39","29","28","29","27","10","13","57","36","96","39","32","21","12","16","19","19",
"1400000US18097360201","Census Tract 3602.01, Marion County, Indiana","3672","506","1622","230","93","74","98","74","225","110","145","106","4","8","4","9","0","11","101","57","0","11","231","108","41","36","53","55","75","54","233","88","62","47","19","22","40","37","28","30","10","15","8","14","116","58","25","28","11","17","2050","378","137","90","176","119","187","122","79","91","10","17","60","78","5","13","83","78","185","113","147","84","193","90","93","58","188","78","172","95","43","29","29","33","101","56","23","26","7","12","57","33","10","17","31","28","34","29",
"1400000US18097360202","Census Tract 3602.02, Marion County, Indiana","3560","442","1682","247","231","121","198","116","215","108","83","82","58","45","0","11","0","11","33","42","31","32","23","29","182","111","22","28","134","65","167","75","135","59","24","28","22","33","8","12","13","15","30","28","32","29","17","21","24","24","1878","286","58","68","142","60","181","150","23","25","12","20","19","28","10","20","175","84","286","140","75","75","118","84","164","84","100","72","139","81","97","57","20","23","64","46","16","18","9","15","72","77","48","30","34","28","16","17",
"1400000US18097360301","Census Tract 3603.01, Marion County, Indiana","3195","291","1502","170","18","21","109","49","145","83","62","49","9","17","40","37","17","26","52","39","248","100","119","65","78","46","68","46","95","68","128","55","93","45","52","38","37","32","23","21","13","14","18","17","30","28","8","16","40","36","1693","196","71","61","75","48","233","94","48","40","36","34","32","32","20","31","96","55","92","54","217","77","110","62","121","68","113","66","107","52","84","45","48","34","23","33","25","26","30","26","41","30","6","10","51","25","14","17",
"1400000US18097360302","Census Tract 3603.02, Marion County, Indiana","2467","296","1272","190","185","65","166","69","89","45","50","36","11","16","14","18","22","24","36","43","132","61","91","50","59","38","49","31","98","48","87","46","72","47","13","13","22","21","8","12","17","22","18","19","13","12","8","9","12","11","1195","173","83","49","131","62","69","42","27","29","13","15","13","19","57","48","70","44","135","46","107","48","32","23","91","40","84","48","98","59","47","23","20","23","36","25","10","11","4","7","34","32","14","10","4","6","16","17",
"1400000US18097360401","Census Tract 3604.01, Marion County, Indiana","6391","655","2823","479","160","157","151","124","322","173","0","16","101","80","0","16","90","98","208","140","232","246","193","145","156","127","320","157","89","63","140","94","292","145","15","25","132","95","52","33","34","29","0","16","102","83","0","16","34","33","3568","428","289","177","391","189","279","177","227","125","172","92","0","16","19","36","120","100","341","176","104","98","237","149","362","161","258","166","121","90","210","121","69","68","43","39","21","25","33","32","79","73","89","48","62","51","42","41",
"1400000US18097360402","Census Tract 3604.02, Marion County, Indiana","2005","276","1037","201","74","47","160","93","113","54","61","42","0","11","15","24","2","6","40","43","107","60","44","31","35","25","90","50","61","43","62","37","68","30","0","11","26","22","10","11","16","14","5","7","26","18","22","23","0","11","968","142","47","40","80","58","108","46","32","33","18","20","0","11","0","11","76","54","56","50","53","38","77","50","59","35","93","45","51","30","82","39","0","11","14","13","30","21","14","13","14","17","31","20","7","10","26","19",
"1400000US18097360404","Census Tract 3604.04, Marion County, Indiana","7800","829","3807","512","299","154","508","191","216","138","241","132","31","50","74","83","83","84","241","136","336","192","328","194","408","171","167","99","117","102","282","139","204","110","85","73","52","47","0","16","72","49","0","16","43","48","20","31","0","16","3993","518","449","181","410","190","266","129","130","102","119","92","54","61","152","107","70","71","483","256","123","76","334","156","372","166","303","200","312","134","158","91","12","24","97","79","39","38","56","55","36","41","0","16","18","28","0","16",
"1400000US18097360405","Census Tract 3604.05, Marion County, Indiana","5472","640","2658","317","276","125","298","138","226","125","130","87","155","125","0","16","21","24","162","110","209","101","207","138","265","153","42","49","43","42","142","97","90","58","17","28","74","54","101","52","35","33","55","40","25","28","13","20","72","50","2814","424","208","193","262","142","60","69","85","78","78","82","25","39","12","20","64","50","175","111","257","129","290","171","162","108","165","96","232","127","146","73","100","93","159","92","18","20","40","36","91","46","62","50","77","51","46","44",
"1400000US18097360501","Census Tract 3605.01, Marion County, Indiana","6064","662","2798","309","75","75","136","93","217","148","248","117","88","84","0","16","14","22","108","121","179","139","289","148","205","85","187","106","142","100","207","119","212","113","66","74","113","85","57","46","83","61","42","38","41","50","40","38","49","46","3266","480","81","68","417","192","357","125","210","124","0","16","0","16","47","55","30","36","316","209","243","135","190","95","116","72","222","125","256","114","298","141","92","80","60","56","72","48","45","39","59","46","62","70","63","42","30","33",
"1400000US18097360502","Census Tract 3605.02, Marion County, Indiana","6328","667","3081","545","118","100","201","133","411","234","165","120","84","96","212","192","26","30","154","110","94","82","203","217","142","117","174","205","144","98","153","100","278","95","152","135","41","40","52","66","57","62","72","56","88","67","15","24","45","41","3247","406","108","95","129","84","187","145","252","135","22","28","61","73","0","16","59","57","163","141","164","118","368","124","146","128","248","135","458","249","255","96","45","42","95","83","54","61","59","74","215","104","63","45","43","44","53","48",
"1400000US18097360601","Census Tract 3606.01, Marion County, Indiana","4749","337","2477","172","188","90","98","53","145","71","53","36","76","58","0","11","61","50","55","37","137","61","145","73","198","93","235","74","191","79","205","97","188","67","82","42","32","31","55","32","77","55","63","30","45","31","93","43","55","31","2272","276","37","35","162","117","139","69","66","55","67","44","27","32","17","28","35","29","153","67","104","64","146","84","115","58","176","81","208","66","289","84","46","32","55","45","49","32","52","38","64","38","123","43","60","34","82","51",
"1400000US18097360602","Census Tract 3606.02, Marion County, Indiana","5954","541","2587","398","153","141","61","76","289","162","36","42","22","29","60","70","25","30","100","101","116","109","250","152","114","81","60","54","257","142","183","100","236","117","104","81","114","61","45","59","108","87","35","54","97","85","56","50","66","44","3367","372","306","261","220","156","233","138","198","145","17","21","40","44","22","36","33","39","110","104","333","175","187","138","47","39","85","91","270","124","229","115","57","48","123","87","79","63","85","83","157","106","120","61","131","69","285","163",
"1400000US18097360700","Census Tract 3607, Marion County, Indiana","1867","167","840","103","48","30","38","31","60","34","22","21","6","7","15","14","6","9","0","11","52","33","50","28","55","30","72","33","60","32","68","36","60","23","25","22","52","27","36","27","49","29","25","14","12","14","14","20","15","15","1027","119","55","38","52","31","57","42","36","23","26","22","32","30","9","14","15","14","65","36","106","34","49","27","24","20","54","43","66","33","98","41","61","29","47","33","61","40","31","15","29","26","18","16","19","22","17","15",
"1400000US18097360800","Census Tract 3608, Marion County, Indiana","2367","252","1097","182","60","53","64","39","113","55","17","25","58","47","0","11","0","11","2","7","52","55","79","53","43","30","66","48","24","16","93","39","51","30","29","25","135","74","29","22","38","26","54","34","23","16","33","26","34","21","1270","212","44","35","30","31","111","63","66","41","2","4","49","45","4","6","22","23","89","64","47","30","90","56","100","75","18","16","85","50","86","50","20","16","21","16","18","16","56","29","81","51","48","30","21","15","162","49",
"1400000US18097360900","Census Tract 3609, Marion County, Indiana","5066","830","2547","486","168","152","173","113","112","73","127","95","26","28","7","16","28","35","158","135","221","167","127","116","161","96","94","74","121","104","233","130","173","105","78","106","126","122","112","99","72","58","113","93","26","34","36","38","55","51","2519","579","121","125","175","199","177","130","7","14","16","24","0","16","88","139","52","89","108","106","128","99","122","102","211","108","174","121","306","139","102","64","75","66","148","118","32","35","77","63","14","23","102","61","157","97","127","82",
"1400000US18097361000","Census Tract 3610, Marion County, Indiana","2034","145","1031","105","78","43","49","34","33","22","20","15","10","12","9","13","8","11","47","34","74","39","76","30","98","32","70","30","93","42","46","26","78","32","53","30","55","24","9","10","35","18","39","21","10","10","10","12","31","28","1003","86","100","32","59","28","48","28","27","18","2","4","6","10","0","11","5","8","77","38","120","37","70","26","56","27","71","31","95","43","74","29","37","18","30","19","14","11","29","17","30","16","5","7","29","24","19","23",
"1400000US18097361100","Census Tract 3611, Marion County, Indiana","3320","340","1655","213","125","69","33","30","148","79","111","81","9","13","22","24","0","11","39","28","198","99","100","51","90","65","132","58","167","79","123","39","141","64","99","58","34","33","0","11","10","16","37","32","24","26","0","11","13","20","1665","249","167","96","180","58","98","69","42","51","16","16","0","11","11","17","48","35","133","59","174","64","93","59","135","69","72","43","138","56","148","72","36","30","36","25","36","34","20","28","34","27","0","11","23","26","25","27",
"1400000US18097361200","Census Tract 3612, Marion County, Indiana","3482","332","1819","190","253","110","54","45","113","83","98","67","40","36","0","11","35","43","94","73","93","47","125","77","79","57","123","53","151","80","119","69","130","68","23","22","81","54","0","11","42","38","77","42","65","48","17","19","7","12","1663","273","95","84","148","111","45","40","34","38","36","33","36","39","16","16","46","32","178","105","33","30","133","83","88","56","137","61","146","65","119","59","21","18","82","57","54","51","53","41","49","36","50","46","7","11","57","43",
"1400000US18097361300","Census Tract 3613, Marion County, Indiana","2358","356","1145","227","80","63","98","76","18","21","64","64","48","26","10","11","6","10","40","27","110","71","61","37","104","83","31","24","56","38","56","32","90","67","19","23","54","43","29","24","51","45","81","51","29","24","10","15","0","11","1213","194","95","111","19","20","61","46","25","22","22","17","25","25","0","11","27","32","151","91","55","34","126","66","64","35","49","35","160","74","81","32","0","11","31","24","36","25","69","47","47","37","47","27","0","11","23","26",
"1400000US18097361400","Census Tract 3614, Marion County, Indiana","11224","1136","5734","743","457","271","555","296","514","257","285","225","165","97","140","90","0","18","251","167","315","158","306","159","481","209","461","222","289","137","459","142","271","108","110","56","222","104","85","68","198","98","55","44","61","51","41","62","13","21","5490","584","237","140","241","177","693","375","168","116","96","86","0","18","0","18","265","120","381","159","398","189","376","155","377","171","478","195","338","136","349","145","230","141","175","107","52","46","104","78","156","88","165","104","143","102","68","58",
"1400000US18097361600","Census Tract 3616, Marion County, Indiana","8477","469","4276","326","355","161","348","118","254","161","259","168","237","136","79","84","88","75","131","70","113","57","212","97","298","93","233","155","259","85","353","128","280","91","53","45","137","67","130","65","81","64","163","71","89","69","116","85","8","15","4201","403","188","102","260","101","258","129","115","82","58","46","99","91","99","149","201","111","253","105","136","69","392","98","194","85","225","96","466","177","404","161","43","44","199","79","78","57","70","55","133","77","152","79","79","82","99","71",
"1400000US18097370201","Census Tract 3702.01, Marion County, Indiana","4107","382","1984","179","249","81","143","66","121","89","48","39","16","16","22","25","7","12","49","45","193","76","223","86","140","74","76","56","138","73","98","53","83","47","79","46","59","39","17","20","56","32","86","42","30","23","34","38","17","21","2123","253","99","61","202","103","119","66","64","48","30","33","27","34","82","74","136","57","197","80","186","61","113","64","101","64","50","39","163","69","74","38","124","51","27","30","30","24","40","28","91","50","65","37","86","58","17","17",
"1400000US18097370202","Census Tract 3702.02, Marion County, Indiana","6428","639","2993","352","210","104","203","112","146","93","117","78","243","107","36","42","93","112","14","21","253","154","164","78","102","76","267","169","212","101","270","100","84","60","142","94","57","38","151","72","76","55","98","83","17","24","38","43","0","16","3435","511","263","99","351","196","251","195","185","107","82","94","0","16","0","16","122","92","324","118","217","122","212","104","247","125","81","55","160","98","233","108","96","61","103","61","72","53","65","68","200","80","48","37","61","49","62","49",
"1400000US18097370301","Census Tract 3703.01, Marion County, Indiana","9845","537","5137","427","497","231","476","247","278","146","319","159","103","82","133","124","115","123","42","29","527","193","514","208","203","116","330","130","469","144","261","96","320","108","32","38","103","67","35","49","116","72","35","34","36","39","85","68","108","110","4708","379","196","115","427","205","527","249","234","141","99","80","0","16","0","16","181","99","415","169","329","141","385","127","400","135","437","180","231","91","233","115","71","67","135","89","153","93","25","32","69","49","67","55","62","56","32","30",
"1400000US18097370302","Census Tract 3703.02, Marion County, Indiana","8596","541","4535","372","342","159","315","130","242","131","243","120","98","64","39","62","101","71","211","97","368","166","346","153","307","143","402","165","298","119","418","147","205","100","185","111","108","71","64","55","78","49","96","61","38","43","15","23","16","26","4061","509","356","224","268","140","413","141","111","65","19","23","16","26","46","49","147","100","489","301","409","130","227","105","208","94","192","90","278","118","300","131","122","77","143","75","45","40","68","46","142","67","46","55","0","16","16","27",
"1400000US18097380100","Census Tract 3801, Marion County, Indiana","18241","942","8201","818","268","197","665","380","697","308","530","258","275","195","0","18","37","58","182","148","593","307","631","269","796","325","978","353","782","232","516","330","291","165","133","121","271","216","190","159","126","119","100","109","71","90","0","18","69","109","10040","734","791","419","681","321","992","545","944","405","136","138","122","133","177","166","333","282","818","331","980","514","803","415","509","293","441","280","432","201","503","214","47","78","477","250","182","139","167","151","188","136","159","147","113","121","45","74",
"1400000US18097380200","Census Tract 3802, Marion County, Indiana","3235","350","1575","208","131","79","133","64","10","18","19","20","6","12","21","22","9","15","88","67","127","85","185","105","112","83","71","78","136","64","107","64","84","50","70","43","57","37","33","24","16","19","29","30","84","68","32","21","15","16","1660","251","123","66","100","75","47","38","8","14","38","30","19","22","22","17","83","57","40","52","105","57","193","99","61","44","107","61","109","55","106","62","55","32","84","55","41","36","36","30","47","38","74","53","42","29","120","64",
"1400000US18097380300","Census Tract 3803, Marion County, Indiana","5555","475","2685","314","148","86","281","105","164","84","32","26","275","120","179","86","40","29","128","116","73","52","243","126","71","46","238","76","218","82","218","91","95","52","68","47","55","55","8","13","59","30","30","28","14","15","26","21","22","30","2870","345","117","82","59","48","262","135","116","108","240","61","242","103","180","101","160","181","314","122","133","74","110","64","206","103","192","83","81","54","80","64","59","47","67","55","35","27","57","44","37","30","63","39","28","22","32","40",
"1400000US18097380402","Census Tract 3804.02, Marion County, Indiana","5042","464","2337","253","213","102","207","98","121","58","62","50","89","51","30","48","184","125","99","54","260","92","170","77","203","93","97","54","103","57","133","69","92","51","27","21","21","21","53","36","45","39","51","30","42","23","28","21","7","11","2705","307","208","130","253","98","212","96","88","65","79","77","13","16","40","38","155","94","315","131","184","91","139","81","206","93","121","86","167","69","116","60","44","37","45","26","7","11","76","43","136","66","44","26","28","22","29","46",
"1400000US18097380403","Census Tract 3804.03, Marion County, Indiana","3687","363","1796","213","103","53","68","45","172","78","117","70","54","36","0","11","32","33","36","27","150","86","133","59","90","52","87","57","121","59","127","80","129","67","54","39","82","41","58","37","28","25","57","31","30","32","19","21","49","36","1891","242","133","79","79","46","101","57","59","37","51","39","22","24","11","18","134","80","72","48","60","42","89","61","222","78","149","68","121","51","127","45","67","52","56","35","14","20","43","26","123","109","66","32","55","36","37","31",
"1400000US18097380404","Census Tract 3804.04, Marion County, Indiana","3983","429","1769","258","56","41","111","59","196","91","91","82","31","27","26","38","8","14","30","35","108","64","144","84","97","71","40","29","177","81","160","73","95","54","64","46","87","50","16","18","46","29","68","28","64","52","16","21","38","32","2214","277","142","99","31","28","251","101","103","52","25","22","42","41","20","22","21","22","159","90","180","91","119","55","123","56","124","62","169","71","106","42","32","29","79","37","43","34","56","31","93","41","71","40","86","53","139","69",
"1400000US18097380501","Census Tract 3805.01, Marion County, Indiana","2430","339","1376","246","121","74","65","45","61","40","44","36","32","35","0","11","0","11","70","57","133","89","126","92","65","41","53","37","54","40","151","75","101","68","20","24","45","42","28","35","102","91","58","56","15","17","8","12","24","22","1054","183","114","63","53","46","18","22","45","44","36","30","0","11","0","11","8","13","100","71","72","49","20","28","64","42","66","49","149","88","101","72","0","11","22","24","14","18","31","22","38","39","45","29","19","21","39","25",
"1400000US18097380502","Census Tract 3805.02, Marion County, Indiana","4012","354","1794","217","225","101","58","42","49","33","65","54","118","60","11","17","135","76","84","71","233","100","120","57","97","63","62","43","143","83","71","57","112","67","81","63","22","24","15","25","10","18","47","42","6","10","12","19","18","21","2218","305","135","77","118","73","61","50","86","75","346","111","6","12","165","123","265","121","168","71","79","51","89","51","44","38","108","68","78","57","148","67","41","33","62","45","49","40","58","51","39","31","50","31","7","10","16","16",
"1400000US18097380600","Census Tract 3806, Marion County, Indiana","5020","570","2139","363","201","168","121","86","121","110","63","64","90","110","15","23","0","16","132","80","400","268","177","123","129","100","26","44","68","46","242","92","123","87","82","53","35","43","13","22","0","16","56","66","0","16","19","30","26","33","2881","400","337","216","109","87","131","105","51","62","84","73","53","67","138","95","48","60","360","187","153","119","294","140","33","41","102","103","248","126","171","90","26","32","42","50","128","98","93","76","103","84","51","52","19","30","107","100",
"1400000US18097380700","Census Tract 3807, Marion County, Indiana","5801","804","2743","367","131","125","339","205","144","119","104","103","117","92","20","33","80","75","163","118","91","70","208","132","201","159","86","90","192","91","174","99","249","86","41","47","83","49","47","39","39","34","94","68","92","65","25","33","23","30","3058","589","292","266","188","125","211","144","34","45","99","96","16","29","40","68","127","92","151","102","296","174","151","125","292","177","92","64","171","100","401","182","66","48","61","42","26","22","50","41","41","37","122","75","58","48","73","47",
"1400000US18097380800","Census Tract 3808, Marion County, Indiana","2379","178","1218","135","53","38","13","20","95","43","96","50","0","11","0","11","0","11","44","41","119","55","54","33","97","48","61","44","42","33","86","48","189","71","33","25","77","62","56","47","16","18","33","25","36","28","18","20","0","11","1161","138","18","21","30","30","70","49","48","44","26","27","6","11","11","17","24","31","100","66","27","24","76","46","87","48","23","24","84","41","249","96","62","50","76","46","25","18","25","22","25","22","39","30","0","11","30","30",
"1400000US18097380901","Census Tract 3809.01, Marion County, Indiana","5062","341","2449","225","109","63","154","71","211","91","149","80","145","69","26","28","0","16","53","38","63","55","151","63","110","62","282","76","97","56","340","80","135","51","24","29","60","33","25","21","77","47","89","40","67","35","32","26","50","35","2613","267","190","94","80","51","205","110","65","47","50","39","17","26","47","53","72","45","128","72","79","46","259","92","131","68","132","60","333","70","174","68","9","13","114","52","51","33","109","42","124","41","62","37","74","43","108","59",
"1400000US18097380902","Census Tract 3809.02, Marion County, Indiana","5696","374","2645","217","115","72","80","57","213","77","67","71","62","41","20","32","87","99","64","76","137","103","144","74","158","94","231","79","236","88","241","127","171","80","43","39","138","74","118","62","140","63","49","34","56","45","33","38","42","38","3051","333","77","74","279","98","111","68","125","75","104","83","35","42","22","37","222","261","252","115","155","106","162","71","196","71","254","99","249","102","208","115","132","71","93","62","72","57","90","52","61","45","66","47","67","48","19","23",
"1400000US18097381001","Census Tract 3810.01, Marion County, Indiana","7966","701","4063","555","505","247","387","168","367","196","140","68","108","129","12","14","35","40","203","105","286","148","392","168","318","155","444","180","175","94","109","55","218","119","74","46","80","58","13","10","31","22","74","29","56","35","31","27","5","6","3903","389","270","137","101","77","304","149","83","59","114","84","90","105","132","94","145","104","553","158","305","132","320","132","257","114","161","115","197","97","250","110","196","145","43","23","14","9","37","31","119","54","45","29","65","37","102","60",
"1400000US18097381002","Census Tract 3810.02, Marion County, Indiana","3037","230","1547","160","142","78","164","40","64","40","44","28","40","24","25","28","28","33","13","15","148","63","149","60","39","21","38","22","94","45","141","58","128","42","22","17","50","31","18","18","24","17","44","25","48","26","62","43","22","19","1490","147","92","64","66","37","83","47","42","35","49","39","29","24","0","11","56","34","99","61","97","50","93","43","71","37","114","46","147","44","132","43","24","17","48","26","38","22","53","32","44","20","40","20","43","27","30","23",
"1400000US18097381101","Census Tract 3811.01, Marion County, Indiana","5738","373","3114","360","374","199","317","169","89","54","72","65","72","57","89","83","99","113","117","91","133","87","163","67","134","80","167","82","131","77","148","67","252","86","84","53","105","57","78","52","121","103","79","56","17","26","143","104","130","69","2624","265","188","88","149","99","83","74","59","53","30","47","0","16","43","49","85","72","200","83","247","95","151","86","102","71","150","68","151","67","272","118","101","61","98","64","72","60","56","47","135","71","65","49","83","44","104","71",
"1400000US18097381102","Census Tract 3811.02, Marion County, Indiana","5789","526","3057","349","235","105","106","69","152","71","116","86","34","33","0","16","21","34","161","89","169","91","326","114","181","92","137","99","259","104","254","122","154","68","68","84","179","109","73","59","20","29","113","72","104","68","13","20","182","139","2732","336","94","70","101","78","112","71","85","56","64","48","0","16","20","33","136","78","243","127","181","81","216","109","119","77","166","86","294","129","266","104","72","73","79","64","73","51","49","43","175","110","49","45","87","54","51","45",
"1400000US18097381201","Census Tract 3812.01, Marion County, Indiana","6917","489","3466","338","151","103","172","101","273","161","158","87","60","59","0","16","74","70","120","86","266","117","278","141","207","100","149","68","222","94","243","100","282","124","110","82","177","92","64","37","43","40","185","72","145","71","52","48","35","41","3451","327","108","72","170","108","243","146","95","76","40","41","20","34","44","35","124","112","174","96","218","136","178","90","254","100","305","109","192","84","291","103","67","45","116","63","58","47","122","54","237","90","229","95","97","65","69","56",
"1400000US18097381203","Census Tract 3812.03, Marion County, Indiana","3197","352","1594","263","223","129","122","77","108","55","12","14","45","37","36","40","21","23","95","72","178","83","264","87","135","66","42","41","76","45","49","33","25","22","23","23","40","29","50","37","0","11","26","23","4","8","0","11","20","16","1603","227","186","109","188","99","71","46","66","65","27","34","8","13","0","11","95","46","206","86","224","85","65","48","81","58","127","61","14","21","41","28","41","31","9","13","8","12","80","60","44","35","0","11","13","19","9","14",
"1400000US18097381204","Census Tract 3812.04, Marion County, Indiana","3030","340","1431","221","99","75","83","60","40","51","0","11","0","11","20","32","10","15","51","45","264","100","236","113","69","48","90","51","23","21","63","52","80","55","53","47","45","42","21","20","14","20","55","33","35","30","47","48","33","32","1599","260","127","98","51","44","78","65","24","38","0","11","12","19","49","48","16","17","116","67","201","105","23","21","30","25","51","37","50","42","81","43","27","22","17","18","39","24","102","40","144","49","115","53","110","56","136","59",
"1400000US18097381205","Census Tract 3812.05, Marion County, Indiana","6559","525","3157","420","485","261","262","152","325","146","145","105","39","57","59","68","57","66","69","58","383","178","214","108","239","114","141","104","185","102","157","86","130","70","70","67","72","56","0","16","16","25","35","38","61","41","13","21","0","16","3402","370","315","157","315","162","250","117","183","124","77","92","23","37","16","26","136","80","183","121","379","183","264","146","193","112","114","68","219","108","313","110","13","22","42","46","92","86","64","53","52","48","59","59","84","60","16","25",
"1400000US18097390101","Census Tract 3901.01, Marion County, Indiana","8840","594","4113","367","402","160","412","128","374","157","160","95","43","48","45","61","74","76","98","64","379","144","355","134","302","125","214","115","166","91","242","101","222","86","92","60","132","80","132","93","29","33","78","45","34","36","72","40","56","40","4727","484","474","174","628","221","314","216","108","78","48","43","0","16","58","81","138","83","361","119","357","119","351","142","204","95","287","123","291","137","218","88","153","82","201","104","111","63","58","41","132","62","88","68","51","48","96","70",
"1400000US18097390102","Census Tract 3901.02, Marion County, Indiana","5025","410","2409","314","188","90","304","165","252","120","152","108","123","87","47","73","0","16","99","82","122","94","112","82","209","112","176","107","49","41","85","68","133","100","54","55","133","74","33","41","69","51","43","51","0","16","0","16","26","38","2616","264","183","95","153","87","290","110","108","71","97","68","20","33","0","16","110","81","114","74","279","111","300","154","192","107","95","76","105","72","72","47","131","73","99","52","67","48","54","47","16","27","69","62","51","55","11","17",
"1400000US18097390200","Census Tract 3902, Marion County, Indiana","3544","412","1838","274","184","80","190","80","186","92","87","50","28","31","56","52","27","32","56","41","118","78","80","52","162","62","112","56","127","51","84","42","94","36","29","22","48","33","33","27","39","31","62","38","21","19","0","11","15","16","1706","217","171","83","110","51","73","41","57","40","69","33","21","22","0","11","88","51","126","66","116","56","166","67","163","82","99","38","85","44","82","38","30","23","76","60","44","40","32","27","56","37","6","9","14","15","22","20",
"1400000US18097390300","Census Tract 3903, Marion County, Indiana","5748","307","2963","215","145","79","194","98","314","128","174","69","158","110","12","19","9","15","132","83","145","70","124","67","225","121","194","80","224","80","303","101","179","82","82","43","34","33","78","46","57","36","97","43","69","38","7","12","7","12","2785","233","75","52","217","102","250","72","178","87","44","39","23","20","85","59","25","24","263","130","149","63","168","73","262","126","216","86","224","73","194","70","116","55","45","35","37","29","67","42","101","41","18","20","28","27","0","16",
"1400000US18097390402","Census Tract 3904.02, Marion County, Indiana","12494","678","6551","602","704","224","651","299","369","184","258","174","304","221","119","108","141","156","63","67","522","198","496","225","572","211","428","195","589","197","385","157","384","169","212","154","81","80","0","18","133","103","39","41","74","46","27","36","0","18","5943","577","524","243","686","299","437","157","128","92","97","78","37","60","95","111","198","115","264","138","575","247","517","248","310","170","443","164","399","175","433","160","168","151","163","135","77","77","106","94","60","91","214","141","0","18","12","23",
"1400000US18097390403","Census Tract 3904.03, Marion County, Indiana","10731","554","5131","395","645","178","567","169","432","169","215","102","176","85","42","51","31","35","65","51","347","200","319","96","332","124","409","130","349","96","355","83","244","78","131","85","126","68","69","43","95","52","98","63","27","31","28","31","29","33","5600","366","569","167","431","137","513","190","342","141","142","61","82","79","15","24","143","75","274","119","432","119","396","113","485","137","412","125","328","103","388","113","29","24","122","57","117","65","54","45","64","52","125","69","74","47","63","61",
"1400000US18097390404","Census Tract 3904.04, Marion County, Indiana","6358","290","2950","265","203","162","311","168","331","157","59","73","74","77","0","16","27","43","138","127","168","104","201","129","109","89","265","134","372","140","144","80","213","90","19","22","48","36","12","20","97","49","98","52","29","32","15","26","17","27","3408","322","114","87","351","157","143","91","195","120","74","61","132","103","59","75","256","115","93","62","169","137","139","105","254","138","243","109","279","117","321","188","44","32","48","38","77","68","95","49","125","62","62","52","123","65","12","19",
"1400000US18097390405","Census Tract 3904.05, Marion County, Indiana","3722","289","1666","218","57","44","138","77","42","42","50","45","14","21","15","17","0","11","159","103","204","102","290","94","145","76","15","18","56","43","42","35","139","56","35","41","7","12","31","22","21","17","63","40","29","35","27","29","87","54","2056","204","238","83","22","26","81","71","18","19","24","20","17","19","20","23","174","81","268","91","280","93","49","35","124","74","84","49","131","57","98","43","44","50","49","40","40","30","35","35","65","48","72","41","72","56","51","35",
"1400000US18097390500","Census Tract 3905, Marion County, Indiana","2404","292","1083","151","76","36","85","46","51","39","15","24","23","32","0","11","33","29","56","53","79","47","96","81","75","48","69","41","114","61","57","29","68","40","38","33","47","36","32","23","9","11","21","16","12","11","21","15","6","8","1321","195","58","40","59","29","60","56","45","35","43","36","60","50","0","11","32","40","95","47","110","57","30","26","55","38","140","53","94","51","146","44","5","8","57","28","52","26","27","25","62","35","36","21","33","20","22","17",
"1400000US18097390600","Census Tract 3906, Marion County, Indiana","5549","501","2663","362","293","151","276","161","160","150","34","30","65","69","42","67","31","41","126","104","440","192","253","131","215","110","166","114","91","70","64","45","50","56","131","109","67","65","21","26","50","46","60","61","0","16","28","30","0","16","2886","318","187","85","282","181","64","56","110","93","69","66","0","16","47","61","177","115","406","157","296","141","52","38","165","98","80","75","161","102","184","87","94","84","113","93","58","60","50","43","43","37","76","64","104","71","68","47",
"1400000US18097390700","Census Tract 3907, Marion County, Indiana","2916","474","1509","281","73","62","125","61","297","145","55","53","45","56","23","37","37","44","62","40","107","77","95","56","145","80","131","76","81","53","56","38","68","44","19","18","34","24","8","14","25","22","8","13","3","6","3","7","9","13","1407","274","61","100","163","66","136","94","30","37","43","43","0","11","66","61","0","11","145","85","107","74","98","66","106","57","49","39","176","91","123","58","8","15","28","23","16","18","14","18","16","16","14","19","8","12","0","11",
"1400000US18097390800","Census Tract 3908, Marion County, Indiana","4393","449","2207","267","256","154","97","75","270","97","131","75","15","20","16","23","62","69","136","72","198","77","129","73","74","64","163","55","85","68","189","98","139","77","10","15","52","31","32","25","29","23","41","38","70","38","13","20","0","11","2186","321","44","37","242","77","247","156","49","43","8","14","51","43","139","106","127","93","171","87","141","89","110","78","239","98","187","82","72","42","99","56","39","27","98","55","19","22","39","33","29","28","23","27","13","19","0","11",
"1400000US18097390900","Census Tract 3909, Marion County, Indiana","2149","351","1117","262","145","76","42","34","58","53","0","11","0","11","21","32","3","8","14","24","264","134","99","54","69","35","116","54","56","42","31","23","81","52","24","25","7","12","21","21","11","15","34","36","0","11","11","16","10","16","1032","184","50","49","25","37","18","19","10","15","38","48","0","11","0","11","63","53","143","71","146","64","103","87","39","33","79","42","154","63","106","51","0","11","0","11","11","16","0","11","25","28","0","11","14","18","8","11",
"1400000US18097391000","Census Tract 3910, Marion County, Indiana","5403","486","2629","479","80","56","0","16","0","16","13","21","191","110","113","124","62","53","411","179","709","290","331","139","138","80","152","102","113","66","143","83","67","60","14","29","0","16","65","51","10","16","3","5","0","16","14","22","0","16","2774","427","27","26","0","16","0","16","21","33","249","118","135","104","85","95","586","262","794","267","291","129","48","48","104","52","60","50","145","82","105","65","0","16","33","37","17","27","14","21","54","86","6","10","0","16","0","16",
