"GEO_ID","NAME","B01001_001E","B01001_001M","B01001_002E","B01001_002M","B01001_003E","B01001_003M","B01001_004E","B01001_004M","B01001_005E","B01001_005M","B01001_006E","B01001_006M","B01001_007E","B01001_007M","B01001_008E","B01001_008M","B01001_009E","B01001_009M","B01001_010E","B01001_010M","B01001_011E","B01001_011M","B01001_012E","B01001_012M","B01001_013E","B01001_013M","B01001_014E","B01001_014M","B01001_015E","B01001_015M","B01001_016E","B01001_016M","B01001_017E","B01001_017M","B01001_018E","B01001_018M","B01001_019E","B01001_019M","B01001_020E","B01001_020M","B01001_021E","B01001_021M","B01001_022E","B01001_022M","B01001_023E","B01001_023M","B01001_024E","B01001_024M","B01001_025E","B01001_025M","B01001_026E","B01001_026M","B01001_027E","B01001_027M","B01001_028E","B01001_028M","B01001_029E","B01001_029M","B01001_030E","B01001_030M","B01001_031E","B01001_031M","B01001_032E","B01001_032M","B01001_033E","B01001_033M","B01001_034E","B01001_034M","B01001_035E","B01001_035M","B01001_036E","B01001_036M","B01001_037E","B01001_037M","B01001_038E","B01001_038M","B01001_039E","B01001_039M","B01001_040E","B01001_040M","B01001_041E","B01001_041M","B01001_042E","B01001_042M","B01001_043E","B01001_043M","B01001_044E","B01001_044M","B01001_045E","B01001_045M","B01001_046E","B01001_046M","B01001_047E","B01001_047M","B01001_048E","B01001_048M","B01001_049E","B01001_049M",
"Geography","Geographic Area Name","Estimate!!Total","Margin of Error!!Total","Estimate!!Total!!Male","Margin of Error!!Total!!Male","Estimate!!Total!!Male!!Under 5 years","Margin of Error!!Total!!Male!!Under 5 years","Estimate!!Total!!Male!!5 to 9 years","Margin of Error!!Total!!Male!!5 to 9 years","Estimate!!Total!!Male!!10 to 14 years","Margin of Error!!Total!!Male!!10 to 14 years","Estimate!!Total!!Male!!15 to 17 years","Margin of Error!!Total!!Male!!15 to 17 years","Estimate!!Total!!Male!!18 and 19 years","Margin of Error!!Total!!Male!!18 and 19 years","Estimate!!Total!!Male!!20 years","Margin of Error!!Total!!Male!!20 years","Estimate!!Total!!Male!!21 years","Margin of Error!!Total!!Male!!21 years","Estimate!!Total!!Male!!22 to 24 years","Margin of Error!!Total!!Male!!22 to 24 years","Estimate!!Total!!Male!!25 to 29 years","Margin of Error!!Total!!Male!!25 to 29 years","Estimate!!Total!!Male!!30 to 34 years","Margin of Error!!Total!!Male!!30 to 34 years","Estimate!!Total!!Male!!35 to 39 years","Margin of Error!!Total!!Male!!35 to 39 years","Estimate!!Total!!Male!!40 to 44 years","Margin of Error!!Total!!Male!!40 to 44 years","Estimate!!Total!!Male!!45 to 49 years","Margin of Error!!Total!!Male!!45 to 49 years","Estimate!!Total!!Male!!50 to 54 years","Margin of Error!!Total!!Male!!50 to 54 years","Estimate!!Total!!Male!!55 to 59 years","Margin of Error!!Total!!Male!!55 to 59 years","Estimate!!Total!!Male!!60 and 61 years","Margin of Error!!Total!!Male!!60 and 61 years","Estimate!!Total!!Male!!62 to 64 years","Margin of Error!!Total!!Male!!62 to 64 years","Estimate!!Total!!Male!!65 and 66 years","Margin of Error!!Total!!Male!!65 and 66 years","Estimate!!Total!!Male!!67 to 69 years","Margin of Error!!Total!!Male!!67 to 69 years","Estimate!!Total!!Male!!70 to 74 years","Margin of Error!!Total!!Male!!70 to 74 years","Estimate!!Total!!Male!!75 to 79 years","Margin of Error!!Total!!Male!!75 to 79 years","Estimate!!Total!!Male!!80 to 84 years","Margin of Error!!Total!!Male!!80 to 84 years","Estimate!!Total!!Male!!85 years and over","Margin of Error!!Total!!Male!!85 years and over","Estimate!!Total!!Female","Margin of Error!!Total!!Female","Estimate!!Total!!Female!!Under 5 years","Margin of Error!!Total!!Female!!Under 5 years","Estimate!!Total!!Female!!5 to 9 years","Margin of Error!!Total!!Female!!5 to 9 years","Estimate!!Total!!Female!!10 to 14 years","Margin of Error!!Total!!Female!!10 to 14 years","Estimate!!Total!!Female!!15 to 17 years","Margin of Error!!Total!!Female!!15 to 17 years","Estimate!!Total!!Female!!18 and 19 years","Margin of Error!!Total!!Female!!18 and 19 years","Estimate!!Total!!Female!!20 years","Margin of Error!!Total!!Female!!20 years","Estimate!!Total!!Female!!21 years","Margin of Error!!Total!!Female!!21 years","Estimate!!Total!!Female!!22 to 24 years","Margin of Error!!Total!!Female!!22 to 24 years","Estimate!!Total!!Female!!25 to 29 years","Margin of Error!!Total!!Female!!25 to 29 years","Estimate!!Total!!Female!!30 to 34 years","Margin of Error!!Total!!Female!!30 to 34 years","Estimate!!Total!!Female!!35 to 39 years","Margin of Error!!Total!!Female!!35 to 39 years","Estimate!!Total!!Female!!40 to 44 years","Margin of Error!!Total!!Female!!40 to 44 years","Estimate!!Total!!Female!!45 to 49 years","Margin of Error!!Total!!Female!!45 to 49 years","Estimate!!Total!!Female!!50 to 54 years","Margin of Error!!Total!!Female!!50 to 54 years","Estimate!!Total!!Female!!55 to 59 years","Margin of Error!!Total!!Female!!55 to 59 years","Estimate!!Total!!Female!!60 and 61 years","Margin of Error!!Total!!Female!!60 and 61 years","Estimate!!Total!!Female!!62 to 64 years","Margin of Error!!Total!!Female!!62 to 64 years","Estimate!!Total!!Female!!65 and 66 years","Margin of Error!!Total!!Female!!65 and 66 years","Estimate!!Total!!Female!!67 to 69 years","Margin of Error!!Total!!Female!!67 to 69 years","Estimate!!Total!!Female!!70 to 74 years","Margin of Error!!Total!!Female!!70 to 74 years","Estimate!!Total!!Female!!75 to 79 years","Margin of Error!!Total!!Female!!75 to 79 years","Estimate!!Total!!Female!!80 to 84 years","Margin of Error!!Total!!Female!!80 to 84 years","Estimate!!Total!!Female!!85 years and over","Margin of Error!!Total!!Female!!85 years and over",
"1400000US18097310103","Census Tract 3101.03, Marion County, Indiana","7652","592","3712","450","142","92","196","111","294","123","182","87","24","31","22","35","171","241","279","226","223","144","126","77","109","63","221","68","282","94","354","133","376","103","99","56","97","57","110","75","50","45","190","109","150","73","15","24","0","16","3940","374","212","122","220","112","200","115","308","154","103","57","88","82","36","40","59","57","141","97","139","84","191","68","272","101","326","126","334","86","426","124","145","84","153","83","63","61","142","69","132","69","85","56","65","51","100","85",
"1400000US18097310104","Census Tract 3101.04, Marion County, Indiana","3021","331","1295","248","26","43","0","11","62","69","0","11","36","50","16","28","0","11","17","19","226","101","177","92","62","47","18","31","0","11","83","61","69","65","0","11","122","81","35","40","31","36","40","40","168","85","13","22","94","58","1726","244","70","87","15","22","34","48","34","49","0","11","0","11","12","18","49","45","224","119","125","80","225","137","33","33","64","66","160","96","104","75","36","43","127","83","62","49","0","11","155","78","51","41","45","44","101","60",
"1400000US18097310105","Census Tract 3101.05, Marion County, Indiana","3746","295","1901","249","168","76","62","40","219","157","116","68","45","48","13","22","10","17","60","49","149","72","150","71","129","51","135","94","101","70","140","52","52","32","30","30","103","49","75","55","33","25","60","66","24","19","27","42","0","11","1845","248","108","54","118","57","60","41","84","70","10","15","0","11","55","52","66","41","95","74","165","64","162","93","124","58","128","57","122","64","170","62","38","29","74","40","39","32","69","45","72","39","37","45","39","50","10","15",
"1400000US18097310106","Census Tract 3101.06, Marion County, Indiana","4014","385","1574","319","59","68","99","110","73","77","11","20","64","85","0","11","20","32","135","113","88","70","363","233","63","50","0","11","100","97","64","51","70","53","48","53","50","46","20","21","18","25","65","55","0","11","113","57","51","45","2440","422","265","188","56","47","194","125","122","119","74","83","47","76","22","38","78","56","276","192","222","134","224","133","100","78","147","73","64","48","21","29","44","45","63","45","3","8","16","26","21","29","57","55","176","73","148","96",
"1400000US18097310108","Census Tract 3101.08, Marion County, Indiana","3367","318","1684","193","32","30","56","40","140","87","16","17","23","21","102","132","0","11","40","57","128","73","82","49","84","49","94","61","121","83","99","55","140","54","55","28","147","56","40","26","97","54","96","42","64","37","21","18","7","8","1683","192","32","25","51","29","106","95","35","29","18","20","35","48","20","23","21","25","81","43","74","45","152","89","54","32","110","53","72","33","172","58","116","52","167","52","69","42","109","44","127","45","26","20","16","15","20","23",
"1400000US18097310110","Census Tract 3101.10, Marion County, Indiana","2963","217","1285","149","92","44","127","81","21","24","68","57","21","31","0","11","0","11","106","82","154","70","168","51","112","64","56","33","44","31","89","56","81","47","26","22","18","20","7","11","16","18","47","31","24","18","8","14","0","11","1678","170","127","80","106","71","92","55","8","13","0","11","46","40","17","27","162","78","311","92","149","54","174","48","65","46","65","39","74","44","107","54","42","38","66","41","5","10","14","15","31","20","0","11","0","11","17","27",
"1400000US18097310111","Census Tract 3101.11, Marion County, Indiana","3967","419","1713","278","108","84","188","116","200","107","60","67","25","41","0","11","21","32","123","89","173","112","124","75","83","66","52","39","81","70","44","47","61","45","30","36","112","54","64","50","43","32","91","70","24","23","6","12","0","11","2254","273","204","100","46","51","17","26","64","78","62","62","16","21","33","45","185","75","249","127","336","176","218","97","47","37","131","84","144","75","113","57","70","52","44","34","42","38","51","42","17","21","54","48","87","62","24","18",
"1400000US18097310201","Census Tract 3102.01, Marion County, Indiana","3634","370","1622","264","155","80","98","92","90","49","48","34","5","10","0","11","0","11","98","47","121","76","137","84","109","54","112","48","168","84","113","69","122","47","50","50","56","32","26","24","43","28","29","24","14","15","15","18","13","20","2012","303","172","81","116","71","97","74","147","82","144","184","0","11","0","11","101","84","98","63","202","82","119","71","121","69","84","52","131","76","119","50","47","27","91","51","105","61","16","16","42","33","42","50","18","20","0","11",
"1400000US18097310203","Census Tract 3102.03, Marion County, Indiana","5770","540","3023","490","297","114","273","125","167","110","183","113","80","91","0","16","0","16","148","126","424","198","249","135","356","166","146","113","79","78","132","85","97","76","126","82","62","49","55","46","66","51","0","16","44","45","25","34","14","15","2747","296","187","117","178","98","107","88","67","63","0","16","0","16","27","43","106","78","160","106","285","167","238","127","221","131","92","71","98","61","278","99","38","38","99","73","73","53","27","36","72","60","71","53","147","122","176","93",
"1400000US18097310204","Census Tract 3102.04, Marion County, Indiana","5740","466","2700","298","146","97","173","91","349","109","223","81","80","66","19","31","43","45","116","75","116","70","250","171","154","82","162","86","236","100","217","76","148","77","51","36","82","49","9","15","44","25","42","27","31","23","0","16","9","16","3040","349","301","109","280","138","162","85","170","80","129","84","27","31","2","4","168","116","146","109","161","71","194","100","270","92","208","81","312","120","161","80","76","43","113","63","38","25","62","44","24","23","8","12","0","16","28","26",
"1400000US18097310305","Census Tract 3103.05, Marion County, Indiana","6421","732","3011","500","220","159","236","157","351","245","42","50","80","99","96","89","14","23","307","174","224","159","142","100","235","132","143","105","254","125","159","91","159","96","72","52","62","48","109","99","50","32","42","39","14","24","0","16","0","16","3410","449","219","128","197","130","170","175","163","126","140","86","73","73","15","26","270","126","270","149","377","163","225","167","343","147","112","76","238","114","154","93","0","16","116","92","61","44","72","46","102","90","26","29","13","22","54","51",
"1400000US18097310306","Census Tract 3103.06, Marion County, Indiana","6532","1001","3053","572","386","209","336","147","346","167","157","118","89","105","118","130","78","68","303","232","125","142","264","153","86","65","197","118","111","74","126","84","157","66","44","46","58","49","23","27","31","29","3","15","4","10","11","16","0","16","3479","630","324","227","276","146","337","231","271","151","79","86","75","74","0","16","255","241","177","190","259","160","310","147","217","114","235","124","111","96","168","124","76","58","19","31","70","69","92","64","78","64","17","23","0","16","33","37",
"1400000US18097310308","Census Tract 3103.08, Marion County, Indiana","3526","589","1409","322","93","85","79","88","92","69","109","82","100","82","14","22","37","48","0","11","159","94","67","82","99","57","158","112","178","101","77","51","25","23","24","20","31","27","0","11","26","24","24","21","17","18","0","11","0","11","2117","449","234","178","186","99","169","120","50","55","34","55","43","73","44","47","187","141","157","85","145","92","110","89","118","76","193","100","98","45","74","42","32","24","32","30","9","14","35","27","83","35","10","16","57","41","17","27",
"1400000US18097310309","Census Tract 3103.09, Marion County, Indiana","4124","531","1962","318","276","143","112","87","139","110","150","99","41","54","42","47","0","11","120","101","275","230","171","75","139","84","182","112","9","14","19","22","122","64","28","28","37","45","18","20","55","40","0","11","9","15","18","21","0","11","2162","388","206","132","166","120","170","110","171","133","19","25","61","85","0","11","79","72","271","120","125","88","129","66","196","89","106","77","143","68","66","44","8","12","98","59","53","43","25","18","21","24","9","15","0","11","40","29",
"1400000US18097310310","Census Tract 3103.10, Marion County, Indiana","4982","407","2346","268","156","81","219","99","169","84","192","97","132","107","0","11","23","40","142","92","142","94","74","50","206","108","162","68","169","66","100","65","165","68","51","49","84","54","39","29","45","40","58","37","0","11","0","11","18","27","2636","295","167","91","90","44","203","98","178","89","51","54","13","23","59","57","101","53","195","109","254","128","205","96","216","94","222","86","174","78","203","70","17","15","121","57","15","16","68","66","19","19","0","11","29","30","36","34",
"1400000US18097310311","Census Tract 3103.11, Marion County, Indiana","5892","422","2580","284","174","90","226","97","230","113","113","113","10","15","44","41","8","16","137","81","138","74","181","89","294","125","128","88","73","42","186","71","190","109","38","33","122","54","74","47","45","34","79","49","83","69","7","12","0","16","3312","274","186","89","277","140","171","90","233","100","27","25","127","95","74","53","90","62","221","116","219","97","278","109","295","114","220","86","162","67","244","72","64","33","148","66","55","34","27","25","68","37","61","37","26","25","39","39",
"1400000US18097310312","Census Tract 3103.12, Marion County, Indiana","6421","645","2488","396","374","187","74","72","192","162","40","65","13","25","29","45","0","16","164","123","296","196","195","153","327","198","176","148","249","122","98","104","83","80","16","26","49","49","17","27","45","44","0","16","17","28","0","16","34","43","3933","559","329","220","519","296","239","164","0","16","39","46","51","79","84","94","408","185","218","123","274","147","160","130","312","168","392","225","158","89","233","125","57","56","86","68","52","65","40","47","74","80","108","87","0","16","100","103",
"1400000US18097320105","Census Tract 3201.05, Marion County, Indiana","4283","409","1922","292","112","87","114","83","229","126","84","73","8","17","0","11","0","11","106","79","113","99","253","185","159","72","63","54","38","41","140","72","144","87","0","11","65","57","31","37","56","48","48","37","77","53","35","31","47","45","2361","298","314","188","90","73","60","50","13","17","0","11","29","46","0","11","42","45","186","121","342","165","173","90","88","70","55","49","177","89","58","46","30","41","165","79","79","78","77","55","184","105","103","53","60","46","36","32",
"1400000US18097320106","Census Tract 3201.06, Marion County, Indiana","2156","268","990","156","84","54","73","50","66","47","23","39","25","37","13","20","7","13","62","44","65","64","41","30","53","35","13","15","9","15","19","21","103","63","35","40","76","56","35","28","17","18","78","48","17","20","31","24","45","28","1166","183","40","29","69","51","46","52","44","48","29","38","14","22","7","10","96","68","62","53","35","34","59","44","66","48","33","29","65","42","43","41","77","39","89","57","38","26","25","33","71","35","37","40","58","47","63","36",
"1400000US18097320107","Census Tract 3201.07, Marion County, Indiana","1915","204","961","121","88","66","25","22","42","27","34","45","0","11","0","11","1","2","8","10","82","26","79","40","63","28","78","35","46","33","59","37","87","35","34","19","50","22","20","16","23","18","66","24","35","24","14","14","27","19","954","121","52","29","63","51","9","15","20","17","25","20","5","8","0","11","1","2","94","28","88","28","60","34","67","36","48","37","92","34","74","31","21","16","42","23","28","19","57","26","35","21","23","17","45","23","5","7",
"1400000US18097320108","Census Tract 3201.08, Marion County, Indiana","5381","652","2566","398","266","174","182","144","126","113","47","74","34","44","0","16","55","89","213","153","343","205","255","158","76","60","414","199","141","91","0","16","230","132","25","41","63","79","36","39","18","27","17","24","20","31","0","16","5","9","2815","443","294","210","94","93","313","191","151","107","0","16","26","49","85","99","246","115","512","220","151","79","126","111","182","111","90","71","45","46","111","73","45","42","21","30","20","33","72","65","106","88","41","42","6","11","78","54",
"1400000US18097320109","Census Tract 3201.09, Marion County, Indiana","2540","167","1140","142","93","64","86","44","58","35","0","11","20","22","0","11","0","11","0","11","39","32","31","28","100","57","36","26","51","28","72","35","35","21","30","24","72","40","24","21","71","74","83","59","96","45","75","40","68","55","1400","159","40","30","88","50","29","26","34","31","0","11","0","11","24","26","16","18","133","67","102","81","64","37","78","36","70","38","32","28","103","48","58","37","104","41","32","22","87","56","113","62","120","52","64","34","9","14",
"1400000US18097320202","Census Tract 3202.02, Marion County, Indiana","4572","401","2124","317","108","66","99","59","93","51","38","32","23","39","0","11","62","62","70","60","257","118","220","97","101","59","132","67","167","55","77","49","113","50","101","74","73","46","32","32","62","54","122","60","70","48","55","75","49","43","2448","242","121","72","57","33","152","106","50","39","44","51","39","51","0","11","134","84","172","100","123","68","140","74","140","62","125","52","89","44","253","96","44","32","126","70","24","32","45","37","128","71","244","111","54","74","144","74",
"1400000US18097320203","Census Tract 3202.03, Marion County, Indiana","3039","269","1414","153","17","19","32","26","124","58","57","39","8","13","18","21","12","17","63","36","204","80","125","48","42","29","88","58","76","49","106","61","105","45","14","14","44","29","36","31","16","18","72","53","74","36","18","20","63","48","1625","206","67","54","15","19","28","19","17","19","0","11","0","11","29","33","64","51","240","120","215","77","60","47","54","47","77","34","65","47","153","78","34","36","112","86","30","29","79","53","111","53","77","49","25","23","73","46",
"1400000US18097320204","Census Tract 3202.04, Marion County, Indiana","5918","597","2670","310","104","81","149","122","326","168","220","132","63","91","0","16","57","58","122","78","309","155","129","82","329","157","100","58","129","94","159","81","169","97","60","62","0","16","81","62","93","69","28","28","13","21","30","34","0","16","3248","475","120","109","106","88","155","98","63","64","103","94","37","38","86","88","210","133","512","212","86","67","195","122","315","120","242","164","148","81","75","46","80","59","155","99","162","89","42","40","104","72","69","52","80","65","103","60",
"1400000US18097320301","Census Tract 3203.01, Marion County, Indiana","3339","241","1561","187","15","21","91","45","105","45","10","16","10","15","12","20","10","15","32","26","196","130","67","59","78","40","99","57","110","61","59","40","83","39","42","33","99","44","35","35","100","48","70","49","103","46","87","58","48","32","1778","193","20","27","62","49","65","43","16","17","25","24","0","11","13","22","58","41","104","80","164","86","74","42","53","41","116","52","73","42","174","69","68","34","93","49","122","56","114","53","109","50","91","43","105","55","59","37",
"1400000US18097320303","Census Tract 3203.03, Marion County, Indiana","3440","375","1694","261","76","54","60","66","0","11","12","22","12","19","0","11","14","23","260","127","529","128","243","92","171","119","47","50","59","55","96","80","69","50","0","11","15","25","0","11","6","12","9","14","0","11","16","20","0","11","1746","251","73","50","36","33","24","36","68","75","27","27","6","10","45","62","279","101","662","173","79","57","148","80","101","66","87","67","33","28","32","32","0","11","16","18","0","11","15","18","0","11","0","11","0","11","15","20",
"1400000US18097320304","Census Tract 3203.04, Marion County, Indiana","6735","358","3200","333","181","101","262","110","175","78","133","60","41","35","35","40","22","32","141","162","341","169","240","127","181","68","136","91","325","112","130","78","273","122","56","47","57","46","35","28","120","68","102","53","60","43","118","57","36","38","3535","296","191","115","97","67","361","136","27","33","38","44","35","42","0","16","244","131","261","115","223","115","315","109","201","91","159","77","198","94","292","104","116","93","93","60","94","54","90","54","69","53","115","53","214","109","102","64",
"1400000US18097320400","Census Tract 3204, Marion County, Indiana","3208","267","1435","180","93","73","71","56","46","34","28","28","7","13","23","26","0","11","72","43","70","61","174","95","202","108","121","74","46","29","87","53","97","55","26","27","57","52","18","19","84","60","48","42","33","30","32","28","0","11","1773","184","188","88","63","65","59","42","109","64","12","21","5","10","29","31","45","34","132","85","185","84","93","63","159","72","55","39","190","64","63","41","48","27","40","33","60","46","30","47","70","43","36","24","42","36","60","46",
"1400000US18097320500","Census Tract 3205, Marion County, Indiana","3153","243","1462","177","87","70","66","60","143","76","103","75","49","58","0","11","0","11","36","55","158","82","59","54","107","50","58","36","83","54","83","44","111","60","29","27","63","37","48","28","27","25","28","26","19","20","28","25","77","53","1691","210","114","72","86","41","54","44","65","46","47","36","44","48","0","11","54","40","171","114","55","34","130","56","71","46","136","68","84","42","72","41","43","30","93","61","58","37","55","36","44","33","47","32","95","83","73","45",
"1400000US18097320600","Census Tract 3206, Marion County, Indiana","2224","215","1143","176","46","39","17","16","50","44","25","31","11","17","15","22","0","11","44","41","184","80","141","53","61","39","22","21","84","49","87","43","176","100","36","27","37","31","34","30","17","17","16","18","23","20","17","19","0","11","1081","137","50","35","20","25","15","21","13","16","12","14","25","32","27","41","12","21","138","78","138","57","36","28","48","36","62","37","101","58","123","39","41","35","8","13","19","20","56","33","45","41","41","36","22","21","29","24",
"1400000US18097320700","Census Tract 3207, Marion County, Indiana","1994","166","1093","149","23","25","35","32","74","47","28","34","6","11","7","13","0","11","108","105","171","88","74","51","126","92","67","42","81","42","135","59","14","17","55","50","18","22","10","16","31","28","10","16","20","23","0","11","0","11","901","116","42","27","10","15","18","20","31","28","0","11","16","25","0","11","47","39","106","64","132","61","51","31","64","37","54","45","60","37","98","41","10","16","19","22","33","29","11","17","67","39","10","19","11","17","11","16",
"1400000US18097320800","Census Tract 3208, Marion County, Indiana","3061","159","1457","110","104","40","120","33","126","44","96","32","15","9","27","37","7","9","25","22","19","12","46","26","99","28","119","40","119","33","96","27","122","37","40","25","38","18","35","15","85","23","49","18","26","15","24","16","20","14","1604","107","115","30","83","24","89","28","45","22","24","16","6","7","0","11","25","23","53","34","57","24","97","34","92","32","127","36","144","36","145","44","42","20","69","22","91","60","87","27","63","20","19","13","57","28","74","36",
"1400000US18097320901","Census Tract 3209.01, Marion County, Indiana","6538","545","3115","522","256","151","326","156","263","160","95","69","118","81","0","16","0","16","237","228","117","105","208","135","119","65","158","88","173","75","106","71","204","98","161","200","131","105","65","49","139","112","88","57","25","26","69","55","57","43","3423","388","145","91","165","142","172","123","85","64","42","51","65","77","21","34","128","127","76","58","151","79","231","145","234","143","418","153","120","80","401","143","52","49","76","58","56","49","105","57","209","92","131","66","157","86","183","90",
"1400000US18097320902","Census Tract 3209.02, Marion County, Indiana","4216","552","1920","341","349","140","23","26","225","174","95","64","79","62","13","23","76","66","72","61","306","149","148","65","67","47","72","55","51","41","68","38","64","40","4","7","62","62","18","21","31","27","61","36","7","12","8","12","21","19","2296","373","215","116","247","173","193","101","110","67","32","30","98","91","37","51","46","38","73","38","320","104","119","78","180","84","153","71","44","31","164","60","41","28","34","22","22","23","70","57","50","42","15","17","27","25","6","10",
"1400000US18097320903","Census Tract 3209.03, Marion County, Indiana","5184","659","2518","420","325","189","234","112","307","146","108","76","88","72","8","14","107","100","81","70","255","145","293","159","23","29","72","49","217","105","156","120","95","61","6","9","73","60","0","16","12","19","12","18","32","31","14","25","0","16","2666","461","76","88","421","169","304","151","113","86","182","118","24","28","55","75","80","66","206","116","277","121","169","101","190","123","105","64","42","43","182","91","18","19","35","43","24","25","16","23","53","36","36","34","12","19","46","48",
"1400000US18097321001","Census Tract 3210.01, Marion County, Indiana","2883","248","1405","270","157","80","88","63","109","66","57","56","32","48","0","11","91","130","30","35","76","51","57","41","61","55","131","85","49","54","138","84","89","73","35","33","36","38","21","18","50","44","22","25","26","30","29","23","21","27","1478","195","112","86","24","34","80","55","99","119","0","11","0","11","22","32","60","60","102","72","144","88","115","64","85","95","93","73","83","76","135","77","10","15","39","34","54","40","56","44","25","26","52","36","58","49","30","34",
"1400000US18097321002","Census Tract 3210.02, Marion County, Indiana","4648","617","2272","472","213","204","239","122","75","66","19","22","70","56","38","40","13","20","195","178","109","75","131","90","69","43","51","57","138","79","73","37","340","116","33","32","47","46","49","70","62","47","138","67","51","39","82","51","37","31","2376","329","163","99","159","124","174","69","62","38","14","19","11","17","20","30","54","60","132","114","193","111","238","133","90","62","52","45","140","60","212","135","48","38","72","49","35","35","124","79","168","62","105","69","50","39","60","44",
"1400000US18097321100","Census Tract 3211, Marion County, Indiana","3504","226","1675","174","41","24","133","73","163","71","100","52","86","68","14","22","3","5","16","12","93","43","68","37","114","54","134","50","93","40","84","58","78","30","102","46","29","25","45","28","65","30","97","53","35","24","59","42","23","19","1829","184","97","54","84","41","131","67","57","38","22","20","24","34","0","11","33","31","54","34","151","76","138","52","101","46","192","95","121","53","133","53","39","26","82","40","76","52","40","21","59","27","67","34","94","49","34","27",
"1400000US18097321200","Census Tract 3212, Marion County, Indiana","5190","387","2425","305","146","75","171","78","211","129","48","74","16","25","0","16","0","16","51","60","210","125","168","93","218","91","134","87","311","126","99","61","160","91","32","35","151","90","44","42","120","64","72","51","31","35","16","26","16","26","2765","293","199","99","232","117","236","109","115","77","23","26","0","16","0","16","49","80","233","116","181","87","187","109","238","90","195","109","153","96","307","189","45","41","195","80","29","33","29","32","76","53","14","21","15","24","14","23",
"1400000US18097321300","Census Tract 3213, Marion County, Indiana","2523","258","1363","217","37","43","0","11","33","51","0","11","24","22","0","11","10","15","290","175","336","139","199","75","54","30","116","74","45","40","34","27","93","43","16","17","16","17","36","42","7","12","0","11","9","13","8","13","0","11","1160","179","36","35","18","26","63","53","15","25","4","6","0","11","0","11","125","70","288","124","155","74","88","70","32","41","78","47","66","35","63","41","22","21","25","23","37","23","15","16","0","11","23","21","0","11","7","12",
"1400000US18097321400","Census Tract 3214, Marion County, Indiana","5559","505","2494","342","132","109","66","68","116","75","122","85","0","16","25","40","16","26","94","76","382","139","270","123","213","105","145","104","171","136","141","99","71","44","117","85","98","69","70","55","41","45","39","42","25","31","73","86","67","58","3065","429","101","66","156","79","93","80","81","87","0","16","0","16","0","16","111","90","603","245","200","101","232","140","101","87","203","105","262","101","234","181","87","58","119","70","83","70","55","67","122","77","55","53","35","39","132","100",
"1400000US18097321600","Census Tract 3216, Marion County, Indiana","5714","591","2544","392","246","99","128","97","88","68","89","89","83","119","22","35","27","47","159","100","248","152","216","90","166","134","136","81","209","119","169","100","105","70","50","50","143","100","56","52","53","50","48","51","66","49","37","40","0","16","3170","407","132","74","240","145","272","144","48","44","78","73","50","73","85","124","82","81","375","162","237","106","207","134","142","100","225","111","93","81","201","140","101","72","109","82","61","50","37","45","181","89","84","79","17","28","113","85",
"1400000US18097321700","Census Tract 3217, Marion County, Indiana","3937","263","1745","216","9","21","24","33","100","85","19","33","19","27","10","22","18","20","58","56","402","161","204","96","229","117","85","63","177","92","33","33","100","66","24","28","56","53","0","11","16","22","40","36","21","24","40","31","61","46","2192","226","140","129","116","56","36","48","29","46","0","11","0","11","0","11","103","63","334","154","248","124","98","79","192","99","41","36","121","58","167","105","34","38","56","51","44","34","136","104","19","24","37","37","104","57","137","82",
"1400000US18097321800","Census Tract 3218, Marion County, Indiana","3633","173","1660","127","109","52","75","37","44","29","60","42","7","12","0","11","0","11","26","25","119","49","259","72","69","50","215","71","130","63","135","64","109","52","33","27","28","25","56","31","53","33","65","33","59","46","0","11","9","15","1973","184","189","107","137","62","110","56","69","54","8","12","0","11","0","11","42","28","230","100","210","73","166","70","181","62","94","42","148","58","112","46","36","29","73","35","25","24","39","29","75","30","19","22","0","11","10","14",
"1400000US18097321900","Census Tract 3219, Marion County, Indiana","6022","471","2682","456","107","49","94","49","113","64","64","64","615","163","136","76","395","327","126","79","109","56","100","48","112","41","84","54","57","31","90","59","104","47","105","87","46","39","24","27","23","20","56","43","76","71","23","24","23","25","3340","396","60","40","132","54","111","43","49","30","1078","267","323","89","310","133","286","228","83","61","107","53","99","41","147","70","100","47","95","45","85","53","26","31","21","22","12","18","62","40","54","34","45","37","32","26","23","25",
"1400000US18097322000","Census Tract 3220, Marion County, Indiana","3248","341","1307","187","30","37","87","60","47","46","100","66","50","44","0","11","24","32","78","84","127","63","147","67","96","57","45","43","62","47","76","43","76","58","31","34","95","47","7","10","35","33","60","30","26","31","8","13","0","11","1941","255","115","72","90","63","87","70","98","59","17","17","38","43","80","65","103","84","168","96","141","60","171","76","54","42","169","82","85","63","216","80","32","39","21","24","47","34","50","30","28","25","75","44","33","24","23","22",
"1400000US18097322100","Census Tract 3221, Marion County, Indiana","2781","436","1216","251","76","66","152","104","58","39","0","11","10","15","0","11","0","11","39","38","33","31","102","61","121","56","189","91","51","38","79","52","91","58","27","41","29","27","23","22","62","63","44","37","11","18","19","19","0","11","1565","285","230","95","155","68","117","71","20","24","0","11","0","11","19","27","0","11","186","124","171","76","135","56","89","51","38","34","72","52","55","34","62","63","22","24","12","17","23","27","51","35","34","30","45","51","29","42",
"1400000US18097322200","Census Tract 3222, Marion County, Indiana","2252","164","1147","119","79","31","81","32","109","41","28","21","15","23","18","27","0","11","26","25","149","69","91","43","84","37","75","24","34","24","105","36","57","25","11","12","33","19","13","13","41","22","25","17","22","14","28","19","23","22","1105","133","73","39","155","65","47","22","29","25","24","20","0","11","0","11","11","12","95","39","87","32","81","39","93","32","71","22","79","41","48","31","56","26","29","18","24","20","51","20","20","15","15","11","10","14","7","11",
"1400000US18097322300","Census Tract 3223, Marion County, Indiana","2550","169","1234","140","157","62","50","29","36","32","22","23","22","23","0","11","0","11","77","43","133","61","227","64","72","44","79","37","91","39","58","35","65","40","11","17","27","32","16","24","30","22","33","24","21","15","0","11","7","12","1316","153","76","42","48","30","18","22","30","27","11","16","0","11","14","17","72","58","265","94","172","47","88","35","61","34","92","46","107","40","38","32","28","25","62","42","55","28","28","23","13","14","19","16","19","28","0","11",
"1400000US18097322400","Census Tract 3224, Marion County, Indiana","3057","317","1494","251","87","45","116","91","52","53","69","67","6","9","0","11","37","39","121","68","244","109","184","79","81","51","98","51","103","62","57","41","55","58","80","50","16","18","14","15","28","24","17","19","22","18","0","11","7","13","1563","200","102","51","8","15","12","15","54","51","107","72","15","24","20","32","115","80","250","90","208","85","113","46","114","61","75","41","58","42","103","48","37","25","22","21","45","33","43","32","36","26","8","13","9","14","9","13",
"1400000US18097322500","Census Tract 3225, Marion County, Indiana","1513","203","583","98","6","9","26","23","77","53","6","8","0","11","34","41","0","11","33","27","90","68","44","19","57","32","46","30","29","23","29","24","49","32","16","16","21","25","0","11","14","14","0","11","4","7","2","5","0","11","930","149","59","44","65","37","35","28","0","11","22","29","3","5","3","6","39","30","97","45","91","46","39","32","168","65","92","39","32","23","62","37","17","12","9","11","16","16","9","10","27","19","39","30","6","9","0","11",
"1400000US18097322600","Census Tract 3226, Marion County, Indiana","3803","505","1762","353","226","135","112","105","20","23","146","91","134","109","40","45","12","20","54","66","136","96","32","27","94","65","99","70","153","82","111","86","122","74","47","44","53","44","16","18","0","11","75","57","61","63","19","19","0","11","2041","300","222","161","102","59","122","91","14","17","46","45","68","57","84","71","122","82","238","110","57","57","133","89","108","69","134","94","133","63","161","67","37","29","45","36","16","18","61","44","61","48","22","22","38","32","17","19",
"1400000US18097322700","Census Tract 3227, Marion County, Indiana","2050","268","1064","198","27","24","0","11","27","24","68","61","64","66","0","11","16","16","24","26","121","123","24","27","71","52","29","26","41","43","169","101","68","32","49","43","65","45","52","40","15","18","24","23","39","27","71","45","0","11","986","178","44","51","60","56","9","15","67","89","0","11","8","11","9","15","14","18","32","29","64","52","32","25","48","49","59","36","194","96","37","27","8","13","79","54","22","21","50","47","23","22","95","45","7","13","25","19",
"1400000US18097330103","Census Tract 3301.03, Marion County, Indiana","4973","308","2271","249","152","99","122","80","110","113","30","38","0","11","0","11","129","154","81","87","263","135","310","122","166","88","143","81","50","54","53","43","109","76","103","86","135","86","52","51","88","58","52","42","70","41","34","41","19","23","2702","243","140","110","20","34","114","85","78","51","17","26","0","11","47","73","78","60","432","152","292","138","212","79","43","48","269","121","107","74","289","90","67","58","95","67","110","64","59","47","100","57","22","28","67","63","44","47",
"1400000US18097330105","Census Tract 3301.05, Marion County, Indiana","5323","478","2735","455","95","107","123","88","160","118","168","128","17","27","1","2","8","16","124","112","253","130","368","172","199","164","138","91","286","167","243","111","95","71","89","57","134","108","9","14","20","24","37","34","90","80","45","38","33","31","2588","483","143","133","176","149","131","90","97","89","27","21","0","16","8","15","109","76","325","180","176","111","212","133","88","91","149","109","137","101","126","79","59","54","95","61","93","78","101","83","76","56","52","33","45","43","163","77",
"1400000US18097330106","Census Tract 3301.06, Marion County, Indiana","3993","403","2009","313","251","135","71","76","0","11","0","11","25","51","83","75","0","11","130","102","158","84","138","102","283","181","87","75","129","126","136","86","188","158","53","60","47","54","41","42","43","56","67","68","19","31","6","13","54","48","1984","324","0","11","0","11","54","95","33","54","51","51","0","11","97","104","343","241","230","101","135","86","149","131","263","168","98","81","101","105","88","80","73","68","79","77","14","18","25","29","60","57","0","11","41","38","50","44",
"1400000US18097330107","Census Tract 3301.07, Marion County, Indiana","6114","475","2873","365","121","92","115","79","192","105","138","74","83","62","0","16","0","16","82","60","309","128","168","87","64","51","131","71","120","68","203","85","379","157","70","46","259","105","56","50","31","34","150","107","108","64","45","42","49","45","3241","330","41","43","145","99","173","102","179","111","42","47","24","37","0","16","125","121","301","104","156","95","120","60","254","135","169","65","172","89","375","106","116","81","203","116","75","93","106","63","181","103","104","80","29","34","151","80",
"1400000US18097330108","Census Tract 3301.08, Marion County, Indiana","3851","259","1956","191","111","72","127","102","63","43","72","42","9","14","11","18","13","20","74","72","78","44","22","20","112","50","190","100","139","59","182","61","220","60","75","54","88","39","45","39","87","37","82","74","94","40","23","25","39","30","1895","172","87","43","98","52","76","44","123","68","51","36","28","29","16","25","23","25","104","51","76","37","63","37","130","65","143","55","142","46","216","54","97","61","98","40","64","35","59","34","41","27","63","34","78","49","19","22",
"1400000US18097330109","Census Tract 3301.09, Marion County, Indiana","5074","336","2514","232","175","91","147","82","0","16","108","75","32","46","75","69","0","16","74","65","170","91","364","113","111","62","130","86","196","92","152","73","187","88","108","73","180","96","148","69","51","42","60","51","0","16","23","35","23","36","2560","329","255","147","28","32","57","61","37","42","15","23","0","16","0","16","100","69","261","101","191","136","145","73","79","52","146","85","251","96","305","102","110","63","120","67","106","57","114","92","152","91","38","43","32","38","18","29",
"1400000US18097330202","Census Tract 3302.02, Marion County, Indiana","11332","1068","4832","550","506","197","289","129","541","236","306","173","161","96","272","161","79","92","276","196","231","161","374","145","367","207","198","142","276","123","211","94","125","96","110","95","114","87","34","39","98","72","106","75","90","67","50","57","18","30","6500","856","461","299","679","237","637","263","186","112","39","63","208","167","43","55","296","168","521","227","571","243","473","194","475","212","406","170","465","176","328","175","105","86","153","114","40","37","161","82","133","100","38","46","46","51","36","43",
"1400000US18097330203","Census Tract 3302.03, Marion County, Indiana","5965","341","2877","294","191","130","45","56","275","122","83","68","19","31","29","45","0","16","80","75","110","89","191","111","178","101","105","78","176","94","141","79","402","132","168","96","170","80","69","55","75","63","182","76","144","88","12","19","32","52","3088","334","141","80","302","139","240","136","115","76","44","50","28","46","48","54","85","78","45","40","128","91","163","89","156","89","228","75","285","100","301","102","152","73","121","77","112","99","222","111","92","52","57","60","23","26","0","16",
"1400000US18097330204","Census Tract 3302.04, Marion County, Indiana","6664","419","3167","358","230","136","65","55","535","253","190","117","157","105","39","42","35","50","147","123","130","80","138","121","163","106","231","118","172","95","314","139","196","99","106","83","83","60","50","50","126","58","25","28","10","18","25","41","0","16","3497","386","247","155","198","135","258","161","144","90","81","70","0","16","0","16","291","169","283","159","172","126","194","149","186","109","320","123","516","189","112","72","107","87","105","70","23","25","171","96","28","29","49","40","12","19","0","16",
"1400000US18097330206","Census Tract 3302.06, Marion County, Indiana","5071","282","2485","212","243","103","131","65","138","55","174","68","75","53","36","34","27","30","66","50","183","84","196","59","184","71","124","55","116","49","214","88","223","72","54","34","35","24","91","90","103","60","21","25","32","34","19","28","0","16","2586","195","177","68","152","66","237","69","101","56","79","60","48","44","8","15","136","84","102","53","170","59","149","51","177","62","262","81","229","82","225","78","36","32","102","62","52","34","41","34","22","22","54","44","27","41","0","16",
"1400000US18097330208","Census Tract 3302.08, Marion County, Indiana","2855","244","1508","168","161","80","111","64","121","65","86","62","26","26","0","11","8","14","30","30","75","49","157","58","105","46","76","57","76","45","134","56","108","58","4","8","54","39","62","50","46","29","26","22","32","27","10","15","0","11","1347","162","26","31","29","33","72","50","26","25","5","7","7","11","0","11","47","38","122","65","154","62","106","60","104","58","82","41","104","48","161","62","41","32","55","34","38","28","42","35","31","26","31","25","32","29","32","29",
"1400000US18097330209","Census Tract 3302.09, Marion County, Indiana","9126","763","4581","488","370","200","296","132","224","115","152","112","38","42","1","2","58","59","217","177","508","200","328","130","375","151","237","108","233","145","223","133","398","140","211","142","117","66","83","63","130","67","160","108","39","37","107","62","76","50","4545","499","307","157","270","148","377","209","237","225","150","113","33","54","13","20","143","107","235","144","440","157","300","121","178","88","397","166","206","100","472","178","72","56","114","69","40","38","67","49","67","47","102","57","171","99","154","99",
"1400000US18097330401","Census Tract 3304.01, Marion County, Indiana","6173","425","2844","323","249","112","338","112","156","83","21","34","151","118","84","87","0","16","15","27","152","132","198","119","157","77","109","58","135","82","366","125","138","74","89","91","100","76","108","64","61","45","58","47","54","51","51","36","54","50","3329","339","194","107","198","123","147","84","189","94","120","70","50","58","0","16","65","54","184","138","151","78","265","144","228","157","165","103","170","81","399","191","176","113","89","63","125","59","43","40","80","50","95","72","79","55","117","70",
"1400000US18097330500","Census Tract 3305, Marion County, Indiana","6635","850","2890","513","179","136","192","156","308","238","244","271","159","142","0","16","0","16","0","16","159","160","193","127","71","68","58","77","123","90","193","103","196","156","69","58","136","88","133","103","199","98","109","58","17","27","116","70","36","40","3745","663","246","186","308","170","276","186","168","139","158","139","22","36","44","80","0","16","206","143","208","169","363","190","255","180","46","48","143","90","378","176","24","29","216","123","91","67","174","95","244","116","84","60","0","16","91","89",
"1400000US18097330600","Census Tract 3306, Marion County, Indiana","6110","822","2755","454","187","140","281","154","213","169","90","79","98","95","0","16","48","53","45","52","311","156","236","179","291","247","349","141","114","108","42","39","157","88","20","32","91","66","20","33","64","75","41","40","26","32","15","24","16","24","3355","561","387","190","205","180","473","238","208","169","62","92","101","115","0","16","101","85","356","167","245","132","185","99","228","107","98","83","51","49","222","162","38","47","110","78","13","21","66","59","86","70","49","40","29","34","42","38",
"1400000US18097330700","Census Tract 3307, Marion County, Indiana","5608","496","2847","340","121","113","76","84","167","133","119","81","18","31","61","75","23","38","82","80","191","129","121","102","376","183","431","188","155","95","139","94","213","123","116","97","114","79","61","75","82","55","134","57","17","29","30","34","0","16","2761","385","149","129","163","117","251","167","15","25","88","94","0","16","27","43","43","45","158","128","202","130","238","154","268","142","150","84","174","96","242","106","104","71","84","63","75","56","47","44","121","65","100","72","31","33","31","36",
"1400000US18097330803","Census Tract 3308.03, Marion County, Indiana","3890","556","1945","386","258","168","349","112","176","135","105","104","63","74","4","7","0","11","134","101","62","61","116","78","181","108","103","76","64","62","148","91","59","46","11","19","31","34","0","11","30","29","0","11","23","19","0","11","28","34","1945","333","348","193","138","101","129","86","86","67","43","42","56","56","85","68","119","79","105","76","163","108","81","68","129","81","106","70","84","53","100","61","47","36","17","27","42","44","20","22","26","32","21","19","0","11","0","11",
"1400000US18097330804","Census Tract 3308.04, Marion County, Indiana","3084","482","1266","255","356","179","200","141","102","81","42","55","0","11","0","11","0","11","58","57","79","73","95","74","63","49","27","42","92","65","10","16","73","39","5","8","48","48","9","14","0","11","7","12","0","11","0","11","0","11","1818","347","207","159","168","101","168","111","47","37","32","45","10","15","4","26","97","63","233","102","211","104","208","121","40","38","59","55","45","39","72","50","7","11","50","44","80","49","11","13","39","33","10","15","14","22","6","11",
"1400000US18097330805","Census Tract 3308.05, Marion County, Indiana","2571","408","1030","190","144","85","107","97","9","16","16","25","0","11","0","11","0","11","35","30","193","108","76","61","59","56","128","93","0","11","47","35","88","48","0","11","55","43","9","14","11","15","37","40","11","14","5","8","0","11","1541","309","191","109","110","85","45","45","17","32","0","11","14","28","0","11","177","93","123","87","103","78","88","57","74","60","171","108","64","39","98","55","29","21","84","57","32","33","43","27","31","27","14","14","23","24","10","15",
"1400000US18097330806","Census Tract 3308.06, Marion County, Indiana","4003","575","1786","322","173","101","234","132","203","114","48","47","14","23","37","45","13","21","64","63","170","107","124","70","153","96","21","25","91","71","113","60","173","79","0","11","12","24","42","43","0","11","10","23","36","31","14","22","41","35","2217","365","156","82","210","114","239","148","24","30","16","27","8","12","24","28","111","82","201","128","160","79","190","78","203","82","59","45","74","60","178","83","44","38","25","21","15","18","89","78","89","85","13","21","53","37","36","29",
"1400000US18097330900","Census Tract 3309, Marion County, Indiana","5907","645","2159","292","217","160","228","117","251","209","79","91","0","16","63","97","0","16","147","145","237","148","45","76","141","124","247","191","75","62","66","65","89","72","11","19","65","62","35","56","0","16","77","58","54","58","14","23","18","28","3748","485","261","190","236","231","401","258","94","83","103","120","0","16","131","143","182","131","305","166","399","173","152","133","143","128","314","186","316","152","262","169","43","48","32","36","123","89","69","73","107","79","59","70","0","16","16","29",
"1400000US18097331000","Census Tract 3310, Marion County, Indiana","4194","433","2059","297","92","64","109","72","70","79","76","66","44","42","68","68","19","30","40","45","169","93","134","88","95","65","133","87","130","81","194","154","127","69","47","32","74","43","20","25","99","53","158","119","92","47","49","46","20","24","2135","310","160","102","124","85","101","86","129","70","15","24","0","11","46","38","53","79","92","70","106","81","111","82","108","76","100","74","248","102","130","59","21","19","79","75","121","63","118","59","168","67","62","31","16","19","27","23",
"1400000US18097340101","Census Tract 3401.01, Marion County, Indiana","3795","273","1924","208","184","80","130","74","128","61","135","68","0","11","0","11","36","39","96","68","80","58","193","89","146","72","81","49","104","57","110","45","114","59","38","30","42","31","16","17","65","48","76","39","95","42","26","24","29","31","1871","196","67","50","156","80","83","56","71","54","57","40","56","51","27","33","58","51","111","70","83","53","160","65","99","49","128","69","135","77","175","73","64","46","13","15","42","29","45","32","68","43","81","41","77","39","15","18",
"1400000US18097340102","Census Tract 3401.02, Marion County, Indiana","3633","492","1587","249","85","75","129","112","96","76","63","69","0","11","91","71","34","40","60","51","171","116","121","90","106","81","45","31","115","58","52","44","50","35","65","45","55","42","8","13","59","53","61","35","76","40","18","20","27","24","2046","413","175","169","95","71","132","114","66","62","94","85","65","70","8","13","44","36","240","109","38","36","127","73","117","83","116","97","79","48","39","30","107","70","18","20","9","14","52","28","140","61","153","77","73","59","59","34",
"1400000US18097340108","Census Tract 3401.08, Marion County, Indiana","2375","326","1194","179","65","38","151","83","75","46","0","11","48","33","0","11","15","18","79","44","111","49","121","66","115","52","50","32","84","44","33","29","91","52","59","67","21","19","8","13","7","8","6","8","20","22","24","19","11","18","1181","212","118","64","120","60","93","57","16","18","40","32","48","36","20","20","71","60","90","51","103","49","82","44","29","28","67","35","49","35","47","26","20","19","27","23","10","10","21","15","43","44","16","18","19","28","32","36",
"1400000US18097340109","Census Tract 3401.09, Marion County, Indiana","1140","139","509","113","51","45","33","32","27","23","14","15","12","16","12","20","0","11","42","47","14","16","53","42","33","23","52","42","39","22","7","11","22","18","21","16","15","16","13","14","10","10","28","16","11","13","0","11","0","11","631","89","5","7","27","23","109","64","41","39","8","12","0","11","0","11","35","30","32","22","46","35","39","27","46","25","50","40","42","25","51","30","15","14","10","11","9","10","21","17","29","18","10","13","6","8","0","11",
"1400000US18097340110","Census Tract 3401.10, Marion County, Indiana","4809","568","2374","341","271","209","55","65","120","111","50","55","65","73","72","99","100","112","222","150","294","158","170","124","136","100","98","87","244","151","74","53","128","82","16","24","69","75","33","56","58","39","29","44","70","63","0","11","0","11","2435","495","264","169","109","105","13","31","56","52","22","38","80","87","75","86","218","142","183","136","150","102","235","116","158","123","154","103","76","63","264","161","72","70","134","98","0","11","43","58","43","43","55","86","31","44","0","11",
"1400000US18097340111","Census Tract 3401.11, Marion County, Indiana","4001","380","1681","231","110","67","29","30","101","71","134","78","104","86","24","23","10","16","123","81","61","50","131","65","135","95","155","71","150","83","151","67","88","37","37","30","52","31","37","33","38","26","11","13","0","11","0","11","0","11","2320","256","111","79","68","48","258","102","276","66","95","54","0","11","0","11","88","49","195","94","137","53","244","95","230","77","100","50","197","120","135","54","13","18","43","31","46","36","35","32","5","9","18","22","21","26","5","9",
"1400000US18097340112","Census Tract 3401.12, Marion County, Indiana","5155","559","2475","378","161","127","78","67","290","164","4","8","50","46","45","55","25","39","199","113","497","242","103","87","135","147","215","132","125","94","98","56","140","83","31","39","41","47","0","16","56","42","89","59","33","34","29","32","31","36","2680","334","299","148","49","59","138","95","120","86","77","74","14","23","6","11","171","99","358","183","145","103","183","115","125","84","164","96","124","79","202","109","35","31","67","42","28","31","37","42","112","64","106","60","74","80","46","46",
"1400000US18097340113","Census Tract 3401.13, Marion County, Indiana","4180","332","2029","197","128","56","175","59","130","75","226","103","8","13","28","28","25","30","94","56","86","61","108","75","33","37","203","93","146","65","158","61","100","54","22","33","71","47","35","22","47","27","51","54","25","16","23","23","107","68","2151","215","74","51","68","49","152","80","53","39","7","11","41","36","35","33","63","53","47","36","195","91","120","75","141","67","314","93","127","65","79","34","48","36","67","43","59","32","55","34","82","52","54","31","79","45","191","71",
"1400000US18097340114","Census Tract 3401.14, Marion County, Indiana","3965","166","2113","141","119","51","141","60","215","73","109","63","74","67","19","21","9","10","49","27","107","52","119","56","114","46","161","52","130","49","115","47","143","50","56","32","132","61","31","20","46","24","138","51","43","24","23","19","20","19","1852","128","64","43","68","46","74","45","95","51","33","25","5","8","13","16","34","29","131","46","115","72","121","51","230","58","157","48","162","58","153","54","45","29","95","41","35","25","72","35","65","31","53","36","17","17","15","15",
"1400000US18097340201","Census Tract 3402.01, Marion County, Indiana","3480","398","1637","225","157","118","91","82","124","66","131","60","20","26","39","38","45","37","143","103","167","123","99","74","120","70","111","57","57","33","41","27","96","49","45","26","30","29","30","26","19","23","25","26","22","28","15","18","10","15","1843","230","134","82","179","102","140","79","113","56","57","51","0","11","23","20","72","54","174","87","87","56","92","55","68","36","152","64","195","95","123","60","66","41","28","33","0","11","48","38","16","18","38","27","10","16","28","25",
"1400000US18097340202","Census Tract 3402.02, Marion County, Indiana","4349","420","1971","242","234","108","84","52","133","69","46","28","46","39","26","31","28","25","128","92","251","111","111","67","56","56","132","77","123","61","107","55","154","77","18","21","28","20","45","74","69","43","70","47","16","17","37","25","29","25","2378","330","248","140","161","96","114","50","83","49","32","31","12","16","24","23","169","81","222","102","154","90","120","81","110","47","183","90","199","113","184","77","28","26","36","21","38","37","72","43","89","56","20","20","80","59","0","11",
"1400000US18097340300","Census Tract 3403, Marion County, Indiana","8741","925","4455","584","665","337","428","238","304","169","156","104","48","73","17","30","0","16","113","96","194","120","374","207","281","140","572","305","302","161","480","238","196","123","88","98","44","47","40","62","51","70","45","54","0","16","44","41","13","24","4286","715","629","304","332","220","345","193","271","173","77","74","123","124","0","16","235","119","176","147","219","146","517","202","213","139","302","137","320","161","116","80","0","16","137","81","64","60","27","44","24","27","94","120","39","38","26","32",
"1400000US18097340400","Census Tract 3404, Marion County, Indiana","3781","590","1740","326","217","122","85","82","173","96","43","47","71","71","18","24","116","109","105","67","167","79","126","83","89","55","90","52","96","68","131","92","26","22","21","24","82","93","8","12","28","23","32","26","7","12","9","14","0","11","2041","373","230","115","286","127","91","95","31","50","10","18","0","11","24","31","163","71","294","140","132","71","49","51","86","65","164","88","155","77","100","83","55","41","16","22","48","36","29","25","31","25","18","28","6","10","23","24",
"1400000US18097340500","Census Tract 3405, Marion County, Indiana","5040","640","2399","439","291","124","120","72","197","112","12","20","144","67","236","189","208","154","121","91","102","74","197","112","52","51","156","95","90","63","60","50","113","64","62","57","88","76","66","56","12","19","15","17","22","37","10","15","25","34","2641","404","176","106","265","167","114","88","105","82","243","89","137","76","83","57","121","81","265","172","342","125","136","97","94","58","29","28","178","107","113","63","26","24","14","17","3","8","26","34","22","21","16","19","102","76","31","36",
"1400000US18097340600","Census Tract 3406, Marion County, Indiana","5529","509","2779","326","234","106","204","99","201","97","124","64","30","39","24","31","28","37","150","68","183","97","231","110","295","106","210","126","119","62","199","83","258","94","19","18","4","8","35","30","113","61","55","36","26","33","15","18","22","31","2750","330","160","89","246","111","303","128","146","85","61","55","0","16","96","74","135","72","121","85","192","80","162","75","105","67","146","70","175","69","138","60","64","42","142","60","54","33","128","61","50","34","17","18","48","39","61","42",
"1400000US18097340700","Census Tract 3407, Marion County, Indiana","4189","583","1956","345","106","73","150","98","146","113","60","61","95","85","21","33","20","21","55","63","254","152","261","131","154","125","12","19","173","105","130","73","125","98","41","35","62","51","12","13","24","23","46","30","9","12","0","11","0","11","2233","411","409","189","185","104","217","150","60","80","51","58","0","11","21","38","48","48","288","137","152","85","96","81","67","58","98","66","105","75","90","50","22","25","77","52","104","93","39","34","22","24","25","27","18","25","39","39",
"1400000US18097340800","Census Tract 3408, Marion County, Indiana","1656","186","830","102","65","70","40","23","64","37","23","18","21","24","19","18","13","20","13","14","29","23","45","26","72","29","42","23","75","35","64","36","53","22","9","10","40","20","6","9","34","19","35","23","26","16","26","27","16","14","826","138","44","28","47","20","32","18","20","15","30","21","18","16","8","12","6","8","68","32","36","22","58","27","27","21","89","33","50","48","68","27","20","18","14","12","5","7","22","17","62","34","56","37","30","30","16","14",
"1400000US18097340901","Census Tract 3409.01, Marion County, Indiana","3745","279","1746","188","78","53","80","57","189","84","94","54","44","43","25","39","25","45","67","50","202","131","144","87","57","51","82","72","168","73","197","65","74","40","15","17","28","27","49","34","38","28","10","15","38","30","0","11","42","31","1999","191","116","86","219","98","175","84","97","53","14","22","22","26","8","12","74","67","150","91","190","84","64","47","152","63","150","63","131","53","94","52","15","18","92","47","54","31","48","32","48","32","31","27","21","25","34","26",
"1400000US18097340902","Census Tract 3409.02, Marion County, Indiana","6657","840","3176","459","445","256","140","107","229","174","83","84","139","166","41","56","37","44","129","81","338","185","477","249","227","166","144","144","108","85","194","111","190","136","15","27","34","42","39","41","30","36","45","34","65","52","11","19","16","30","3481","604","376","254","213","185","65","72","158","164","138","136","152","124","230","188","207","109","350","172","323","169","135","115","90","72","219","136","0","16","233","168","32","39","94","75","31","40","72","54","176","122","27","30","131","90","29","37",
"1400000US18097341000","Census Tract 3410, Marion County, Indiana","1755","161","830","112","24","24","64","39","35","27","24","20","10","14","0","11","22","34","25","20","126","61","53","28","68","45","50","32","56","30","89","52","45","32","19","17","13","12","28","20","19","17","42","23","12","12","6","10","0","11","925","118","69","33","45","20","29","23","23","18","3","4","46","48","0","11","9","14","126","56","34","18","64","29","90","38","95","47","41","22","70","32","35","21","26","18","0","11","27","20","30","17","34","28","6","9","23","19",
"1400000US18097341100","Census Tract 3411, Marion County, Indiana","2210","349","1218","260","83","63","156","92","173","103","40","32","11","19","0","11","5","9","35","28","32","34","55","39","105","77","89","62","59","43","61","42","85","44","66","67","38","21","20","17","57","67","21","17","17","13","0","11","10","20","992","166","82","56","32","29","82","62","4","8","13","21","19","29","0","11","27","22","79","60","180","82","52","37","12","13","130","60","37","27","56","29","61","46","48","37","5","10","7","10","21","15","29","22","11","21","5","10",
"1400000US18097341200","Census Tract 3412, Marion County, Indiana","2493","386","1093","206","84","70","214","95","69","48","38","33","19","28","52","43","32","42","5","8","106","74","35","37","87","50","48","39","65","40","35","26","71","34","33","35","41","33","16","25","17","15","0","11","9","10","9","10","8","7","1400","250","168","83","106","79","151","86","64","49","23","27","25","35","13","21","45","53","106","64","56","42","73","40","76","41","102","59","61","36","100","44","9","14","24","25","14","14","19","15","40","21","12","10","57","37","56","24",
"1400000US18097341600","Census Tract 3416, Marion County, Indiana","2058","245","1003","165","96","46","177","83","66","49","16","26","24","29","0","11","43","51","5","10","178","120","72","53","42","43","20","19","20","32","30","29","99","47","14","16","32","36","0","11","6","9","49","49","9","11","5","7","0","11","1055","173","118","85","68","55","59","56","40","28","28","29","6","16","0","11","17","20","118","73","40","36","121","73","47","36","72","59","50","46","43","36","12","16","81","54","10","13","20","20","44","30","17","15","44","26","0","11",
"1400000US18097341700","Census Tract 3417, Marion County, Indiana","4876","565","2691","347","275","108","418","128","234","107","157","81","20","34","0","11","18","23","111","126","184","85","165","110","149","79","205","94","173","63","193","98","110","59","75","58","74","52","16","22","60","52","30","33","15","18","9","14","0","11","2185","322","173","106","280","191","51","59","20","23","15","18","17","19","0","11","115","81","199","86","162","99","176","87","133","67","195","90","99","46","160","93","16","19","72","51","102","63","29","22","39","26","48","35","26","25","58","59",
"1400000US18097341902","Census Tract 3419.02, Marion County, Indiana","3641","322","1669","179","109","55","76","55","92","60","101","65","61","40","0","11","0","11","103","58","76","61","105","49","114","70","58","44","101","65","107","45","129","52","88","49","74","45","8","14","25","27","126","59","43","36","48","37","25","27","1972","235","87","63","127","58","168","61","94","64","26","22","5","12","7","14","30","28","228","105","161","68","37","34","121","64","56","40","78","43","189","74","134","58","85","62","27","29","85","54","40","28","57","39","74","47","56","37",
"1400000US18097341903","Census Tract 3419.03, Marion County, Indiana","5703","908","3007","607","418","362","384","154","93","93","244","186","0","16","59","87","12","20","194","137","204","121","214","126","240","132","213","119","206","137","158","110","235","123","6","13","9","19","33","42","0","16","5","12","11","17","63","69","6","12","2696","513","187","164","161","119","240","137","118","86","137","138","84","104","64","68","196","118","290","177","248","130","181","135","145","93","148","97","79","80","95","74","34","43","144","134","6","12","25","36","0","16","30","38","34","34","50","45",
"1400000US18097341904","Census Tract 3419.04, Marion County, Indiana","2388","239","1277","180","152","93","166","94","69","46","36","31","0","11","0","11","5","8","83","49","128","77","119","42","95","54","132","71","58","36","84","40","30","24","25","21","33","36","21","20","13","14","6","9","22","20","0","11","0","11","1111","170","83","47","113","71","80","60","49","38","46","39","50","43","31","30","40","24","114","52","159","46","41","33","82","46","60","42","34","22","45","24","19","14","48","28","0","11","4","8","6","9","0","11","7","10","0","11",
"1400000US18097342000","Census Tract 3420, Marion County, Indiana","6810","620","3482","349","227","113","377","187","201","126","263","157","29","48","133","122","17","27","163","126","175","84","90","69","283","146","243","126","227","116","293","143","227","132","79","60","92","52","32","35","128","60","103","69","59","44","15","23","26","36","3328","464","211","107","358","198","221","126","146","95","97","89","56","63","53","62","61","61","308","202","121","94","240","130","314","132","178","100","227","100","167","94","37","43","92","57","13","21","77","57","186","105","67","49","72","91","26","25",
"1400000US18097342101","Census Tract 3421.01, Marion County, Indiana","5682","497","2558","357","346","173","328","144","133","82","126","99","28","30","18","29","20","30","41","46","217","122","119","62","140","72","317","90","112","66","158","87","210","82","22","24","64","53","34","35","19","24","46","30","39","25","9","15","12","18","3124","328","185","104","262","141","328","110","320","138","37","53","17","27","0","16","0","16","377","185","227","100","216","81","72","47","159","73","240","91","191","82","75","42","95","53","62","39","103","50","85","38","16","19","22","36","35","35",
"1400000US18097342200","Census Tract 3422, Marion County, Indiana","5738","581","2870","345","300","157","360","104","110","67","73","47","72","47","26","27","39","45","168","90","268","139","195","141","227","105","151","78","201","98","166","74","215","84","57","57","59","57","34","32","19","25","91","82","16","26","12","20","11","18","2868","433","311","133","321","149","220","115","103","83","81","62","37","40","43","43","180","126","155","91","209","109","153","75","155","82","201","73","108","52","122","57","58","78","97","53","69","43","41","40","82","63","46","44","36","39","40","30",
"1400000US18097342300","Census Tract 3423, Marion County, Indiana","6781","676","3263","484","426","239","317","172","234","135","141","87","0","16","32","53","126","85","121","100","144","114","128","106","229","180","96","90","197","164","291","237","329","153","31","38","107","90","54","47","73","52","128","94","30","32","0","16","29","33","3518","339","217","136","325","153","288","136","82","90","104","63","49","62","70","67","180","97","326","155","160","140","178","120","135","96","254","182","304","165","174","104","51","51","130","86","90","71","134","101","105","87","50","51","45","42","67","52",
"1400000US18097342400","Census Tract 3424, Marion County, Indiana","1435","220","771","158","69","43","91","90","36","25","26","24","10","16","0","11","1","3","26","28","35","25","54","39","32","22","57","45","61","59","108","58","37","25","13","14","50","35","4","6","23","18","13","26","17","14","0","11","8","9","664","120","17","18","48","71","19","25","12","15","21","19","0","11","12","18","14","16","75","45","75","54","14","17","55","48","32","24","116","68","32","27","4","7","27","29","6","8","29","32","10","24","14","15","24","16","8","8",
"1400000US18097342500","Census Tract 3425, Marion County, Indiana","4681","439","2391","330","180","139","186","120","302","118","109","81","67","47","0","11","10","16","38","45","276","131","84","64","199","89","36","35","146","80","207","72","107","70","47","35","154","91","52","31","58","34","67","33","9","19","38","33","19","20","2290","311","116","73","134","79","296","113","89","54","48","43","0","11","19","22","0","11","254","114","202","85","234","107","104","54","70","45","73","66","246","77","46","30","130","85","20","33","38","35","43","27","59","33","38","32","31","27",
"1400000US18097342600","Census Tract 3426, Marion County, Indiana","3495","317","1677","219","225","118","274","161","38","35","98","77","0","11","6","9","13","20","55","48","97","65","163","106","138","52","87","69","40","39","176","83","75","66","25","30","42","35","16","19","39","25","31","29","14","15","25","30","0","11","1818","219","190","114","179","75","146","99","90","59","6","10","0","11","33","46","151","92","182","97","180","81","42","34","129","89","96","61","128","57","36","30","22","21","48","36","13","16","38","30","52","35","26","25","17","27","14","14",
"1400000US18097350100","Census Tract 3501, Marion County, Indiana","1296","200","671","156","65","44","26","29","27","42","53","55","3","9","0","11","20","31","56","44","67","44","61","65","33","29","0","11","19","18","67","40","48","46","18","18","24","22","8","14","40","37","20","29","9","15","0","11","7","12","625","124","27","30","0","11","27","30","0","11","34","33","0","11","0","11","14","21","35","37","90","63","24","23","35","38","29","27","93","56","122","55","0","11","18","16","9","13","0","11","6","10","20","22","5","8","37","30",
"1400000US18097350300","Census Tract 3503, Marion County, Indiana","2525","420","1242","196","119","103","71","74","54","59","0","11","8","21","17","28","39","60","6","10","126","62","133","68","61","52","146","91","90","70","71","52","80","55","24","27","49","42","21","19","13","17","45","40","40","37","24","20","5","9","1283","308","67","69","41","57","41","53","49","56","26","42","31","38","0","11","93","92","154","86","112","64","66","55","165","135","81","85","124","82","36","35","31","24","34","37","56","34","0","11","13","16","52","50","11","13","0","11",
"1400000US18097350400","Census Tract 3504, Marion County, Indiana","2876","355","1673","282","77","57","42","44","92","62","22","22","141","143","88","89","27","33","120","86","131","74","223","101","50","38","74","47","13","17","94","52","104","58","72","52","83","65","16","20","62","35","40","43","41","39","61","45","0","11","1203","212","57","52","50","46","81","59","27","32","20","24","0","11","6","11","66","43","120","78","88","50","92","57","70","57","28","35","46","42","146","67","37","43","66","37","21","18","19","17","42","29","22","20","67","41","32","25",
"1400000US18097350500","Census Tract 3505, Marion County, Indiana","2262","341","1088","183","39","41","49","45","53","46","46","42","29","36","24","37","0","11","72","62","128","68","35","31","78","83","92","52","41","33","89","47","111","43","47","48","31","18","6","9","7","10","37","36","34","26","8","11","32","33","1174","219","79","46","90","58","29","27","34","35","8","12","35","47","16","19","62","45","26","28","58","48","57","45","79","69","55","45","140","65","160","66","35","28","4","7","31","22","49","32","57","36","15","11","15","13","40","27",
"1400000US18097350600","Census Tract 3506, Marion County, Indiana","4728","653","2111","388","111","88","123","68","64","50","149","99","97","95","0","11","12","21","89","88","177","119","50","57","35","55","337","245","127","92","127","83","122","80","110","83","52","40","15","22","37","29","130","51","63","31","16","17","68","40","2617","350","131","92","101","81","210","132","155","85","43","42","27","29","26","43","76","63","185","123","126","90","98","79","158","107","189","131","55","39","164","87","156","102","206","87","59","52","75","52","78","42","133","80","59","37","107","57",
"1400000US18097350700","Census Tract 3507, Marion County, Indiana","1366","298","712","151","52","51","47","44","22","23","6","11","9","14","0","11","22","27","23","34","34","40","75","54","47","41","8","13","40","41","163","82","30","28","9","14","21","19","10","16","35","27","0","11","11","17","24","25","24","21","654","196","86","66","15","23","13","18","26","21","8","13","0","11","0","11","44","39","64","57","10","15","33","35","33","31","68","46","56","34","64","34","15","16","40","28","6","12","0","11","12","16","30","26","6","12","25","25",
"1400000US18097350800","Census Tract 3508, Marion County, Indiana","1941","285","826","179","100","65","143","103","137","74","52","32","30","30","0","11","0","11","0","11","28","31","55","33","23","23","34","44","32","25","32","28","23","20","12","12","14","14","0","11","36","32","0","11","4","7","55","47","16","18","1115","178","120","74","75","52","85","60","16","20","0","11","19","30","25","25","46","34","134","65","71","42","79","48","114","73","72","48","54","39","28","19","18","15","25","24","6","9","58","35","7","10","28","19","0","11","35","28",
"1400000US18097350900","Census Tract 3509, Marion County, Indiana","1464","312","732","166","67","39","87","60","27","27","8","14","37","49","14","14","0","11","76","98","54","32","39","26","18","15","69","44","42","37","52","30","44","26","13","14","6","9","16","17","8","9","36","20","4","6","8","8","7","12","732","209","26","21","62","52","89","62","32","35","18","29","0","11","32","40","12","18","60","43","50","36","50","42","86","46","26","22","14","19","46","29","28","21","4","6","0","11","16","15","32","16","5","8","11","10","33","21",
"1400000US18097351000","Census Tract 3510, Marion County, Indiana","2554","289","1045","207","57","56","185","97","49","58","11","17","8","13","84","70","25","41","19","22","165","91","56","53","42","33","61","48","28","20","36","31","55","60","12","17","0","11","16","20","25","23","17","19","68","55","26","31","0","11","1509","219","129","120","150","109","58","56","32","52","35","49","35","42","54","56","93","92","79","58","158","102","76","45","124","72","41","29","92","59","155","78","13","16","47","61","15","17","10","14","28","25","37","31","39","42","9","13",
"1400000US18097351200","Census Tract 3512, Marion County, Indiana","2523","444","1019","230","108","71","110","67","116","83","82","60","33","36","16","12","19","30","31","32","86","56","92","53","50","48","48","47","31","33","46","35","41","25","18","17","18","15","25","31","6","9","25","31","6","9","6","10","6","9","1504","245","183","123","148","81","53","54","25","30","32","32","17","26","24","21","101","63","94","59","102","62","46","36","69","52","99","47","76","41","147","83","26","31","38","23","21","22","48","25","67","49","30","22","21","16","37","27",
"1400000US18097351500","Census Tract 3515, Marion County, Indiana","1940","344","973","191","10","14","50","49","66","69","37","32","55","47","44","42","9","10","39","30","200","100","49","35","117","63","47","43","52","36","47","33","57","29","17","16","35","28","13","19","9","9","6","9","0","11","3","6","11","17","967","209","81","84","35","38","57","50","47","36","71","49","17","22","3","5","109","43","116","59","73","50","16","17","51","35","35","24","91","39","41","25","27","22","32","23","4","6","5","7","19","19","28","28","0","11","9","18",
"1400000US18097351600","Census Tract 3516, Marion County, Indiana","2340","234","1351","202","104","53","38","21","22","28","38","41","44","36","48","52","0","11","47","35","338","111","165","61","133","67","55","42","58","33","53","37","87","44","5","9","23","18","32","29","18","21","38","31","5","9","0","11","0","11","989","104","117","57","31","25","26","32","0","11","19","22","18","25","0","11","53","36","134","49","90","39","116","53","82","46","63","35","44","31","37","27","20","24","44","35","32","22","0","11","5","7","38","26","6","9","14","21",
"1400000US18097351700","Census Tract 3517, Marion County, Indiana","2352","469","1157","215","48","36","148","68","48","40","14","18","26","40","2","22","0","11","0","11","111","74","114","71","154","84","66","59","110","81","62","50","75","47","45","47","86","62","0","11","45","43","0","11","2","4","0","11","1","4","1195","347","187","124","95","74","26","25","67","51","2","4","12","20","0","11","76","58","153","110","120","66","102","60","45","39","12","15","71","66","19","21","52","49","0","11","42","43","33","45","41","46","9","15","31","28","0","11",
"1400000US18097351900","Census Tract 3519, Marion County, Indiana","2424","277","1203","208","78","55","112","58","107","54","52","42","39","33","0","11","9","15","65","72","105","67","60","40","100","47","74","63","61","41","44","26","96","50","29","20","10","11","11","11","29","21","33","21","43","27","37","20","9","9","1221","129","52","27","62","45","72","51","38","39","17","20","0","11","0","11","0","11","96","59","71","48","87","54","56","44","83","55","163","79","98","51","4","6","35","24","34","27","64","40","82","37","54","25","20","16","33","26",
"1400000US18097352100","Census Tract 3521, Marion County, Indiana","2104","330","1116","213","105","63","132","104","112","60","101","84","14","15","0","11","27","38","12","17","89","66","10","17","90","49","117","56","70","50","71","40","49","33","5","8","12","12","29","25","0","11","15","16","25","25","11","13","20","18","988","179","46","46","52","41","42","30","46","32","30","26","0","11","0","11","42","29","73","64","137","72","77","60","33","27","20","16","78","50","130","59","9","12","51","34","13","15","20","18","37","26","19","18","20","18","13","12",
"1400000US18097352300","Census Tract 3523, Marion County, Indiana","1112","167","508","122","36","34","21","25","45","36","18","21","21","29","23","34","0","11","19","21","32","29","22","22","92","55","0","11","35","41","40","31","5","7","17","14","10","14","25","19","31","28","12","17","4","7","0","11","0","11","604","102","12","21","23","22","24","32","30","26","47","36","4","6","0","11","0","11","14","17","39","28","70","55","38","29","33","33","62","44","65","36","4","6","21","20","18","23","25","19","35","20","19","14","9","13","12","14",
"1400000US18097352400","Census Tract 3524, Marion County, Indiana","3145","468","1676","271","153","104","94","76","68","56","41","41","0","11","90","124","120","124","39","45","118","75","110","88","264","119","83","57","99","55","42","33","121","72","32","28","61","46","9","14","42","30","58","34","22","21","0","11","10","15","1469","302","66","85","106","95","113","97","26","30","34","43","25","38","0","11","61","64","81","50","186","113","77","52","126","77","78","55","107","57","174","65","31","31","49","38","22","20","4","10","39","38","43","28","21","25","0","11",
"1400000US18097352500","Census Tract 3525, Marion County, Indiana","2685","319","1444","256","49","43","55","55","9","13","27","27","4","9","55","55","31","47","46","52","70","54","147","76","72","47","124","54","107","72","171","86","211","90","52","44","49","47","13","15","78","56","63","49","6","9","5","9","0","11","1241","171","122","79","33","38","15","24","9","15","25","20","10","16","49","39","0","11","163","70","118","62","69","52","7","11","115","64","79","55","149","78","66","43","47","39","26","23","42","39","39","27","19","20","8","13","31","36",
"1400000US18097352600","Census Tract 3526, Marion County, Indiana","3436","445","1523","228","149","66","168","74","79","55","55","45","8","13","32","37","0","11","25","31","103","70","64","39","202","88","63","57","120","68","128","51","88","55","58","45","40","35","35","29","0","11","66","40","40","40","0","11","0","11","1913","313","169","102","225","91","251","133","60","46","83","74","0","11","0","11","35","32","107","62","171","82","157","71","70","54","101","53","102","55","82","47","32","29","38","35","10","15","42","32","52","48","38","31","39","36","49","47",
"1400000US18097352700","Census Tract 3527, Marion County, Indiana","2545","393","1275","254","117","78","114","79","55","56","53","44","13","22","18","23","13","22","42","48","197","130","159","63","42","37","20","23","87","57","88","53","42","36","9","13","62","56","19","33","30","41","22","25","22","27","13","20","38","56","1270","211","84","59","114","61","34","31","34","35","21","35","0","11","0","11","101","71","203","101","99","57","98","66","102","50","8","13","29","33","117","65","22","35","107","73","28","44","13","18","17","25","10","16","17","14","12","16",
"1400000US18097352800","Census Tract 3528, Marion County, Indiana","999","194","418","134","24","32","2","7","75","52","33","39","0","11","0","11","0","11","0","11","12","20","0","11","36","22","42","47","64","36","24","22","43","41","7","10","14","16","0","11","11","16","6","9","7","10","5","9","13","16","581","127","0","11","22","31","22","28","41","39","25","31","37","43","3","7","0","11","6","10","12","17","108","57","18","27","33","39","67","37","59","54","0","11","36","36","29","30","6","9","8","12","18","15","9","13","22","17",
"1400000US18097353300","Census Tract 3533, Marion County, Indiana","2404","244","1396","205","9","17","4","22","2","23","20","23","7","12","0","11","31","20","136","70","381","126","254","104","126","60","76","46","71","57","56","41","43","41","60","48","0","11","21","20","21","20","26","21","18","19","10","13","24","29","1008","163","0","11","28","34","24","29","0","11","19","19","9","17","6","9","114","61","241","93","173","93","16","22","51","43","33","30","68","54","67","50","22","22","14","16","5","11","43","32","23","22","12","18","29","31","11","17",
"1400000US18097353500","Census Tract 3535, Marion County, Indiana","2510","329","1187","233","47","49","28","32","1","3","17","25","46","46","79","90","40","43","157","126","277","158","166","97","37","27","73","66","21","25","29","40","13","17","34","26","43","29","0","11","18","28","0","11","0","11","45","42","16","25","1323","306","25","35","7","13","21","18","2","6","35","33","154","125","128","67","253","129","244","117","28","23","51","60","23","30","31","49","104","69","41","29","0","11","8","13","32","32","26","30","29","29","9","15","26","30","46","54",
"1400000US18097353600","Census Tract 3536, Marion County, Indiana","3128","409","1441","207","83","49","57","48","52","41","38","43","189","128","46","36","0","11","164","102","185","73","64","30","91","56","113","60","74","48","56","34","64","40","18","27","68","46","13","13","32","22","12","14","9","12","8","11","5","8","1687","377","80","68","28","31","90","53","37","38","110","84","133","82","180","177","196","130","76","59","62","37","82","43","69","49","63","40","75","48","123","54","43","32","57","40","10","11","9","12","53","31","39","25","12","15","60","33",
"1400000US18097354200","Census Tract 3542, Marion County, Indiana","7503","579","4496","529","83","67","40","47","144","101","25","30","91","52","52","51","31","32","312","117","802","200","828","239","246","122","260","151","180","111","393","153","267","131","219","119","126","103","88","70","112","68","118","79","40","39","39","36","0","16","3007","335","30","50","0","16","60","61","0","16","9","14","13","21","13","22","185","105","850","222","333","124","192","122","95","101","145","113","320","171","275","120","62","51","133","76","39","30","108","88","35","39","110","90","0","16","0","16",
"1400000US18097354400","Census Tract 3544, Marion County, Indiana","1411","120","621","87","5","8","40","24","16","19","0","11","6","9","6","9","0","11","11","16","66","37","96","32","91","33","30","17","24","22","103","45","35","22","26","19","26","33","6","9","5","8","23","20","0","11","6","12","0","11","790","98","47","29","40","33","5","9","0","11","19","20","0","11","4","6","16","18","122","50","120","40","102","44","62","46","59","28","30","20","45","27","0","11","40","36","13","15","13","14","0","11","33","29","0","11","20","17",
"1400000US18097354500","Census Tract 3545, Marion County, Indiana","2276","270","1006","159","40","25","125","53","24","22","27","29","20","16","0","11","0","11","27","20","131","58","73","39","114","47","54","32","51","36","36","25","115","57","11","14","46","28","0","11","42","27","23","14","8","8","39","26","0","11","1270","200","80","39","107","73","98","61","9","13","24","24","0","11","6","8","99","65","149","57","131","59","152","63","101","33","64","34","45","28","60","37","15","23","24","22","28","26","17","12","20","25","15","18","12","10","14","13",
"1400000US18097354700","Census Tract 3547, Marion County, Indiana","1485","267","815","184","14","14","86","61","140","72","39","32","12","16","1","6","0","11","17","17","108","60","77","46","58","35","38","26","37","22","69","44","53","30","30","22","10","14","11","17","0","11","13","17","0","11","2","6","0","11","670","154","52","54","28","18","48","43","38","22","8","11","27","28","6","10","45","42","81","46","85","46","100","48","7","12","58","34","34","26","13","15","12","16","9","13","0","11","4","7","13","13","0","11","2","4","0","11",
"1400000US18097354800","Census Tract 3548, Marion County, Indiana","1499","243","734","182","45","30","85","62","56","41","31","30","15","16","36","43","0","11","30","21","83","57","62","38","43","30","13","19","52","34","31","24","9","10","19","13","60","37","21","23","15","23","0","11","12","18","16","17","0","11","765","140","42","27","107","29","34","25","60","44","6","9","0","11","4","6","14","13","161","78","25","21","69","48","19","16","15","10","52","38","21","22","20","15","46","36","20","22","10","15","14","20","5","9","7","9","14","14",
"1400000US18097354900","Census Tract 3549, Marion County, Indiana","2955","360","1472","241","148","82","52","31","51","45","30","29","41","33","51","42","56","48","103","55","141","65","116","62","130","54","110","55","138","70","86","35","113","72","13","14","36","31","6","8","38","35","13","13","0","11","0","11","0","11","1483","236","130","81","42","45","117","62","64","56","11","17","27","42","9","12","41","33","142","68","116","62","195","80","100","50","89","49","148","70","67","42","53","39","47","39","9","9","13","17","26","23","19","28","7","11","11","12",
"1400000US18097355000","Census Tract 3550, Marion County, Indiana","2234","359","1110","237","167","94","130","53","81","64","81","44","13","20","0","11","0","11","25","24","57","32","93","51","87","44","39","31","81","54","106","53","61","34","12","12","26","18","6","8","15","14","25","28","5","8","0","11","0","11","1124","185","74","50","132","80","87","57","93","47","9","15","26","23","0","11","21","23","129","60","70","37","85","48","61","41","73","39","96","58","27","20","5","7","21","21","33","24","11","12","49","25","8","14","14","21","0","11",
"1400000US18097355100","Census Tract 3551, Marion County, Indiana","1797","294","773","142","21","23","197","89","60","39","26","40","0","11","13","15","12","15","27","23","65","42","38","25","63","38","33","32","38","28","60","38","56","34","6","10","6","9","5","8","11","11","25","17","0","11","0","11","11","11","1024","203","64","49","143","69","52","32","7","10","16","16","0","11","0","11","31","20","80","44","127","50","48","31","60","36","137","59","73","62","67","45","0","11","29","26","14","12","28","17","25","17","9","10","0","11","14","15",
"1400000US18097355300","Census Tract 3553, Marion County, Indiana","2353","326","1060","206","113","82","89","62","40","50","22","30","12","21","0","11","0","11","37","43","75","57","47","35","60","48","117","71","70","45","105","61","84","67","40","46","10","16","36","35","22","24","41","46","25","22","15","24","0","11","1293","217","76","65","93","72","26","29","23","39","0","11","0","11","46","59","92","80","105","72","106","59","123","74","101","57","53","41","148","104","117","68","32","37","17","21","31","29","10","15","54","28","32","26","8","13","0","11",
"1400000US18097355400","Census Tract 3554, Marion County, Indiana","2840","440","1395","280","67","70","110","71","35","51","63","66","1","3","0","11","28","33","34","30","99","62","93","69","151","112","102","67","87","56","162","89","87","64","82","70","92","92","11","17","59","61","0","11","32","39","0","11","0","11","1445","282","78","87","83","53","141","120","149","85","7","8","30","47","12","18","44","43","70","51","185","64","56","39","108","76","180","97","71","38","45","43","45","38","46","35","43","36","14","21","15","23","0","11","9","17","14","23",
"1400000US18097355500","Census Tract 3555, Marion County, Indiana","3726","460","1923","234","209","103","86","72","125","83","15","25","14","24","15","23","15","23","57","45","181","101","202","117","71","49","92","62","282","134","101","64","175","72","26","29","79","57","60","47","56","56","31","28","0","11","20","21","11","19","1803","351","126","71","200","114","63","48","46","58","0","11","21","24","0","11","39","44","138","77","156","93","101","59","79","56","148","112","154","67","192","93","27","26","40","36","69","61","26","24","26","28","34","31","33","27","85","54",
"1400000US18097355600","Census Tract 3556, Marion County, Indiana","1946","262","1046","156","76","44","81","52","108","49","44","37","0","11","18","17","9","13","55","51","17","17","72","45","34","35","52","45","82","42","88","46","91","48","12","13","103","49","9","15","12","13","52","28","0","11","17","16","14","11","900","179","92","89","0","11","35","36","11","11","44","36","7","11","0","11","14","22","81","58","34","24","94","48","52","36","60","36","88","58","93","35","18","16","22","19","14","16","16","18","66","34","20","16","33","22","6","8",
"1400000US18097355700","Census Tract 3557, Marion County, Indiana","2199","315","1101","177","113","75","67","49","98","65","65","48","15","16","16","18","0","11","22","23","75","55","52","45","12","14","93","56","99","46","104","54","56","35","71","41","21","14","12","12","18","15","46","30","6","10","12","12","28","34","1098","198","116","74","71","49","59","47","14","19","6","9","3","5","33","34","37","36","71","46","79","43","39","32","97","53","65","34","117","58","64","45","17","12","58","44","36","27","10","10","33","29","37","30","36","25","0","11",
"1400000US18097355900","Census Tract 3559, Marion County, Indiana","2160","266","1131","178","116","53","48","29","40","28","42","41","0","11","9","13","31","36","67","47","208","67","93","44","49","29","88","41","103","47","58","26","38","35","0","11","29","22","21","15","26","18","39","30","22","16","0","11","4","6","1029","140","55","41","28","28","47","23","30","18","4","6","0","11","5","7","75","44","151","54","147","57","52","33","69","31","40","22","51","27","83","38","46","24","15","14","30","21","5","7","21","13","28","19","17","13","30","24",
"1400000US18097356200","Census Tract 3562, Marion County, Indiana","4041","308","2822","258","54","36","15","15","7","13","60","31","68","44","46","35","57","37","256","84","579","127","478","97","341","97","228","87","190","68","110","48","105","57","60","32","26","26","45","30","53","44","44","33","0","11","0","11","0","11","1219","138","21","18","14","16","7","12","7","10","16","22","0","11","7","14","131","51","376","97","196","73","88","45","104","42","80","44","35","24","23","23","44","27","11","12","12","13","24","16","6","9","0","11","9","14","8","14",
"1400000US18097356400","Census Tract 3564, Marion County, Indiana","3474","503","1919","330","139","81","162","95","177","106","90","88","78","76","34","55","28","35","87","73","92","57","209","105","60","44","129","83","144","82","170","82","108","57","28","35","8","13","15","17","44","47","72","45","15","17","30","42","0","11","1555","282","165","103","39","40","147","81","70","68","59","53","21","24","36","39","48","46","146","89","182","77","116","69","42","37","57","36","120","59","136","70","23","26","42","46","35","31","10","15","19","17","5","9","28","25","9","14",
"1400000US18097356900","Census Tract 3569, Marion County, Indiana","2424","302","1170","206","103","53","105","72","123","53","10","17","27","28","0","11","25","37","30","25","69","44","174","63","93","56","64","42","115","56","15","15","64","36","20","16","33","28","24","16","16","17","45","23","7","9","0","11","8","11","1254","168","160","75","61","41","30","27","47","38","38","34","25","37","12","18","50","35","145","66","136","48","73","42","31","23","81","45","77","37","40","27","32","25","64","34","13","13","25","24","54","38","41","37","10","9","9","10",
"1400000US18097357000","Census Tract 3570, Marion County, Indiana","2353","338","1247","207","114","78","122","66","57","39","22","17","15","11","24","25","16","26","21","23","268","108","109","65","54","33","41","25","61","59","82","49","107","55","14","12","35","31","23","16","21","19","15","13","6","10","20","15","0","11","1106","232","51","39","46","38","36","26","30","30","8","13","7","9","20","22","105","92","182","96","66","40","130","77","82","58","23","22","46","29","107","48","7","11","47","30","23","17","13","13","30","19","18","24","10","10","19","15",
"1400000US18097357100","Census Tract 3571, Marion County, Indiana","2014","309","1011","201","58","37","97","75","28","22","73","54","16","16","4","8","4","6","53","30","204","91","117","47","83","49","63","38","31","31","29","29","31","25","47","47","10","11","3","7","14","14","25","21","4","8","4","6","13","20","1003","167","69","45","72","46","65","40","26","34","16","17","7","11","9","9","33","31","226","83","143","58","28","22","71","49","14","16","51","34","61","37","5","7","18","19","7","10","9","10","27","17","9","10","14","14","23","27",
"1400000US18097357200","Census Tract 3572, Marion County, Indiana","2430","398","1088","163","189","101","114","54","33","31","11","17","14","21","8","15","12","20","13","20","44","37","56","50","85","64","63","43","117","79","118","53","47","32","20","21","42","50","0","11","37","33","19","23","4","8","42","44","0","11","1342","302","71","51","151","74","115","56","105","69","21","23","16","26","0","11","89","70","70","54","118","60","129","63","40","30","32","27","101","91","69","46","40","31","33","26","11","18","16","18","32","37","44","30","19","19","20","21",
"1400000US18097357300","Census Tract 3573, Marion County, Indiana","2298","309","1177","201","201","82","56","45","93","82","51","61","25","33","0","11","18","22","43","45","172","75","65","53","8","16","78","51","25","28","60","40","68","40","29","28","55","42","6","9","37","35","19","16","33","34","35","26","0","11","1121","214","181","95","55","44","52","47","65","51","11","13","0","11","4","9","76","48","91","65","88","51","76","65","107","69","65","46","45","34","63","48","0","11","16","14","6","9","20","17","54","39","18","22","0","11","28","28",
"1400000US18097357400","Census Tract 3574, Marion County, Indiana","4801","537","2171","334","169","113","341","118","233","140","172","127","56","57","0","11","8","15","32","39","62","68","163","99","154","110","34","41","90","67","63","37","298","118","101","57","38","25","5","8","7","12","23","19","20","22","78","48","24","23","2630","344","200","116","150","117","218","125","108","78","30","40","7","12","61","67","72","51","293","102","189","115","102","78","149","84","169","99","169","92","165","74","20","23","37","34","108","84","49","46","52","30","60","36","64","41","158","89",
"1400000US18097357500","Census Tract 3575, Marion County, Indiana","4187","204","1814","141","46","39","164","62","149","53","46","47","60","40","30","33","13","19","44","31","96","46","151","73","102","108","75","52","69","52","212","75","125","62","78","58","86","57","48","30","33","31","59","37","68","42","30","26","30","27","2373","188","206","78","139","74","103","71","92","63","66","41","26","23","40","42","57","44","213","78","121","77","105","56","150","85","78","61","178","71","155","61","68","36","75","60","107","60","67","43","63","34","73","43","61","52","130","63",
"1400000US18097357600","Census Tract 3576, Marion County, Indiana","6586","711","3457","713","345","281","347","266","139","109","46","55","33","49","49","79","0","16","197","121","297","184","234","130","328","170","129","101","182","110","534","186","111","92","12","18","194","106","62","52","16","21","28","31","90","61","68","70","16","26","3129","415","256","120","234","135","189","141","0","16","110","87","0","16","32","54","112","76","327","164","158","108","138","124","171","104","158","91","521","195","188","115","56","52","117","87","94","75","57","45","105","65","35","38","43","34","28","32",
"1400000US18097357800","Census Tract 3578, Marion County, Indiana","1803","220","822","133","46","35","51","52","68","42","34","32","28","31","11","16","0","11","14","13","71","37","83","55","62","31","67","48","47","27","82","34","59","33","27","19","30","22","0","11","15","13","0","11","5","9","16","16","6","9","981","131","41","30","47","28","51","35","32","26","0","11","0","11","13","15","18","19","134","80","96","67","85","43","58","40","33","32","108","51","92","36","30","24","13","15","30","30","22","25","12","14","21","15","20","17","25","22",
"1400000US18097357900","Census Tract 3579, Marion County, Indiana","3511","490","1880","299","146","114","93","59","107","57","118","56","12","19","7","11","39","41","51","38","173","63","146","88","201","92","68","36","92","59","126","53","173","63","10","15","91","47","103","63","11","16","76","62","13","19","0","11","24","31","1631","263","131","129","50","43","73","57","68","48","6","9","0","11","0","11","82","56","70","39","114","86","120","67","101","51","135","52","131","60","104","52","34","22","129","65","33","32","57","40","19","30","21","24","68","54","85","55",
"1400000US18097358000","Census Tract 3580, Marion County, Indiana","1442","251","684","158","7","12","46","46","17","15","14","15","19","16","19","24","18","19","78","41","46","39","72","59","55","33","85","63","58","42","6","9","51","31","0","11","42","33","6","13","2","6","26","22","9","13","6","8","2","5","758","160","57","44","59","41","27","20","6","9","18","17","9","13","10","14","25","30","72","46","38","29","34","38","26","25","45","25","65","30","54","32","20","28","32","22","9","11","22","22","98","54","21","21","4","8","7","8",
"1400000US18097358100","Census Tract 3581, Marion County, Indiana","2934","437","1567","269","157","100","184","75","113","97","77","56","50","58","11","19","0","11","9","15","55","53","97","76","156","82","36","34","126","77","94","60","171","93","25","28","40","42","10","18","30","36","51","41","10","17","11","17","54","56","1367","307","10","17","65","67","131","63","61","54","0","11","12","24","0","11","39","33","169","118","141","81","161","85","62","55","124","98","71","58","125","77","21","23","34","31","38","32","0","11","32","28","30","34","30","28","11","18",
"1400000US18097360101","Census Tract 3601.01, Marion County, Indiana","2402","331","1195","203","98","57","107","63","162","67","40","57","0","11","0","11","0","11","28","32","13","18","95","73","54","42","111","63","30","32","89","68","99","59","41","35","105","55","21","23","8","14","14","14","18","18","17","19","45","64","1207","197","94","67","198","99","99","51","25","31","8","14","0","11","0","11","78","55","65","50","90","62","44","42","51","38","62","45","136","61","33","24","34","39","38","26","42","31","33","25","25","20","9","15","17","17","26","22",
"1400000US18097360102","Census Tract 3601.02, Marion County, Indiana","2200","453","1066","335","63","89","41","51","231","175","129","117","0","11","18","27","19","32","28","38","0","11","67","99","93","72","31","36","85","75","38","36","51","39","7","12","25","29","28","27","8","11","62","40","36","32","0","11","6","9","1134","232","20","32","20","32","39","49","11","17","0","11","0","11","14","20","66","66","61","79","162","131","125","140","35","51","91","123","36","32","93","54","31","29","55","55","7","11","53","35","82","49","51","29","63","80","19","19",
"1400000US18097360201","Census Tract 3602.01, Marion County, Indiana","3827","425","1780","262","75","57","45","46","196","154","126","90","20","34","47","53","49","64","174","111","29","44","208","85","74","58","153","111","68","56","148","91","128","76","7","11","50","47","37","40","25","27","0","11","97","69","13","20","11","18","2047","380","139","107","13","22","143","107","135","133","54","52","12","20","0","11","146","125","152","115","111","81","204","104","182","101","164","101","168","78","63","43","46","43","114","58","43","37","15","22","77","51","13","21","25","34","28","30",
"1400000US18097360202","Census Tract 3602.02, Marion County, Indiana","3247","585","1585","350","192","92","201","119","196","133","32","52","27","32","0","11","0","11","56","55","83","68","23","24","64","70","114","86","133","74","170","63","120","56","0","11","28","30","28","32","19","21","12","19","40","30","17","21","30","28","1662","305","105","108","145","94","43","40","40","36","71","49","10","16","13","21","93","60","212","112","84","84","74","68","128","80","157","79","102","65","92","47","10","18","75","55","27","23","24","33","43","41","72","40","14","21","28","31",
"1400000US18097360301","Census Tract 3603.01, Marion County, Indiana","3471","316","1628","192","94","64","108","62","197","90","70","45","21","31","20","32","0","11","56","37","217","95","134","79","100","71","58","42","167","108","106","47","68","56","60","45","61","46","35","24","5","11","15","17","10","10","16","18","10","12","1843","240","59","49","263","101","91","75","63","46","46","41","33","25","33","39","106","82","123","69","204","79","106","66","185","95","73","50","104","50","63","37","105","61","22","28","29","29","18","24","30","25","15","23","69","48","3","6",
"1400000US18097360302","Census Tract 3603.02, Marion County, Indiana","2509","314","1363","243","87","54","144","84","121","70","78","46","27","31","14","19","33","40","51","56","157","82","85","50","61","38","56","49","114","58","72","51","78","44","31","34","44","28","18","17","24","25","22","19","32","26","5","8","9","11","1146","164","67","52","72","46","45","36","8","12","15","24","23","36","79","68","52","34","150","82","78","42","12","15","123","53","89","47","98","59","67","36","38","41","42","36","25","24","5","8","26","35","11","12","9","10","12","18",
"1400000US18097360401","Census Tract 3604.01, Marion County, Indiana","6175","712","2654","523","91","90","210","164","296","158","57","69","90","89","0","16","62","86","113","97","281","324","177","146","99","116","208","127","141","98","235","141","185","100","19","32","115","101","65","56","97","103","21","36","77","77","0","16","15","23","3521","458","274","181","416","170","197","123","169","101","105","103","0","16","0","16","125","88","267","169","220","134","221","143","409","192","178","109","125","95","240","119","96","75","162","178","25","28","81","69","81","67","42","42","59","49","29","34",
"1400000US18097360402","Census Tract 3604.02, Marion County, Indiana","2194","329","1034","173","40","35","117","56","74","50","36","28","41","45","0","11","34","52","44","43","136","67","55","42","44","39","106","69","31","28","92","49","60","28","11","12","13","16","0","11","32","23","25","25","0","11","43","39","0","11","1160","204","80","55","135","79","102","56","19","20","47","39","0","11","17","25","43","41","108","54","75","43","78","54","67","45","79","49","52","37","124","50","15","22","28","22","26","18","32","25","0","11","14","14","7","11","12","14",
"1400000US18097360404","Census Tract 3604.04, Marion County, Indiana","7070","963","3182","552","230","158","431","235","230","165","188","132","41","65","69","79","52","61","317","168","234","155","162","106","398","194","131","101","72","72","223","153","138","97","92","82","47","47","0","16","55","47","30","34","29","47","13","22","0","16","3888","627","393","221","471","248","360","194","123","107","115","129","33","53","163","112","78","78","369","216","79","83","352","165","332","199","281","180","251","129","173","111","89","73","76","70","28","33","64","51","30","35","13","19","15","22","0","16",
"1400000US18097360405","Census Tract 3604.05, Marion County, Indiana","5852","805","2712","446","295","145","273","160","265","158","105","82","52","55","14","22","13","24","180","117","200","135","298","165","132","94","46","53","54","49","304","132","71","57","2","4","94","58","71","49","55","40","69","47","64","46","0","16","55","44","3140","501","327","233","296","169","74","59","207","135","50","46","32","54","0","16","105","86","225","129","267","143","281","168","137","100","218","116","189","106","144","104","50","45","176","107","20","23","97","53","72","40","89","59","66","49","18","28",
"1400000US18097360501","Census Tract 3605.01, Marion County, Indiana","6264","649","2749","480","44","47","86","53","267","143","178","86","85","79","58","73","50","56","229","144","167","119","225","138","335","131","117","83","155","84","140","84","141","79","95","80","96","78","53","54","60","49","45","35","54","61","18","21","51","38","3515","374","234","136","283","197","349","146","285","193","35","40","79","84","26","42","81","78","222","165","203","121","135","93","197","118","238","110","289","123","324","130","48","55","76","51","61","46","101","61","46","41","108","121","44","50","51","50",
"1400000US18097360502","Census Tract 3605.02, Marion County, Indiana","6255","635","2895","464","261","147","258","108","172","188","147","163","135","96","48","74","0","16","56","53","196","221","173","155","236","175","84","95","194","199","209","114","227","101","78","81","78","60","81","57","16","26","113","85","50","46","35","39","48","38","3360","507","165","97","123","101","70","75","115","102","0","16","195","181","0","16","187","136","351","239","157","112","333","181","121","139","316","238","242","155","266","130","95","61","73","64","44","41","152","104","177","146","83","56","64","55","31","34",
"1400000US18097360601","Census Tract 3606.01, Marion County, Indiana","4848","398","2564","248","227","140","94","60","140","72","88","65","68","55","0","11","39","38","44","34","188","105","120","92","166","74","266","67","149","65","202","124","175","77","127","64","49","40","69","38","47","31","69","38","50","33","116","63","71","44","2284","298","7","11","227","144","100","49","41","42","32","29","53","43","0","11","13","21","132","78","96","83","211","91","110","51","129","58","180","58","258","78","58","39","95","49","68","54","38","35","68","41","184","90","94","54","90","48",
"1400000US18097360602","Census Tract 3606.02, Marion County, Indiana","5784","598","2316","408","68","98","93","113","263","151","41","62","4","14","43","66","0","16","106","78","135","111","219","180","151","112","35","45","301","194","200","131","120","81","149","102","77","46","61","77","66","55","33","35","114","100","8","9","29","25","3468","396","227","182","215","139","179","114","163","124","82","76","82","92","0","16","29","33","154","119","258","152","84","88","30","39","204","144","438","209","169","87","143","103","126","103","17","30","85","94","331","141","130","102","103","63","219","159",
"1400000US18097360700","Census Tract 3607, Marion County, Indiana","1872","172","867","114","39","26","48","35","52","32","31","27","7","8","5","8","9","14","0","11","54","33","57","34","65","36","86","42","78","37","45","30","72","34","48","38","43","22","14","14","38","29","33","21","17","16","0","11","26","18","1005","109","42","40","32","31","23","25","44","25","13","14","8","11","13","16","12","14","83","42","115","31","78","33","38","25","23","20","68","26","119","56","48","26","72","44","61","48","20","13","26","17","21","20","18","13","28","22",
"1400000US18097360800","Census Tract 3608, Marion County, Indiana","2371","339","1018","214","31","32","45","39","107","66","23","26","44","43","11","12","6","9","26","37","39","32","66","64","30","30","43","39","44","28","78","44","30","25","90","56","140","83","17","16","42","32","18","16","15","13","36","25","37","21","1353","210","30","29","11","18","58","44","65","62","6","9","67","57","6","9","26","27","82","57","30","31","64","74","48","37","42","34","183","68","127","56","33","23","56","36","16","14","58","32","79","48","46","26","47","35","173","60",
"1400000US18097360900","Census Tract 3609, Marion County, Indiana","5187","856","2585","506","98","122","85","80","91","74","190","136","6","11","8","35","148","164","64","74","82","122","166","116","200","114","149","96","148","120","331","154","292","161","16","24","172","181","69","80","68","57","80","54","34","50","44","34","44","50","2602","531","103","122","174","226","127","124","10","18","104","117","0","16","85","134","21","34","66","101","186","125","160","125","249","130","185","132","244","152","158","95","85","87","63","54","11","16","42","34","32","40","158","103","182","100","157","104",
"1400000US18097361000","Census Tract 3610, Marion County, Indiana","2249","215","1074","154","88","40","37","34","45","30","13","12","0","11","0","11","7","11","32","25","79","41","111","49","144","84","68","30","70","35","63","25","85","36","48","37","34","24","24","21","52","24","17","13","6","9","15","16","36","36","1175","143","152","60","74","31","59","28","19","16","4","6","0","11","8","11","15","17","118","51","122","46","53","23","44","21","78","32","93","46","94","35","41","21","31","22","24","19","24","17","46","27","7","10","37","32","32","33",
"1400000US18097361100","Census Tract 3611, Marion County, Indiana","3446","248","1810","173","172","75","29","21","151","65","98","92","22","23","11","18","0","11","47","30","144","85","246","82","72","57","163","79","165","94","104","59","122","64","82","58","63","39","26","38","9","15","55","36","17","21","0","11","12","18","1636","165","189","78","186","62","72","53","9","13","8","13","5","8","0","11","21","25","190","69","210","72","121","64","85","50","113","58","89","36","108","53","36","29","63","38","21","22","45","33","58","43","7","12","0","11","0","11",
"1400000US18097361200","Census Tract 3612, Marion County, Indiana","3363","467","1827","338","270","142","76","70","102","79","74","66","31","32","0","11","12","20","95","87","169","84","128","61","98","75","207","146","127","75","52","50","122","75","19","22","63","51","0","11","37","34","85","52","50","49","10","16","0","11","1536","276","58","72","98","62","110","90","12","16","37","39","39","42","5","12","111","115","98","59","82","53","126","83","74","55","76","67","122","97","97","50","40","58","87","64","10","17","75","62","55","62","22","23","10","16","92","66",
"1400000US18097361300","Census Tract 3613, Marion County, Indiana","2552","384","1274","297","141","90","88","66","88","74","60","66","36","33","0","11","5","9","42","35","135","81","74","42","21","20","32","28","73","66","98","53","115","84","30","33","21","24","69","63","58","56","55","41","33","31","0","11","0","11","1278","193","40","44","28","22","84","52","17","19","13","15","12","14","0","11","32","40","164","94","50","37","98","55","92","69","61","39","169","83","102","48","12","19","24","24","37","31","87","62","110","65","35","29","0","11","11","18",
"1400000US18097361400","Census Tract 3614, Marion County, Indiana","11534","874","5823","591","434","257","322","169","506","208","329","273","218","136","142","139","35","55","128","125","417","206","271","151","444","191","559","210","371","208","443","190","310","114","78","64","232","137","115","94","175","105","91","77","132","108","56","65","15","25","5711","657","238","160","361","211","667","314","138","131","46","58","0","18","35","63","171","107","422","155","524","212","503","264","440","185","388","177","286","135","349","172","203","133","140","126","133","93","100","84","109","81","167","146","132","108","159","110",
"1400000US18097361600","Census Tract 3616, Marion County, Indiana","9368","564","4649","432","267","135","412","188","277","201","224","95","206","103","158","126","108","94","183","87","127","86","199","101","310","139","351","177","245","89","309","109","313","109","67","46","204","123","141","73","157","96","88","64","88","85","180","119","35","41","4719","434","300","137","282","125","226","153","119","86","70","49","61","61","101","143","208","101","100","88","328","187","463","146","266","126","308","95","425","165","414","151","99","67","185","92","51","53","214","132","127","81","164","87","136","90","72","68",
"1400000US18097370201","Census Tract 3702.01, Marion County, Indiana","4472","449","2253","259","187","99","146","74","164","140","78","51","29","30","29","34","16","18","91","59","208","85","256","115","206","102","81","63","95","53","105","56","106","52","42","44","102","49","33","31","100","55","61","37","60","42","43","42","15","18","2219","260","139","93","199","146","140","82","66","56","44","43","11","14","48","54","182","69","95","48","252","104","101","67","122","68","68","63","169","68","140","83","75","45","98","52","17","21","43","32","61","34","62","33","55","45","32","25",
"1400000US18097370202","Census Tract 3702.02, Marion County, Indiana","6174","712","2604","446","195","135","38","44","157","126","83","65","159","126","35","41","149","145","29","38","307","202","111","80","239","120","216","162","172","70","224","107","87","80","0","16","78","57","92","69","101","83","83","70","16","26","0","16","33","40","3570","503","201","133","427","228","156","113","185","115","64","49","0","16","0","16","113","70","282","126","340","147","139","81","246","110","168","84","314","190","184","111","106","66","94","61","117","85","93","71","135","89","97","95","48","47","61","50",
"1400000US18097370301","Census Tract 3703.01, Marion County, Indiana","10729","453","5487","433","486","237","626","215","317","130","263","144","129","105","150","158","73","86","139","153","414","130","460","182","249","97","406","138","459","161","261","108","343","137","57","53","115","76","86","87","98","74","89","60","41","46","160","85","66","70","5242","317","260","111","464","225","609","229","280","149","37","35","0","18","54","58","326","172","375","155","409","159","364","130","457","170","358","135","395","157","163","100","88","67","146","103","30","36","21","33","131","79","117","72","101","72","57","63",
"1400000US18097370302","Census Tract 3703.02, Marion County, Indiana","8714","569","4690","384","210","171","216","111","632","239","284","147","127","99","67","64","113","81","173","86","439","187","256","131","219","108","334","147","380","174","324","163","262","122","120","112","197","85","94","66","71","47","92","58","25","31","17","28","38","37","4024","403","224","113","295","120","404","138","247","114","32","35","26","40","14","23","80","90","234","104","540","144","248","143","254","111","190","112","293","115","323","139","59","52","132","77","123","74","108","61","103","67","58","61","0","16","37","45",
"1400000US18097380100","Census Tract 3801, Marion County, Indiana","19869","971","9222","745","445","263","1211","344","839","373","499","216","146","126","131","148","0","18","159","127","782","379","489","259","599","270","1052","386","914","290","471","249","199","151","178","155","455","296","133","97","98","110","281","190","141","126","0","18","0","18","10647","853","908","437","676","360","848","377","810","342","187","159","77","89","208","183","435","381","907","445","1138","408","538","409","670","253","542","277","417","205","660","325","230","183","305","184","194","152","336","240","171","152","253","152","91","112","46","72",
"1400000US18097380200","Census Tract 3802, Marion County, Indiana","3098","377","1349","229","49","45","126","67","28","30","14","16","5","13","13","19","26","30","41","32","98","74","86","50","138","91","82","55","120","55","125","71","79","54","64","44","47","41","26","21","20","19","60","49","64","48","24","19","14","15","1749","281","144","76","126","83","111","58","0","11","63","42","29","33","30","25","18","15","11","13","56","46","220","126","135","85","102","74","106","58","113","70","51","43","81","48","45","38","44","35","60","42","59","47","7","10","138","61",
"1400000US18097380300","Census Tract 3803, Marion County, Indiana","4875","538","2418","280","97","61","197","107","128","76","59","43","283","109","141","65","94","71","168","108","33","26","207","113","66","42","141","77","154","80","157","66","83","72","83","54","141","81","14","17","71","45","25","22","12","14","42","29","22","32","2457","423","96","97","55","51","120","87","46","41","329","85","234","119","164","66","243","231","245","103","48","37","43","27","157","85","153","70","93","54","28","23","51","50","75","55","19","30","65","59","49","34","61","35","29","21","54","42",
"1400000US18097380402","Census Tract 3804.02, Marion County, Indiana","4983","341","2268","212","194","101","168","89","131","66","149","117","62","48","43","52","114","73","113","65","213","83","196","87","175","81","130","71","142","78","74","54","97","55","44","27","36","28","52","41","23","18","53","29","16","15","33","23","10","13","2715","268","151","99","241","81","195","81","53","46","84","57","18","20","38","40","127","104","410","130","125","68","219","86","188","97","148","107","181","72","99","57","32","25","60","33","34","23","30","23","188","82","56","43","33","23","5","8",
"1400000US18097380403","Census Tract 3804.03, Marion County, Indiana","4139","350","1963","193","138","73","101","47","89","47","113","58","34","29","0","11","6","11","45","36","134","94","190","97","135","56","72","48","131","63","154","86","221","93","100","62","77","49","42","30","18","20","40","29","32","29","14","18","77","49","2176","299","213","140","85","50","91","55","76","38","40","38","0","11","12","20","130","77","162","95","111","56","162","96","214","85","189","131","104","51","110","52","75","57","54","35","25","25","45","45","109","110","82","34","61","40","26","21",
"1400000US18097380404","Census Tract 3804.04, Marion County, Indiana","3835","358","1619","217","72","55","80","53","163","63","118","70","31","29","32","32","0","11","24","37","101","53","116","73","52","53","67","34","132","90","136","72","118","65","52","42","102","43","24","21","64","38","47","34","30","29","11","16","47","38","2216","260","120","91","98","67","186","87","118","52","20","17","12","22","48","49","27","24","123","67","175","77","90","49","143","81","109","48","111","57","194","73","48","31","100","43","32","37","93","48","98","44","68","41","67","38","136","66",
"1400000US18097380501","Census Tract 3805.01, Marion County, Indiana","2449","309","1302","243","145","99","89","50","81","42","38","33","33","41","0","11","0","11","36","43","126","96","132","96","112","62","51","40","49","40","134","54","75","51","21","24","57","57","30","34","7","9","44","32","18","14","5","9","19","23","1147","190","90","79","76","69","24","26","13","20","37","36","0","11","0","11","46","42","144","97","79","51","40","39","70","45","54","41","122","72","121","63","0","11","40","39","19","20","34","26","34","28","33","21","31","28","40","34",
"1400000US18097380502","Census Tract 3805.02, Marion County, Indiana","3762","500","1824","332","224","125","76","51","61","41","54","54","95","81","74","84","132","107","59","47","239","113","79","55","90","59","84","53","105","70","88","55","176","66","62","53","29","23","19","29","7","11","36","41","21","21","0","11","14","20","1938","307","105","73","130","79","46","41","34","35","287","124","7","12","78","57","218","128","164","75","55","42","110","51","31","23","117","60","89","56","83","48","68","46","59","31","45","32","74","53","46","26","57","49","16","19","19","18",
"1400000US18097380600","Census Tract 3806, Marion County, Indiana","5492","622","2721","394","268","172","174","108","192","153","95","81","89","71","48","72","0","16","96","95","392","270","186","125","120","79","139","105","176","89","246","163","196","105","14","24","58","57","96","83","0","16","102","92","19","31","0","16","15","24","2771","429","340","148","75","52","197","107","104","99","57","52","20","32","40","63","41","54","270","179","167","95","191","116","130","86","82","85","296","142","103","74","55","62","94","66","96","112","130","69","116","111","32","40","39","43","96","104",
"1400000US18097380700","Census Tract 3807, Marion County, Indiana","5854","794","3018","567","181","169","502","328","137","137","27","31","39","37","24","41","80","87","316","179","303","154","227","153","263","161","64","59","234","144","71","59","144","58","34","34","107","59","89","60","41","37","69","43","45","40","21","27","0","16","2836","412","314","195","101","131","66","65","60","69","63","55","17","40","116","113","153","107","406","191","161","128","96","81","236","148","78","70","122","71","218","112","99","63","140","89","26","30","77","52","96","82","78","67","57","63","56","49",
"1400000US18097380800","Census Tract 3808, Marion County, Indiana","2833","237","1299","163","52","39","39","28","102","49","53","32","17","25","19","28","0","11","28","27","76","43","92","67","155","77","34","32","44","38","66","39","153","69","40","30","115","68","83","59","10","15","46","31","33","30","42","36","0","11","1534","240","98","67","108","53","68","54","41","34","27","28","8","12","57","53","52","44","174","69","64","32","93","63","38","36","11","17","131","100","260","91","46","31","55","47","22","25","50","34","53","51","52","37","0","11","26","28",
"1400000US18097380901","Census Tract 3809.01, Marion County, Indiana","4808","287","2409","242","120","75","82","65","294","101","134","77","137","76","2","5","0","11","20","20","63","58","88","44","138","82","272","92","185","82","221","56","169","57","54","48","39","28","41","34","93","47","95","41","85","46","24","23","53","44","2399","201","90","66","116","67","92","50","107","58","30","31","13","20","78","60","51","48","101","65","76","50","153","70","181","92","182","68","278","64","170","63","22","21","83","47","26","24","126","54","205","49","66","37","39","29","114","65",
"1400000US18097380902","Census Tract 3809.02, Marion County, Indiana","5715","437","2904","290","218","108","115","70","152","120","54","61","45","47","22","37","85","102","87","90","183","115","305","101","93","79","164","87","276","135","267","129","184","92","36","42","97","59","112","70","148","72","107","55","62","46","29","34","63","59","2811","331","128","95","149","97","235","137","40","38","109","100","39","45","0","16","98","78","202","113","244","126","160","84","121","98","243","96","205","89","213","108","69","48","113","64","85","52","82","56","60","40","60","49","82","60","74","61",
"1400000US18097381001","Census Tract 3810.01, Marion County, Indiana","7139","773","3569","446","381","220","349","164","178","147","148","84","42","30","4","6","19","22","153","116","249","127","504","168","350","163","366","159","211","123","97","69","108","48","35","35","85","52","33","22","42","26","102","46","71","48","35","26","7","7","3570","482","371","176","107","59","254","134","41","39","103","79","95","116","86","70","191","102","224","107","395","175","314","148","178","88","101","58","213","98","86","45","127","147","74","45","22","16","88","57","220","70","53","33","92","53","135","63",
"1400000US18097381002","Census Tract 3810.02, Marion County, Indiana","3184","263","1593","173","111","66","170","40","53","34","71","42","57","35","24","30","78","74","45","42","91","43","153","64","52","31","40","23","78","39","144","68","107","63","70","43","21","19","31","24","34","21","43","23","56","26","42","29","22","19","1591","138","111","51","76","46","90","52","68","39","50","35","62","66","11","16","57","37","73","49","99","40","120","48","62","34","109","64","158","66","93","33","43","31","65","30","32","21","38","23","50","23","70","36","30","22","24","20",
"1400000US18097381101","Census Tract 3811.01, Marion County, Indiana","5883","325","3090","305","428","210","378","200","217","108","93","95","16","27","66","66","33","35","109","80","106","64","68","51","150","90","158","90","209","119","127","73","246","99","63","50","116","72","78","54","140","109","36","40","56","57","111","56","86","50","2793","233","185","118","141","90","92","67","69","64","20","33","0","16","39","45","92","72","278","125","217","116","216","140","149","94","168","83","141","65","242","110","92","57","78","53","150","91","71","54","99","72","95","58","90","42","69","57",
"1400000US18097381102","Census Tract 3811.02, Marion County, Indiana","5808","646","3002","437","289","166","320","152","77","68","27","33","27","30","18","30","0","16","166","114","109","87","267","117","180","105","94","69","199","97","240","128","180","114","130","106","175","114","53","57","44","39","150","83","92","64","69","52","96","85","2806","341","59","64","49","56","143","94","67","51","48","48","55","86","34","41","74","90","289","187","269","143","315","149","58","59","182","98","276","145","315","134","83","59","105","82","59","45","27","28","146","122","24","27","76","50","53","45",
"1400000US18097381201","Census Tract 3812.01, Marion County, Indiana","7119","518","3558","292","174","100","165","86","247","124","181","103","107","79","0","16","61","75","162","95","289","147","253","149","150","92","256","99","144","77","246","96","340","133","119","83","90","61","79","53","91","62","88","56","144","72","73","43","99","50","3561","355","182","97","144","72","328","160","118","93","17","26","41","51","55","57","170","101","224","127","216","116","153","80","241","90","151","91","216","91","295","113","97","57","109","60","60","49","183","76","102","66","288","94","156","76","15","24",
"1400000US18097381203","Census Tract 3812.03, Marion County, Indiana","3199","365","1518","231","194","104","92","61","90","49","30","41","28","27","28","34","12","18","105","89","222","106","253","82","143","81","32","32","58","49","65","39","15","17","23","20","35","26","27","25","0","11","18","16","8","10","0","11","40","48","1681","277","170","119","275","123","102","64","74","83","0","11","12","21","0","11","68","43","219","77","241","93","108","61","63","66","77","39","26","26","68","62","31","28","9","14","7","12","65","52","47","33","0","11","9","14","10","11",
"1400000US18097381204","Census Tract 3812.04, Marion County, Indiana","3141","362","1437","183","80","56","49","48","15","17","24","24","10","14","7","11","6","15","29","29","127","76","240","104","98","55","125","71","32","26","112","87","73","56","52","48","26","26","58","43","26","30","85","53","88","57","36","43","39","32","1704","270","166","107","53","39","40","36","29","29","0","11","12","17","10","15","20","21","177","107","107","58","65","50","34","27","29","26","74","57","82","44","16","18","39","29","21","22","102","49","161","61","149","71","104","63","214","84",
"1400000US18097381205","Census Tract 3812.05, Marion County, Indiana","6723","512","3166","403","548","263","208","105","182","114","151","105","24","33","18","30","75","72","21","25","435","159","281","137","269","128","102","88","209","91","173","106","176","94","0","16","52","55","66","80","31","35","92","75","38","42","15","24","0","16","3557","349","185","136","553","233","240","148","123","75","37","46","54","55","13","22","41","40","376","169","259","113","363","143","161","116","292","148","164","91","169","94","45","38","131","88","126","96","62","59","64","49","0","16","83","65","16","27",
"1400000US18097390101","Census Tract 3901.01, Marion County, Indiana","8892","549","4319","420","468","162","457","130","337","140","231","107","85","64","59","64","22","37","114","72","337","112","271","131","358","134","243","114","87","57","333","112","266","101","120","70","132","68","94","81","33","39","85","51","36","33","79","50","72","92","4573","334","338","132","521","198","321","132","198","106","111","61","25","39","85","91","104","82","237","114","294","123","492","153","304","131","218","79","288","109","242","91","130","84","118","77","122","76","46","38","120","67","62","48","80","58","117","71",
"1400000US18097390102","Census Tract 3901.02, Marion County, Indiana","6010","516","3191","353","311","194","713","367","312","119","133","83","114","93","111","129","0","16","153","127","63","52","169","122","167","98","111","91","99","61","99","80","101","74","65","65","175","81","80","82","57","51","108","78","20","34","0","16","30","44","2819","331","196","134","91","86","414","145","126","110","43","46","77","71","0","16","42","50","120","86","305","135","268","113","136","78","113","73","200","138","99","61","142","90","130","77","93","60","74","57","40","45","61","59","38","54","11","18",
"1400000US18097390200","Census Tract 3902, Marion County, Indiana","4007","434","2050","258","241","78","247","110","141","79","131","71","23","25","48","51","24","27","59","44","113","71","110","75","169","73","189","78","112","47","53","34","115","49","34","34","46","30","48","35","29","27","91","56","7","12","0","11","20","20","1957","236","180","87","95","49","190","87","48","39","46","29","19","23","8","15","54","36","135","70","168","75","222","85","177","97","122","48","65","38","153","56","29","23","56","42","45","40","41","32","39","32","11","17","17","21","37","25",
"1400000US18097390300","Census Tract 3903, Marion County, Indiana","5827","355","2991","254","185","125","220","123","379","143","119","72","130","85","0","16","0","16","109","75","204","115","135","76","232","121","199","77","195","81","179","83","150","71","108","69","83","52","80","51","58","49","113","50","91","44","13","20","9","14","2836","248","98","71","219","113","212","99","170","87","26","26","13","20","53","52","36","51","291","150","170","83","164","73","271","125","131","69","215","80","209","83","152","68","37","29","43","30","115","55","69","47","71","53","33","28","38","44",
"1400000US18097390402","Census Tract 3904.02, Marion County, Indiana","12028","485","5941","455","588","242","417","194","365","201","249","165","208","155","84","99","33","51","234","156","433","166","383","184","591","195","446","209","561","198","391","154","199","118","282","156","79","72","0","18","177","117","122","73","38","44","33","43","28","46","6087","494","727","295","484","278","481","188","212","183","63","76","53","80","58","91","132","123","484","176","502","244","556","201","266","186","375","168","403","178","441","150","180","169","229","123","108","73","208","128","16","26","78","57","16","26","15","26",
"1400000US18097390403","Census Tract 3904.03, Marion County, Indiana","10756","533","5376","382","659","204","591","171","495","153","187","89","188","111","58","74","133","108","45","54","269","98","240","101","416","122","361","115","412","124","433","116","234","95","125","94","83","71","84","52","103","54","136","72","69","50","29","33","26","30","5380","349","386","145","482","130","506","156","299","128","96","58","122","108","16","24","142","71","271","107","387","114","379","121","486","137","413","118","297","81","347","120","40","36","118","71","115","66","34","33","140","78","149","71","62","51","93","70",
"1400000US18097390404","Census Tract 3904.04, Marion County, Indiana","5685","413","2553","321","110","106","276","174","171","128","26","40","14","21","21","34","0","16","48","47","171","116","280","130","208","110","356","144","222","96","110","84","116","84","23","32","78","77","39","36","79","47","133","68","48","44","24","28","0","16","3132","356","135","106","336","150","152","99","125","106","91","100","53","52","74","99","156","98","85","64","333","115","149","133","109","70","150","90","178","98","292","150","77","55","50","40","103","78","153","69","149","72","36","35","91","63","55","70",
"1400000US18097390405","Census Tract 3904.05, Marion County, Indiana","4208","386","1950","272","180","137","176","75","54","46","30","33","25","29","11","17","29","39","172","109","181","91","216","78","224","81","45","40","57","57","64","42","96","42","36","32","51","46","57","37","29","26","26","21","88","62","25","29","78","44","2258","227","172","82","105","74","130","82","35","35","38","33","10","16","0","11","167","92","225","93","279","106","167","100","169","66","71","48","132","72","96","52","64","55","34","31","63","40","32","34","76","48","103","57","42","37","48","38",
"1400000US18097390500","Census Tract 3905, Marion County, Indiana","2098","324","916","191","83","56","90","47","17","17","0","11","27","38","2","7","8","12","6","9","118","62","101","98","86","80","45","43","73","45","47","29","38","30","37","28","40","26","22","23","12","13","16","16","9","10","25","22","14","15","1182","212","87","54","61","44","47","48","51","40","9","10","23","32","8","11","19","29","129","72","56","69","42","32","38","37","88","49","124","73","102","43","0","11","74","32","18","16","16","23","73","43","35","19","53","29","29","21",
"1400000US18097390600","Census Tract 3906, Marion County, Indiana","5798","653","2643","469","218","120","368","224","177","165","60","46","78","74","0","16","35","40","129","99","552","257","213","110","196","102","65","51","75","59","25","29","74","47","139","133","26","29","27","30","96","68","37","41","26","40","14","23","13","20","3155","342","202","139","277","211","72","72","170","145","3","6","21","31","42","54","70","57","394","132","312","158","133","88","114","91","166","128","149","98","176","84","94","94","182","87","15","23","116","59","133","78","117","76","103","76","94","51",
"1400000US18097390700","Census Tract 3907, Marion County, Indiana","3067","459","1534","284","0","11","92","70","325","120","78","74","55","53","33","58","29","48","11","31","218","148","83","74","116","96","100","62","101","62","105","66","93","64","24","24","33","24","11","18","22","23","0","11","3","6","2","6","0","11","1533","269","15","22","190","87","196","118","80","70","59","74","47","51","18","30","26","29","88","78","173","120","82","59","156","91","76","62","118","89","128","70","11","18","18","20","4","9","42","40","0","11","0","11","6","11","0","11",
"1400000US18097390800","Census Tract 3908, Marion County, Indiana","3992","360","2141","281","161","94","179","89","196","84","108","56","22","31","29","36","0","11","185","109","135","79","187","141","176","126","152","67","32","28","166","97","162","91","0","11","53","36","33","27","26","26","77","42","43","28","19","21","0","11","1851","257","51","40","208","71","118","77","55","45","0","11","8","14","125","100","150","103","120","72","155","68","99","55","152","77","136","89","58","40","88","61","48","37","89","54","9","14","36","26","89","49","25","18","32","29","0","11",
"1400000US18097390900","Census Tract 3909, Marion County, Indiana","2779","311","1386","226","242","89","38","39","51","58","0","11","18","26","22","35","23","32","23","27","232","114","118","55","146","52","65","49","38","29","56","37","102","60","63","36","10","16","10","16","28","22","80","60","0","11","11","16","10","16","1393","201","110","75","52","74","0","11","0","11","8","13","0","11","14","22","154","99","222","87","133","54","163","121","72","36","62","39","186","66","88","44","21","22","27","28","10","15","44","50","0","11","17","26","10","15","0","11",
"1400000US18097391000","Census Tract 3910, Marion County, Indiana","5981","533","3205","543","23","39","0","16","0","16","65","68","205","105","82","109","83","87","561","313","820","327","629","204","183","89","104","92","86","59","50","36","170","105","32","46","32","37","30","38","5","12","17","23","0","16","28","32","0","16","2776","424","8","22","0","16","0","16","21","30","298","112","120","87","50","76","537","209","824","268","443","180","38","39","69","64","64","63","59","58","67","45","19","30","62","60","16","27","8","15","51","84","6","11","16","27","0","16",
