"GEO_ID","NAME","B01001_001E","B01001_001M","B01001_002E","B01001_002M","B01001_003E","B01001_003M","B01001_004E","B01001_004M","B01001_005E","B01001_005M","B01001_006E","B01001_006M","B01001_007E","B01001_007M","B01001_008E","B01001_008M","B01001_009E","B01001_009M","B01001_010E","B01001_010M","B01001_011E","B01001_011M","B01001_012E","B01001_012M","B01001_013E","B01001_013M","B01001_014E","B01001_014M","B01001_015E","B01001_015M","B01001_016E","B01001_016M","B01001_017E","B01001_017M","B01001_018E","B01001_018M","B01001_019E","B01001_019M","B01001_020E","B01001_020M","B01001_021E","B01001_021M","B01001_022E","B01001_022M","B01001_023E","B01001_023M","B01001_024E","B01001_024M","B01001_025E","B01001_025M","B01001_026E","B01001_026M","B01001_027E","B01001_027M","B01001_028E","B01001_028M","B01001_029E","B01001_029M","B01001_030E","B01001_030M","B01001_031E","B01001_031M","B01001_032E","B01001_032M","B01001_033E","B01001_033M","B01001_034E","B01001_034M","B01001_035E","B01001_035M","B01001_036E","B01001_036M","B01001_037E","B01001_037M","B01001_038E","B01001_038M","B01001_039E","B01001_039M","B01001_040E","B01001_040M","B01001_041E","B01001_041M","B01001_042E","B01001_042M","B01001_043E","B01001_043M","B01001_044E","B01001_044M","B01001_045E","B01001_045M","B01001_046E","B01001_046M","B01001_047E","B01001_047M","B01001_048E","B01001_048M","B01001_049E","B01001_049M",
"Geography","Geographic Area Name","Estimate!!Total:","Margin of Error!!Total:","Estimate!!Total:!!Male:","Margin of Error!!Total:!!Male:","Estimate!!Total:!!Male:!!Under 5 years","Margin of Error!!Total:!!Male:!!Under 5 years","Estimate!!Total:!!Male:!!5 to 9 years","Margin of Error!!Total:!!Male:!!5 to 9 years","Estimate!!Total:!!Male:!!10 to 14 years","Margin of Error!!Total:!!Male:!!10 to 14 years","Estimate!!Total:!!Male:!!15 to 17 years","Margin of Error!!Total:!!Male:!!15 to 17 years","Estimate!!Total:!!Male:!!18 and 19 years","Margin of Error!!Total:!!Male:!!18 and 19 years","Estimate!!Total:!!Male:!!20 years","Margin of Error!!Total:!!Male:!!20 years","Estimate!!Total:!!Male:!!21 years","Margin of Error!!Total:!!Male:!!21 years","Estimate!!Total:!!Male:!!22 to 24 years","Margin of Error!!Total:!!Male:!!22 to 24 years","Estimate!!Total:!!Male:!!25 to 29 years","Margin of Error!!Total:!!Male:!!25 to 29 years","Estimate!!Total:!!Male:!!30 to 34 years","Margin of Error!!Total:!!Male:!!30 to 34 years","Estimate!!Total:!!Male:!!35 to 39 years","Margin of Error!!Total:!!Male:!!35 to 39 years","Estimate!!Total:!!Male:!!40 to 44 years","Margin of Error!!Total:!!Male:!!40 to 44 years","Estimate!!Total:!!Male:!!45 to 49 years","Margin of Error!!Total:!!Male:!!45 to 49 years","Estimate!!Total:!!Male:!!50 to 54 years","Margin of Error!!Total:!!Male:!!50 to 54 years","Estimate!!Total:!!Male:!!55 to 59 years","Margin of Error!!Total:!!Male:!!55 to 59 years","Estimate!!Total:!!Male:!!60 and 61 years","Margin of Error!!Total:!!Male:!!60 and 61 years","Estimate!!Total:!!Male:!!62 to 64 years","Margin of Error!!Total:!!Male:!!62 to 64 years","Estimate!!Total:!!Male:!!65 and 66 years","Margin of Error!!Total:!!Male:!!65 and 66 years","Estimate!!Total:!!Male:!!67 to 69 years","Margin of Error!!Total:!!Male:!!67 to 69 years","Estimate!!Total:!!Male:!!70 to 74 years","Margin of Error!!Total:!!Male:!!70 to 74 years","Estimate!!Total:!!Male:!!75 to 79 years","Margin of Error!!Total:!!Male:!!75 to 79 years","Estimate!!Total:!!Male:!!80 to 84 years","Margin of Error!!Total:!!Male:!!80 to 84 years","Estimate!!Total:!!Male:!!85 years and over","Margin of Error!!Total:!!Male:!!85 years and over","Estimate!!Total:!!Female:","Margin of Error!!Total:!!Female:","Estimate!!Total:!!Female:!!Under 5 years","Margin of Error!!Total:!!Female:!!Under 5 years","Estimate!!Total:!!Female:!!5 to 9 years","Margin of Error!!Total:!!Female:!!5 to 9 years","Estimate!!Total:!!Female:!!10 to 14 years","Margin of Error!!Total:!!Female:!!10 to 14 years","Estimate!!Total:!!Female:!!15 to 17 years","Margin of Error!!Total:!!Female:!!15 to 17 years","Estimate!!Total:!!Female:!!18 and 19 years","Margin of Error!!Total:!!Female:!!18 and 19 years","Estimate!!Total:!!Female:!!20 years","Margin of Error!!Total:!!Female:!!20 years","Estimate!!Total:!!Female:!!21 years","Margin of Error!!Total:!!Female:!!21 years","Estimate!!Total:!!Female:!!22 to 24 years","Margin of Error!!Total:!!Female:!!22 to 24 years","Estimate!!Total:!!Female:!!25 to 29 years","Margin of Error!!Total:!!Female:!!25 to 29 years","Estimate!!Total:!!Female:!!30 to 34 years","Margin of Error!!Total:!!Female:!!30 to 34 years","Estimate!!Total:!!Female:!!35 to 39 years","Margin of Error!!Total:!!Female:!!35 to 39 years","Estimate!!Total:!!Female:!!40 to 44 years","Margin of Error!!Total:!!Female:!!40 to 44 years","Estimate!!Total:!!Female:!!45 to 49 years","Margin of Error!!Total:!!Female:!!45 to 49 years","Estimate!!Total:!!Female:!!50 to 54 years","Margin of Error!!Total:!!Female:!!50 to 54 years","Estimate!!Total:!!Female:!!55 to 59 years","Margin of Error!!Total:!!Female:!!55 to 59 years","Estimate!!Total:!!Female:!!60 and 61 years","Margin of Error!!Total:!!Female:!!60 and 61 years","Estimate!!Total:!!Female:!!62 to 64 years","Margin of Error!!Total:!!Female:!!62 to 64 years","Estimate!!Total:!!Female:!!65 and 66 years","Margin of Error!!Total:!!Female:!!65 and 66 years","Estimate!!Total:!!Female:!!67 to 69 years","Margin of Error!!Total:!!Female:!!67 to 69 years","Estimate!!Total:!!Female:!!70 to 74 years","Margin of Error!!Total:!!Female:!!70 to 74 years","Estimate!!Total:!!Female:!!75 to 79 years","Margin of Error!!Total:!!Female:!!75 to 79 years","Estimate!!Total:!!Female:!!80 to 84 years","Margin of Error!!Total:!!Female:!!80 to 84 years","Estimate!!Total:!!Female:!!85 years and over","Margin of Error!!Total:!!Female:!!85 years and over",
"1400000US18097310104","Census Tract 3101.04, Marion County, Indiana","3025","602","1082","239","0","12","0","12","57","88","7","12","30","40","19","31","0","12","53","50","244","122","120","100","23","26","81","78","0","12","67","52","38","45","0","12","65","49","0","12","24","39","36","33","172","101","0","12","46","43","1943","505","90","77","27","43","22","37","46","52","19","30","0","12","88","137","116","71","235","131","66","61","116","74","19","23","185","257","121","84","89","57","27","31","143","107","80","50","14","23","70","49","230","289","54","43","86","62",
"1400000US18097310105","Census Tract 3101.05, Marion County, Indiana","3911","574","1913","365","131","73","136","82","210","156","101","56","14","19","0","12","1","2","47","45","113","73","334","281","173","85","98","63","74","49","183","91","75","42","32","32","40","28","52","34","33","28","0","12","19","20","6","10","41","48","1998","342","121","86","99","58","84","63","27","25","87","112","0","12","50","48","107","65","185","143","141","86","91","58","180","60","143","72","149","65","142","59","7","13","45","27","33","35","85","55","105","55","46","53","71","64","0","12",
"1400000US18097310106","Census Tract 3101.06, Marion County, Indiana","4256","656","1461","349","115","143","75","96","49","70","0","12","0","12","68","105","26","42","121","99","142","115","350","213","76","66","0","12","80","91","38","34","92","75","20","30","34","37","0","12","34","36","34","33","0","12","48","37","59","55","2795","508","201","150","40","41","194","115","47","78","82","80","43","71","17","27","244","148","179","127","331","174","190","91","121","127","103","90","69","53","40","45","20","28","166","110","0","12","33","41","0","12","10","19","111","56","554","439",
"1400000US18097310108","Census Tract 3101.08, Marion County, Indiana","3725","570","1940","342","71","62","78","55","218","186","18","18","13","17","36","46","0","12","45","36","91","53","72","46","157","61","75","56","187","96","46","27","103","41","67","38","134","41","52","33","146","73","242","240","68","32","11","12","10","10","1785","269","82","68","42","35","29","40","30","22","16","20","55","46","19","24","32","38","105","55","84","45","187","107","60","33","50","28","116","49","130","46","56","32","246","80","30","25","104","48","246","227","17","17","14","14","35","39",
"1400000US18097310110","Census Tract 3101.10, Marion County, Indiana","2694","293","1172","159","82","45","102","74","14","23","66","58","17","25","0","12","0","12","101","76","131","57","157","58","99","65","61","39","30","25","91","55","68","48","26","23","28","25","6","9","26","26","25","24","34","34","8","13","0","12","1522","239","79","41","61","44","82","66","6","12","0","12","94","91","53","64","116","83","287","91","167","71","109","54","48","35","95","52","54","42","140","106","37","39","32","27","14","16","32","28","16","17","0","12","0","12","0","12",
"1400000US18097310111","Census Tract 3101.11, Marion County, Indiana","3463","465","1610","309","98","85","128","96","183","104","100","92","0","12","0","12","0","12","90","68","278","166","129","91","79","63","52","53","39","36","71","51","62","43","8","17","60","42","52","42","48","33","83","69","43","45","7","14","0","12","1853","279","98","80","62","69","25","40","54","51","73","60","35","43","33","53","97","63","190","115","178","87","188","80","74","57","124","71","93","54","103","54","78","52","64","35","62","35","41","40","23","31","44","36","82","63","32","28",
"1400000US18097310112","Census Tract 3101.12, Marion County, Indiana","7242","1266","3442","814","101","83","130","89","374","293","209","169","16","28","12","20","0","17","304","316","159","117","95","72","137","76","290","213","146","92","205","105","216","86","137","69","286","263","95","67","46","42","320","222","110","62","38","39","16","26","3800","697","177","123","229","102","111","89","224","196","126","103","72","70","20","32","50","47","133","85","231","113","104","77","336","266","536","436","226","84","232","90","217","121","233","218","77","61","56","47","140","85","106","67","77","62","87","101",
"1400000US18097310113","Census Tract 3101.13, Marion County, Indiana","922","170","474","146","27","48","43","39","18","24","37","23","27","21","4","12","23","78","0","12","0","12","0","12","51","23","10","16","22","28","68","51","41","38","9","14","39","43","14","27","13","23","0","12","0","12","0","12","28","33","448","73","0","12","19","25","11","18","59","42","0","12","0","12","0","12","1","2","0","12","0","12","55","25","11","22","21","28","94","65","63","50","1","20","41","43","0","12","29","37","0","12","0","12","0","12","43","60",
"1400000US18097310201","Census Tract 3102.01, Marion County, Indiana","4261","597","2059","407","171","110","102","91","121","69","111","85","121","107","22","36","0","12","88","78","166","137","151","90","118","50","79","44","210","112","164","90","120","60","6","10","66","42","42","64","106","117","45","45","19","18","19","25","12","20","2202","356","171","83","277","130","48","48","138","125","136","107","0","12","0","12","75","54","105","75","171","83","146","90","176","108","127","69","158","110","81","58","59","48","57","57","67","59","23","23","53","41","103","80","20","24","11","16",
"1400000US18097310203","Census Tract 3102.03, Marion County, Indiana","5181","832","2468","496","180","123","250","136","126","116","130","115","84","92","9","18","0","17","55","75","272","182","215","96","342","180","135","96","86","85","106","87","93","68","20","27","50","43","57","50","45","28","13","20","44","49","119","122","37","34","2713","581","221","156","112","100","296","237","96","116","0","17","0","17","11","31","8","16","132","64","279","122","191","113","315","206","178","86","65","48","76","49","38","34","67","57","43","41","26","35","142","101","95","73","75","102","247","209",
"1400000US18097310204","Census Tract 3102.04, Marion County, Indiana","5765","1093","2798","666","129","74","69","56","392","295","189","91","185","149","9","15","20","23","113","70","187","105","99","69","188","83","227","145","320","239","176","69","219","111","77","54","88","52","8","13","32","24","35","27","36","31","0","17","0","17","2967","556","197","123","100","68","81","63","271","156","167","114","10","15","236","322","165","112","150","118","105","70","205","88","234","123","208","86","313","183","161","81","53","26","104","56","32","25","106","52","46","28","0","17","0","17","23","29",
"1400000US18097310305","Census Tract 3103.05, Marion County, Indiana","5040","786","2321","442","117","100","164","129","256","165","69","106","17","28","61","73","59","50","232","171","46","66","134","98","313","153","32","40","156","137","163","113","249","122","61","43","24","44","17","27","85","77","48","41","18","31","0","17","0","17","2719","558","234","161","168","192","71","112","93","138","112","83","22","52","20","32","141","98","251","148","410","197","98","98","250","152","83","77","192","123","207","104","8","12","25","32","26","34","71","47","139","103","19","30","15","24","64","48",
"1400000US18097310306","Census Tract 3103.06, Marion County, Indiana","7431","1708","3349","771","145","115","462","263","424","209","234","225","111","124","56","59","43","59","206","197","87","135","330","142","176","140","325","226","192","132","83","95","235","144","36","39","64","59","29","36","30","33","12","17","11","19","16","26","42","73","4082","1079","719","479","334","214","205","141","249","177","16","27","171","187","0","17","82","79","252","241","288","188","374","232","264","176","245","143","278","252","180","132","61","47","21","33","75","70","93","90","96","85","31","37","0","17","48","55",
"1400000US18097310308","Census Tract 3103.08, Marion County, Indiana","3244","624","1436","305","89","84","111","89","86","76","111","93","86","85","4","13","47","78","41","47","203","151","114","103","77","41","34","30","193","91","49","40","34","28","34","21","46","28","26","22","16","18","8","10","5","18","0","12","22","34","1808","513","106","106","75","44","186","143","50","54","0","12","66","104","42","41","119","110","187","182","187","128","93","62","72","72","173","102","95","59","75","36","99","65","40","28","14","17","10","11","41","26","5","10","52","47","21","34",
"1400000US18097310309","Census Tract 3103.09, Marion County, Indiana","3681","519","1822","345","299","163","178","145","157","109","97","83","119","110","40","52","33","54","58","101","153","122","146","109","84","65","150","101","0","12","26","31","122","61","29","36","66","65","19","19","16","18","0","12","9","15","21","24","0","12","1859","314","175","156","129","107","121","91","102","90","26","31","13","27","37","59","0","12","329","154","181","132","86","51","131","109","92","81","104","59","135","98","11","17","65","59","56","54","12","15","21","25","12","15","0","12","21","26",
"1400000US18097310310","Census Tract 3103.10, Marion County, Indiana","5540","952","2373","565","192","85","151","101","128","84","191","150","263","228","0","17","16","27","69","62","216","172","140","68","127","78","137","61","132","69","127","57","123","51","28","26","30","24","53","37","160","136","59","63","0","17","0","17","31","44","3167","627","295","150","140","84","149","84","124","93","48","51","14","24","56","55","141","87","352","298","324","147","173","68","140","66","130","67","177","70","172","54","38","39","93","88","31","30","104","110","48","51","279","358","12","15","127","135",
"1400000US18097310311","Census Tract 3103.11, Marion County, Indiana","6823","1213","3123","583","182","91","290","163","349","161","207","116","67","59","17","27","98","135","147","92","310","302","177","70","214","101","165","85","115","69","164","76","199","100","43","39","82","50","76","40","49","38","80","54","43","32","49","80","0","17","3700","762","460","263","310","197","257","130","146","84","24","25","40","44","24","37","67","68","367","243","261","115","333","104","251","115","199","92","188","107","230","93","94","88","147","74","43","24","41","36","56","41","116","107","18","20","28","31",
"1400000US18097310312","Census Tract 3103.12, Marion County, Indiana","6664","769","2590","487","195","199","238","163","342","223","31","51","5","12","42","69","89","127","217","238","256","199","97","98","398","242","245","175","121","96","12","18","64","57","54","58","96","69","18","32","0","17","50","84","0","17","0","17","20","34","4074","713","313","208","678","372","290","203","0","17","73","87","60","79","64","113","227","210","190","159","373","185","131","117","405","231","230","206","200","128","299","188","80","87","109","78","124","90","36","42","19","33","109","101","0","17","64","79",
"1400000US18097320105","Census Tract 3201.05, Marion County, Indiana","4027","503","1696","314","87","81","123","96","181","112","40","45","13","25","0","12","0","12","74","62","71","62","169","116","222","160","70","72","72","66","131","87","88","71","42","46","44","48","50","49","41","46","21","26","76","53","45","42","36","41","2331","382","292","211","128","85","33","44","11","26","0","12","26","41","0","12","107","73","194","115","283","132","218","110","48","53","99","98","98","88","90","68","32","42","148","84","119","95","80","61","118","89","85","51","42","38","80","66",
"1400000US18097320106","Census Tract 3201.06, Marion County, Indiana","3707","1762","1657","825","117","79","382","435","37","30","60","43","0","12","7","13","0","12","57","42","404","390","71","40","39","28","38","44","17","23","12","14","94","62","67","46","49","42","28","29","4","6","61","52","52","40","38","28","23","21","2050","958","28","28","148","107","411","476","33","37","41","45","7","11","28","41","105","60","88","78","432","522","23","24","78","58","60","44","47","31","51","46","90","45","41","31","26","27","37","43","63","35","120","78","37","30","56","38",
"1400000US18097320107","Census Tract 3201.07, Marion County, Indiana","2169","493","1103","265","99","67","115","129","12","18","30","24","15","21","0","12","1","2","18","18","127","92","100","53","38","25","38","23","89","39","80","90","59","26","69","53","48","31","24","22","33","22","45","22","35","24","7","10","21","12","1066","253","82","50","32","39","108","128","14","15","33","28","0","12","1","3","5","6","59","26","68","36","102","43","116","108","59","35","64","25","111","60","19","15","21","14","20","20","50","24","36","27","14","13","33","24","19","16",
"1400000US18097320108","Census Tract 3201.08, Marion County, Indiana","5080","605","2527","522","136","101","204","156","194","225","0","17","0","17","0","17","0","17","248","173","370","233","270","137","125","102","399","206","147","90","0","17","217","154","0","17","78","84","19","25","51","63","31","49","17","24","15","26","6","10","2553","429","158","122","275","170","236","136","14","23","0","17","0","17","0","17","317","167","414","175","212","101","105","85","104","83","133","112","53","50","141","100","109","109","34","36","26","46","2","5","79","67","35","33","3","6","103","61",
"1400000US18097320109","Census Tract 3201.09, Marion County, Indiana","2533","361","1135","177","69","53","63","43","41","29","22","26","19","21","0","12","0","12","0","12","44","32","30","25","51","34","90","65","20","18","56","29","74","60","12","16","92","49","21","21","103","85","110","83","73","36","61","39","84","63","1398","316","11","13","33","26","28","25","52","53","0","12","0","12","0","12","10","17","100","65","100","79","78","65","58","36","27","20","79","57","117","73","222","292","103","52","28","22","78","48","153","76","73","51","38","30","10","15",
"1400000US18097320202","Census Tract 3202.02, Marion County, Indiana","5100","727","2154","405","23","28","87","55","80","73","47","48","59","69","0","17","97","96","4","9","151","124","393","248","88","60","117","62","97","54","108","68","121","72","79","69","90","59","21","29","79","65","181","117","93","56","58","64","81","59","2946","476","89","54","64","44","128","104","59","62","49","51","40","53","0","17","168","106","294","120","248","285","132","64","175","76","103","59","189","171","316","109","15","21","179","161","43","41","87","61","178","111","201","101","61","64","128","77",
"1400000US18097320203","Census Tract 3202.03, Marion County, Indiana","2569","355","1284","214","22","25","24","25","85","47","65","41","0","12","0","12","0","12","49","45","155","73","137","63","25","25","46","45","116","92","130","99","91","49","59","69","38","32","28","37","41","36","14","16","74","45","27","23","58","36","1285","238","27","27","0","12","11","17","18","23","0","12","0","12","32","35","60","53","173","83","173","57","43","28","56","51","87","35","166","158","110","59","6","10","35","31","34","25","35","22","91","49","46","42","24","21","58","42",
"1400000US18097320205","Census Tract 3202.05, Marion County, Indiana","2135","384","925","227","14","23","0","12","0","12","0","12","0","12","0","12","0","12","86","72","264","128","116","74","171","102","58","67","22","36","0","12","103","18","0","12","0","12","8","11","40","37","43","47","0","12","0","12","0","12","1210","309","72","84","0","12","59","62","0","12","0","12","0","12","0","12","172","113","344","199","142","117","14","37","73","61","64","50","19","23","43","50","0","12","33","46","52","42","8","12","31","41","20","23","64","73","0","12",
"1400000US18097320206","Census Tract 3202.06, Marion County, Indiana","3375","546","1353","272","10","28","4","13","197","88","169","74","45","74","0","12","38","45","57","60","101","76","90","140","31","38","77","50","105","78","138","89","96","79","112","115","0","12","44","51","27","22","0","12","0","12","12","20","0","12","2022","484","86","107","104","112","131","104","47","74","124","119","16","24","53","63","102","100","234","321","0","12","105","83","162","124","201","150","19","30","95","76","140","108","88","84","63","72","9","14","55","47","67","48","64","66","57","44",
"1400000US18097320301","Census Tract 3203.01, Marion County, Indiana","3618","584","1716","332","225","198","53","46","88","51","23","26","0","12","13","22","0","12","18","19","143","82","61","46","41","26","133","79","155","87","47","35","95","53","47","39","121","64","8","13","139","74","68","46","89","45","75","38","74","62","1902","298","51","41","128","108","141","99","12","21","7","11","0","12","16","26","32","27","80","71","86","50","51","32","121","90","95","40","91","63","145","59","20","18","115","56","72","38","95","43","233","126","102","46","141","94","68","36",
"1400000US18097320303","Census Tract 3203.03, Marion County, Indiana","3214","335","1669","229","104","85","27","34","0","12","6","11","0","12","0","12","23","29","256","108","587","192","196","64","131","78","42","34","43","45","123","81","104","91","0","12","0","12","0","12","0","12","9","14","0","12","18","22","0","12","1545","275","68","63","38","39","42","47","60","61","29","27","0","12","38","52","222","78","614","197","96","54","92","64","92","63","39","29","50","32","30","30","0","12","7","12","9","13","0","12","0","12","0","12","0","12","19","23",
"1400000US18097320305","Census Tract 3203.05, Marion County, Indiana","2845","335","1427","281","76","74","176","103","64","61","122","108","77","90","0","12","14","27","0","12","55","71","66","63","92","68","29","32","100","64","52","38","74","78","45","42","82","92","17","27","100","90","75","53","97","96","14","24","0","12","1418","219","100","93","19","30","236","94","46","45","0","12","13","22","0","12","0","12","33","40","37","43","174","88","65","58","132","94","34","35","131","82","17","15","17","28","84","90","61","47","41","39","45","56","115","83","18","32",
"1400000US18097320306","Census Tract 3203.06, Marion County, Indiana","4112","496","1801","299","27","34","92","67","69","53","79","43","23","26","44","50","11","18","171","152","245","159","171","97","59","32","46","58","149","65","98","64","74","45","79","78","101","74","7","15","64","72","100","66","21","34","36","41","35","49","2311","373","65","43","33","32","96","84","29","33","24","39","21","32","11","18","222","97","241","114","209","110","294","252","62","50","106","57","105","53","76","43","61","66","59","37","102","75","134","106","37","43","120","61","72","119","132","83",
"1400000US18097320400","Census Tract 3204, Marion County, Indiana","2965","462","1298","219","28","40","83","70","12","21","25","31","66","107","26","37","0","12","58","54","51","37","205","93","109","77","84","64","29","29","107","59","103","51","22","25","48","41","21","21","88","100","85","57","12","17","21","26","15","23","1667","328","70","66","100","81","27","31","87","84","23","38","5","11","68","75","48","41","170","103","124","130","80","59","216","90","24","30","134","81","60","38","12","20","40","27","78","84","113","117","86","64","44","34","14","17","44","44",
"1400000US18097320500","Census Tract 3205, Marion County, Indiana","3273","534","1610","303","75","45","44","39","267","237","130","94","33","38","0","12","0","12","73","66","81","55","59","38","107","48","67","50","96","66","111","90","92","47","25","22","81","41","54","38","54","31","31","24","50","41","23","24","57","52","1663","302","30","25","85","50","135","126","48","35","49","42","0","12","0","12","41","36","109","80","105","59","178","148","135","75","73","46","59","36","90","45","118","99","84","58","43","41","62","41","49","31","55","42","58","74","57","38",
"1400000US18097320600","Census Tract 3206, Marion County, Indiana","2339","503","1238","358","35","32","163","223","48","41","16","25","0","12","0","12","0","12","88","76","154","57","163","65","47","27","74","77","90","56","58","36","115","71","44","32","47","33","33","39","11","17","23","24","29","27","0","12","0","12","1101","180","35","27","4","13","13","25","12","18","11","13","23","26","20","34","11","20","136","60","134","52","190","162","94","68","35","28","41","29","103","39","44","43","23","23","10","16","54","35","44","46","29","23","11","16","24","22",
"1400000US18097320700","Census Tract 3207, Marion County, Indiana","2032","269","1093","207","6","9","51","49","69","57","69","88","12","20","16","25","0","12","85","66","163","94","99","60","94","66","98","57","84","52","130","72","27","26","17","20","15","18","0","12","28","20","13","15","17","18","0","12","0","12","939","155","22","26","63","63","25","40","13","20","0","12","0","12","0","12","74","55","119","80","48","42","119","72","62","50","57","41","42","40","111","73","45","45","22","25","19","13","23","22","50","42","8","13","8","13","9","13",
"1400000US18097320800","Census Tract 3208, Marion County, Indiana","2969","246","1424","147","76","41","107","35","126","48","91","25","6","5","2","4","0","12","17","18","17","15","36","23","50","17","120","35","119","32","110","36","77","27","19","15","96","32","37","18","68","27","69","27","60","23","30","15","91","107","1545","132","73","27","88","30","131","31","32","14","29","17","5","6","4","5","8","8","45","31","43","22","47","18","129","35","116","31","106","27","122","33","69","41","85","25","40","20","77","26","81","26","27","13","62","28","126","103",
"1400000US18097320901","Census Tract 3209.01, Marion County, Indiana","6607","1114","3370","892","376","210","127","123","173","167","102","96","106","108","85","112","19","32","182","196","370","291","232","133","159","83","138","88","283","137","69","56","316","202","160","146","70","64","82","65","135","88","71","54","17","21","26","30","72","50","3237","476","294","212","217","108","71","71","49","48","36","57","10","18","30","48","96","122","85","56","143","88","321","126","197","95","309","153","91","85","431","202","56","59","100","66","85","63","82","51","195","93","145","74","90","72","104","77",
"1400000US18097320902","Census Tract 3209.02, Marion County, Indiana","3840","676","1964","451","233","186","137","105","102","67","83","60","45","41","39","44","94","105","84","90","339","152","77","48","148","123","119","81","86","70","65","34","58","36","73","96","62","66","13","19","39","30","54","41","1","3","0","12","13","20","1876","344","92","74","94","73","114","84","40","50","41","32","89","114","55","74","14","16","237","103","97","69","290","142","120","75","150","99","61","48","132","83","53","30","45","37","17","20","85","66","15","18","14","21","11","17","10","16",
"1400000US18097320903","Census Tract 3209.03, Marion County, Indiana","6220","1284","2755","641","412","247","503","411","253","117","141","102","98","76","73","78","26","41","249","223","94","86","201","109","74","64","95","72","138","115","96","83","79","48","98","91","58","52","0","17","9","15","38","51","20","22","0","17","0","17","3465","812","192","151","477","199","333","155","75","76","173","107","0","17","75","95","83","109","532","338","283","123","222","120","320","233","213","211","97","71","183","92","14","17","6","9","60","42","43","51","28","28","40","39","8","13","8","15",
"1400000US18097321001","Census Tract 3210.01, Marion County, Indiana","3087","576","1392","355","58","87","135","100","178","136","25","36","44","58","0","12","103","148","57","67","107","89","51","52","83","100","53","51","12","25","120","114","162","116","14","19","0","12","31","32","39","32","17","21","60","62","16","25","27","36","1695","392","153","105","114","111","92","93","123","143","0","12","0","12","0","12","60","64","116","100","243","171","163","95","32","33","38","47","89","71","79","74","12","18","176","196","39","37","76","66","35","38","25","28","11","18","19","28",
"1400000US18097321002","Census Tract 3210.02, Marion County, Indiana","5224","1523","2925","989","242","202","265","143","82","68","29","35","263","274","36","40","237","324","235","151","132","106","168","112","67","53","27","41","142","71","109","69","546","343","20","26","69","47","40","57","33","32","72","45","43","36","55","44","13","14","2299","607","154","136","107","115","113","98","8","11","34","47","26","25","42","58","98","96","182","153","171","105","120","93","35","36","88","87","291","271","267","173","16","19","96","55","25","25","42","33","160","65","83","58","100","115","41","35",
"1400000US18097321100","Census Tract 3211, Marion County, Indiana","3579","526","1662","208","47","24","127","54","156","72","57","39","33","37","0","12","4","6","24","22","95","60","74","35","118","48","118","48","88","47","59","29","214","151","116","46","16","16","47","29","107","50","107","51","30","24","22","22","3","4","1917","385","94","61","107","45","60","37","56","42","23","18","27","30","9","13","19","16","46","27","271","235","173","59","67","34","73","36","108","46","244","168","97","58","84","43","121","58","33","19","90","39","53","29","52","46","10","10",
"1400000US18097321200","Census Tract 3212, Marion County, Indiana","4987","1035","2151","367","106","71","118","75","159","148","29","41","20","32","0","12","0","12","0","12","266","144","261","107","334","199","92","72","172","92","91","57","79","57","33","33","131","85","41","35","106","60","71","52","0","12","19","31","23","38","2836","770","539","522","177","148","140","84","73","52","0","12","0","12","0","12","99","110","203","99","256","95","240","198","108","70","223","130","89","59","218","131","39","33","157","80","33","37","36","35","83","59","27","31","18","28","78","85",
"1400000US18097321300","Census Tract 3213, Marion County, Indiana","2770","380","1407","310","125","139","0","12","30","50","0","12","11","11","0","12","7","12","195","121","283","121","297","116","67","38","117","96","53","45","62","39","69","36","10","15","46","38","16","18","8","12","0","12","7","10","0","12","4","10","1363","184","88","63","14","18","53","47","30","32","0","12","0","12","0","12","156","81","370","124","163","101","100","70","76","59","64","37","50","28","31","30","20","19","15","16","85","66","8","12","0","12","10","15","0","12","30","22",
"1400000US18097321400","Census Tract 3214, Marion County, Indiana","5196","685","2749","578","150","113","83","76","145","82","72","65","4","8","57","78","10","17","156","108","553","361","256","127","169","96","89","62","122","155","107","75","129","79","63","73","231","174","61","52","88","84","18","23","33","45","64","103","89","62","2447","307","85","68","73","69","76","72","132","126","12","19","32","53","0","17","50","50","434","160","229","126","199","88","35","42","215","107","214","101","163","96","49","42","88","56","118","83","28","40","140","93","25","41","50","58","0","17",
"1400000US18097321600","Census Tract 3216, Marion County, Indiana","5999","944","2806","495","445","233","79","65","185","179","50","44","46","70","14","28","38","59","117","81","207","104","245","142","90","72","126","63","168","102","151","153","105","76","78","65","155","121","49","53","186","207","56","47","115","80","101","104","0","17","3193","610","167","124","275","200","151","107","40","45","45","49","206","311","123","129","108","103","284","103","304","127","112","78","121","93","276","193","76","61","194","113","80","72","84","79","53","49","53","52","197","206","71","75","40","44","133","94",
"1400000US18097321700","Census Tract 3217, Marion County, Indiana","4159","606","1763","341","48","60","0","12","95","63","16","32","9","16","0","12","135","204","12","20","301","122","319","115","272","158","89","73","98","90","30","30","95","67","45","40","42","50","0","12","27","30","47","42","23","28","24","27","36","37","2396","408","144","120","140","72","72","68","0","12","54","91","0","12","0","12","82","64","364","118","313","125","230","156","131","73","44","33","141","72","122","99","0","12","56","58","49","38","129","92","39","41","0","12","63","37","223","103",
"1400000US18097321800","Census Tract 3218, Marion County, Indiana","3415","550","1561","271","111","58","158","136","33","31","64","44","11","18","0","12","0","12","28","31","53","30","231","56","13","20","168","108","132","64","139","68","118","58","21","23","30","23","53","40","49","29","74","50","58","39","0","12","17","17","1854","304","96","78","178","148","100","64","73","61","10","16","22","24","0","12","45","31","135","67","238","66","106","52","196","136","79","41","228","76","79","34","13","16","61","38","28","22","57","46","44","28","43","41","15","18","8","12",
"1400000US18097321900","Census Tract 3219, Marion County, Indiana","5467","947","2320","402","104","56","152","132","49","24","64","52","508","147","141","75","242","165","64","48","83","48","117","57","75","34","198","145","68","43","50","48","109","76","76","71","22","22","45","41","18","20","39","33","92","76","4","6","0","17","3147","815","135","157","204","143","103","53","101","75","1072","666","192","79","224","97","151","90","79","57","86","42","126","115","115","70","136","84","97","54","25","23","13","22","36","28","31","35","71","37","83","63","24","25","17","22","26","30",
"1400000US18097322000","Census Tract 3220, Marion County, Indiana","3322","632","1491","333","52","49","81","66","79","59","88","78","64","69","0","12","72","81","71","89","169","128","84","46","96","50","56","63","38","48","91","53","114","136","70","63","63","40","8","13","88","100","69","34","29","29","9","14","0","12","1831","399","117","73","73","54","78","55","67","48","26","17","44","50","7","14","167","116","118","77","133","49","100","60","263","269","100","68","90","62","176","79","8","12","76","61","36","35","30","22","26","22","57","38","23","20","16","20",
"1400000US18097322100","Census Tract 3221, Marion County, Indiana","3045","548","1334","372","240","164","160","114","91","108","51","87","9","15","0","12","0","12","86","73","88","93","99","84","135","59","55","45","49","39","45","42","96","67","7","11","12","17","21","23","30","26","34","28","9","13","17","22","0","12","1711","344","189","84","208","127","9","16","18","28","0","12","0","12","68","75","38","43","248","198","245","168","142","53","65","44","50","49","111","84","53","34","101","88","7","12","8","12","27","26","52","35","12","16","33","42","27","41",
"1400000US18097322200","Census Tract 3222, Marion County, Indiana","2244","295","1179","175","142","65","94","38","76","33","26","19","13","21","18","27","0","12","3","7","90","45","111","46","101","32","74","33","68","40","90","34","51","28","13","18","45","46","21","17","45","36","23","18","21","17","31","24","23","17","1065","183","63","37","122","53","60","35","43","35","9","13","0","12","0","12","25","31","86","45","92","34","111","45","53","28","85","29","88","39","46","45","35","18","25","20","7","11","38","22","21","19","34","23","21","20","1","5",
"1400000US18097322300","Census Tract 3223, Marion County, Indiana","2417","389","1205","322","108","50","59","30","26","24","8","13","13","18","0","12","0","12","176","188","114","73","173","55","56","31","55","30","111","129","94","75","39","33","12","19","54","52","0","12","25","25","47","35","13","15","0","12","22","30","1212","176","105","67","45","26","7","11","68","71","30","33","0","12","10","13","45","43","215","83","139","43","77","35","90","47","18","17","111","82","68","42","19","22","66","55","17","19","18","18","48","41","16","18","0","12","0","12",
"1400000US18097322400","Census Tract 3224, Marion County, Indiana","2809","392","1259","275","107","45","47","36","0","12","51","56","7","11","0","12","33","42","80","55","205","133","158","62","126","61","142","120","78","60","0","12","64","55","39","30","42","34","9","12","34","25","25","21","5","11","0","12","7","12","1550","272","93","51","9","14","23","25","58","57","72","51","0","12","122","168","153","86","226","126","145","78","138","58","58","47","85","55","51","41","102","53","41","41","16","21","70","47","32","28","44","33","2","6","10","16","0","12",
"1400000US18097322500","Census Tract 3225, Marion County, Indiana","1559","250","652","151","0","12","52","41","52","55","5","7","41","58","42","48","0","12","52","39","71","60","70","63","73","42","32","23","36","27","23","21","36","31","11","12","23","19","11","12","1","3","10","14","4","6","7","12","0","12","907","162","70","43","28","31","63","56","0","12","17","26","0","12","3","5","40","26","128","62","112","81","22","20","153","73","58","32","57","33","22","16","13","14","55","33","20","19","15","16","11","15","12","12","7","12","1","3",
"1400000US18097322601","Census Tract 3226.01, Marion County, Indiana","2313","507","1046","356","192","118","110","120","20","24","123","76","175","142","60","75","0","12","0","12","94","91","0","12","54","47","44","50","55","51","22","32","32","42","41","28","5","10","7","11","0","12","12","15","0","12","0","12","0","12","1267","286","144","134","97","65","114","115","31","47","0","12","45","52","60","52","52","54","101","71","25","39","143","110","104","70","40","43","91","63","104","69","9","16","0","12","40","51","6","11","23","33","13","16","19","18","6","16",
"1400000US18097322602","Census Tract 3226.02, Marion County, Indiana","1726","403","870","272","30","46","34","55","0","12","20","23","12","18","0","12","0","12","10","15","56","43","33","25","51","63","30","47","52","51","98","86","105","120","10","15","73","66","9","14","16","25","11","16","101","101","20","21","99","148","856","233","41","64","14","21","47","74","20","22","10","16","29","33","28","44","8","14","94","63","20","32","47","63","27","45","30","45","102","109","56","38","42","32","20","23","23","26","22","24","124","86","0","12","41","41","11","17",
"1400000US18097322700","Census Tract 3227, Marion County, Indiana","1733","334","844","181","29","33","0","12","89","54","11","20","21","25","12","20","13","19","6","17","39","46","8","13","74","61","37","39","41","43","109","59","26","27","44","41","48","60","66","47","38","30","10","13","38","30","85","56","0","12","889","233","21","33","21","26","39","38","86","100","0","12","0","12","6","16","0","12","12","16","39","37","39","31","74","49","89","73","91","52","22","29","0","12","116","102","12","20","53","43","87","107","75","41","0","12","7","12",
"1400000US18097330103","Census Tract 3301.03, Marion County, Indiana","4441","691","1871","345","107","81","105","84","137","102","24","35","0","12","0","12","0","12","70","80","224","112","224","99","108","71","71","61","19","30","68","60","92","68","50","42","143","91","14","24","135","89","52","43","182","250","24","28","22","28","2570","445","105","91","33","51","198","153","29","42","0","12","47","76","31","51","119","78","236","124","173","109","245","120","45","42","184","99","122","107","349","117","46","43","69","48","61","60","47","34","324","344","16","26","34","35","57","40",
"1400000US18097330105","Census Tract 3301.05, Marion County, Indiana","4718","747","2231","407","36","53","245","107","131","112","29","44","0","12","60","92","8","15","48","63","175","97","374","175","148","129","51","49","161","129","261","166","158","81","63","47","44","39","47","42","27","29","77","54","23","26","25","29","40","41","2487","653","86","130","28","55","92","111","46","66","33","39","48","67","0","12","233","239","98","78","182","110","175","121","404","397","127","114","103","100","72","50","113","87","117","83","84","75","111","85","126","107","36","33","64","56","109","62",
"1400000US18097330106","Census Tract 3301.06, Marion County, Indiana","4915","1105","2326","806","465","308","28","32","142","175","0","12","94","99","0","12","0","12","18","31","198","171","524","359","152","104","110","90","116","142","70","61","151","158","9","14","17","22","15","21","112","123","32","30","36","37","0","12","37","32","2589","561","179","214","0","12","348","276","38","51","87","88","14","23","68","120","352","222","218","120","192","120","246","219","251","185","117","110","136","96","15","19","36","36","37","50","30","30","35","48","81","71","28","29","33","30","48","41",
"1400000US18097330107","Census Tract 3301.07, Marion County, Indiana","5430","526","2445","323","64","58","10","22","40","39","237","122","57","51","16","31","0","17","87","76","187","97","140","78","76","55","83","58","117","73","247","102","338","138","40","39","177","79","126","141","50","45","125","77","185","94","27","32","16","25","2985","387","39","44","129","94","143","100","225","138","5","15","11","20","0","17","136","111","169","93","155","92","89","71","264","105","133","68","269","257","358","108","78","48","139","82","136","85","79","74","156","77","162","100","16","26","94","68",
"1400000US18097330108","Census Tract 3301.08, Marion County, Indiana","4286","887","2106","463","101","56","222","253","69","35","42","31","17","20","12","20","0","12","54","49","234","207","35","26","222","178","89","36","115","44","121","38","218","74","72","55","107","51","43","41","116","60","83","61","92","46","0","12","42","44","2180","460","294","268","116","59","69","42","79","38","36","28","0","12","24","24","28","25","228","203","76","38","224","189","107","51","104","40","86","45","163","59","99","57","55","27","39","27","55","46","126","104","106","54","29","30","37","39",
"1400000US18097330109","Census Tract 3301.09, Marion County, Indiana","4970","963","2460","427","133","66","147","81","48","54","195","187","90","89","67","66","0","12","34","48","118","82","212","87","212","228","170","94","149","88","142","85","143","75","64","46","114","67","130","88","131","95","100","93","8","13","7","11","46","51","2510","627","329","315","41","44","65","58","71","53","0","12","0","12","0","12","46","46","118","73","402","281","119","64","103","66","222","116","122","74","239","101","85","50","160","86","77","57","112","87","63","62","30","37","87","53","19","30",
"1400000US18097330203","Census Tract 3302.03, Marion County, Indiana","5479","591","2633","435","91","63","48","41","234","171","139","98","55","54","0","17","0","17","66","60","167","132","164","110","128","75","107","70","163","124","239","122","329","116","59","55","195","84","60","46","75","62","144","62","115","72","23","21","32","50","2846","353","212","113","221","120","343","136","51","55","20","35","0","17","31","43","70","113","46","46","137","90","55","42","216","75","184","130","263","111","191","91","80","43","234","113","109","113","195","116","107","53","55","55","15","20","11","18",
"1400000US18097330204","Census Tract 3302.04, Marion County, Indiana","7276","1281","4006","708","142","108","140","100","634","235","110","80","114","100","28","37","70","79","309","157","82","66","158","144","177","128","413","148","152","101","374","161","141","81","103","78","93","83","41","39","631","648","25","28","41","52","16","27","12","20","3270","641","65","79","233","182","234","168","242","130","58","55","0","17","55","83","83","94","137","102","89","75","157","128","145","109","340","144","481","94","166","94","76","72","385","471","31","34","168","95","49","46","46","36","0","17","30","40",
"1400000US18097330206","Census Tract 3302.06, Marion County, Indiana","5324","821","2501","321","262","147","126","52","152","58","159","77","62","54","44","38","26","30","77","53","137","75","189","70","173","73","106","60","284","220","215","75","138","57","60","40","96","60","47","68","74","49","43","34","23","28","8","13","0","17","2823","583","428","396","116","65","170","85","152","77","70","68","40","51","10","16","102","82","145","66","132","56","251","147","160","66","274","77","214","74","152","59","11","16","155","105","29","26","60","47","51","53","74","56","27","41","0","17",
"1400000US18097330208","Census Tract 3302.08, Marion County, Indiana","2807","419","1427","278","52","42","187","90","82","65","67","62","17","21","0","12","17","20","21","27","111","94","208","141","85","52","68","49","87","56","98","49","95","64","15","20","68","38","42","25","53","33","36","29","9","14","9","14","0","12","1380","218","46","59","52","47","100","56","31","30","10","15","0","12","7","11","35","28","110","63","243","125","125","67","42","41","89","49","43","26","89","38","90","45","48","38","35","27","66","30","27","24","19","19","29","24","44","33",
"1400000US18097330210","Census Tract 3302.10, Marion County, Indiana","6779","1038","2874","718","207","103","212","144","332","203","399","362","60","65","0","17","57","67","92","74","160","146","200","102","169","102","169","119","318","319","98","64","186","102","88","114","40","47","0","17","0","17","67","70","20","33","0","17","0","17","3905","636","315","293","461","191","348","153","173","119","81","121","22","43","0","17","198","158","255","173","233","89","388","161","248","168","298","127","130","91","170","191","122","143","53","61","24","37","227","174","148","103","11","19","0","17","0","17",
"1400000US18097330211","Census Tract 3302.11, Marion County, Indiana","4913","792","2006","474","78","90","140","123","80","68","127","100","208","120","124","133","0","12","171","120","59","80","116","99","235","217","93","128","29","46","54","67","89","73","127","98","95","80","34","40","21","32","53","48","19","29","37","51","17","28","2907","581","125","132","111","113","309","209","65","98","61","66","284","206","41","54","83","105","223","144","196","118","226","138","291","196","107","90","323","171","149","90","97","88","44","72","0","12","58","50","40","53","38","52","18","28","18","29",
"1400000US18097330212","Census Tract 3302.12, Marion County, Indiana","4968","862","2242","512","69","64","116","81","241","222","68","55","32","40","0","12","0","12","56","55","496","332","141","83","221","168","103","76","178","115","105","80","146","92","54","68","0","12","46","38","75","52","64","52","7","13","7","12","17","30","2726","530","143","109","144","111","321","152","198","216","143","116","0","12","13","21","312","253","112","71","198","95","242","160","113","80","196","110","238","134","77","68","35","41","107","105","12","18","31","29","28","30","16","22","12","17","35","53",
"1400000US18097330213","Census Tract 3302.13, Marion County, Indiana","4490","923","2423","705","203","100","97","72","188","185","31","34","16","27","4","15","279","328","31","48","282","342","109","79","136","77","119","69","103","85","102","79","261","117","19","29","47","45","57","30","67","48","118","90","24","33","54","48","76","60","2067","297","64","45","42","42","118","80","44","38","84","77","0","12","33","64","190","218","77","53","182","92","115","66","19","21","115","80","105","80","371","148","42","27","54","52","17","27","51","48","43","47","67","55","159","74","75","58",
"1400000US18097330401","Census Tract 3304.01, Marion County, Indiana","6216","784","2999","471","152","97","338","129","270","134","68","85","116","114","64","76","0","17","66","75","204","163","136","100","184","75","64","48","184","110","251","124","139","82","134","122","119","90","35","34","78","58","112","92","110","71","41","40","134","153","3217","520","115","91","212","176","83","80","192","114","144","147","0","17","20","32","139","119","215","177","153","77","157","78","239","143","226","102","158","99","354","195","99","75","96","66","105","60","80","67","122","92","125","80","150","107","33","37",
"1400000US18097330500","Census Tract 3305, Marion County, Indiana","6447","1223","2748","542","197","130","188","195","144","138","45","68","105","90","0","17","0","17","0","17","131","139","152","105","192","114","274","288","163","234","148","109","172","129","91","82","118","88","101","95","246","94","103","96","36","37","98","59","44","39","3699","928","171","124","535","404","64","64","203","165","126","117","28","43","97","120","196","243","198","157","157","133","185","144","176","151","150","222","207","132","379","167","68","81","175","104","120","79","157","75","130","92","107","64","29","38","41","47",
"1400000US18097330600","Census Tract 3306, Marion County, Indiana","7081","1121","3541","783","188","142","246","136","666","231","34","52","48","55","85","80","15","26","173","190","101","74","227","142","75","90","624","211","68","66","57","54","143","129","26","38","592","622","19","33","9","15","34","33","33","34","32","39","46","55","3540","662","568","108","600","144","228","145","117","140","44","71","8","14","0","17","57","64","483","302","353","80","354","258","70","56","27","47","121","90","159","109","45","51","91","57","22","34","12","20","66","64","38","36","47","56","30","34",
"1400000US18097330701","Census Tract 3307.01, Marion County, Indiana","2086","650","1073","437","34","65","0","12","118","181","0","12","0","12","0","12","15","36","64","98","162","128","338","295","12","19","37","59","73","82","68","108","62","54","42","49","15","25","0","12","33","55","0","12","0","12","0","12","0","12","1013","311","61","44","119","85","128","83","0","12","0","12","0","12","0","12","91","62","35","57","45","55","250","250","11","26","66","72","55","50","37","42","43","45","12","21","0","12","39","71","21","30","0","12","0","12","0","12",
"1400000US18097330702","Census Tract 3307.02, Marion County, Indiana","3708","795","1835","592","284","300","173","124","89","77","167","148","0","12","28","44","27","45","65","99","38","51","13","24","198","130","308","147","42","61","55","68","164","99","0","12","62","58","0","12","63","43","59","53","0","12","0","12","0","12","1873","339","60","79","150","123","110","116","24","33","75","59","0","12","0","12","2","5","79","67","127","88","147","98","142","91","172","152","20","31","238","158","18","26","34","41","116","85","0","12","134","79","151","108","43","51","31","30",
"1400000US18097330803","Census Tract 3308.03, Marion County, Indiana","3711","915","1733","456","310","232","268","104","186","127","102","103","61","68","0","12","0","12","110","81","63","66","58","57","30","30","146","101","98","65","148","99","40","38","0","12","30","34","7","11","20","26","0","12","15","25","7","12","34","35","1978","606","206","138","149","116","100","90","94","79","63","60","39","57","40","44","11","16","429","327","130","74","54","55","135","76","129","69","111","105","116","69","36","34","29","34","29","36","16","26","48","42","14","26","0","12","0","12",
"1400000US18097330804","Census Tract 3308.04, Marion County, Indiana","3247","788","1771","728","191","124","186","112","68","59","27","37","11","19","20","31","0","12","49","44","167","125","376","335","108","65","43","45","304","267","11","17","34","44","12","18","11","17","85","117","62","92","6","10","0","12","0","12","0","12","1476","315","88","81","130","97","166","86","62","58","53","56","0","12","29","48","25","29","174","98","175","98","128","94","78","59","79","80","52","46","39","34","19","25","41","43","35","35","13","13","52","36","23","28","0","12","15","19",
"1400000US18097330805","Census Tract 3308.05, Marion County, Indiana","2215","454","936","244","112","94","84","94","57","54","0","12","10","17","0","12","0","12","0","12","210","128","57","63","22","43","116","84","0","12","23","26","76","61","0","12","43","43","34","43","30","31","32","25","14","16","0","12","16","24","1279","285","210","115","54","51","86","70","22","38","0","12","17","38","0","12","92","68","103","80","79","45","50","49","84","62","62","71","19","22","46","40","36","39","122","73","26","37","51","34","34","27","32","30","7","12","47","53",
"1400000US18097330806","Census Tract 3308.06, Marion County, Indiana","4746","1380","2057","673","110","88","397","314","376","296","57","62","36","41","26","44","12","20","71","82","140","108","109","84","172","112","99","88","93","81","64","58","155","79","35","40","15","24","34","46","12","20","0","12","0","12","15","24","29","29","2689","807","160","114","212","129","596","448","85","78","21","35","10","17","18","28","54","57","229","159","163","107","142","100","240","91","37","30","80","56","113","74","228","243","26","25","47","55","41","47","73","68","37","34","44","39","33","37",
"1400000US18097330900","Census Tract 3309, Marion County, Indiana","6149","972","2219","394","120","114","304","176","242","214","27","33","48","68","106","116","0","17","123","160","217","150","60","71","194","140","90","90","290","282","67","62","49","53","53","68","52","64","49","49","0","17","44","40","42","37","0","17","42","51","3930","737","434","275","41","52","409","264","71","88","127","108","0","17","127","138","198","132","302","174","541","231","56","88","181","137","437","266","226","118","260","132","30","41","74","63","60","53","53","49","225","279","55","51","0","17","23","40",
"1400000US18097331000","Census Tract 3310, Marion County, Indiana","3867","1056","1789","488","71","60","183","182","113","160","57","60","13","20","16","28","19","31","17","23","120","110","145","105","68","60","127","78","84","75","220","113","92","54","54","49","80","47","3","6","64","42","89","80","52","41","58","44","44","33","2078","644","113","101","184","206","159","233","116","80","11","20","0","12","48","49","23","33","52","62","221","220","142","90","51","49","102","64","236","125","86","62","19","26","78","63","70","49","91","52","122","61","54","34","42","33","58","40",
"1400000US18097340101","Census Tract 3401.01, Marion County, Indiana","5059","756","2583","490","344","177","131","64","117","61","77","47","47","53","0","17","23","29","140","97","116","94","158","109","96","51","101","76","159","79","105","47","150","71","94","78","56","40","10","15","127","94","54","35","344","298","124","152","10","18","2476","418","56","41","123","65","156","107","152","97","84","60","65","63","80","86","65","53","87","59","95","62","131","74","174","80","136","63","131","62","193","61","82","66","40","43","88","61","98","95","250","210","95","61","44","33","51","61",
"1400000US18097340102","Census Tract 3401.02, Marion County, Indiana","3560","651","1646","337","217","271","57","60","108","98","35","38","26","27","14","25","45","43","36","37","196","151","121","90","151","74","86","89","93","70","41","45","18","26","40","44","97","55","25","23","46","43","42","31","74","31","40","39","38","26","1914","465","85","75","100","89","160","163","50","62","99","95","87","88","0","12","29","30","199","134","50","49","102","83","153","113","86","67","66","42","82","67","109","76","77","46","8","12","28","24","130","86","54","30","95","61","65","65",
"1400000US18097340108","Census Tract 3401.08, Marion County, Indiana","2464","394","1316","256","48","39","120","91","110","78","0","12","51","41","0","12","6","9","106","55","140","70","137","62","138","69","57","51","85","53","44","42","89","58","94","91","28","26","10","22","16","19","6","9","0","12","21","31","10","23","1148","255","76","53","78","61","123","75","11","18","38","31","87","53","17","23","85","67","112","71","83","47","62","36","49","41","102","66","49","38","22","13","0","12","34","31","16","15","24","20","24","25","21","31","0","12","35","37",
"1400000US18097340111","Census Tract 3401.11, Marion County, Indiana","3416","293","1486","243","103","56","22","24","122","73","103","63","86","82","11","17","0","12","84","96","88","69","92","64","124","65","98","82","134","74","79","50","107","65","33","43","60","38","35","33","53","29","30","25","0","12","0","12","22","33","1930","190","40","37","48","36","158","85","284","90","32","29","0","12","22","26","42","31","91","50","135","43","184","83","234","74","65","39","172","106","95","51","19","24","89","50","113","87","62","36","10","15","14","19","21","22","0","12",
"1400000US18097340112","Census Tract 3401.12, Marion County, Indiana","4346","459","2041","399","108","86","127","102","135","85","6","8","34","35","88","62","58","76","123","80","380","236","42","43","116","111","245","130","70","55","77","49","88","54","99","101","21","27","17","27","8","16","93","74","39","37","38","31","29","33","2305","327","255","177","69","65","110","89","88","68","53","43","18","28","12","15","78","62","310","151","168","105","116","70","90","66","180","79","152","99","120","79","53","43","14","21","20","25","36","41","77","49","94","51","96","86","96","84",
"1400000US18097340113","Census Tract 3401.13, Marion County, Indiana","4263","763","2021","527","255","173","274","272","140","103","128","101","73","94","36","36","0","12","57","73","28","26","55","50","52","30","284","212","111","75","76","40","111","50","13","17","86","45","20","17","86","57","27","24","48","50","19","22","42","41","2242","415","90","69","130","122","92","74","82","53","0","12","7","11","14","16","87","68","37","33","109","69","180","93","211","150","308","144","106","48","108","54","64","54","36","32","41","29","62","55","93","56","53","29","54","34","278","221",
"1400000US18097340114","Census Tract 3401.14, Marion County, Indiana","3863","431","1910","215","148","78","90","60","124","56","109","64","67","78","30","28","13","20","43","26","99","50","90","71","104","54","112","68","157","55","96","47","130","50","46","31","147","67","44","33","27","20","138","72","47","34","27","24","22","19","1953","292","76","55","50","56","181","73","108","59","12","17","0","12","78","69","40","27","141","79","22","17","94","53","264","72","129","54","174","66","134","76","33","23","81","43","25","20","68","37","173","165","39","31","14","17","17","17",
"1400000US18097340115","Census Tract 3401.15, Marion County, Indiana","5933","772","2798","473","286","229","72","51","202","131","70","55","29","34","82","93","61","69","173","129","440","178","148","129","280","169","175","103","221","166","81","82","135","61","62","46","67","54","20","20","31","23","120","59","29","30","14","23","0","17","3135","633","350","341","131","120","234","196","35","43","37","28","51","67","51","58","131","78","303","205","196","109","332","140","153","83","146","107","212","128","267","115","42","34","83","51","147","216","43","30","52","34","75","62","48","32","16","19",
"1400000US18097340201","Census Tract 3402.01, Marion County, Indiana","3461","580","1663","311","170","141","52","75","119","81","85","61","0","12","83","72","95","79","99","86","190","109","78","57","150","93","113","86","76","66","84","62","83","58","26","22","7","12","15","17","93","120","16","17","14","16","7","12","8","12","1798","341","168","138","253","108","189","124","49","41","51","47","12","20","23","30","25","30","130","85","121","78","137","69","30","26","110","78","174","82","95","57","33","27","29","34","11","17","58","44","19","19","22","23","15","16","44","36",
"1400000US18097340202","Census Tract 3402.02, Marion County, Indiana","4386","626","2134","452","469","370","132","89","40","32","31","30","45","39","22","32","48","60","76","49","297","145","82","49","62","64","165","89","82","63","199","128","109","63","24","22","44","38","0","12","77","45","33","27","11","15","23","21","63","47","2252","391","241","179","126","89","122","71","73","60","33","41","23","22","38","31","126","80","305","181","167","91","137","98","94","49","177","98","157","99","146","66","8","13","35","26","18","19","53","43","52","33","33","27","49","31","39","43",
"1400000US18097340301","Census Tract 3403.01, Marion County, Indiana","3788","962","1929","494","255","124","203","105","86","88","81","70","0","12","0","12","0","12","24","40","125","86","57","61","185","85","300","309","28","52","373","222","0","12","122","127","35","57","0","12","18","29","0","12","0","12","25","28","12","19","1859","754","342","346","217","219","28","27","98","97","0","12","63","88","0","12","43","53","274","299","37","53","191","72","14","24","135","82","180","92","74","80","29","31","19","34","0","12","66","58","0","12","14","23","23","25","12","20",
"1400000US18097340302","Census Tract 3403.02, Marion County, Indiana","5088","1118","2693","720","573","318","117","149","103","100","84","89","44","55","0","17","0","17","61","92","268","142","450","329","218","221","86","69","137","119","85","86","106","99","0","17","190","235","38","62","54","79","79","64","0","17","0","17","0","17","2395","613","297","199","164","176","211","167","72","82","235","147","34","55","0","17","227","125","174","166","91","75","237","139","60","62","85","88","54","66","127","103","133","210","139","93","14","22","13","22","28","29","0","17","0","17","0","17",
"1400000US18097340400","Census Tract 3404, Marion County, Indiana","3720","610","1917","483","108","76","67","66","199","88","87","64","57","53","179","269","83","93","46","53","127","74","150","89","132","103","266","227","46","39","100","104","86","81","6","11","55","37","30","35","32","26","28","24","15","20","18","26","0","12","1803","340","204","113","194","134","33","42","118","90","9","17","0","12","0","12","99","68","263","142","70","56","111","88","0","12","134","94","290","127","49","54","21","22","45","32","20","19","28","22","38","26","33","49","14","22","30","39",
"1400000US18097340500","Census Tract 3405, Marion County, Indiana","6138","848","2367","450","337","181","139","75","113","102","33","50","209","94","228","188","199","174","196","128","167","120","151","100","51","52","49","58","92","72","51","38","115","75","42","61","60","67","56","47","26","24","22","21","0","17","3","8","28","44","3771","734","252","160","313","230","164","86","108","97","314","114","118","75","220","179","221","124","438","263","290","129","264","112","82","69","85","65","175","110","243","257","36","23","51","72","0","17","145","142","36","49","45","62","44","43","127","177",
"1400000US18097340600","Census Tract 3406, Marion County, Indiana","5457","989","2794","601","231","105","156","79","354","247","201","178","13","8","19","24","0","17","207","106","252","156","194","114","185","98","177","112","103","66","152","68","228","85","70","71","32","41","49","44","52","38","64","38","5","9","28","26","22","30","2663","482","158","165","162","91","246","104","121","66","50","54","0","17","60","65","128","77","344","195","125","59","126","82","155","130","109","77","187","94","193","105","61","45","76","44","51","35","100","52","53","44","18","28","44","39","96","62",
"1400000US18097340700","Census Tract 3407, Marion County, Indiana","4886","847","2056","448","115","103","208","136","210","157","74","102","102","123","2","36","20","25","25","33","84","57","279","237","188","153","34","54","167","102","108","61","183","135","133","130","30","38","8","14","19","33","33","29","8","16","16","20","10","16","2830","688","442","260","345","218","149","160","183","176","82","113","0","12","0","12","73","67","283","142","260","158","135","117","86","96","154","97","95","63","110","71","8","14","45","35","134","153","16","18","120","135","22","24","32","41","56","53",
"1400000US18097340800","Census Tract 3408, Marion County, Indiana","1633","223","839","124","27","30","49","31","46","39","40","21","24","23","21","19","8","13","70","75","23","19","20","17","56","27","62","39","32","22","104","37","65","27","15","16","28","23","23","22","31","18","29","18","42","22","15","12","9","10","794","144","22","20","53","33","24","18","19","18","21","17","13","13","14","14","12","11","55","27","48","37","25","17","17","15","65","28","83","68","53","24","41","40","42","24","18","17","24","15","44","24","54","30","27","28","20","15",
"1400000US18097340901","Census Tract 3409.01, Marion County, Indiana","3991","559","1914","364","126","78","136","100","279","153","110","142","18","29","0","12","0","12","81","64","204","115","119","86","81","59","99","72","140","85","155","62","95","62","41","32","36","32","54","40","32","27","37","39","24","30","10","16","37","33","2077","294","112","98","252","127","132","97","91","72","41","48","8","14","0","12","90","74","266","124","184","71","70","46","150","91","147","85","123","67","138","77","52","44","49","29","57","39","41","34","9","14","27","19","20","22","18","19",
"1400000US18097340903","Census Tract 3409.03, Marion County, Indiana","1515","465","542","230","7","24","17","37","0","12","0","12","16","25","18","32","22","35","0","12","183","162","74","122","10","21","50","78","62","90","25","43","37","43","0","12","0","12","0","12","15","23","0","12","0","12","0","12","6","20","973","346","104","169","0","12","20","41","0","12","0","12","54","77","87","125","37","44","299","163","108","120","8","18","0","12","14","24","0","12","88","98","26","40","0","12","0","12","16","26","0","12","112","156","0","12","0","12",
"1400000US18097340904","Census Tract 3409.04, Marion County, Indiana","4742","649","2330","419","186","147","101","69","71","67","85","66","71","100","4","37","0","12","109","88","385","201","219","99","217","148","97","93","157","105","104","66","74","58","1","19","30","38","44","45","7","13","253","319","100","63","0","12","15","27","2412","542","271","242","224","168","152","146","23","38","67","87","62","85","55","88","186","139","229","106","87","104","220","162","65","58","210","117","0","12","98","68","65","58","56","67","29","32","45","41","95","59","63","51","78","69","32","43",
"1400000US18097341000","Census Tract 3410, Marion County, Indiana","1626","223","832","154","59","54","60","48","34","26","10","15","20","23","0","12","18","28","27","24","69","34","63","30","94","48","44","27","52","38","107","50","53","30","5","7","9","10","14","11","19","20","43","27","19","18","8","9","5","7","794","140","61","34","50","37","26","24","34","23","8","10","28","33","0","12","14","13","55","28","69","43","55","31","52","27","75","36","56","33","96","35","7","9","6","7","5","7","27","19","17","13","35","22","4","7","14","17",
"1400000US18097341100","Census Tract 3411, Marion County, Indiana","2210","384","1301","284","62","54","159","85","138","88","58","43","36","35","7","14","0","12","22","26","0","12","82","47","98","53","37","43","61","51","79","52","116","58","20","24","33","31","7","12","3","8","260","124","13","15","0","12","10","20","909","157","44","54","0","12","68","72","0","12","24","35","45","50","20","23","12","19","48","40","133","72","92","70","18","26","74","50","69","42","64","39","80","42","21","22","5","10","8","12","23","16","29","27","27","26","5","10",
"1400000US18097341200","Census Tract 3412, Marion County, Indiana","2627","720","1259","408","75","80","179","98","50","47","155","216","63","98","28","43","48","37","0","12","130","76","28","32","14","17","106","90","80","57","36","36","90","46","48","42","86","90","29","32","4","8","0","12","4","9","6","9","0","12","1368","363","181","107","107","75","89","68","54","41","26","31","21","33","12","19","13","14","93","60","50","35","122","136","132","107","82","59","126","112","91","42","26","30","16","15","13","14","18","16","0","12","20","20","30","36","46","39",
"1400000US18097341600","Census Tract 3416, Marion County, Indiana","1884","368","834","183","109","57","161","81","29","33","5","19","23","33","0","12","50","62","2","11","102","76","38","50","38","40","19","27","26","41","47","57","65","39","30","27","50","49","8","12","7","11","20","29","5","8","0","12","0","12","1050","279","62","76","57","60","90","77","79","52","15","28","80","76","0","12","7","10","103","72","22","15","97","73","17","25","38","45","58","56","16","26","8","15","91","60","7","10","39","52","30","26","27","24","19","22","88","143",
"1400000US18097341701","Census Tract 3417.01, Marion County, Indiana","2825","595","1661","482","150","79","273","137","203","129","80","71","16","22","0","12","2","14","131","137","59","64","101","85","62","64","141","96","176","101","60","63","27","30","64","54","66","83","10","11","35","41","5","8","0","12","0","12","0","12","1164","249","54","54","197","134","74","76","13","21","0","12","9","16","13","18","88","80","163","106","106","64","44","48","30","30","52","44","43","36","113","84","0","12","47","42","65","59","5","8","4","8","7","13","11","15","26","35",
"1400000US18097341702","Census Tract 3417.02, Marion County, Indiana","2285","983","1165","484","101","45","84","54","109","169","65","34","11","20","0","12","0","12","0","12","154","96","117","165","199","194","77","91","36","43","30","31","82","56","2","6","34","37","9","15","28","33","27","22","0","12","0","12","0","12","1120","678","24","27","10","17","321","458","32","31","0","12","16","29","0","12","37","37","113","72","157","201","83","44","14","19","67","40","23","33","69","58","15","25","15","24","54","46","20","23","4","11","35","36","11","17","0","12",
"1400000US18097341902","Census Tract 3419.02, Marion County, Indiana","3942","759","1734","336","119","48","172","113","95","73","40","36","70","61","6","11","0","12","71","58","100","77","159","139","117","86","68","43","96","68","107","65","136","49","72","46","94","56","0","12","10","16","80","43","10","16","19","22","93","93","2208","478","114","98","94","63","312","219","119","91","38","29","6","11","0","12","39","34","234","116","163","95","106","134","131","99","149","89","54","36","178","53","113","73","51","41","10","14","60","37","64","49","52","38","54","40","67","36",
"1400000US18097341903","Census Tract 3419.03, Marion County, Indiana","5904","899","3075","602","110","129","433","177","176","166","216","152","0","17","0","17","13","21","79","90","266","157","273","207","213","169","432","384","303","190","151","142","195","107","38","45","0","17","24","31","18","24","20","30","37","42","67","82","11","23","2829","555","192","240","253","181","291","173","173","147","43","54","0","17","72","100","18","31","248","128","211","155","173","105","246","148","281","179","91","78","142","133","32","44","124","98","0","17","148","162","0","17","43","58","15","23","33","40",
"1400000US18097341904","Census Tract 3419.04, Marion County, Indiana","2011","216","1001","156","119","77","129","70","92","44","58","39","5","9","0","12","0","12","52","36","43","31","87","43","99","44","87","62","45","31","53","38","12","12","23","24","31","36","9","14","15","14","15","16","27","21","0","12","0","12","1010","177","51","35","73","43","86","32","38","26","15","19","36","33","34","31","45","31","139","88","137","47","90","42","53","36","40","25","35","25","39","26","21","15","47","26","0","12","15","15","16","19","0","12","0","12","0","12",
"1400000US18097342000","Census Tract 3420, Marion County, Indiana","6668","1236","3128","577","208","150","182","143","351","170","257","222","20","39","93","143","0","17","90","93","138","107","162","109","277","172","206","140","331","233","189","130","257","205","78","50","81","73","10","16","90","64","44","34","60","56","0","17","4","9","3540","905","170","124","466","339","564","387","111","106","70","102","33","39","34","50","5","10","183","133","109","91","453","171","237","122","247","170","112","133","309","159","0","17","87","58","19","31","22","23","151","95","57","42","84","113","17","17",
"1400000US18097342101","Census Tract 3421.01, Marion County, Indiana","5688","592","2574","385","309","159","190","161","259","143","74","74","46","43","17","20","52","68","17","20","95","70","164","89","102","88","305","152","108","87","281","220","176","70","67","54","49","47","18","21","119","138","90","48","27","23","0","17","9","13","3114","457","181","127","311","175","349","179","213","137","78","68","0","17","25","30","64","90","308","156","159","118","271","131","113","99","76","58","339","186","147","76","99","58","131","79","61","47","46","42","94","43","20","22","11","17","18","25",
"1400000US18097342200","Census Tract 3422, Marion County, Indiana","5703","910","2856","533","405","288","314","114","87","69","111","110","24","29","14","22","96","73","130","68","307","147","233","135","265","128","76","57","132","78","283","280","190","74","55","57","13","20","0","17","5","8","8","15","92","140","8","15","8","13","2847","554","324","144","287","121","248","153","95","62","44","37","29","34","40","47","180","127","313","195","98","74","74","67","159","89","104","60","200","215","192","104","60","77","59","56","10","13","20","34","172","223","41","39","77","37","21","19",
"1400000US18097342300","Census Tract 3423, Marion County, Indiana","6678","1115","3550","740","378","253","322","158","148","104","373","278","69","83","0","17","168","156","89","87","216","158","178","109","356","212","33","53","136","112","305","211","382","230","34","40","82","81","83","103","30","30","111","77","35","34","13","24","9","15","3128","502","265","178","160","125","165","100","85","92","54","67","52","63","53","54","247","157","238","121","146","115","293","173","199","150","255","153","114","80","155","77","63","73","91","58","93","67","145","78","87","76","30","34","73","62","65","53",
"1400000US18097342400","Census Tract 3424, Marion County, Indiana","1546","286","860","162","50","37","90","74","22","25","17","16","13","14","0","12","2","4","20","24","45","31","37","30","74","43","38","28","40","37","101","56","63","45","13","12","104","72","10","11","31","27","64","46","21","16","0","12","5","8","686","162","6","10","32","28","36","32","19","18","5","8","0","12","0","12","14","15","31","24","66","55","29","20","50","49","38","29","49","53","49","35","44","56","108","111","16","26","36","29","31","38","0","12","15","15","12","13",
"1400000US18097342500","Census Tract 3425, Marion County, Indiana","4618","751","2363","521","241","204","312","261","238","153","92","69","45","47","0","12","9","14","36","43","299","156","149","99","160","99","2","8","89","65","173","86","111","79","75","65","76","55","86","92","67","37","64","47","18","21","14","16","7","10","2255","330","139","97","301","159","249","121","49","43","66","58","0","12","0","12","27","30","261","153","210","119","159","90","105","82","40","33","106","68","176","86","42","33","57","54","20","26","102","95","49","56","69","46","6","12","22","21",
"1400000US18097342600","Census Tract 3426, Marion County, Indiana","3780","568","2003","389","166","92","331","145","77","49","109","72","0","12","37","40","7","11","93","110","165","114","249","133","94","50","31","34","134","96","102","83","106","70","0","12","27","29","126","120","53","35","15","17","20","21","61","49","0","12","1777","354","123","91","112","90","166","139","56","61","7","10","21","31","44","57","36","42","223","102","145","78","6","11","102","81","81","57","72","51","280","254","67","71","39","30","29","35","74","63","35","25","33","31","19","20","7","11",
"1400000US18097350100","Census Tract 3501, Marion County, Indiana","1259","291","669","171","17","28","107","100","14","25","49","48","9","15","0","12","42","45","48","45","74","68","79","55","15","26","34","40","24","31","22","23","66","56","0","12","18","17","0","12","28","34","14","13","0","12","0","12","9","15","590","183","0","12","20","32","103","98","3","5","0","12","0","12","0","12","0","12","0","12","85","55","63","53","54","45","2","6","121","65","58","44","0","12","23","24","14","17","6","9","10","12","15","23","4","15","9","16",
"1400000US18097350300","Census Tract 3503, Marion County, Indiana","2290","589","925","218","117","110","15","23","29","47","20","42","5","10","16","24","40","64","9","15","151","91","113","58","42","41","25","21","126","104","38","29","32","40","0","12","24","25","8","12","0","12","40","42","38","46","26","25","11","14","1365","487","63","91","23","36","57","71","53","57","31","64","22","44","0","12","86","56","199","113","74","60","30","36","186","190","26","41","134","137","44","44","18","20","92","77","32","30","119","183","39","32","18","25","19","24","0","12",
"1400000US18097350400","Census Tract 3504, Marion County, Indiana","2605","494","1575","362","32","29","112","139","83","83","41","57","98","126","104","94","8","12","62","51","162","121","186","89","74","55","72","50","38","41","91","56","71","45","49","46","79","40","13","17","56","32","46","44","35","37","52","43","11","14","1030","216","23","27","31","27","130","83","11","19","22","29","0","12","0","12","81","49","56","37","109","81","113","59","37","48","24","27","49","41","90","53","6","11","56","33","20","20","8","13","52","37","16","25","74","46","22","35",
"1400000US18097350500","Census Tract 3505, Marion County, Indiana","2379","485","1005","213","64","47","71","51","39","41","53","50","27","43","43","55","0","12","68","59","81","70","53","44","56","54","56","55","33","31","66","51","72","53","41","35","38","23","4","8","17","20","31","34","44","30","6","10","42","40","1374","330","129","94","143","81","53","55","36","42","0","12","39","49","6","10","127","103","39","41","100","65","55","45","32","34","91","68","117","66","90","40","38","39","29","30","15","17","37","26","84","86","33","38","20","18","61","56",
"1400000US18097350600","Census Tract 3506, Marion County, Indiana","5484","815","2386","579","195","154","142","101","134","109","180","134","41","60","11","20","12","18","39","55","367","348","46","51","54","55","213","161","74","63","197","140","71","82","82","78","254","233","18","21","27","25","93","53","54","44","0","17","82","58","3098","467","146","111","90","79","288","213","130","105","93","118","4","16","63","71","59","55","239","153","116","77","140","116","196","165","213","135","83","60","192","94","123","71","170","99","94","74","73","55","73","52","52","50","231","159","230","275",
"1400000US18097350700","Census Tract 3507, Marion County, Indiana","1567","371","705","228","31","35","48","43","33","30","10","17","0","12","3","10","0","12","6","12","23","31","71","67","43","37","0","12","81","61","70","50","27","31","10","15","43","37","0","12","34","34","0","12","137","185","35","26","0","12","862","220","72","54","73","61","53","48","17","22","8","13","0","12","0","12","57","55","87","65","25","26","75","55","31","26","35","33","62","44","44","27","31","42","40","32","23","29","7","10","36","50","34","31","7","12","45","33",
"1400000US18097350800","Census Tract 3508, Marion County, Indiana","1608","403","748","244","103","72","115","87","101","72","24","29","0","12","0","12","0","12","0","12","122","103","36","28","23","37","22","22","63","49","13","20","33","31","6","10","21","31","0","12","20","23","0","12","4","8","42","38","0","12","860","210","99","64","33","34","32","32","0","12","0","12","62","72","17","21","57","45","131","60","25","42","32","34","74","52","52","35","93","46","18","26","7","11","35","34","0","12","43","29","8","11","29","26","0","12","13","14",
"1400000US18097350900","Census Tract 3509, Marion County, Indiana","1366","310","623","190","67","64","43","37","27","30","0","12","12","19","11","17","0","12","0","12","57","38","155","137","36","32","40","23","32","35","39","27","25","22","6","10","0","12","11","17","10","16","37","26","0","12","6","9","9","14","743","184","61","50","44","42","63","41","25","28","0","12","0","12","18","23","4","8","77","50","74","45","82","70","84","54","13","14","11","17","41","27","35","33","0","12","29","46","19","21","32","24","14","23","0","12","17","18",
"1400000US18097351000","Census Tract 3510, Marion County, Indiana","2609","532","981","270","169","143","130","94","23","37","17","26","0","12","68","75","91","90","24","26","85","70","66","65","0","12","59","45","76","82","36","23","29","48","9","14","4","9","0","12","20","29","22","23","29","32","16","21","8","14","1628","412","38","47","108","107","126","81","67","67","34","51","16","26","0","12","119","103","101","73","70","71","116","96","140","70","105","80","40","40","180","87","13","20","262","283","21","23","2","4","21","23","25","29","24","25","0","12",
"1400000US18097351200","Census Tract 3512, Marion County, Indiana","2784","643","1226","427","138","70","118","84","133","103","61","53","8","13","20","26","23","35","18","30","30","24","45","44","25","27","85","68","9","17","44","46","201","230","39","36","38","30","21","34","123","167","33","43","4","7","10","15","0","12","1558","361","311","220","119","90","74","69","11","17","40","47","22","33","44","34","33","40","48","54","138","110","106","68","56","61","90","60","98","68","62","36","71","86","62","41","47","43","26","20","59","52","17","18","6","11","18","16",
"1400000US18097351500","Census Tract 3515, Marion County, Indiana","1653","372","887","263","0","12","53","42","9","14","27","42","30","45","11","15","9","10","14","15","208","103","177","190","86","53","43","49","64","41","43","41","26","23","13","18","18","22","11","23","5","8","7","11","0","12","24","24","9","19","766","192","68","95","23","38","34","47","1","2","39","46","0","12","0","12","87","41","153","82","72","48","23","20","32","35","42","33","45","29","35","25","17","20","49","38","4","7","4","9","6","9","7","9","5","8","20","22",
"1400000US18097351600","Census Tract 3516, Marion County, Indiana","2553","396","1340","225","77","41","10","16","53","60","60","43","39","39","53","59","0","12","79","84","288","133","190","84","121","70","50","42","70","35","27","28","95","67","17","18","28","27","48","46","9","14","13","18","13","18","0","12","0","12","1213","274","100","56","30","30","47","43","69","102","49","64","14","21","0","12","62","61","159","58","164","82","95","50","95","59","87","55","40","35","82","85","24","28","33","35","28","22","0","12","0","12","17","21","0","12","18","26",
"1400000US18097351700","Census Tract 3517, Marion County, Indiana","2427","390","1378","271","174","139","133","87","34","31","1","4","0","12","0","12","13","20","0","12","140","83","250","208","136","71","23","28","101","62","131","88","61","42","56","59","86","47","0","12","22","22","0","12","14","16","0","12","3","7","1049","195","78","54","62","40","43","56","23","26","0","12","0","12","15","24","72","61","95","61","169","71","106","55","67","56","92","77","21","34","93","64","28","25","0","12","13","20","35","42","15","22","0","12","22","26","0","12",
"1400000US18097351900","Census Tract 3519, Marion County, Indiana","2630","458","1040","158","62","49","59","45","54","48","45","40","8","13","0","12","29","25","52","53","133","90","58","46","97","52","52","50","48","32","47","30","66","40","3","5","9","10","40","43","31","19","55","33","36","29","42","44","14","13","1590","394","149","168","52","39","133","68","25","30","42","35","0","12","5","9","131","135","112","63","25","32","87","52","40","38","139","98","119","59","149","63","3","6","19","17","18","15","47","33","136","112","74","47","32","26","53","45",
"1400000US18097352100","Census Tract 3521, Marion County, Indiana","2127","415","1172","280","130","75","120","92","82","54","98","82","37","27","26","38","18","25","24","27","152","177","41","44","64","39","86","47","62","40","44","30","49","32","11","13","19","17","15","15","26","40","31","20","13","15","16","16","8","12","955","185","63","51","50","37","63","51","69","56","18","20","0","12","7","11","85","55","35","30","68","55","39","40","67","52","13","15","116","53","86","37","13","19","45","37","14","17","14","15","48","25","8","11","21","18","13","13",
"1400000US18097352300","Census Tract 3523, Marion County, Indiana","1120","280","482","138","10","12","16","21","40","37","14","22","17","28","0","12","0","12","18","28","33","31","18","20","64","44","0","12","33","34","69","81","15","14","12","14","20","17","49","30","37","31","11","16","0","12","6","9","0","12","638","199","8","14","15","16","0","12","20","22","36","36","6","9","0","12","13","18","17","18","51","46","14","21","74","52","24","25","26","30","56","40","12","13","21","22","18","20","136","175","42","24","29","17","11","16","9","12",
"1400000US18097352400","Census Tract 3524, Marion County, Indiana","2877","616","1308","266","120","97","83","75","94","79","36","52","17","26","0","12","41","49","13","19","127","103","121","72","254","131","68","62","70","43","58","45","39","28","32","28","59","46","0","12","34","31","38","29","0","12","4","8","0","12","1569","424","142","162","124","118","120","90","28","48","26","43","61","75","0","12","107","107","47","41","150","105","66","57","213","129","67","50","59","55","180","72","25","29","32","28","16","18","20","32","44","43","26","24","16","25","0","12",
"1400000US18097352500","Census Tract 3525, Marion County, Indiana","2982","425","1594","357","116","99","59","51","10","14","35","31","0","12","44","51","29","44","58","58","96","64","161","75","45","32","283","252","96","70","122","62","170","85","61","45","47","41","43","39","61","52","43","30","0","12","0","12","15","23","1388","241","96","68","47","37","73","55","10","15","43","34","0","12","56","64","0","12","160","67","126","60","71","54","33","33","99","50","140","88","139","67","46","37","19","17","91","116","25","21","38","45","18","15","23","27","35","42",
"1400000US18097352600","Census Tract 3526, Marion County, Indiana","3648","610","1724","415","161","118","146","80","200","141","32","32","24","39","15","28","0","12","81","64","125","89","103","66","186","87","96","76","125","86","78","46","75","54","37","36","61","45","22","24","75","115","20","25","44","39","0","12","18","24","1924","289","164","102","281","117","245","108","29","32","45","46","0","12","0","12","35","44","204","120","218","93","146","67","35","34","84","64","54","45","56","45","43","46","36","36","7","11","44","31","20","19","130","132","0","12","48","40",
"1400000US18097352700","Census Tract 3527, Marion County, Indiana","2172","517","959","341","76","60","55","68","165","159","11","28","0","12","0","12","0","12","54","70","78","67","93","51","94","86","20","31","23","28","73","64","14","20","0","12","52","50","0","12","28","42","52","46","36","45","0","12","35","56","1213","249","72","59","59","77","67","62","58","65","20","33","0","12","2","3","91","72","118","81","106","60","86","54","62","66","0","12","28","38","83","58","19","30","105","71","30","41","24","33","20","31","0","12","161","145","2","2",
"1400000US18097352800","Census Tract 3528, Marion County, Indiana","1265","314","599","149","12","22","2","5","55","47","102","89","0","12","0","12","0","12","46","61","42","45","36","52","27","19","44","48","56","52","6","12","33","33","33","31","23","26","0","12","42","49","11","14","0","12","8","13","21","24","666","230","0","12","37","57","53","63","14","23","26","28","0","12","15","14","9","22","98","110","39","57","66","49","28","37","94","50","34","30","26","25","0","12","35","26","11","17","12","15","9","15","8","16","12","14","40","30",
"1400000US18097353300","Census Tract 3533, Marion County, Indiana","2288","371","1251","263","33","46","11","17","0","12","18","21","0","12","0","12","76","70","143","104","296","131","130","76","112","72","81","34","46","36","55","35","49","35","19","22","5","12","60","64","15","19","58","62","0","12","16","18","28","32","1037","193","0","12","29","31","58","55","0","12","6","9","7","12","62","66","107","53","160","75","165","87","33","32","106","58","22","22","65","54","56","38","21","21","43","41","6","13","21","22","16","20","13","19","23","24","18","22",
"1400000US18097353500","Census Tract 3535, Marion County, Indiana","2379","475","1300","381","31","47","17","24","1","3","8","17","92","119","98","117","49","50","241","220","391","236","147","88","46","30","24","28","35","33","5","8","6","10","20","22","62","58","0","12","0","12","0","12","27","39","0","12","0","12","1079","306","4","9","2","4","24","26","12","16","104","96","86","65","52","51","218","195","194","101","41","32","34","35","6","15","0","12","106","93","22","21","0","12","6","11","23","31","10","15","18","27","0","12","96","107","21","31",
"1400000US18097353600","Census Tract 3536, Marion County, Indiana","3200","622","1637","434","118","82","117","82","171","149","23","33","139","120","24","22","0","12","138","83","287","208","66","37","115","69","75","51","72","65","68","36","63","44","40","45","51","38","16","25","0","12","25","26","5","9","21","20","3","6","1563","409","111","112","55","58","37","34","26","32","114","75","105","107","105","92","225","238","132","106","61","49","30","39","38","36","64","53","30","28","166","124","32","32","65","46","19","24","23","23","35","33","37","29","24","20","29","25",
"1400000US18097354201","Census Tract 3542.01, Marion County, Indiana","4966","510","3356","504","62","56","19","33","23","21","23","30","56","43","20","25","19","25","238","99","652","239","737","303","216","109","181","68","168","96","273","130","135","63","108","82","134","107","41","47","100","69","95","84","19","28","37","42","0","12","1610","292","31","52","0","12","24","23","0","12","0","12","14","22","0","12","123","114","581","225","237","89","0","12","41","49","17","17","90","58","101","67","0","12","140","144","26","31","17","28","45","42","104","90","19","29","0","12",
"1400000US18097354202","Census Tract 3542.02, Marion County, Indiana","3359","757","1823","708","80","37","0","12","0","12","7","17","0","12","0","12","16","26","71","69","247","96","232","128","118","57","269","286","43","39","263","313","99","69","71","53","58","42","12","20","130","134","84","75","0","12","23","25","0","12","1536","301","58","15","0","12","0","12","0","12","0","12","0","12","14","23","185","113","463","191","233","167","51","50","45","55","98","109","81","97","152","103","34","41","39","41","11","20","43","61","20","31","9","18","0","12","0","12",
"1400000US18097354400","Census Tract 3544, Marion County, Indiana","1543","307","732","149","11","13","36","26","12","13","0","12","0","12","0","12","0","12","12","17","52","31","117","41","82","35","107","70","22","19","44","30","146","134","16","16","49","33","0","12","7","10","0","12","19","18","0","12","0","12","811","187","57","38","45","36","6","9","0","12","0","12","0","12","4","6","37","32","118","44","114","44","84","45","12","15","58","37","130","146","43","30","0","12","33","32","8","11","4","6","0","12","27","23","19","25","12","12",
"1400000US18097354500","Census Tract 3545, Marion County, Indiana","2357","449","1198","253","54","36","113","55","27","21","40","34","12","16","4","6","0","12","28","35","113","48","167","61","185","142","54","52","122","66","84","38","80","49","15","16","36","24","7","8","11","11","13","13","8","8","25","28","0","12","1159","260","55","36","124","83","97","61","25","25","13","21","0","12","0","12","54","57","90","47","125","59","232","192","79","38","36","29","53","28","65","34","23","28","14","19","24","23","13","12","4","6","22","16","6","7","5","8",
"1400000US18097354700","Census Tract 3547, Marion County, Indiana","1535","284","790","192","34","30","48","37","76","47","18","22","12","14","0","12","4","7","12","12","214","140","110","42","98","47","19","18","35","19","25","23","39","23","13","15","8","10","13","17","0","12","9","15","0","12","3","8","0","12","745","159","53","50","23","18","73","53","77","50","3","6","24","23","5","10","68","62","98","49","91","48","75","34","7","11","58","30","46","30","0","12","8","9","11","16","0","12","10","16","15","16","0","12","0","12","0","12",
"1400000US18097354800","Census Tract 3548, Marion County, Indiana","1847","536","991","349","35","23","86","78","72","48","49","39","38","42","58","60","0","12","18","17","128","80","62","36","71","45","143","197","35","29","26","23","43","40","22","22","27","30","53","54","9","14","0","12","0","12","16","17","0","12","856","232","88","87","149","115","25","19","60","54","0","12","0","12","3","6","13","12","167","87","41","34","93","54","18","17","10","12","53","33","41","31","8","10","50","35","17","23","11","17","4","7","0","12","0","12","5","10",
"1400000US18097354900","Census Tract 3549, Marion County, Indiana","2604","404","1413","296","68","50","53","36","54","51","26","30","64","43","40","42","30","27","62","52","183","136","103","58","78","43","148","95","148","72","149","159","110","63","6","8","28","20","28","25","24","24","11","12","0","12","0","12","0","12","1191","228","99","70","23","37","49","48","69","55","6","8","0","12","11","13","36","31","107","71","86","61","156","67","29","25","60","50","92","46","182","108","25","24","39","32","9","11","50","67","43","33","9","13","6","9","5","7",
"1400000US18097355000","Census Tract 3550, Marion County, Indiana","2283","434","1225","277","180","110","160","74","82","60","91","54","21","24","0","12","0","12","10","12","107","62","95","62","102","65","54","43","81","51","116","87","29","26","6","11","25","26","9","12","5","7","41","28","11","9","0","12","0","12","1058","239","25","29","109","79","73","61","39","40","37","41","0","12","0","12","9","9","210","148","116","67","106","55","57","34","43","33","56","41","26","22","7","10","33","28","63","62","5","8","32","26","0","12","12","19","0","12",
"1400000US18097355100","Census Tract 3551, Marion County, Indiana","1917","516","957","445","43","38","134","90","57","40","0","12","19","19","0","12","15","18","40","38","80","56","10","16","51","38","21","25","28","32","71","45","34","27","281","412","16","17","11","11","12","12","26","27","0","12","4","6","4","6","960","211","86","69","129","58","58","51","6","10","30","24","12","20","0","12","26","19","60","30","78","35","64","43","66","40","82","54","86","65","40","26","10","11","37","28","32","26","19","12","37","28","2","5","0","12","0","12",
"1400000US18097355300","Census Tract 3553, Marion County, Indiana","2462","544","1235","294","134","105","230","201","12","20","49","60","0","12","0","12","0","12","18","27","60","72","57","46","43","37","142","76","84","54","81","59","18","24","83","60","45","45","49","46","33","26","47","40","39","34","11","17","0","12","1227","309","208","178","91","78","58","70","0","12","0","12","0","12","0","12","75","79","102","71","144","68","118","86","47","47","17","21","112","88","76","54","61","63","17","21","10","16","20","21","33","24","26","27","12","19","0","12",
"1400000US18097355400","Census Tract 3554, Marion County, Indiana","3101","522","1466","345","21","24","44","37","107","77","80","75","0","12","0","12","0","12","18","27","63","56","254","218","234","129","54","43","101","72","97","67","134","123","88","66","51","55","8","14","61","43","0","12","43","55","8","13","0","12","1635","330","42","53","181","114","227","114","136","80","41","51","9","15","9","14","19","24","36","32","206","117","154","104","101","67","133","96","70","45","69","60","53","44","91","44","26","25","9","14","9","13","9","14","5","9","0","12",
"1400000US18097355500","Census Tract 3555, Marion County, Indiana","4236","896","2072","392","244","143","163","161","170","119","19","31","0","12","15","23","0","12","31","34","166","111","195","145","134","78","110","98","190","113","157","127","126","59","69","88","49","33","91","102","101","74","11","17","0","12","21","24","10","18","2164","555","172","136","227","147","156","147","0","12","0","12","0","12","0","12","32","35","148","146","265","180","121","80","44","38","102","69","119","64","416","222","11","17","41","46","84","70","28","22","18","26","11","17","66","57","103","69",
"1400000US18097355600","Census Tract 3556, Marion County, Indiana","2158","465","1241","309","85","92","72","70","86","57","122","117","42","39","61","63","16","19","45","46","39","34","77","41","41","34","125","81","79","53","67","47","114","93","20","18","54","39","9","10","12","13","51","38","1","3","16","16","7","10","917","198","54","58","74","67","30","38","16","16","17","18","20","28","4","8","9","14","135","79","8","12","94","56","52","32","66","57","53","43","89","33","22","18","7","11","23","23","2","3","92","41","17","17","21","21","12","13",
"1400000US18097355700","Census Tract 3557, Marion County, Indiana","1839","336","944","199","56","49","48","43","81","56","46","41","11","13","7","9","0","12","37","35","35","27","66","44","0","12","63","45","83","49","44","41","42","38","120","74","15","17","29","31","28","29","22","21","3","6","87","130","21","27","895","199","70","59","15","16","25","29","40","39","0","12","33","38","15","15","46","35","52","40","35","29","43","35","75","42","53","43","104","59","36","38","14","14","28","23","22","12","13","11","42","24","104","126","16","12","14","21",
"1400000US18097355900","Census Tract 3559, Marion County, Indiana","1946","341","991","220","38","36","32","31","33","35","32","45","0","12","0","12","12","17","78","51","194","70","87","43","129","96","45","30","134","120","32","21","18","20","0","12","23","17","29","29","32","21","10","11","33","21","0","12","0","12","955","160","36","30","25","21","44","25","26","20","0","12","0","12","20","26","96","49","154","65","130","59","77","38","40","27","95","98","32","23","59","29","29","19","12","14","17","19","7","11","14","13","19","17","14","16","9","14",
"1400000US18097356200","Census Tract 3562, Marion County, Indiana","4211","342","2866","320","83","66","13","13","6","9","62","32","72","45","58","39","34","30","218","79","747","237","449","118","380","88","207","75","117","68","81","40","120","69","59","33","33","27","34","29","60","41","21","21","12","17","0","12","0","12","1345","168","41","25","12","14","6","9","7","11","27","33","0","12","0","12","182","61","363","120","225","70","140","66","105","49","72","42","32","23","16","17","28","18","15","14","10","13","17","11","21","21","9","15","7","10","10","14",
"1400000US18097356400","Census Tract 3564, Marion County, Indiana","3933","569","2214","337","177","137","158","91","192","101","40","32","110","80","49","71","14","22","215","210","306","210","140","93","100","72","167","127","117","66","198","106","116","64","9","15","0","12","8","12","15","24","66","59","11","17","6","22","0","12","1719","387","152","92","43","52","229","222","49","36","70","60","19","31","68","60","94","61","135","94","107","53","128","84","74","56","68","55","158","121","133","79","34","32","47","56","40","37","13","20","28","25","0","12","19","22","11","17",
"1400000US18097356900","Census Tract 3569, Marion County, Indiana","1976","307","822","182","47","36","32","38","57","54","7","14","11","16","0","12","0","12","27","26","66","38","120","60","71","51","38","29","35","26","20","15","69","37","70","84","17","15","0","12","63","60","46","34","4","6","0","12","22","27","1154","227","117","79","106","138","39","32","34","39","6","8","14","14","12","18","37","31","165","82","125","58","98","69","24","18","49","33","107","91","36","22","18","14","40","25","5","8","9","15","60","32","39","36","8","9","6","8",
"1400000US18097357000","Census Tract 3570, Marion County, Indiana","2063","445","1146","302","72","55","56","45","156","191","14","16","20","18","8","12","0","12","49","43","207","108","115","57","78","37","17","17","22","23","82","45","90","45","23","24","36","30","25","19","6","9","42","23","17","28","11","12","0","12","917","254","16","26","7","11","21","18","21","19","12","19","4","7","7","11","59","82","133","69","55","36","72","50","64","38","34","33","72","47","86","40","106","137","46","33","13","12","47","54","13","14","24","17","0","12","5","8",
"1400000US18097357100","Census Tract 3571, Marion County, Indiana","2222","381","1126","219","48","35","86","70","64","42","52","32","12","13","0","12","0","12","51","46","204","76","170","62","106","67","26","21","27","26","81","77","53","59","41","39","5","8","10","11","48","26","23","16","8","12","0","12","11","19","1096","215","64","44","46","36","74","48","37","37","16","20","14","20","4","7","39","32","223","91","137","57","88","42","48","40","26","22","48","31","48","30","80","108","13","14","5","8","48","57","20","13","9","11","5","10","4","6",
"1400000US18097357200","Census Tract 3572, Marion County, Indiana","2110","519","1041","221","83","72","70","53","7","11","32","48","1","2","9","18","13","20","14","21","153","91","57","54","57","54","111","78","162","102","33","29","55","33","39","29","61","58","0","12","37","40","6","10","10","17","31","40","0","12","1069","373","37","42","50","58","42","31","73","73","0","12","45","70","0","12","106","87","100","73","122","63","74","56","31","29","80","74","77","79","116","85","20","23","16","17","32","35","6","10","7","13","23","20","4","8","8","13",
"1400000US18097357300","Census Tract 3573, Marion County, Indiana","1971","306","930","208","113","84","44","48","87","67","21","26","15","25","0","12","7","11","21","28","133","59","43","24","29","31","50","40","82","121","24","27","76","52","31","32","35","30","8","12","41","37","22","25","15","17","33","34","0","12","1041","157","115","79","102","112","30","33","30","37","4","6","0","12","5","7","103","52","53","41","65","40","37","35","45","40","143","108","10","10","88","58","21","31","6","10","0","12","10","15","26","24","70","58","18","29","60","41",
"1400000US18097357400","Census Tract 3574, Marion County, Indiana","5340","1041","2639","672","443","356","293","154","282","167","189","154","113","73","138","216","11","18","47","45","27","32","215","136","100","97","121","132","91","84","63","39","275","133","32","37","90","61","0","17","17","19","19","18","20","25","38","31","15","18","2701","492","147","91","367","299","251","124","147","94","0","17","39","49","0","17","46","40","158","91","200","123","63","55","190","153","150","95","225","128","112","66","105","140","52","67","141","95","68","45","32","26","15","18","50","32","143","94",
"1400000US18097357500","Census Tract 3575, Marion County, Indiana","4015","216","1614","242","192","143","97","61","70","54","78","57","46","44","0","12","0","12","69","49","72","48","129","58","133","106","97","56","58","42","169","65","88","48","51","40","36","27","35","22","45","34","29","23","83","42","14","16","23","23","2401","289","249","145","60","55","138","94","185","103","51","50","80","94","39","49","137","110","182","94","72","59","139","68","145","97","118","101","217","90","88","55","67","45","30","30","87","50","46","34","58","33","59","34","47","31","107","70",
"1400000US18097357601","Census Tract 3576.01, Marion County, Indiana","4831","917","2334","512","73","114","0","12","156","124","65","72","64","61","0","12","0","12","70","90","109","104","94","107","330","162","353","251","59","89","253","124","265","292","112","136","103","90","31","38","42","58","11","21","62","78","71","81","11","25","2497","533","76","84","271","208","71","54","0","12","235","144","113","176","50","78","23","31","89","76","247","140","131","101","239","162","199","222","175","107","316","157","23","37","64","62","28","34","15","26","81","71","0","12","0","12","51","52",
"1400000US18097357602","Census Tract 3576.02, Marion County, Indiana","1484","184","822","198","136","93","157","85","35","47","0","12","0","12","0","12","0","12","49","76","108","88","67","48","22","38","35","46","23","35","0","12","37","56","0","12","37","56","0","12","41","58","45","59","20","28","0","12","10","20","662","135","68","79","103","66","23","41","0","12","0","12","11","27","0","12","20","34","113","68","45","52","0","12","32","43","0","12","0","12","63","74","0","12","36","54","50","60","44","58","22","25","0","12","5","8","27","43",
"1400000US18097357800","Census Tract 3578, Marion County, Indiana","1837","341","855","214","88","74","39","45","99","52","21","21","17","26","11","18","14","19","6","10","67","41","86","51","49","27","91","63","18","16","50","32","35","26","42","36","62","77","24","35","6","8","0","12","14","18","11","11","5","8","982","208","83","79","29","21","45","32","17","19","0","12","0","12","5","9","56","44","139","89","154","70","66","35","84","54","0","12","80","43","46","25","28","24","40","23","34","27","14","23","6","9","32","21","12","12","12","15",
"1400000US18097357900","Census Tract 3579, Marion County, Indiana","3514","880","1735","448","147","100","31","23","89","42","117","68","10","18","126","179","20","31","32","36","145","70","158","97","262","190","78","42","102","49","70","39","130","70","8","12","85","57","63","40","0","12","42","48","9","19","0","12","11","18","1779","484","119","127","61","41","84","65","149","139","12","14","1","3","0","12","63","49","193","142","94","63","137","61","200","202","89","46","87","52","117","58","22","25","139","95","43","41","55","43","0","12","36","34","54","66","24","26",
"1400000US18097358000","Census Tract 3580, Marion County, Indiana","1215","337","586","194","21","28","62","72","6","9","77","94","5","7","22","24","8","12","9","15","36","41","43","33","33","26","49","40","40","35","0","12","51","35","25","31","41","33","16","17","8","8","14","13","17","18","0","12","3","6","629","193","77","68","36","36","28","22","6","11","39","52","0","12","5","8","0","12","62","52","26","24","82","69","29","35","4","7","50","27","33","24","18","20","12","14","6","10","13","20","65","46","24","17","6","9","8","9",
"1400000US18097358100","Census Tract 3581, Marion County, Indiana","2829","611","1393","293","143","103","121","119","128","87","54","42","9","14","23","39","0","12","22","26","90","71","34","41","178","104","21","42","59","52","212","198","91","63","20","23","11","19","42","45","44","67","19","21","38","49","0","12","34","41","1436","437","21","30","128","173","122","79","59","56","0","12","0","12","0","12","69","67","138","88","38","37","178","79","38","60","133","70","267","315","149","111","18","21","34","38","14","17","0","12","17","19","0","12","13","23","0","12",
"1400000US18097360101","Census Tract 3601.01, Marion County, Indiana","2385","609","997","267","45","48","32","40","86","69","69","78","43","68","0","12","20","31","24","28","15","24","16","25","120","139","125","61","59","57","78","63","21","25","54","52","35","34","16","18","22","28","19","18","11","14","18","21","69","68","1388","460","109","88","70","60","152","164","45","50","123","129","0","12","0","12","34","42","71","64","84","48","141","161","63","42","57","50","116","57","52","50","0","12","48","35","41","35","93","66","17","19","18","19","20","19","34","34",
"1400000US18097360102","Census Tract 3601.02, Marion County, Indiana","2126","482","884","272","89","125","120","98","173","188","0","12","0","12","0","12","0","12","13","27","48","75","18","26","63","53","0","12","49","56","37","39","34","40","46","65","29","39","7","11","40","46","74","53","18","17","4","9","22","30","1242","265","0","12","32","51","33","53","0","12","0","12","0","12","14","26","87","102","77","100","86","92","128","130","57","69","107","115","73","64","84","55","87","78","68","68","14","23","37","30","72","52","48","32","115","126","23","26",
"1400000US18097360201","Census Tract 3602.01, Marion County, Indiana","3777","890","1900","512","113","109","48","46","98","100","110","84","83","101","69","71","53","66","56","71","293","344","187","122","77","65","97","82","60","46","360","319","77","70","0","12","9","14","47","57","21","23","0","12","11","19","20","27","11","19","1877","540","122","99","24","40","59","53","56","71","90","103","52","58","0","12","48","74","221","171","187","149","91","65","109","86","196","128","188","113","108","93","31","29","205","218","35","34","0","12","11","17","11","17","10","21","23","25",
"1400000US18097360202","Census Tract 3602.02, Marion County, Indiana","3118","749","1641","495","163","84","93","86","211","148","27","46","39","53","57","89","0","12","208","154","94","92","60","55","45","50","105","79","123","86","145","83","67","58","0","12","65","53","27","26","34","42","30","28","25","29","12","15","11","17","1477","304","79","91","97","90","78","92","64","53","134","88","0","12","23","39","60","68","88","71","81","77","102","70","55","47","132","107","29","33","105","67","71","73","77","53","41","40","48","42","26","30","53","40","5","8","29","31",
"1400000US18097360301","Census Tract 3603.01, Marion County, Indiana","3533","551","1804","361","85","62","171","122","232","160","18","20","128","106","22","37","13","19","91","58","170","117","153","77","124","71","77","61","134","95","81","50","62","58","34","27","28","25","72","49","25","22","40","37","14","18","21","23","9","15","1729","255","29","29","235","111","45","44","142","121","58","58","11","17","18","27","66","65","61","41","203","97","172","106","165","102","78","72","124","66","82","60","112","58","15","17","30","22","16","18","20","21","9","14","28","27","10","15",
"1400000US18097360302","Census Tract 3603.02, Marion County, Indiana","3024","781","1714","434","214","207","173","104","192","111","70","46","20","22","40","49","10","17","26","36","172","99","227","214","67","66","57","48","88","50","121","67","68","36","39","45","28","27","18","18","27","28","26","28","24","23","7","11","0","12","1310","428","105","82","102","99","53","51","79","142","18","28","46","57","25","28","52","48","149","97","116","76","0","12","135","107","112","57","70","55","62","42","38","37","30","34","19","23","58","73","6","10","11","14","8","11","16","21",
"1400000US18097360401","Census Tract 3604.01, Marion County, Indiana","6712","1175","3462","942","138","130","106","88","246","175","133","150","32","43","0","17","398","497","16","26","190","156","210","178","143","139","85","82","233","176","608","516","429","196","0","17","127","100","35","36","71","87","161","107","41","51","25","41","35","50","3250","566","253","213","139","149","266","194","199","146","71","84","0","17","0","17","66","101","242","193","393","219","125","118","240","154","102","81","258","304","264","128","158","101","100","137","12","23","125","99","83","72","12","19","71","65","71","66",
"1400000US18097360402","Census Tract 3604.02, Marion County, Indiana","3345","1124","1483","779","637","766","141","78","91","96","18","20","46","48","15","22","45","65","0","12","70","37","21","28","58","46","74","65","14","15","117","64","15","19","13","14","9","17","5","7","35","25","27","27","0","12","32","23","0","12","1862","533","54","53","245","141","156","70","167","192","229","251","0","12","19","30","16","23","102","58","208","201","144","124","20","22","49","44","185","137","69","56","17","27","38","27","4","7","38","29","5","8","80","98","8","14","9","14",
"1400000US18097360405","Census Tract 3604.05, Marion County, Indiana","6525","847","3151","552","435","236","355","140","231","128","125","79","64","62","17","32","38","57","109","92","330","179","177","96","128","94","220","158","169","130","297","129","87","109","39","45","60","50","23","25","36","38","111","80","89","60","0","17","11","19","3374","516","35","45","298","166","279","223","286","194","57","62","28","46","0","17","65","68","261","140","362","231","243","137","201","121","376","194","138","87","253","167","21","32","94","65","67","74","138","56","88","62","62","42","22","28","0","17",
"1400000US18097360406","Census Tract 3604.06, Marion County, Indiana","2745","752","1087","379","87","143","0","12","129","146","0","12","0","12","0","12","0","12","134","125","83","99","233","250","164","117","58","76","57","104","48","79","0","12","0","12","51","55","0","12","19","47","24","39","0","12","0","12","0","12","1658","478","131","140","49","84","25","72","37","56","0","12","0","12","96","99","0","12","280","251","50","71","341","253","108","71","159","172","119","125","94","115","46","70","95","75","8","32","0","12","20","36","0","12","0","12","0","12",
"1400000US18097360407","Census Tract 3604.07, Marion County, Indiana","3355","765","1314","310","43","67","188","150","32","70","144","144","26","45","24","39","24","41","71","64","80","56","27","42","95","90","136","117","89","92","24","37","127","67","53","63","32","43","11","18","0","12","71","38","17","26","0","12","0","12","2041","613","293","200","268","180","175","146","91","171","36","46","0","12","0","12","77","74","187","138","0","12","127","123","49","63","58","66","238","134","185","133","76","88","0","12","1","2","43","40","105","103","18","27","14","25","0","12",
"1400000US18097360501","Census Tract 3605.01, Marion County, Indiana","6248","1087","2651","511","63","68","113","83","194","150","168","97","16","28","96","93","46","57","302","244","162","194","148","117","285","173","126","96","117","78","113","89","273","211","94","97","50","57","20","33","84","80","70","57","46","46","31","41","34","38","3597","854","149","119","188","204","322","198","273","208","33","40","101","130","0","17","184","185","276","142","394","192","29","48","193","166","359","293","238","128","283","132","40","46","106","94","36","36","123","81","51","51","103","100","59","59","57","55",
"1400000US18097360502","Census Tract 3605.02, Marion County, Indiana","4958","850","2272","541","81","142","215","232","93","104","126","108","12","47","0","12","0","12","43","51","196","218","47","67","215","147","50","56","148","160","195","108","185","110","79","94","49","49","118","90","24","32","282","225","87","72","9","16","18","22","2686","449","99","82","16","27","72","77","69","83","49","65","85","135","58","83","333","243","180","164","64","56","212","145","95","88","313","186","22","35","141","84","127","95","70","53","83","87","191","102","230","146","76","50","101","77","0","12",
"1400000US18097360601","Census Tract 3606.01, Marion County, Indiana","4741","505","2362","339","210","145","56","52","180","96","118","60","125","98","0","12","24","39","25","27","214","139","97","91","178","108","142","63","101","70","62","53","214","98","122","77","132","86","36","31","82","42","57","43","56","48","91","70","40","31","2379","319","0","12","127","83","172","96","110","90","22","31","8","12","20","34","42","43","267","176","50","47","241","108","85","53","140","79","112","71","230","84","84","59","76","45","83","59","50","48","100","63","116","67","120","74","124","67",
"1400000US18097360602","Census Tract 3606.02, Marion County, Indiana","6484","1180","2742","750","206","171","94","108","618","497","67","77","26","46","0","17","0","17","98","92","141","128","246","152","158","120","179","171","198","129","194","151","48","45","121","91","53","47","67","82","48","54","24","30","40","50","69","81","47","38","3742","695","136","127","328","227","210","179","219","181","110","84","50","78","0","17","100","102","267","197","200","122","265","196","98","87","210","156","401","186","162","111","109","94","101","84","17","26","311","328","230","126","110","83","74","55","34","26",
"1400000US18097360700","Census Tract 3607, Marion County, Indiana","2044","296","956","189","43","35","27","25","56","42","57","43","6","9","6","9","0","12","0","12","136","79","91","67","81","41","73","60","61","35","52","37","54","30","51","44","21","13","17","16","52","40","44","27","11","11","0","12","17","15","1088","179","55","45","27","33","36","31","19","15","32","31","5","8","5","7","28","26","111","69","78","33","104","44","68","58","43","32","76","45","60","37","59","44","65","46","78","52","61","68","31","20","10","13","21","19","16","16",
"1400000US18097360800","Census Tract 3608, Marion County, Indiana","2024","385","841","194","45","44","37","50","47","56","31","37","26","27","23","27","7","10","23","28","40","36","52","41","26","27","42","33","35","29","91","65","50","36","87","63","68","58","21","19","13","12","29","27","18","23","9","10","21","18","1183","275","85","114","53","70","37","34","17","24","0","12","19","29","0","12","13","24","18","25","66","58","84","67","39","34","41","38","147","48","85","43","25","25","59","47","35","42","28","17","80","48","53","39","47","36","152","50",
"1400000US18097360900","Census Tract 3609, Marion County, Indiana","5211","971","2701","731","182","169","300","304","99","116","271","234","47","77","19","41","141","159","65","117","136","161","179","121","134","80","123","79","313","174","276","138","84","111","8","14","38","46","51","53","48","59","113","98","38","52","16","29","20","26","2510","403","58","68","31","51","68","95","21","16","91","99","0","17","37","59","57","67","96","125","141","95","218","169","308","156","153","167","142","122","165","156","134","100","91","60","3","13","93","78","117","100","171","123","122","97","193","112",
"1400000US18097361000","Census Tract 3610, Marion County, Indiana","2436","279","1175","197","118","52","73","55","40","27","39","45","0","12","0","12","7","10","18","18","97","41","87","46","114","88","84","35","44","32","62","37","107","53","71","67","62","43","40","21","53","32","22","18","13","16","9","11","15","15","1261","146","128","53","71","34","58","34","23","21","7","10","0","12","10","15","20","20","159","70","138","51","69","29","43","30","81","38","83","45","129","63","11","12","28","20","46","20","54","27","39","27","26","20","32","20","6","9",
"1400000US18097361100","Census Tract 3611, Marion County, Indiana","3457","589","1758","372","123","97","102","93","104","55","73","91","41","41","74","117","0","12","35","31","120","60","225","111","36","26","231","99","184","126","92","58","121","59","10","16","74","45","29","44","26","24","50","36","8","12","0","12","0","12","1699","277","108","56","131","60","39","37","66","60","67","90","5","8","6","9","25","26","165","74","146","92","124","64","146","67","209","121","104","58","132","73","18","21","55","37","10","15","49","32","86","44","8","11","0","12","0","12",
"1400000US18097361200","Census Tract 3612, Marion County, Indiana","3387","603","1660","371","274","120","80","56","99","80","56","52","10","18","0","12","37","53","19","30","107","71","143","64","106","65","192","147","63","57","122","140","84","55","59","51","70","66","10","17","57","48","31","37","41","38","0","12","0","12","1727","351","111","76","111","72","171","124","0","12","13","22","48","45","8","13","80","91","91","60","169","113","104","69","6","12","67","58","167","144","119","71","155","130","23","26","10","17","108","103","83","77","18","28","31","35","34","38",
"1400000US18097361300","Census Tract 3613, Marion County, Indiana","2145","355","1188","287","118","68","34","31","65","72","20","25","31","37","0","12","0","12","90","57","90","70","40","38","44","38","17","21","84","73","194","104","173","167","26","32","33","34","46","51","36","36","29","30","11","16","7","10","0","12","957","177","0","12","37","41","54","42","7","14","25","25","13","20","0","12","27","37","104","76","30","27","48","38","72","68","21","22","146","54","123","61","20","23","23","21","19","22","57","44","96","54","24","24","0","12","11","18",
"1400000US18097361401","Census Tract 3614.01, Marion County, Indiana","5823","1476","2817","655","174","183","46","64","365","193","135","147","199","141","200","183","0","17","0","17","176","207","94","92","220","174","355","208","359","284","260","137","73","122","36","57","0","17","26","43","0","17","40","52","59","51","0","17","0","17","3006","1130","21","66","119","149","314","212","591","650","23","54","0","17","23","72","31","53","147","214","361","214","150","122","451","355","83","126","140","140","145","146","0","17","0","17","0","17","28","44","52","56","141","130","123","182","63","86",
"1400000US18097361402","Census Tract 3614.02, Marion County, Indiana","5820","1103","2659","579","169","164","89","98","38","65","86","123","134","130","139","163","45","74","41","71","53","89","454","267","151","159","205","125","254","207","115","124","128","97","18","37","73","70","89","109","124","128","81","93","107","108","43","51","23","37","3161","743","163","139","355","263","200","188","9","15","35","58","0","17","252","307","39","67","168","147","308","215","442","349","99","92","197","175","0","17","133","106","66","82","197","153","158","114","46","51","63","85","126","133","21","35","84","83",
"1400000US18097361601","Census Tract 3616.01, Marion County, Indiana","5968","1111","2949","482","36","58","91","107","252","197","104","78","154","140","51","84","44","55","181","205","344","199","194","83","202","124","122","79","70","76","311","180","118","84","117","180","80","66","119","75","138","142","14","23","146","68","61","67","0","17","3019","764","204","128","84","82","117","131","124","105","47","54","0","17","0","17","345","390","41","54","315","234","260","125","107","68","172","124","321","291","174","84","215","279","167","115","33","43","0","17","74","80","83","80","87","143","49","58",
"1400000US18097361602","Census Tract 3616.02, Marion County, Indiana","3879","771","1842","367","100","58","266","157","125","158","18","28","76","40","162","86","0","12","44","55","76","72","94","75","56","53","167","91","11","19","78","62","114","80","131","92","95","86","0","12","77","60","24","38","22","36","85","67","21","34","2037","498","260","178","134","64","156","152","47","64","38","33","27","33","0","12","53","57","45","50","268","229","63","55","122","69","57","50","57","53","149","80","75","83","56","52","22","36","181","105","63","58","63","58","65","61","36","55",
"1400000US18097370201","Census Tract 3702.01, Marion County, Indiana","3545","311","1776","243","145","108","123","124","62","47","95","65","59","52","57","64","6","9","104","81","132","86","110","68","122","64","96","62","101","63","123","70","80","55","36","42","73","53","11","17","87","49","51","29","68","42","17","18","18","27","1769","176","111","83","94","60","116","82","63","55","64","56","3","8","12","20","134","84","116","73","110","65","117","71","121","55","93","72","101","55","149","71","45","33","86","49","7","11","42","34","68","48","67","45","27","22","23","28",
"1400000US18097370203","Census Tract 3702.03, Marion County, Indiana","4215","929","1741","492","283","209","98","68","222","125","41","43","90","79","13","23","158","124","58","54","50","79","73","64","119","55","134","152","194","144","8","13","80","87","0","12","43","40","26","41","15","24","18","26","0","12","0","12","18","27","2474","659","112","118","315","178","157","133","49","71","58","61","240","333","0","12","242","199","128","108","227","117","52","70","121","88","273","317","102","68","109","89","132","118","42","40","0","12","39","44","75","47","0","12","0","12","1","3",
"1400000US18097370204","Census Tract 3702.04, Marion County, Indiana","2982","464","1340","282","35","47","103","87","154","119","11","18","21","35","19","30","22","30","18","30","203","157","158","87","100","62","37","46","53","45","71","63","72","67","0","12","64","51","47","68","59","66","39","42","37","40","0","12","17","29","1642","338","174","118","16","26","36","41","62","51","0","12","7","12","0","12","48","47","150","100","96","62","87","69","70","95","154","103","133","111","57","39","89","54","130","116","63","73","40","41","25","31","136","96","49","38","20","25",
"1400000US18097370303","Census Tract 3703.03, Marion County, Indiana","6952","671","3547","401","135","99","480","201","161","95","169","119","47","61","121","134","28","33","46","52","411","159","279","131","245","113","341","210","158","81","144","93","244","140","35","30","58","56","88","73","54","57","126","132","14","25","52","54","111","108","3405","415","154","99","230","146","450","179","214","112","60","60","75","79","46","49","219","160","219","91","166","91","414","221","286","98","122","69","189","100","101","73","110","152","101","75","14","23","15","24","96","77","32","40","40","64","52","71",
"1400000US18097370304","Census Tract 3703.04, Marion County, Indiana","3091","726","1652","554","149","167","176","131","106","93","9","22","66","62","2","4","2","4","96","118","37","42","298","229","72","79","73","70","178","195","12","33","175","82","2","4","39","38","32","47","50","46","47","41","0","12","16","25","15","26","1439","261","73","64","94","87","78","62","22","34","0","12","0","12","0","12","18","29","88","69","229","170","135","101","35","53","168","192","151","82","38","36","86","66","43","37","0","12","20","25","70","55","65","55","26","35","0","12",
"1400000US18097370305","Census Tract 3703.05, Marion County, Indiana","3893","820","1818","359","182","177","24","35","131","87","63","55","90","85","24","42","17","26","57","47","221","133","132","90","98","83","32","39","254","119","42","38","177","120","12","20","32","35","30","37","29","34","109","80","14","23","34","38","14","23","2075","715","90","69","61","51","0","12","158","121","11","18","0","12","20","35","678","708","265","151","181","104","52","74","55","49","37","35","58","53","89","47","60","55","80","51","42","39","95","66","14","22","17","29","0","12","12","25",
"1400000US18097370306","Census Tract 3703.06, Marion County, Indiana","5771","775","2994","429","150","143","126","95","496","261","121","99","48","56","61","71","83","83","91","79","206","131","243","182","184","112","210","106","184","105","111","77","146","90","48","72","247","228","83","67","69","51","15","25","31","34","17","27","24","29","2777","482","278","214","279","126","250","127","71","52","77","81","0","17","0","17","34","38","136","105","291","174","204","163","178","125","145","110","157","84","130","70","32","34","51","50","92","61","193","236","110","73","52","55","0","17","17","25",
"1400000US18097380101","Census Tract 3801.01, Marion County, Indiana","6457","1031","2994","568","93","122","160","144","245","139","79","87","0","17","59","96","0","17","94","114","162","121","249","204","74","87","300","189","249","163","216","255","329","164","130","122","103","121","61","91","233","267","46","78","112","105","0","17","0","17","3463","609","327","243","176","146","117","78","294","163","57","89","40","69","42","81","0","17","213","201","188","134","154","152","117","110","168","127","250","156","218","153","177","237","160","185","47","82","245","206","203","252","105","111","110","114","55","96",
"1400000US18097380102","Census Tract 3801.02, Marion County, Indiana","4283","1175","2497","946","297","294","616","333","156","165","309","258","0","12","0","12","0","12","62","108","0","12","71","97","287","314","0","12","207","160","393","405","99","155","0","12","0","12","0","12","0","12","0","12","0","12","0","12","0","12","1786","478","228","268","172","167","164","179","0","12","0","12","39","111","0","12","0","12","343","326","404","327","46","81","219","252","0","12","93","145","78","106","0","12","0","12","0","12","0","12","0","12","0","12","0","12","0","12",
"1400000US18097380103","Census Tract 3801.03, Marion County, Indiana","9186","2080","4647","1110","365","245","501","308","594","606","275","255","0","17","300","329","0","17","25","43","418","224","318","238","328","228","226","140","423","209","474","495","0","17","0","17","175","210","58","94","19","34","104","120","44","54","0","17","0","17","4539","1098","352","276","519","504","289","233","52","62","54","80","0","17","36","58","152","114","355","248","457","279","73","80","426","233","801","643","0","17","293","260","109","106","104","111","118","117","205","173","31","53","19","35","0","17","94","152",
"1400000US18097380200","Census Tract 3802, Marion County, Indiana","3175","459","1637","283","145","134","157","71","40","34","8","12","0","12","0","12","24","30","101","127","149","92","86","55","146","74","95","54","69","55","77","52","138","76","37","47","122","108","50","36","34","26","58","45","54","37","36","33","11","14","1538","285","151","91","61","37","139","58","8","12","38","38","67","88","22","23","14","16","82","91","40","35","165","70","100","59","85","80","65","50","107","61","24","32","58","36","43","30","42","31","53","28","66","47","11","17","97","68",
"1400000US18097380301","Census Tract 3803.01, Marion County, Indiana","1881","511","1000","341","25","29","123","122","95","98","50","49","0","12","0","12","0","12","13","23","46","55","90","70","97","94","17","27","113","113","117","57","53","52","11","18","29","34","0","12","16","20","0","12","41","48","25","29","39","54","881","263","11","18","60","69","89","74","36","30","37","32","0","12","102","77","12","21","65","56","16","27","80","71","49","49","26","30","111","57","26","38","0","12","67","48","0","12","6","13","18","23","43","33","18","30","9","15",
"1400000US18097380302","Census Tract 3803.02, Marion County, Indiana","2773","375","1288","238","52","39","118","86","90","69","8","15","205","68","100","64","103","81","185","132","15","17","0","12","7","14","14","25","79","59","31","33","27","43","69","55","58","52","11","21","33","32","14","24","0","12","69","48","0","12","1485","235","0","12","61","45","37","44","8","13","340","93","145","64","156","72","65","53","132","61","120","131","0","12","56","36","74","58","11","15","43","31","44","43","29","39","14","29","40","49","30","30","19","28","13","16","48","32",
"1400000US18097380402","Census Tract 3804.02, Marion County, Indiana","5121","981","2273","454","307","259","219","93","128","70","92","88","7","11","41","54","154","113","83","50","275","110","142","70","275","178","90","53","120","66","28","25","52","34","66","56","28","26","63","42","19","15","39","27","16","14","24","20","5","7","2848","595","101","69","289","208","259","210","37","47","84","65","15","18","14","15","100","61","386","161","260","147","360","198","96","58","137","78","114","46","141","74","83","63","36","27","28","22","14","13","211","200","48","36","30","22","5","8",
"1400000US18097380403","Census Tract 3804.03, Marion County, Indiana","3833","676","1697","315","144","66","97","71","67","39","72","61","34","26","15","22","0","12","53","38","56","41","155","85","118","63","100","70","122","65","84","56","166","85","85","58","63","44","39","30","45","38","95","93","59","43","4","9","24","26","2136","462","187","118","62","45","137","59","55","31","42","54","0","12","13","20","71","49","170","88","163","56","119","88","159","95","171","125","123","60","154","130","50","41","63","36","66","80","82","49","96","96","78","38","49","41","26","24",
"1400000US18097380404","Census Tract 3804.04, Marion County, Indiana","3743","512","1860","332","103","56","141","86","163","77","145","84","10","16","33","38","0","12","15","25","106","50","136","66","86","60","74","38","131","83","92","59","123","62","56","40","179","98","24","28","62","52","70","82","53","41","24","27","34","27","1883","270","136","109","102","61","64","51","65","37","15","17","0","12","42","52","52","40","45","41","151","70","94","54","136","61","85","40","69","45","184","71","134","74","68","41","29","25","139","127","68","41","91","59","60","49","54","41",
"1400000US18097380501","Census Tract 3805.01, Marion County, Indiana","2247","624","1226","355","117","99","98","85","88","45","7","12","67","92","0","12","71","112","50","51","98","87","101","89","120","41","9","14","20","31","131","70","38","32","25","26","64","57","53","52","25","26","28","22","13","12","3","6","0","12","1021","337","48","52","28","29","16","30","19","32","61","76","33","53","0","12","28","32","110","82","55","35","44","37","109","142","58","48","77","45","71","44","0","12","78","74","52","37","14","17","34","31","21","15","14","18","51","41",
"1400000US18097380502","Census Tract 3805.02, Marion County, Indiana","3699","750","2005","534","449","301","96","74","47","42","60","70","143","89","41","52","136","93","94","108","306","184","76","60","58","51","85","46","59","45","80","64","179","75","15","20","18","16","0","12","11","18","32","46","13","16","0","12","7","11","1694","335","18","29","52","46","75","60","41","41","279","99","72","55","41","38","98","73","271","216","57","61","147","113","30","25","139","70","63","43","27","22","61","46","35","25","8","12","61","44","54","27","42","47","7","13","16","20",
"1400000US18097380600","Census Tract 3806, Marion County, Indiana","5856","1203","3073","648","374","190","199","146","257","150","42","50","94","84","16","45","0","17","267","290","292","174","207","112","236","113","390","331","165","77","143","111","148","81","10","15","61","74","62","51","0","17","62","60","15","27","0","17","33","38","2783","675","242","137","60","63","212","103","186","183","176","194","18","29","56","88","33","44","165","111","299","98","153","100","261","241","26","27","380","288","130","74","41","39","82","53","62","82","105","56","47","68","32","35","17","25","0","17",
"1400000US18097380700","Census Tract 3807, Marion County, Indiana","6376","1151","3332","725","180","157","489","301","149","114","332","354","60","96","14","23","15","27","233","148","479","192","186","113","170","96","127","110","354","174","43","39","113","73","38","43","64","48","106","67","66","63","65","83","28","29","21","26","0","17","3044","647","393","233","123","127","99","95","30","54","56","63","13","20","70","85","173","112","402","216","183","144","221","243","91","74","179","126","144","114","184","104","105","57","184","104","43","41","35","37","101","80","39","37","69","68","107","84",
"1400000US18097380800","Census Tract 3808, Marion County, Indiana","2881","542","1394","296","59","48","131","142","47","39","10","14","17","24","12","21","0","12","37","35","25","25","66","46","140","70","31","27","84","68","38","45","146","66","207","221","174","80","49","34","20","23","39","32","29","28","33","31","0","12","1487","319","47","37","83","47","33","37","33","30","45","34","0","12","57","55","48","40","103","50","79","48","116","84","59","42","12","18","129","92","339","238","81","43","22","26","25","29","65","39","39","47","61","36","11","19","0","12",
"1400000US18097380901","Census Tract 3809.01, Marion County, Indiana","4865","654","2443","343","73","58","133","152","203","110","125","64","75","50","57","82","21","24","3","12","105","73","117","72","329","217","174","94","247","137","142","46","175","67","64","55","51","33","50","37","93","59","104","45","27","25","14","17","61","41","2422","401","152","194","145","79","132","77","151","96","20","29","12","19","91","66","62","48","60","45","224","171","81","54","164","74","151","57","208","66","148","64","29","22","70","49","15","17","121","55","183","50","68","40","21","24","114","60",
"1400000US18097380902","Census Tract 3809.02, Marion County, Indiana","5621","728","3176","498","212","113","148","92","141","126","22","27","60","90","20","32","54","78","42","48","286","173","363","133","113","104","127","81","83","61","200","100","237","152","65","87","157","82","94","74","190","106","141","65","42","40","55","45","324","379","2445","396","122","91","70","73","201","130","30","37","63","59","13","22","42","46","59","53","193","136","205","86","88","77","46","45","207","110","164","84","165","105","64","46","69","48","131","75","118","68","83","46","45","42","201","205","66","46",
"1400000US18097381002","Census Tract 3810.02, Marion County, Indiana","3444","897","1519","254","82","59","116","53","38","25","33","21","45","33","0","12","73","60","124","99","73","38","106","48","197","175","42","38","51","32","112","67","109","55","57","40","16","15","40","24","38","23","53","27","79","51","25","20","10","11","1925","705","278","254","187","225","103","52","70","42","5","6","33","44","11","16","100","106","59","41","203","214","125","65","89","49","42","24","101","50","129","52","62","36","114","62","45","29","43","23","68","26","33","18","14","14","11","14",
"1400000US18097381003","Census Tract 3810.03, Marion County, Indiana","3457","433","1815","350","247","180","172","78","72","32","36","22","60","35","0","12","19","20","12","10","249","197","116","55","126","81","157","88","59","33","145","94","74","38","9","7","17","11","25","21","33","24","76","47","37","25","50","31","24","24","1642","290","164","133","126","94","105","68","65","49","25","20","12","13","13","19","161","149","172","118","67","40","117","58","57","36","66","33","47","28","68","32","59","61","39","28","23","20","30","22","98","46","24","18","46","23","58","41",
"1400000US18097381004","Census Tract 3810.04, Marion County, Indiana","3457","721","1439","320","14","24","68","73","167","136","166","101","0","12","0","12","80","93","180","151","54","49","147","118","71","58","19","33","288","151","0","12","29","33","0","12","54","51","16","25","13","21","42","31","31","36","0","12","0","12","2018","520","91","91","55","75","0","12","1","2","65","65","338","376","0","12","173","103","103","73","108","74","202","142","121","83","26","42","186","150","30","32","164","202","31","37","0","12","37","44","162","72","8","13","64","38","53","44",
"1400000US18097381101","Census Tract 3811.01, Marion County, Indiana","5533","676","2538","405","137","108","222","110","257","135","164","131","17","19","13","22","19","24","66","72","117","82","96","72","148","99","155","84","205","103","70","51","321","261","24","19","109","59","74","50","98","87","39","45","115","78","60","57","12","20","2995","453","111","110","179","149","240","120","53","43","0","17","69","67","0","17","85","72","270","125","191","108","250","133","267","128","147","93","59","34","174","104","53","39","127","72","131","88","75","53","154","84","103","102","79","104","178","123",
"1400000US18097381102","Census Tract 3811.02, Marion County, Indiana","6872","889","3736","558","490","222","281","144","266","237","194","212","33","46","22","35","0","17","153","114","244","146","208","104","263","143","118","96","244","90","269","154","156","97","220","155","105","133","56","56","68","48","172","80","67","54","57","50","50","47","3136","535","175","111","111","84","150","97","79","82","37","50","84","97","70","81","66","72","200","134","167","85","351","163","89","80","194","115","403","376","262","128","74","60","70","67","100","65","33","39","211","115","0","17","87","60","123","132",
"1400000US18097381203","Census Tract 3812.03, Marion County, Indiana","3051","529","1417","287","134","100","155","80","138","105","48","49","0","12","13","23","0","12","41","38","180","144","328","157","63","55","21","25","28","29","45","37","72","82","32","28","31","27","11","17","0","12","10","13","11","12","5","8","51","47","1634","358","131","90","310","129","144","95","25","33","0","12","23","27","0","12","48","41","127","76","255","101","122","97","8","12","112","84","90","53","60","58","72","99","11","17","13","19","11","14","16","19","0","12","6","10","50","41",
"1400000US18097381204","Census Tract 3812.04, Marion County, Indiana","3085","525","1370","272","128","75","66","65","10","15","29","26","10","15","9","14","0","12","5","7","79","60","257","170","153","111","89","58","10","16","81","82","44","49","19","21","45","37","58","48","30","28","61","51","74","55","22","23","91","48","1715","321","129","78","57","41","7","13","9","16","0","12","54","85","23","26","86","120","162","100","201","156","72","61","7","11","10","16","42","47","52","37","61","77","41","36","35","31","72","39","101","59","139","80","98","53","257","99",
"1400000US18097381205","Census Tract 3812.05, Marion County, Indiana","6247","683","2721","431","363","172","189","118","108","80","111","75","149","205","27","44","0","17","49","78","348","153","183","79","195","117","218","182","201","101","131","97","159","92","0","17","56","43","84","64","24","27","91","68","12","19","12","20","11","18","3526","447","317","302","446","167","177","121","110","68","58","65","42","50","0","17","101","87","539","152","223","153","276","129","191","122","262","133","103","65","186","93","65","57","93","65","103","80","54","59","95","65","24","26","61","42","0","17",
"1400000US18097381206","Census Tract 3812.06, Marion County, Indiana","4073","727","2020","407","43","53","97","53","99","90","65","59","71","75","0","12","24","46","151","92","105","74","71","91","153","113","284","193","40","47","190","98","195","140","15","23","45","47","68","56","25","33","43","43","148","110","19","28","69","50","2053","421","102","60","181","215","118","103","53","62","0","12","18","32","0","12","92","66","185","107","164","112","200","265","113","81","91","75","154","132","58","61","83","59","40","45","28","33","84","65","50","45","143","76","82","56","14","24",
"1400000US18097381207","Census Tract 3812.07, Marion County, Indiana","4067","1374","1822","483","83","76","9","18","91","81","113","63","110","50","0","12","70","79","103","134","30","36","39","48","302","335","141","67","17","30","33","37","268","212","116","103","51","38","28","31","39","33","68","47","52","39","37","31","22","32","2245","970","159","212","289","187","390","220","165","106","0","12","0","12","18","30","0","12","64","58","17","33","316","366","131","64","21","30","120","119","175","66","11","21","52","41","49","48","86","48","40","38","65","46","61","41","16","26",
"1400000US18097390102","Census Tract 3901.02, Marion County, Indiana","5883","756","2748","458","333","177","658","309","233","135","83","68","52","56","98","116","0","17","86","67","59","61","88","68","204","98","48","50","52","44","156","85","66","37","61","65","52","48","128","111","31","38","92","76","168","151","0","17","0","17","3135","519","288","147","190","127","299","169","116","127","47","49","81","81","0","17","86","89","207","193","231","132","434","372","43","43","126","71","192","111","118","71","91","86","89","70","221","228","106","76","133","85","28","33","0","17","9","15",
"1400000US18097390103","Census Tract 3901.03, Marion County, Indiana","3130","471","1639","376","172","150","211","129","88","66","55","68","13","21","23","36","0","12","0","12","166","113","91","76","107","77","113","75","98","110","11","19","87","63","180","210","13","22","69","94","0","12","79","67","26","30","25","31","12","20","1491","303","106","85","106","72","133","93","108","127","12","18","0","12","0","12","0","12","85","70","21","26","194","100","82","63","69","60","63","51","91","69","12","19","26","28","12","20","48","58","65","57","171","214","39","36","48","62",
"1400000US18097390104","Census Tract 3901.04, Marion County, Indiana","6131","847","2846","468","232","146","281","154","159","97","194","85","63","57","55","56","19","31","162","117","88","58","137","80","173","67","212","112","143","117","237","91","252","200","182","149","29","34","83","65","28","32","13","21","24","38","20","32","60","100","3285","526","145","69","316","171","167","94","251","130","114","74","21","34","79","88","141","106","159","88","220","93","272","115","281","181","118","93","164","100","315","248","127","78","75","63","77","65","26","41","96","90","37","41","43","52","41","43",
"1400000US18097390200","Census Tract 3902, Marion County, Indiana","4798","675","2228","369","185","103","255","106","145","65","131","78","43","38","0","12","0","12","26","40","248","250","167","106","154","70","243","78","88","56","54","36","134","78","81","54","45","43","33","25","21","21","126","67","29","35","0","12","20","21","2570","380","243","114","159","73","258","108","85","55","69","57","49","41","38","42","43","43","239","211","213","75","205","96","134","80","140","71","111","62","273","157","42","43","50","32","60","42","15","15","59","48","25","27","30","26","30","25",
"1400000US18097390300","Census Tract 3903, Marion County, Indiana","6333","955","3251","619","390","235","172","112","417","235","16","26","152","112","0","17","197","214","152","107","271","188","155","86","135","142","231","147","243","149","92","72","162","73","99","62","79","55","16","27","50","48","71","54","120","67","13","22","18","27","3082","432","91","76","146","167","239","126","174","81","102","90","0","17","33","37","165","156","142","109","122","76","310","181","387","186","155","125","223","96","200","76","58","45","102","121","19","23","101","37","152","159","101","70","18","29","42","41",
"1400000US18097390405","Census Tract 3904.05, Marion County, Indiana","3844","427","1892","361","254","159","106","109","34","47","10","19","11","19","0","12","36","44","145","113","137","68","352","237","277","131","74","101","21","17","38","38","81","53","18","23","48","42","38","36","18","21","21","20","115","86","0","12","58","45","1952","244","171","131","169","84","51","55","0","12","0","12","0","12","21","32","63","64","177","91","304","98","106","63","86","67","33","27","144","89","99","81","55","51","12","13","82","63","18","22","104","59","155","101","21","32","81","64",
"1400000US18097390406","Census Tract 3904.06, Marion County, Indiana","6133","1059","3368","652","378","183","372","232","506","339","259","136","200","141","28","44","19","29","22","36","160","107","163","130","296","97","258","103","212","107","137","76","62","46","73","97","36","41","26","29","31","35","80","61","10","19","14","22","26","30","2765","507","312","205","217","87","190","82","212","113","15","27","55","86","0","17","27","42","158","93","289","202","328","180","233","90","297","182","124","86","73","49","17","25","63","51","38","35","11","21","64","58","27","32","0","17","15","25",
"1400000US18097390407","Census Tract 3904.07, Marion County, Indiana","5978","728","2807","412","260","179","146","90","273","102","113","87","119","82","84","133","55","50","61","60","73","49","73","56","162","78","205","98","338","129","188","81","137","74","47","46","94","76","69","54","91","57","136","129","50","37","28","25","5","10","3171","409","174","98","323","182","212","103","230","131","59","42","77","88","46","44","42","46","67","53","154","79","219","120","194","93","250","122","213","91","213","145","77","73","70","54","44","28","38","43","124","125","55","35","208","150","82","64",
"1400000US18097390408","Census Tract 3904.08, Marion County, Indiana","4845","689","2338","376","162","188","383","135","109","89","54","64","0","12","0","12","0","12","161","147","142","104","91","83","250","158","132","110","186","138","193","132","103","78","144","181","55","59","0","12","77","94","64","59","0","12","0","12","32","51","2507","463","169","136","210","173","92","96","253","217","35","53","33","52","94","120","95","118","55","68","191","146","354","207","0","12","81","78","114","97","291","177","32","47","111","119","77","75","110","129","20","34","70","65","20","32","0","12",
"1400000US18097390409","Census Tract 3904.09, Marion County, Indiana","5922","765","2685","337","315","170","166","117","104","121","51","58","95","78","0","17","0","17","149","115","151","99","198","132","262","156","228","132","239","134","260","136","163","109","92","85","41","48","0","17","36","63","122","92","13","23","0","17","0","17","3237","682","402","223","157","116","110","94","106","111","0","17","0","17","0","17","78","63","209","109","278","174","161","113","736","693","178","107","233","139","249","132","93","105","66","61","33","52","75","75","33","50","40","49","0","17","0","17",
"1400000US18097390410","Census Tract 3904.10, Marion County, Indiana","1677","215","764","187","24","34","57","47","22","37","12","20","25","43","21","37","0","12","76","60","78","76","10","16","66","42","33","32","24","27","72","74","23","31","0","12","0","12","13","23","62","56","61","38","76","59","9","16","0","12","913","131","19","33","106","30","57","57","17","28","0","12","13","22","0","12","91","65","25","27","56","48","21","37","67","61","30","29","67","57","25","28","12","18","24","28","69","62","85","49","75","49","16","18","23","27","15","23",
"1400000US18097390411","Census Tract 3904.11, Marion County, Indiana","3492","572","1497","305","38","61","127","91","92","82","13","21","30","34","0","12","0","12","39","46","51","52","161","115","219","120","226","116","78","79","93","100","32","37","16","27","81","63","31","34","48","44","91","61","0","12","31","36","0","12","1995","424","101","97","266","254","90","79","81","99","40","51","18","28","0","12","18","28","177","122","216","104","171","130","15","24","75","55","100","85","91","56","73","49","16","26","61","48","140","129","65","56","73","61","44","46","64","78",
"1400000US18097390500","Census Tract 3905, Marion County, Indiana","2377","445","1234","406","143","138","121","57","18","19","144","207","22","37","2","8","0","12","4","7","176","111","104","100","146","149","65","51","31","27","56","42","22","18","33","27","36","31","36","31","7","10","16","16","7","11","21","28","24","27","1143","226","65","42","113","71","133","81","44","41","0","12","17","27","6","10","40","39","113","68","71","62","47","30","28","36","63","43","66","49","122","70","0","12","69","38","0","12","0","12","44","31","28","27","55","31","19","16",
"1400000US18097390601","Census Tract 3906.01, Marion County, Indiana","2641","1002","934","435","154","148","54","86","165","263","6","27","32","53","0","12","0","12","0","12","175","197","103","87","102","102","0","12","17","29","0","12","42","51","25","38","0","12","13","22","0","12","46","73","0","12","0","12","0","12","1707","841","209","301","245","236","39","64","43","70","0","12","53","71","91","114","225","271","362","452","223","154","60","67","0","12","10","18","0","12","62","58","0","12","61","72","0","12","0","12","24","42","0","12","0","12","0","12",
"1400000US18097390602","Census Tract 3906.02, Marion County, Indiana","3078","393","1441","371","33","31","152","106","23","27","58","68","17","22","0","12","71","80","36","44","303","187","278","239","78","64","0","12","76","58","51","54","59","33","11","24","16","26","13","20","84","65","19","22","38","36","12","20","13","22","1637","221","92","74","4","15","51","59","11","21","0","12","0","12","0","12","55","65","117","77","147","98","94","80","50","61","158","123","77","67","91","58","46","37","153","79","34","41","156","90","127","83","57","49","40","39","77","51",
"1400000US18097390700","Census Tract 3907, Marion County, Indiana","3114","631","1814","542","49","57","14","24","438","379","168","98","31","39","24","41","1","2","18","36","219","145","35","51","95","79","63","57","169","119","148","78","236","244","15","19","48","47","13","19","30","41","0","12","0","12","0","12","0","12","1300","225","6","11","153","86","123","102","66","55","89","78","33","38","7","18","21","21","79","62","71","68","25","28","180","89","148","107","107","84","20","23","21","27","71","53","31","40","19","23","0","12","0","12","17","31","13","22",
"1400000US18097390801","Census Tract 3908.01, Marion County, Indiana","0","12","0","12","0","12","0","12","0","12","0","12","0","12","0","12","0","12","0","12","0","12","0","12","0","12","0","12","0","12","0","12","0","12","0","12","0","12","0","12","0","12","0","12","0","12","0","12","0","12","0","12","0","12","0","12","0","12","0","12","0","12","0","12","0","12","0","12","0","12","0","12","0","12","0","12","0","12","0","12","0","12","0","12","0","12","0","12","0","12","0","12","0","12","0","12","0","12",
"1400000US18097390802","Census Tract 3908.02, Marion County, Indiana","3995","544","2308","377","200","106","154","82","199","96","89","54","12","19","39","46","0","12","229","153","184","86","182","145","277","171","164","84","45","38","189","104","122","73","29","34","35","26","25","23","24","30","70","50","28","27","12","14","0","12","1687","337","64","48","149","89","134","80","122","88","0","12","10","18","34","55","66","51","128","74","177","92","107","69","130","84","70","50","119","69","85","48","35","32","49","28","6","10","23","22","119","61","14","16","20","21","26","34",
"1400000US18097390900","Census Tract 3909, Marion County, Indiana","2724","436","1325","308","66","45","63","50","37","44","0","12","5","8","19","29","6","11","21","25","319","229","146","86","145","65","87","59","62","39","44","31","81","45","83","63","16","16","0","12","45","46","70","60","0","12","0","12","10","17","1399","260","103","64","8","11","10","20","0","12","13","16","0","12","20","33","67","54","269","115","144","68","154","109","88","53","47","32","193","86","71","40","29","34","12","15","35","45","49","56","0","12","52","75","24","27","11","17",
"1400000US18097391001","Census Tract 3910.01, Marion County, Indiana","1436","363","654","258","42","73","0","12","0","12","2","4","155","84","79","109","13","19","40","37","88","78","64","65","124","79","9","15","28","34","1","2","0","12","9","15","0","12","0","12","0","12","0","12","0","12","0","12","0","12","782","375","0","12","0","12","0","12","0","12","228","102","156","108","6","14","2","4","310","325","0","12","31","56","20","2","1","3","1","4","0","12","27","34","0","12","0","12","0","12","0","12","0","12","0","12","0","12",
"1400000US18097391002","Census Tract 3910.02, Marion County, Indiana","5207","848","2767","554","27","43","0","17","0","17","50","41","18","27","83","86","193","214","511","260","740","252","663","370","76","77","53","57","35","37","12","19","218","132","15","20","34","42","9","15","0","17","11","20","0","17","19","30","0","17","2440","583","55","73","0","17","0","17","16","34","0","17","0","17","41","61","437","178","998","559","418","123","27","36","37","39","138","105","0","17","127","118","20","31","78","83","28","32","0","17","0","17","0","17","20","31","0","17",
