"GEO_ID","NAME","B01001_001E","B01001_001M","B01001_002E","B01001_002M","B01001_003E","B01001_003M","B01001_004E","B01001_004M","B01001_005E","B01001_005M","B01001_006E","B01001_006M","B01001_007E","B01001_007M","B01001_008E","B01001_008M","B01001_009E","B01001_009M","B01001_010E","B01001_010M","B01001_011E","B01001_011M","B01001_012E","B01001_012M","B01001_013E","B01001_013M","B01001_014E","B01001_014M","B01001_015E","B01001_015M","B01001_016E","B01001_016M","B01001_017E","B01001_017M","B01001_018E","B01001_018M","B01001_019E","B01001_019M","B01001_020E","B01001_020M","B01001_021E","B01001_021M","B01001_022E","B01001_022M","B01001_023E","B01001_023M","B01001_024E","B01001_024M","B01001_025E","B01001_025M","B01001_026E","B01001_026M","B01001_027E","B01001_027M","B01001_028E","B01001_028M","B01001_029E","B01001_029M","B01001_030E","B01001_030M","B01001_031E","B01001_031M","B01001_032E","B01001_032M","B01001_033E","B01001_033M","B01001_034E","B01001_034M","B01001_035E","B01001_035M","B01001_036E","B01001_036M","B01001_037E","B01001_037M","B01001_038E","B01001_038M","B01001_039E","B01001_039M","B01001_040E","B01001_040M","B01001_041E","B01001_041M","B01001_042E","B01001_042M","B01001_043E","B01001_043M","B01001_044E","B01001_044M","B01001_045E","B01001_045M","B01001_046E","B01001_046M","B01001_047E","B01001_047M","B01001_048E","B01001_048M","B01001_049E","B01001_049M",
"Geography","Geographic Area Name","Estimate!!Total:","Margin of Error!!Total:","Estimate!!Total:!!Male:","Margin of Error!!Total:!!Male:","Estimate!!Total:!!Male:!!Under 5 years","Margin of Error!!Total:!!Male:!!Under 5 years","Estimate!!Total:!!Male:!!5 to 9 years","Margin of Error!!Total:!!Male:!!5 to 9 years","Estimate!!Total:!!Male:!!10 to 14 years","Margin of Error!!Total:!!Male:!!10 to 14 years","Estimate!!Total:!!Male:!!15 to 17 years","Margin of Error!!Total:!!Male:!!15 to 17 years","Estimate!!Total:!!Male:!!18 and 19 years","Margin of Error!!Total:!!Male:!!18 and 19 years","Estimate!!Total:!!Male:!!20 years","Margin of Error!!Total:!!Male:!!20 years","Estimate!!Total:!!Male:!!21 years","Margin of Error!!Total:!!Male:!!21 years","Estimate!!Total:!!Male:!!22 to 24 years","Margin of Error!!Total:!!Male:!!22 to 24 years","Estimate!!Total:!!Male:!!25 to 29 years","Margin of Error!!Total:!!Male:!!25 to 29 years","Estimate!!Total:!!Male:!!30 to 34 years","Margin of Error!!Total:!!Male:!!30 to 34 years","Estimate!!Total:!!Male:!!35 to 39 years","Margin of Error!!Total:!!Male:!!35 to 39 years","Estimate!!Total:!!Male:!!40 to 44 years","Margin of Error!!Total:!!Male:!!40 to 44 years","Estimate!!Total:!!Male:!!45 to 49 years","Margin of Error!!Total:!!Male:!!45 to 49 years","Estimate!!Total:!!Male:!!50 to 54 years","Margin of Error!!Total:!!Male:!!50 to 54 years","Estimate!!Total:!!Male:!!55 to 59 years","Margin of Error!!Total:!!Male:!!55 to 59 years","Estimate!!Total:!!Male:!!60 and 61 years","Margin of Error!!Total:!!Male:!!60 and 61 years","Estimate!!Total:!!Male:!!62 to 64 years","Margin of Error!!Total:!!Male:!!62 to 64 years","Estimate!!Total:!!Male:!!65 and 66 years","Margin of Error!!Total:!!Male:!!65 and 66 years","Estimate!!Total:!!Male:!!67 to 69 years","Margin of Error!!Total:!!Male:!!67 to 69 years","Estimate!!Total:!!Male:!!70 to 74 years","Margin of Error!!Total:!!Male:!!70 to 74 years","Estimate!!Total:!!Male:!!75 to 79 years","Margin of Error!!Total:!!Male:!!75 to 79 years","Estimate!!Total:!!Male:!!80 to 84 years","Margin of Error!!Total:!!Male:!!80 to 84 years","Estimate!!Total:!!Male:!!85 years and over","Margin of Error!!Total:!!Male:!!85 years and over","Estimate!!Total:!!Female:","Margin of Error!!Total:!!Female:","Estimate!!Total:!!Female:!!Under 5 years","Margin of Error!!Total:!!Female:!!Under 5 years","Estimate!!Total:!!Female:!!5 to 9 years","Margin of Error!!Total:!!Female:!!5 to 9 years","Estimate!!Total:!!Female:!!10 to 14 years","Margin of Error!!Total:!!Female:!!10 to 14 years","Estimate!!Total:!!Female:!!15 to 17 years","Margin of Error!!Total:!!Female:!!15 to 17 years","Estimate!!Total:!!Female:!!18 and 19 years","Margin of Error!!Total:!!Female:!!18 and 19 years","Estimate!!Total:!!Female:!!20 years","Margin of Error!!Total:!!Female:!!20 years","Estimate!!Total:!!Female:!!21 years","Margin of Error!!Total:!!Female:!!21 years","Estimate!!Total:!!Female:!!22 to 24 years","Margin of Error!!Total:!!Female:!!22 to 24 years","Estimate!!Total:!!Female:!!25 to 29 years","Margin of Error!!Total:!!Female:!!25 to 29 years","Estimate!!Total:!!Female:!!30 to 34 years","Margin of Error!!Total:!!Female:!!30 to 34 years","Estimate!!Total:!!Female:!!35 to 39 years","Margin of Error!!Total:!!Female:!!35 to 39 years","Estimate!!Total:!!Female:!!40 to 44 years","Margin of Error!!Total:!!Female:!!40 to 44 years","Estimate!!Total:!!Female:!!45 to 49 years","Margin of Error!!Total:!!Female:!!45 to 49 years","Estimate!!Total:!!Female:!!50 to 54 years","Margin of Error!!Total:!!Female:!!50 to 54 years","Estimate!!Total:!!Female:!!55 to 59 years","Margin of Error!!Total:!!Female:!!55 to 59 years","Estimate!!Total:!!Female:!!60 and 61 years","Margin of Error!!Total:!!Female:!!60 and 61 years","Estimate!!Total:!!Female:!!62 to 64 years","Margin of Error!!Total:!!Female:!!62 to 64 years","Estimate!!Total:!!Female:!!65 and 66 years","Margin of Error!!Total:!!Female:!!65 and 66 years","Estimate!!Total:!!Female:!!67 to 69 years","Margin of Error!!Total:!!Female:!!67 to 69 years","Estimate!!Total:!!Female:!!70 to 74 years","Margin of Error!!Total:!!Female:!!70 to 74 years","Estimate!!Total:!!Female:!!75 to 79 years","Margin of Error!!Total:!!Female:!!75 to 79 years","Estimate!!Total:!!Female:!!80 to 84 years","Margin of Error!!Total:!!Female:!!80 to 84 years","Estimate!!Total:!!Female:!!85 years and over","Margin of Error!!Total:!!Female:!!85 years and over",
"1400000US18097310104","Census Tract 3101.04, Marion County, Indiana","3026","488","1074","237","0","12","0","12","62","94","7","13","30","33","17","28","0","12","46","50","194","93","180","144","43","37","85","83","0","12","93","65","36","39","0","12","48","38","18","22","0","12","46","40","129","93","0","12","40","39","1952","389","120","123","30","45","24","32","48","51","18","30","0","12","87","133","128","82","211","115","53","57","76","51","51","50","164","207","123","82","94","56","62","66","138","104","63","40","20","23","147","111","167","194","20","33","108","73",
"1400000US18097310105","Census Tract 3101.05, Marion County, Indiana","3988","591","1984","447","123","65","143","82","248","179","105","52","19","24","0","12","3","7","38","43","55","61","430","371","172","86","93","67","71","49","186","99","72","39","40","32","63","40","40","33","18","19","0","12","19","19","7","13","39","46","2004","306","141","107","101","60","100","67","30","25","72","101","0","12","68","68","74","50","165","138","139","75","78","48","184","83","127","67","140","67","140","68","7","12","46","31","28","23","70","51","160","68","69","58","65","62","0","12",
"1400000US18097310106","Census Tract 3101.06, Marion County, Indiana","4206","574","1709","420","276","207","0","12","89","132","0","12","61","94","135","199","28","47","100","80","119","83","288","249","72","74","0","12","100","117","39","44","97","117","21","35","79","56","0","12","45","45","48","51","0","12","56","52","56","51","2497","427","146","159","77","94","53","86","52","82","43","66","0","12","18","31","157","141","180","138","457","221","198","136","181","139","72","73","77","66","20","31","21","34","171","108","78","70","45","48","0","12","13","18","101","55","337","173",
"1400000US18097310108","Census Tract 3101.08, Marion County, Indiana","3809","600","1949","319","87","71","112","57","189","142","26","25","17","24","54","73","0","12","41","33","131","63","77","60","113","54","52","47","176","67","68","48","86","43","74","41","109","49","61","34","119","78","246","237","90","40","12","12","9","9","1860","321","118","60","9","12","47","66","39","29","11","16","35","38","30","33","38","32","96","52","123","89","208","135","57","37","73","34","81","46","104","41","66","33","212","80","27","23","87","48","282","249","47","30","18","19","52","43",
"1400000US18097310110","Census Tract 3101.10, Marion County, Indiana","2691","264","1152","179","97","51","59","45","19","28","96","62","0","12","0","12","0","12","82","61","183","72","178","89","79","69","46","36","46","37","47","33","63","40","29","26","19","18","5","9","31","28","36","31","37","42","0","12","0","12","1539","189","81","72","84","54","103","63","34","44","17","27","110","98","54","67","81","58","298","108","138","89","84","59","33","36","90","63","27","26","152","101","34","36","32","33","5","8","58","48","16","16","0","12","8","13","0","12",
"1400000US18097310111","Census Tract 3101.11, Marion County, Indiana","3505","577","1733","367","62","55","92","61","173","94","73","85","0","12","0","12","0","12","88","86","450","247","147","94","103","56","58","48","45","40","82","50","63","53","8","22","37","36","57","44","52","37","92","70","44","39","7","14","0","12","1772","327","52","51","44","58","45","49","58","53","115","87","44","57","44","68","90","68","179","132","132","63","195","115","97","63","123","72","80","56","53","42","103","61","57","35","118","58","48","43","12","18","29","32","31","35","23","19",
"1400000US18097310112","Census Tract 3101.12, Marion County, Indiana","6579","981","3241","766","50","55","117","62","324","262","229","187","38","39","12","22","0","17","284","312","162","111","40","39","102","72","261","199","157","89","192","94","192","84","95","56","339","229","123","75","56","53","310","219","101","54","40","45","17","28","3338","462","130","125","221","134","134","100","143","108","51","44","88","72","0","17","62","46","72","57","189","92","90","59","288","224","442","313","160","77","194","86","242","131","240","221","116","78","78","55","138","82","102","65","65","57","93","104",
"1400000US18097310113","Census Tract 3101.13, Marion County, Indiana","927","275","523","211","47","72","60","69","57","94","0","12","10","17","11","19","60","108","0","12","0","12","12","19","72","45","39","48","26","33","20","36","31","30","50","57","9","18","8","14","0","12","0","12","0","12","0","12","11","19","404","122","0","12","39","43","16","26","22","39","0","12","0","12","0","12","1","2","0","12","12","19","73","53","43","38","13","23","55","49","16","24","44","54","29","33","0","12","16","21","0","12","0","12","0","12","25","36",
"1400000US18097310201","Census Tract 3102.01, Marion County, Indiana","4480","686","2062","390","191","124","96","85","157","84","88","63","105","74","45","52","0","12","78","64","112","86","109","68","154","63","83","47","229","109","128","81","151","63","6","11","79","53","30","45","103","72","42","53","23","25","22","27","31","32","2418","415","203","115","311","159","61","62","100","132","146","122","0","12","0","12","175","99","69","53","186","114","167","93","200","108","124","76","202","97","63","50","64","46","69","69","46","59","31","27","59","41","111","78","8","12","23","23",
"1400000US18097310203","Census Tract 3102.03, Marion County, Indiana","5085","845","2016","391","83","127","216","135","69","66","151","124","54","48","14","24","0","17","15","26","212","166","263","108","231","163","61","36","112","125","41","53","134","84","21","26","53","43","44","37","40","25","19","34","18","29","121","142","44","43","3069","656","291","264","39","22","348","290","129","119","0","17","0","17","16","30","64","66","145","82","224","108","164","133","360","264","337","130","145","78","131","79","36","43","66","55","24","33","35","36","154","115","50","48","73","96","238","198",
"1400000US18097310204","Census Tract 3102.04, Marion County, Indiana","5159","812","2295","444","57","50","64","83","206","139","154","72","88","78","6","13","31","30","194","208","111","70","131","91","203","102","228","149","179","76","102","59","253","126","74","64","81","53","24","22","17","21","48","36","44","32","0","17","0","17","2864","507","177","133","64","70","142","90","229","181","143","114","9","15","1","2","135","83","302","232","115","73","222","101","185","127","190","78","361","214","221","101","44","36","96","54","31","28","94","48","74","42","11","17","0","17","18","26",
"1400000US18097310305","Census Tract 3103.05, Marion County, Indiana","5256","759","2426","467","106","89","97","114","278","146","124","114","64","65","37","41","77","56","155","132","86","73","201","144","347","187","94","77","124","86","191","156","214","135","67","62","35","41","0","17","66","70","43","44","20","33","0","17","0","17","2830","552","249","186","254","187","113","174","96","138","150","108","78","75","24","41","199","124","162","117","379","219","88","120","280","172","65","77","98","80","173","109","60","84","77","83","36","41","88","58","97","71","18","29","0","17","46","53",
"1400000US18097310306","Census Tract 3103.06, Marion County, Indiana","7847","1408","3434","652","135","128","513","231","451","215","189","166","128","133","58","72","58","70","141","166","101","122","232","123","180","138","363","224","278","152","108","97","250","173","35","41","64","56","38","45","18","30","28","36","0","17","20","31","46","75","4413","929","822","458","374","246","163","120","214","176","27","44","113","117","37","66","65","75","249","178","335","213","404","215","186","140","290","172","578","457","218","185","70","62","31","52","54","66","77","58","52","53","26","34","0","17","28","42",
"1400000US18097310308","Census Tract 3103.08, Marion County, Indiana","3217","549","1313","249","116","95","65","59","103","82","69","53","63","68","2","10","49","77","29","30","115","121","81","62","87","48","41","38","211","101","65","51","29","22","35","25","43","33","42","28","25","25","6","9","4","17","5","8","28","42","1904","473","103","114","94","55","199","145","56","55","0","12","70","103","34","39","191","166","171","161","172","127","123","68","43","46","154","92","106","66","53","34","79","57","99","51","10","14","11","13","31","27","15","18","63","54","27","43",
"1400000US18097310309","Census Tract 3103.09, Marion County, Indiana","3502","589","1736","413","157","117","210","132","195","123","126","82","168","111","13","23","36","55","72","79","120","98","128","105","122","87","129","100","21","27","50","47","113","56","10","16","36","44","0","12","11","19","10","16","9","14","0","12","0","12","1766","301","115","121","152","133","115","113","34","46","41","40","18","30","66","103","54","76","158","132","218","127","95","57","183","141","104","65","73","54","153","108","4","15","38","46","66","72","18","22","28","25","14","16","0","12","19","27",
"1400000US18097310310","Census Tract 3103.10, Marion County, Indiana","5352","858","2399","456","165","92","159","84","136","89","202","136","274","220","0","17","0","17","107","103","178","131","194","79","64","57","220","100","161","88","93","74","114","62","16","19","43","40","27","26","168","146","65","71","0","17","0","17","13","20","2953","560","171","106","178","104","172","130","150","79","69","70","13","23","58","69","135","87","381","311","215","89","184","72","177","81","120","58","206","91","135","71","63","51","93","71","38","31","167","206","66","68","15","22","10","16","137","172",
"1400000US18097310311","Census Tract 3103.11, Marion County, Indiana","7103","1145","3333","550","239","136","297","173","378","183","241","127","88","64","0","17","97","143","193","102","273","265","155","71","216","101","190","79","162","81","221","100","139","78","33","44","94","64","70","43","45","36","105","62","45","39","52","81","0","17","3770","761","431","281","371","186","332","142","134","76","12","19","36","41","31","40","77","80","233","219","272","139","382","129","237","129","228","104","150","88","242","95","94","83","140","81","24","24","86","43","92","59","94","108","51","45","21","25",
"1400000US18097310312","Census Tract 3103.12, Marion County, Indiana","6720","835","2980","576","217","154","219","138","331","230","13","21","0","17","28","34","146","208","169","216","427","275","189","127","306","238","202","129","270","182","25","42","145","111","15","27","156","115","21","35","0","17","79","100","0","17","0","17","22","38","3740","741","279","204","463","300","230","210","0","17","81","90","55","88","120","186","363","211","249","193","301","164","164","113","456","262","223","155","126","101","229","131","56","54","62","52","52","62","27","34","39","48","125","108","0","17","40","65",
"1400000US18097320105","Census Tract 3201.05, Marion County, Indiana","4273","591","1988","439","155","109","289","222","97","63","20","35","54","78","0","12","0","12","35","43","90","56","212","112","178","136","36","50","65","57","131","94","88","74","103","103","45","47","79","72","49","56","44","52","87","48","83","60","48","65","2285","391","275","170","127","101","38","49","30","41","41","62","0","12","0","12","117","77","141","84","272","134","131","110","137","86","74","93","62","72","89","67","43","47","145","76","86","63","110","74","138","77","95","56","62","45","72","68",
"1400000US18097320106","Census Tract 3201.06, Marion County, Indiana","3389","1504","1552","764","107","69","304","344","16","18","36","33","22","30","9","14","14","22","47","37","401","434","75","45","22","28","42","50","22","26","28","21","101","72","54","45","40","37","26","27","19","34","67","46","52","41","27","22","21","19","1837","761","45","41","135","95","361","412","61","45","18","18","7","10","14","20","69","41","82","68","326","365","21","27","78","64","54","35","62","39","55","48","79","47","22","21","25","23","37","44","87","46","128","78","36","28","35","33",
"1400000US18097320107","Census Tract 3201.07, Marion County, Indiana","2224","527","1152","281","113","73","138","135","16","16","22","19","6","12","0","12","1","2","12","16","129","78","88","30","50","24","36","22","78","37","104","104","48","22","82","59","53","38","26","23","24","19","54","30","45","26","15","15","12","13","1072","271","68","36","32","38","111","131","23","20","27","24","0","12","1","2","19","20","55","27","90","33","94","44","108","108","65","38","53","26","124","65","20","14","17","14","4","7","39","21","53","32","7","8","43","24","19","15",
"1400000US18097320108","Census Tract 3201.08, Marion County, Indiana","5026","636","2463","427","192","163","252","168","124","138","13","24","0","17","0","17","0","17","146","121","428","271","283","168","143","123","477","222","116","105","13","22","95","97","0","17","61","64","15","19","47","57","21","28","3","6","12","19","22","32","2563","480","154","123","234","208","173","132","16","27","0","17","0","17","0","17","184","125","727","375","135","116","158","111","94","90","118","100","66","47","125","77","87","100","31","41","0","17","2","5","145","104","32","32","5","10","77","68",
"1400000US18097320109","Census Tract 3201.09, Marion County, Indiana","2768","445","1313","206","74","58","120","68","91","62","48","46","8","14","0","12","37","43","22","34","29","28","58","37","47","35","120","67","78","60","41","31","92","66","25","26","58","39","31","26","53","33","89","60","62","35","52","35","78","55","1455","344","35","26","49","36","116","107","42","46","0","12","0","12","0","12","13","20","70","49","77","47","91","66","46","28","81","58","93","52","106","56","217","292","110","42","48","28","27","26","130","50","69","53","25","23","10","15",
"1400000US18097320202","Census Tract 3202.02, Marion County, Indiana","5057","628","2301","334","10","18","87","67","93","59","81","51","62","70","0","17","83","87","107","138","91","82","408","222","89","68","72","53","71","55","175","78","136","81","48","40","70","58","96","63","100","84","208","130","53","38","91","85","70","47","2756","411","132","85","67","48","52","52","51","63","50","51","0","17","0","17","146","106","281","108","270","259","107","66","169","79","64","55","209","175","252","101","55","46","216","154","82","61","59","59","204","108","92","59","87","84","111","66",
"1400000US18097320203","Census Tract 3202.03, Marion County, Indiana","2598","316","1309","207","20","25","37","38","60","49","43","37","0","12","8","13","0","12","35","35","141","78","181","75","68","47","50","44","106","77","115","100","96","49","62","64","39","30","0","12","46","40","24","23","88","46","36","28","54","40","1289","224","58","43","16","25","9","13","19","23","0","12","0","12","0","12","65","51","164","76","177","80","61","36","59","49","104","48","179","149","62","44","18","21","39","24","36","30","21","20","94","54","34","34","14","16","60","44",
"1400000US18097320205","Census Tract 3202.05, Marion County, Indiana","1805","266","745","155","14","22","0","12","0","12","0","12","0","12","0","12","0","12","90","74","204","112","135","68","39","38","45","55","23","39","20","31","106","14","0","12","0","12","4","8","17","19","42","35","0","12","0","12","6","10","1060","180","116","90","0","12","109","100","0","12","0","12","0","12","0","12","115","126","186","112","142","94","65","66","20","34","83","70","16","17","0","12","26","42","51","67","35","31","18","21","52","42","20","22","0","12","6","10",
"1400000US18097320206","Census Tract 3202.06, Marion County, Indiana","3196","676","1237","291","9","29","3","11","195","100","160","103","88","96","0","12","23","31","42","56","143","150","77","114","17","28","52","36","104","79","53","52","95","75","64","89","0","12","37","57","13","21","13","23","14","23","0","12","35","40","1959","581","138","133","53","62","119","115","47","73","199","107","0","12","30","41","152","128","217","298","2","9","84","80","238","116","191","163","76","65","47","51","0","12","108","87","35","54","15","18","60","54","56","49","58","64","34","42",
"1400000US18097320301","Census Tract 3203.01, Marion County, Indiana","3668","551","1717","338","217","203","48","41","73","43","17","20","0","12","11","18","0","12","16","19","127","81","99","52","50","40","131","88","152","76","36","27","109","56","55","44","106","53","8","13","156","82","119","65","70","33","51","30","66","50","1951","323","109","80","99","86","110","78","17","20","9","13","0","12","8","12","71","64","60","58","72","43","54","38","135","92","81","44","114","62","128","52","16","15","103","50","49","29","136","64","273","163","112","48","140","70","55","34",
"1400000US18097320303","Census Tract 3203.03, Marion County, Indiana","3072","349","1599","240","98","85","23","26","0","12","0","12","0","12","7","10","35","36","292","106","493","151","184","59","175","98","23","27","54","51","65","64","86","70","0","12","27","43","9","15","0","12","10","15","0","12","18","23","0","12","1473","269","88","69","31","41","39","45","62","59","43","37","0","12","20","23","226","98","474","155","152","75","71","57","112","65","37","34","52","39","22","30","0","12","17","18","9","15","0","12","0","12","0","12","0","12","18","24",
"1400000US18097320305","Census Tract 3203.05, Marion County, Indiana","2813","337","1366","271","63","56","171","102","56","54","95","102","65","81","0","12","18","30","0","12","13","22","79","74","79","64","51","43","77","53","86","56","99","84","36","36","89","94","16","27","77","77","68","56","79","91","49","47","0","12","1447","233","95","92","54","66","196","87","39","40","46","68","12","18","0","12","0","12","31","35","32","35","143","74","72","56","120","93","52","46","122","80","8","12","17","26","98","91","67","53","49","46","79","86","115","80","0","12",
"1400000US18097320306","Census Tract 3203.06, Marion County, Indiana","3976","439","1851","306","35","36","89","64","41","45","75","51","18","20","41","48","12","20","76","68","289","184","215","127","65","42","37","31","123","65","166","113","74","56","115","96","120","72","24","31","53","48","102","57","17","27","37","45","27","44","2125","319","68","41","36","33","70","65","37","35","0","12","28","39","26","28","160","91","216","123","230","125","274","207","65","43","123","83","110","58","91","60","17","22","52","40","63","51","115","81","35","38","100","48","87","142","122","87",
"1400000US18097320400","Census Tract 3204, Marion County, Indiana","3345","486","1584","265","126","67","118","73","38","30","13","15","61","84","14","16","0","12","137","70","102","58","207","89","92","85","108","66","48","36","143","63","97","60","45","38","21","20","28","23","20","23","110","62","29","28","10","16","17","27","1761","314","178","79","117","66","59","55","50","72","7","13","4","11","56","64","149","77","183","101","120","153","143","87","139","74","12","15","138","49","72","44","14","16","38","26","65","53","53","66","48","36","77","47","10","16","29","33",
"1400000US18097320500","Census Tract 3205, Marion County, Indiana","3105","466","1547","271","72","40","35","36","249","197","127","88","30","37","0","12","0","12","82","62","54","48","62","34","79","35","79","51","89","54","149","113","105","45","40","35","52","33","46","32","62","39","16","18","60","59","21","20","38","44","1558","266","19","20","89","55","137","144","62","42","44","43","16","23","0","12","59","41","96","86","122","67","119","125","131","62","79","59","66","38","118","65","93","89","81","53","20","22","57","36","57","35","58","35","26","29","9","14",
"1400000US18097320600","Census Tract 3206, Marion County, Indiana","2341","544","1262","358","37","34","172","241","68","52","27","30","0","12","0","12","0","12","86","73","136","69","157","79","43","35","85","68","132","83","66","37","107","69","18","22","53","38","23","25","10","15","33","29","9","14","0","12","0","12","1079","229","15","17","38","51","19","24","13","16","5","9","21","30","11","18","40","44","102","65","107","59","212","162","113","76","44","31","64","47","59","35","30","28","29","26","12","20","56","34","19","20","17","19","18","20","35","29",
"1400000US18097320700","Census Tract 3207, Marion County, Indiana","2040","293","1115","235","24","31","51","46","46","48","70","94","8","14","10","17","0","12","88","71","146","62","141","90","126","79","82","45","72","44","128","66","25","27","9","14","25","28","0","12","37","24","11","13","16","17","0","12","0","12","925","127","10","17","88","55","24","41","12","20","0","12","0","12","0","12","81","50","107","65","65","39","120","52","15","18","53","48","59","38","80","51","57","38","19","22","31","21","13","15","43","25","0","12","8","12","40","42",
"1400000US18097320800","Census Tract 3208, Marion County, Indiana","2927","176","1368","118","63","38","86","33","114","38","72","28","6","5","2","4","0","12","28","24","14","12","33","19","62","20","89","26","105","34","143","34","63","22","26","19","92","35","44","19","62","21","89","34","62","22","27","16","86","86","1559","90","63","28","131","43","124","35","30","15","38","20","2","3","6","7","5","8","20","13","53","21","66","27","131","33","109","34","99","29","122","37","70","42","91","25","48","22","51","20","98","33","48","18","45","23","109","86",
"1400000US18097320901","Census Tract 3209.01, Marion County, Indiana","6544","1024","3449","793","242","183","324","172","172","157","89","91","77","89","67","98","23","38","113","159","310","239","187","116","168","99","318","175","234","175","100","64","316","238","167","145","100","60","105","72","106","77","116","75","19","28","34","34","62","54","3095","513","244","222","239","182","147","102","29","30","47","73","13","21","21","36","81","122","65","55","107","93","262","129","302","198","287","147","76","75","334","221","113","91","117","79","83","62","113","55","136","78","126","81","74","61","79","66",
"1400000US18097320902","Census Tract 3209.02, Marion County, Indiana","4077","608","2157","410","182","129","301","149","99","70","133","68","30","30","25","41","37","37","77","89","343","124","130","74","145","75","211","115","47","50","54","32","85","50","67","89","65","72","12","20","49","36","49","39","2","4","0","12","14","23","1920","327","95","80","112","79","189","111","32","46","40","40","85","107","0","12","19","18","274","110","83","54","320","126","121","74","70","65","124","70","94","53","49","33","74","51","0","12","89","68","15","19","14","19","9","14","12","20",
"1400000US18097320903","Census Tract 3209.03, Marion County, Indiana","5750","1077","2496","464","208","124","492","414","198","151","160","79","59","45","56","68","22","36","230","232","99","75","145","95","73","62","131","87","111","93","146","107","182","86","107","105","31","30","16","28","0","17","8","13","22","26","0","17","0","17","3254","776","97","91","325","196","311","197","32","39","115","124","0","17","65","90","76","107","451","305","279","178","298","134","294","187","228","205","148","96","225","98","43","40","88","112","54","44","29","29","58","68","18","20","0","17","20","30",
"1400000US18097321001","Census Tract 3210.01, Marion County, Indiana","2958","530","1341","293","97","64","121","76","192","128","26","33","29","40","13","13","102","128","54","53","90","76","40","46","80","87","37","47","23","27","105","98","103","110","0","12","34","32","22","25","46","46","4","7","39","50","34","35","50","51","1617","358","164","114","95","102","133","95","113","119","44","45","3","13","0","12","88","89","100","82","167","152","130","83","57","39","0","12","79","67","107","67","19","33","133","152","23","32","91","69","17","30","7","13","25","28","22","27",
"1400000US18097321002","Census Tract 3210.02, Marion County, Indiana","5281","1356","2771","882","269","298","224","155","104","77","41","39","223","242","0","17","211","274","231","155","117","101","178","153","73","47","24","33","106","64","154","89","439","271","41","35","76","50","3","5","102","80","56","41","38","23","56","46","5","6","2510","550","159","124","175","175","116","106","7","11","37","48","17","23","59","62","106","111","170","145","169","151","95","72","61","53","95","89","304","263","247","139","43","40","108","55","136","84","35","28","145","68","79","53","135","116","12","13",
"1400000US18097321100","Census Tract 3211, Marion County, Indiana","3719","605","1775","238","39","31","129","56","165","68","50","38","43","38","0","12","13","14","25","25","112","58","71","30","116","51","103","44","81","42","82","40","193","164","134","64","34","28","25","21","139","62","125","58","43","27","20","20","33","27","1944","415","67","56","121","46","65","35","43","40","18","15","32","33","21","16","33","29","81","38","262","237","171","55","54","26","82","37","118","48","186","133","95","58","147","73","101","63","26","15","71","32","55","31","42","38","53","40",
"1400000US18097321200","Census Tract 3212, Marion County, Indiana","5015","928","2111","352","126","94","169","96","194","145","30","35","19","30","0","17","0","17","26","31","250","128","268","119","299","194","48","46","107","68","45","41","64","50","32","33","114","76","58","45","101","49","83","47","67","71","11","18","0","17","2904","727","519","492","64","49","193","99","103","70","11","18","0","17","0","17","96","112","223","108","325","135","297","213","86","71","178","120","92","55","254","174","49","40","180","86","0","17","45","37","64","44","82","76","0","17","43","58",
"1400000US18097321300","Census Tract 3213, Marion County, Indiana","2749","345","1323","274","182","135","12","19","22","25","0","12","15","21","0","12","9","17","95","79","254","95","243","107","102","44","112","97","62","53","68","51","57","39","13","21","35","34","27","25","0","12","6","11","7","10","0","12","2","3","1426","182","117","80","11","17","15","21","35","31","0","12","0","12","0","12","172","86","382","118","183","103","92","50","75","58","60","37","63","39","39","43","14","16","13","15","65","48","15","17","7","10","39","40","0","12","29","24",
"1400000US18097321400","Census Tract 3214, Marion County, Indiana","5000","597","2417","453","123","82","67","48","118","61","71","65","9","16","77","97","12","20","123","103","532","313","255","146","164","100","98","53","20","31","120","82","72","63","57","54","162","136","136","107","56","52","37","40","40","40","39","62","29","33","2583","367","64","73","24","38","190","106","135","132","30","39","23","41","0","17","53","42","373","124","258","146","190","90","83","50","190","116","338","132","192","108","28","30","83","60","66","52","59","71","171","97","16","25","17","28","0","17",
"1400000US18097321600","Census Tract 3216, Marion County, Indiana","5719","997","2860","528","458","229","35","46","254","185","63","46","30","54","50","62","0","17","163","126","158","112","221","118","119","82","91","69","82","70","201","171","102","77","59","55","177","117","75","76","155","236","127","92","175","112","65","84","0","17","2859","673","169","122","254","188","141","131","25","32","21","34","240","295","100","115","30","47","246","119","351","136","83","63","121","104","254","219","55","63","145","96","95","66","86","88","60","53","35","53","158","196","127","100","63","61","0","17",
"1400000US18097321700","Census Tract 3217, Marion County, Indiana","4119","527","1777","297","71","56","10","18","38","41","29","48","7","15","0","12","145","218","44","44","228","89","275","114","309","171","106","76","58","46","29","31","124","62","43","37","73","60","18","28","14","23","55","53","40","38","27","30","34","37","2342","331","180","118","139","85","56","52","0","12","61","92","0","12","0","12","114","98","431","124","311","142","169","108","98","68","67","45","106","67","96","56","30","34","18","29","35","35","141","86","44","45","0","12","48","41","198","104",
"1400000US18097321800","Census Tract 3218, Marion County, Indiana","3340","531","1488","275","117","72","176","145","46","41","24","28","12","19","0","12","0","12","39","34","21","19","204","56","31","37","197","111","129","62","88","52","115","49","9","14","53","40","27","28","32","24","76","47","61","36","9","14","22","21","1852","286","106","92","212","148","78","56","32","31","0","12","21","24","0","12","58","41","114","68","247","72","151","71","173","128","80","46","185","71","78","35","48","43","59","38","22","16","54","41","44","32","50","41","32","22","8","12",
"1400000US18097321900","Census Tract 3219, Marion County, Indiana","5081","665","2436","381","69","44","154","107","75","38","47","34","570","138","186","95","313","150","117","85","78","38","78","48","87","39","134","113","77","49","52","50","111","59","100","60","16","18","43","32","25","27","35","25","65","41","4","6","0","17","2645","443","168","150","197","142","94","56","53","34","707","144","201","81","187","74","163","82","82","51","87","63","119","109","81","47","96","49","76","41","39","25","12","21","29","21","24","27","70","30","84","59","31","30","14","17","31","33",
"1400000US18097322000","Census Tract 3220, Marion County, Indiana","3219","571","1391","316","32","31","68","60","58","46","81","60","47","53","0","12","75","81","16","21","189","132","139","69","85","44","48","39","48","53","110","56","97","136","39","45","39","30","17","19","80","109","88","48","26","24","9","15","0","12","1828","364","103","78","87","51","100","60","40","35","27","18","12","18","8","15","152","97","147","87","113","52","126","55","287","266","108","60","82","65","156","69","8","14","61","52","10","13","52","27","52","27","58","44","15","17","24","26",
"1400000US18097322100","Census Tract 3221, Marion County, Indiana","3254","587","1459","415","276","211","126","115","131","119","59","82","21","23","0","12","0","12","62","66","79","86","96","83","145","76","53","34","82","46","55","42","132","50","9","13","14","20","24","29","20","22","41","30","10","13","24","28","0","12","1795","311","142","73","257","121","22","25","15","23","0","12","0","12","58","63","38","43","350","231","216","154","106","52","121","71","65","68","87","60","68","42","82","76","10","14","19","21","25","23","41","34","8","11","33","34","32","35",
"1400000US18097322200","Census Tract 3222, Marion County, Indiana","2215","308","1207","211","142","71","91","43","88","33","25","19","17","25","21","31","0","12","8","10","89","45","120","51","98","32","85","44","79","44","92","33","29","22","19","21","47","49","35","23","24","30","23","17","28","19","23","18","24","18","1008","137","44","27","82","30","71","43","34","33","16","17","0","12","7","13","29","28","92","45","98","35","104","38","40","22","97","39","76","38","41","43","37","20","10","11","5","8","37","21","19","13","45","28","13","13","11","11",
"1400000US18097322300","Census Tract 3223, Marion County, Indiana","2463","389","1226","333","100","49","62","32","28","21","6","12","0","12","14","23","0","12","161","177","119","57","216","75","59","28","48","25","124","149","67","70","59","31","23","26","30","37","0","12","34","31","33","28","26","21","0","12","17","25","1237","192","140","78","72","43","14","16","73","70","36","34","0","12","0","12","36","37","185","65","134","54","114","41","66","46","20","17","102","82","65","33","24","22","42","38","15","19","27","26","45","43","21","20","6","11","0","12",
"1400000US18097322400","Census Tract 3224, Marion County, Indiana","2672","349","1243","254","67","41","43","27","17","26","26","40","42","46","0","12","18","26","89","56","203","117","145","65","113","54","162","131","75","68","0","12","48","49","44","31","67","41","13","16","26","22","29","25","7","12","0","12","9","14","1429","257","103","72","19","28","7","11","42","48","65","53","0","12","131","192","126","69","186","83","145","69","119","65","70","44","39","32","80","53","72","46","25","36","45","33","63","37","32","26","53","33","7","12","0","12","0","12",
"1400000US18097322500","Census Tract 3225, Marion County, Indiana","1614","233","723","139","20","28","63","42","27","42","7","10","69","83","35","48","0","12","45","37","94","59","82","65","61","43","24","20","47","34","17","21","40","30","6","10","17","19","23","20","14","22","15","14","6","11","11","17","0","12","891","159","89","61","40","46","84","56","0","12","30","32","4","12","4","6","43","28","139","64","67","48","19","21","144","71","28","21","53","31","16","16","0","12","61","33","8","12","29","21","13","19","7","9","12","17","1","3",
"1400000US18097322601","Census Tract 3226.01, Marion County, Indiana","2014","538","899","411","78","87","148","156","40","53","134","86","191","169","56","62","19","31","0","12","36","57","0","12","39","42","35","55","44","57","13","25","13","26","42","23","0","12","0","12","0","12","11","20","0","12","0","12","0","12","1115","257","66","79","143","88","76","93","55","62","0","12","31","49","26","40","30","48","87","75","25","41","148","97","70","61","37","34","76","67","122","76","19","22","0","12","38","47","0","12","20","31","21","26","17","21","8","15",
"1400000US18097322602","Census Tract 3226.02, Marion County, Indiana","1738","435","817","256","26","39","21","34","0","12","13","18","23","26","0","12","0","12","0","12","33","30","28","28","75","70","40","50","48","44","85","90","141","139","10","16","82","58","10","16","30","41","10","16","42","56","10","15","90","142","921","266","55","71","17","27","77","119","11","16","15","22","29","32","28","45","16","19","88","61","40","44","43","53","11","17","28","43","113","118","44","37","29","29","31","29","22","24","21","23","133","102","9","16","51","55","10","15",
"1400000US18097322700","Census Tract 3227, Marion County, Indiana","2071","418","1003","171","43","51","0","12","113","58","31","37","25","26","19","31","5","12","8","12","47","43","15","24","126","53","42","41","13","18","155","53","39","32","41","52","43","53","73","54","28","23","8","12","74","47","55","40","0","12","1068","347","0","12","33","38","65","65","86","125","0","12","0","12","8","11","15","27","17","21","72","60","44","49","64","58","112","85","104","57","29","31","29","44","168","199","0","12","32","27","92","119","98","43","0","12","0","12",
"1400000US18097330103","Census Tract 3301.03, Marion County, Indiana","4257","550","1956","318","215","205","57","48","115","80","22","30","0","12","0","12","0","12","118","96","177","118","171","109","221","97","54","56","109","101","70","58","77","52","45","38","108","73","24","37","92","65","81","55","166","177","12","22","22","28","2301","336","63","93","51","61","171","134","32","27","0","12","87","95","11","18","67","67","173","105","110","91","266","86","32","36","213","119","148","112","284","113","26","36","88","56","55","63","42","42","287","244","9","18","28","32","58","39",
"1400000US18097330105","Census Tract 3301.05, Marion County, Indiana","4537","648","2103","324","36","47","273","85","87","94","37","60","0","12","102","121","8","16","33","51","215","106","263","181","202","147","45","56","105","91","218","158","191","83","68","51","67","70","46","39","15","24","53","46","26","30","0","12","13","21","2434","635","78","93","53","70","86","91","59","64","24","28","52","69","0","12","256","252","155","100","167","106","231","150","363","386","113","99","26","30","135","75","157","95","135","96","25","30","99","95","128","88","12","19","43","32","37","41",
"1400000US18097330106","Census Tract 3301.06, Marion County, Indiana","4758","1135","2536","830","486","343","39","44","184","204","0","12","59","91","0","12","0","12","50","62","235","158","524","337","185","146","115","106","107","92","67","56","119","111","148","138","17","22","18","19","80","78","36","30","42","40","0","12","25","27","2222","455","171","186","0","12","319","213","52","70","70","67","28","44","0","12","222","154","292","175","146","111","143","119","73","88","70","57","124","87","92","80","67","49","34","40","44","38","22","20","103","97","75","54","28","26","47","38",
"1400000US18097330107","Census Tract 3301.07, Marion County, Indiana","5016","537","2289","254","52","50","40","43","53","48","223","93","42","35","16","29","7","13","48","56","199","100","106","58","54","40","131","71","74","57","209","86","307","134","49","43","155","99","116","126","68","52","143","85","141","81","41","37","15","24","2727","443","55","37","150","83","156","89","133","100","0","17","0","17","9","16","81","75","126","66","172","83","120","58","244","101","58","47","271","252","324","111","114","84","118","72","100","88","76","75","159","94","159","104","15","24","87","62",
"1400000US18097330108","Census Tract 3301.08, Marion County, Indiana","3926","925","1964","472","113","54","208","238","50","34","41","33","21","22","10","16","0","12","54","54","222","184","45","32","223","171","63","39","81","41","94","39","204","86","68","64","128","53","35","37","64","40","112","52","84","41","0","12","44","38","1962","485","251","250","107","60","57","34","41","26","30","31","0","12","13","18","31","26","233","199","72","39","226","183","84","49","66","40","86","38","131","54","77","55","55","32","56","36","38","27","154","112","104","42","21","25","29","31",
"1400000US18097330109","Census Tract 3301.09, Marion County, Indiana","4793","959","2225","382","86","61","151","63","54","51","135","160","19","32","34","40","0","12","26","35","90","63","338","118","205","229","157","78","79","40","70","69","204","80","105","59","95","68","70","43","132","94","114","87","22","27","7","12","32","35","2568","629","292","294","79","63","119","61","76","59","41","54","0","12","0","12","28","34","134","73","376","322","159","70","118","73","195","103","121","65","227","98","50","42","126","66","112","48","93","59","113","70","42","48","52","36","15","23",
"1400000US18097330203","Census Tract 3302.03, Marion County, Indiana","5083","499","2642","400","106","85","56","49","359","208","160","104","31","36","0","17","0","17","54","54","148","134","68","67","130","88","84","54","155","125","268","122","250","104","108","60","168","83","58","49","126","82","150","77","111","68","26","26","26","41","2441","249","125","68","192","79","235","90","66","58","21","34","0","17","30","40","37","58","14","22","77","58","67","54","151","62","197","133","257","113","238","116","153","65","156","90","51","49","174","105","119","57","52","57","17","21","12","20",
"1400000US18097330204","Census Tract 3302.04, Marion County, Indiana","6342","794","3072","438","68","67","179","104","406","155","78","79","66","67","0","17","95","90","223","139","30","40","143","125","169","98","395","115","146","81","149","91","203","110","141","100","124","78","29","29","337","251","24","28","34","41","21","38","12","19","3270","495","115","114","305","190","160","104","264","113","54","45","24","41","41","69","161","187","74","84","126","98","170","106","189","128","409","166","170","99","254","94","106","86","294","353","18","30","215","88","48","37","45","38","0","17","28","32",
"1400000US18097330206","Census Tract 3302.06, Marion County, Indiana","5258","752","2515","331","248","142","146","65","161","70","125","68","59","55","45","39","38","43","60","40","143","67","147","69","149","69","119","59","344","221","142","79","139","56","70","48","134","75","50","75","101","69","61","40","19","24","15","18","0","17","2743","528","470","422","133","71","105","58","176","78","75","66","15","23","7","12","80","61","173","76","87","47","256","138","162","65","298","96","196","67","154","59","9","14","138","112","33","25","43","44","62","56","38","32","23","36","10","18",
"1400000US18097330208","Census Tract 3302.08, Marion County, Indiana","3065","412","1609","262","123","52","140","83","85","64","72","58","14","17","0","12","35","30","10","19","138","95","203","137","133","68","60","53","102","53","110","52","124","66","25","23","48","31","61","27","77","35","38","32","0","12","11","17","0","12","1456","207","81","67","72","41","100","56","34","31","11","16","0","12","10","15","38","25","114","44","235","142","142","67","38","36","97","53","41","26","106","48","58","38","54","40","43","33","88","39","21","23","22","23","24","27","27","28",
"1400000US18097330210","Census Tract 3302.10, Marion County, Indiana","6884","985","2931","649","264","156","226","151","320","193","401","339","106","112","0","17","45","60","81","72","114","139","186","137","200","153","231","152","206","236","88","87","180","100","149","123","51","48","0","17","0","17","21","39","62","75","0","17","0","17","3953","704","358","299","413","173","360","208","230","144","163","159","0","17","0","17","219","166","237","207","268","137","418","184","450","287","275","127","79","81","30","38","29","48","34","52","54","78","184","155","137","107","15","23","0","17","0","17",
"1400000US18097330211","Census Tract 3302.11, Marion County, Indiana","5110","675","2415","508","174","158","213","168","187","146","102","92","160","158","115","115","0","17","245","214","137","152","198","168","181","178","115","126","35","49","99","96","102","77","128","95","88","83","22","39","22","32","43","45","25","31","24","38","0","17","2695","383","186","126","209","172","344","238","0","17","58","68","168","144","47","76","42","68","255","158","200","108","216","170","184","159","92","69","195","123","239","126","87","81","0","17","0","17","88","61","41","54","25","39","19","31","0","17",
"1400000US18097330212","Census Tract 3302.12, Marion County, Indiana","5649","951","2638","610","168","128","129","95","304","231","78","59","70","69","0","17","0","17","65","66","571","397","89","69","235","202","244","114","170","112","55","54","119","77","95","101","0","17","39","47","87","59","93","67","0","17","10","18","17","28","3011","487","205","141","179","124","388","158","203","173","187","133","0","17","18","29","339","270","130","83","183","105","240","150","141","79","143","97","222","117","103","76","36","42","125","113","26","31","46","44","13","21","10","18","23","31","51","62",
"1400000US18097330213","Census Tract 3302.13, Marion County, Indiana","4155","959","2221","709","194","121","46","60","100","100","25","31","20","32","4","13","271","320","0","12","313","333","104","77","103","65","125","74","153","98","114","86","200","111","42","46","55","52","53","30","64","49","93","74","38","38","43","30","61","42","1934","317","41","45","94","81","78","71","19","33","68","73","0","12","34","61","234","238","96","63","172","90","95","56","52","68","85","73","72","87","382","137","44","33","49","53","27","30","66","54","24","31","73","53","81","51","48","43",
"1400000US18097330401","Census Tract 3304.01, Marion County, Indiana","5729","742","2734","356","146","106","266","133","203","144","57","69","67","66","0","17","0","17","49","51","159","117","156","113","306","135","68","54","123","81","202","120","169","68","115","81","134","82","63","46","78","57","128","96","110","64","38","35","97","116","2995","549","104","90","189","180","49","48","131","115","143","141","0","17","14","22","62","99","171","158","332","124","188","91","144","115","185","117","163","119","343","177","92","77","87","62","119","70","118","84","113","92","66","52","152","100","30","34",
"1400000US18097330500","Census Tract 3305, Marion County, Indiana","6186","1189","2383","419","245","216","38","56","138","113","0","17","86","72","17","30","0","17","0","17","57","60","79","61","217","151","336","255","202","252","145","114","82","80","97","104","113","91","10","17","212","99","119","105","68","49","93","62","29","33","3803","978","276","189","556","453","150","119","144","113","81","80","28","44","57","80","159","233","155","118","231","272","169","128","236","175","173","234","122","102","248","145","93","100","174","112","167","103","94","64","205","140","185","90","75","67","25","41",
"1400000US18097330600","Census Tract 3306, Marion County, Indiana","5976","1007","3102","760","217","195","310","155","430","216","41","51","57","55","87","81","17","29","111","142","210","119","254","165","77","102","356","217","62","74","35","44","195","168","20","35","454","503","17","31","0","17","52","49","43","46","13","22","44","44","2874","599","162","137","265","195","223","158","131","139","95","97","11","18","0","17","56","55","659","295","149","109","343","174","116","76","27","41","83","66","220","107","36","43","76","54","45","55","19","31","22","32","58","46","36","63","42","46",
"1400000US18097330701","Census Tract 3307.01, Marion County, Indiana","2212","671","1045","377","24","62","49","37","102","177","0","12","0","12","0","12","0","12","83","92","144","122","314","293","51","39","0","12","70","104","0","12","83","57","25","31","18","33","0","12","82","71","0","12","0","12","0","12","0","12","1167","394","0","12","0","12","333","206","0","12","0","12","0","12","0","12","16","43","85","92","97","67","334","288","0","12","79","99","48","61","41","45","40","43","18","30","0","12","45","69","17","38","0","12","0","12","14","22",
"1400000US18097330702","Census Tract 3307.02, Marion County, Indiana","4049","854","1985","591","362","354","247","153","81","89","168","156","0","12","0","12","25","43","69","74","55","62","0","12","222","164","291","137","72","72","91","96","94","62","0","12","47","51","35","47","53","40","73","82","0","12","0","12","0","12","2064","404","123","122","116","102","194","169","19","35","111","72","0","12","0","12","43","56","173","135","165","108","167","127","143","115","164","110","0","12","150","125","35","49","11","17","95","76","56","64","101","65","118","131","52","52","28","32",
"1400000US18097330803","Census Tract 3308.03, Marion County, Indiana","3654","807","1821","517","346","274","211","108","339","161","99","100","43","56","0","12","0","12","77","83","59","67","61","64","39","56","200","104","80","62","96","100","74","51","22","36","15","27","9","14","6","10","0","12","11","19","8","14","26","25","1833","426","94","78","139","135","113","95","85","84","27","31","33","52","55","66","15","24","417","299","173","93","63","60","100","81","79","70","146","95","95","76","40","44","22","36","33","38","24","33","77","40","3","10","0","12","0","12",
"1400000US18097330804","Census Tract 3308.04, Marion County, Indiana","3237","882","1889","789","215","153","220","142","107","90","15","27","10","16","43","46","0","12","70","62","165","128","380","329","107","59","27","34","259","250","11","16","40","44","20","23","12","21","117","172","61","77","5","9","0","12","0","12","5","8","1348","312","76","65","95","82","177","105","44","57","20","38","0","12","24","43","24","27","214","115","72","63","118","75","112","63","57","58","54","46","46","40","46","37","35","27","46","35","6","9","42","30","22","24","0","12","18","19",
"1400000US18097330805","Census Tract 3308.05, Marion County, Indiana","2276","398","988","226","127","79","42","62","78","65","0","12","11","19","0","12","0","12","17","28","220","118","52","55","28","42","120","86","0","12","52","54","19","31","0","12","84","52","27","35","33","36","30","25","34","35","0","12","14","23","1288","276","270","131","79","66","61","56","36","35","0","12","8","28","0","12","45","46","72","60","82","51","59","43","95","76","49","50","16","28","56","42","52","44","126","69","38","50","56","32","41","33","13","20","0","12","34","39",
"1400000US18097330806","Census Tract 3308.06, Marion County, Indiana","4998","1089","2033","578","162","122","326","271","442","253","79","73","81","79","52","83","26","41","62","86","118","95","63","75","183","114","99","87","42","51","63","72","110","73","36","41","4","9","36","47","29","36","0","12","0","12","10","15","10","15","2965","644","173","107","245","172","553","335","164","102","25","40","10","17","99","94","71","105","243","208","194","102","245","123","210","108","51","36","121","89","83","65","198","173","23","25","37","44","88","67","61","59","18","21","33","31","20","18",
"1400000US18097330900","Census Tract 3309, Marion County, Indiana","6061","893","2389","497","188","214","508","218","271","213","18","31","47","69","98","106","0","17","27","41","261","135","138","97","79","75","84","94","287","257","60","63","42","50","77","85","36","47","55","53","0","17","20","27","33","28","8","14","52","53","3672","694","428","311","17","36","284","215","76","104","128","102","0","17","120","123","203","148","227","154","627","325","66","62","129","109","644","316","130","91","216","99","33","42","101","71","24","40","38","37","42","39","89","58","0","17","50","43",
"1400000US18097331000","Census Tract 3310, Marion County, Indiana","3799","1071","1652","489","164","115","218","208","118","170","91","78","65","59","23","37","29","29","13","20","23","31","67","51","53","56","81","65","90","59","130","84","122","75","64","61","55","42","14","16","36","33","63","52","31","31","63","49","39","27","2147","640","102","108","163","165","212","213","115","85","37","32","0","12","51","50","19","27","95","96","209","193","155","107","99","80","131","74","226","156","103","72","10","16","74","61","55","51","60","35","81","51","69","35","39","41","42","33",
"1400000US18097340101","Census Tract 3401.01, Marion County, Indiana","4907","686","2391","414","269","150","106","60","117","68","79","43","63","52","0","12","0","12","124","75","116","76","182","113","113","57","89","80","160","85","126","60","119","66","103","83","54","40","0","12","123","102","60","39","258","212","107","138","23","24","2516","384","128","75","111","53","149","112","115","79","99","71","44","54","75","69","54","44","133","57","131","63","98","47","172","75","144","56","141","59","192","104","84","67","45","41","86","64","104","102","239","200","76","43","44","33","52","49",
"1400000US18097340102","Census Tract 3401.02, Marion County, Indiana","3348","555","1508","348","137","190","101","75","26","40","21","26","37","30","4","7","21","24","96","76","168","120","110","97","131","82","87","73","55","40","71","77","47","48","30","34","74","64","54","42","44","51","56","34","54","32","41","36","43","26","1840","346","102","80","76","71","94","76","46","61","72","74","95","61","0","12","67","50","208","127","56","58","101","59","79","80","60","58","51","40","129","88","81","69","103","49","33","37","13","15","135","79","61","36","113","53","65","46",
"1400000US18097340108","Census Tract 3401.08, Marion County, Indiana","2727","414","1393","243","75","63","102","86","129","88","0","12","47","42","0","12","8","13","128","67","131","72","138","57","133","69","71","50","114","68","93","60","42","43","96","106","32","31","10","22","18","17","5","8","0","12","10","22","11","23","1334","289","82","75","116","86","88","63","15","27","44","34","73","48","26","34","82","58","231","174","97","54","83","44","56","50","97","66","82","48","37","27","0","12","16","18","15","13","37","31","28","26","10","21","0","12","19","24",
"1400000US18097340111","Census Tract 3401.11, Marion County, Indiana","3864","351","1743","324","124","74","34","35","161","90","105","66","210","140","0","12","29","42","125","101","119","94","104","59","117","56","85","82","224","107","77","81","92","74","15","19","36","26","12","16","22","21","35","25","0","12","0","12","17","30","2121","235","57","50","82","50","179","87","177","67","103","66","0","12","13","21","107","55","137","79","169","66","205","65","234","100","96","47","134","71","69","36","18","22","56","37","165","106","46","34","24","26","39","36","11","18","0","12",
"1400000US18097340112","Census Tract 3401.12, Marion County, Indiana","4159","436","1757","277","113","99","91","100","72","73","14","21","36","36","47","73","14","27","84","65","201","109","39","39","165","157","220","101","64","62","79","57","67","56","106","95","8","10","23","26","92","82","115","74","71","50","29","23","7","8","2402","319","309","210","98","87","148","114","67","71","79","68","4","7","13","15","52","38","361","155","131","87","163","88","73","64","129","67","127","103","110","78","60","48","35","43","29","30","33","39","100","64","71","49","91","101","119","90",
"1400000US18097340113","Census Tract 3401.13, Marion County, Indiana","4283","570","1912","501","38","43","236","235","173","128","104","94","89","81","40","35","35","56","16","19","59","49","68","48","52","42","294","228","159","102","66","41","133","65","7","11","92","43","32","25","67","44","50","44","50","50","24","24","28","24","2371","313","162","111","139","110","227","143","83","64","0","12","9","15","14","16","38","31","72","43","76","63","156","89","245","152","220","123","154","62","87","37","75","61","26","21","47","29","66","54","95","55","64","28","54","42","262","229",
"1400000US18097340114","Census Tract 3401.14, Marion County, Indiana","4189","429","2095","279","183","87","80","59","168","109","79","52","56","64","33","26","13","19","50","32","163","69","91","66","131","68","135","63","132","49","126","46","119","54","60","40","133","57","52","35","32","23","96","54","131","91","30","23","2","6","2094","244","75","55","67","57","213","61","97","55","14","18","0","12","38","49","56","32","157","92","35","24","112","63","221","73","172","55","193","67","108","55","38","24","91","40","47","29","60","34","197","173","42","31","29","24","32","28",
"1400000US18097340115","Census Tract 3401.15, Marion County, Indiana","5421","749","2741","448","160","144","116","72","171","126","67","55","34","36","29","32","70","64","181","134","568","248","256","140","212","141","180","106","176","121","87","87","116","65","47","42","67","54","18","18","39","33","109","58","26","32","12","19","0","17","2680","585","275","257","176","163","135","117","0","17","41","37","75","104","29","44","134","67","160","141","142","110","392","151","75","64","106","93","179","108","196","87","42","40","75","56","178","193","118","82","58","40","44","53","40","32","10","12",
"1400000US18097340201","Census Tract 3402.01, Marion County, Indiana","3773","580","1816","350","237","167","143","106","90","70","52","47","0","12","54","65","86","83","97","91","112","90","81","73","175","127","172","105","72","69","123","64","62","58","33","31","8","14","12","15","138","145","33","30","8","14","6","10","22","17","1957","360","161","154","328","144","148","89","49","50","94","67","17","27","0","12","63","59","170","110","143","79","169","82","44","36","122","94","158","71","11","18","38","37","23","30","32","38","67","36","41","33","26","22","16","18","37","30",
"1400000US18097340202","Census Tract 3402.02, Marion County, Indiana","4899","592","2474","437","535","357","116","83","65","41","48","38","69","51","24","28","58","80","98","68","312","149","123","64","71","58","140","97","81","75","242","136","117","69","40","32","70","51","8","13","89","61","45","36","26","26","41","33","56","51","2425","336","203","129","181","122","199","89","89","80","39","48","23","19","75","74","166","94","191","110","222","105","103","56","99","50","199","113","168","110","135","74","15","22","53","45","7","12","38","35","77","46","49","36","51","32","43","45",
"1400000US18097340301","Census Tract 3403.01, Marion County, Indiana","4007","1141","2065","506","115","126","274","129","131","136","128","100","0","12","0","12","0","12","34","64","204","133","30","51","106","100","418","373","61","104","484","268","0","12","25","29","30","52","0","12","0","12","0","12","0","12","12","20","13","24","1942","963","459","418","248","244","25","48","71","85","0","12","0","12","0","12","64","88","298","326","74","80","49","47","29","38","192","128","217","128","56","68","35","42","0","12","0","12","80","74","0","12","12","20","19","34","14","25",
"1400000US18097340302","Census Tract 3403.02, Marion County, Indiana","4947","1104","2451","581","394","207","54","84","92","118","98","135","49","63","0","12","46","83","101","124","307","115","371","242","164","155","100","95","180","179","32","63","41","52","0","12","189","269","56","97","84","117","93","70","0","12","0","12","0","12","2496","770","249","255","172","203","177","199","171","162","288","190","31","64","0","12","212","99","187","164","128","116","207","117","92","86","68","93","81","92","133","117","147","232","89","84","33","35","16","27","15","25","0","12","0","12","0","12",
"1400000US18097340400","Census Tract 3404, Marion County, Indiana","4026","723","2083","529","230","170","127","121","272","133","79","73","78","80","192","264","49","61","11","21","103","71","162","109","79","80","237","189","94","59","102","120","101","82","3","8","43","36","21","32","14","16","66","46","0","12","20","31","0","12","1943","436","280","183","125","97","44","56","142","124","3","10","0","12","13","23","91","60","321","159","82","61","140","96","37","43","73","68","259","148","68","92","18","26","40","42","21","22","60","38","29","25","52","85","12","22","33","45",
"1400000US18097340500","Census Tract 3405, Marion County, Indiana","6289","922","2671","489","376","209","163","118","159","163","90","92","301","185","274","239","174","157","240","155","194","148","128","112","110","71","8","16","35","35","55","50","96","84","61","75","23","38","97","71","15","23","40","35","0","17","0","17","32","52","3618","682","257","180","0","17","293","141","146","144","325","125","86","64","168","152","214","138","304","220","235","136","341","148","94","80","86","73","156","132","361","333","31","32","44","55","0","17","179","141","30","43","88","90","52","52","128","152",
"1400000US18097340600","Census Tract 3406, Marion County, Indiana","5587","817","2788","465","200","115","180","96","303","216","178","144","45","33","37","41","0","17","219","136","325","188","221","120","160","93","53","48","111","83","207","89","191","85","64","74","38","58","70","51","63","45","70","41","10","17","22","27","21","29","2799","454","267","192","140","88","239","131","124","82","17","29","0","17","198","186","126","65","195","121","193","76","86","57","164","137","93","77","207","117","224","109","29","31","73","55","42","30","167","85","81","48","28","31","32","36","74","58",
"1400000US18097340700","Census Tract 3407, Marion County, Indiana","4649","749","2069","415","125","87","170","149","349","268","60","97","108","101","73","77","22","25","26","35","26","35","211","215","134","120","44","72","177","126","107","66","94","95","186","148","42","51","13","20","35","39","12","19","9","14","22","25","24","28","2580","519","241","142","282","172","127","139","276","141","0","12","0","12","0","12","165","127","159","97","301","178","152","109","76","81","141","106","91","62","135","81","20","23","46","40","171","133","27","32","101","106","31","29","11","23","27","34",
"1400000US18097340800","Census Tract 3408, Marion County, Indiana","1820","259","996","154","24","31","82","39","91","70","25","21","27","18","17","15","8","13","72","75","31","26","29","27","47","30","87","49","57","35","114","54","74","34","17","18","20","23","29","32","31","22","47","25","42","22","19","16","6","9","824","164","17","19","43","35","31","26","28","25","16","18","20","20","21","23","16","15","46","29","37","38","9","13","61","26","84","33","60","65","51","29","36","36","51","27","20","17","29","19","59","28","51","35","13","14","25","18",
"1400000US18097340901","Census Tract 3409.01, Marion County, Indiana","4190","558","2152","402","51","62","111","85","442","193","88","141","23","33","39","57","33","50","69","56","94","70","116","92","203","80","195","133","156","85","134","60","98","73","52","38","28","26","48","50","17","27","97","65","35","72","3","10","20","27","2038","260","102","87","140","100","214","101","78","107","33","39","5","9","0","12","84","91","244","111","88","68","268","111","125","75","130","99","76","57","152","77","60","39","24","26","51","44","37","35","71","56","9","16","37","69","10","18",
"1400000US18097340903","Census Tract 3409.03, Marion County, Indiana","1514","331","574","220","5","20","27","40","0","12","0","12","14","23","18","30","108","135","0","12","66","65","75","118","30","41","70","90","55","84","26","45","62","63","0","12","0","12","0","12","14","23","0","12","0","12","0","12","4","16","940","269","0","12","0","12","15","31","0","12","0","12","55","79","80","115","17","27","198","165","106","121","7","14","0","12","26","30","82","119","175","172","41","50","0","12","0","12","18","29","0","12","120","137","0","12","0","12",
"1400000US18097340904","Census Tract 3409.04, Marion County, Indiana","4628","581","2241","375","161","128","110","77","78","84","99","71","0","12","7","43","31","50","107","96","305","181","242","110","192","133","35","43","250","160","66","55","96","77","4","23","65","53","90","81","39","54","209","254","55","54","0","12","0","12","2387","547","153","125","81","121","231","163","29","45","91","121","95","139","59","84","182","156","157","120","38","53","213","155","31","53","309","150","0","12","142","86","80","56","81","101","56","42","63","48","86","69","45","51","98","88","67","66",
"1400000US18097341000","Census Tract 3410, Marion County, Indiana","1767","257","857","163","71","58","99","66","35","34","9","13","34","30","0","12","0","12","39","27","44","30","69","33","61","41","69","33","54","47","78","43","36","30","6","8","16","13","29","18","25","24","40","31","22","17","16","14","5","8","910","160","38","30","72","49","46","30","26","23","12","13","6","8","0","12","10","12","47","50","77","57","70","37","72","42","88","45","62","33","126","53","11","11","11","11","6","8","36","25","21","16","39","28","5","8","29","29",
"1400000US18097341100","Census Tract 3411, Marion County, Indiana","2236","349","1429","259","126","98","149","70","144","93","56","50","43","40","19","22","0","12","23","24","48","60","116","65","113","55","65","62","69","42","78","52","111","63","19","27","47","34","6","10","6","10","171","143","3","8","9","13","8","16","807","169","47","47","0","12","39","55","0","12","34","55","47","57","22","27","8","17","37","31","143","69","69","42","27","32","94","41","35","31","46","29","66","33","14","15","4","8","9","14","27","17","14","15","21","23","4","8",
"1400000US18097341200","Census Tract 3412, Marion County, Indiana","2338","675","1112","360","13","21","165","84","16","20","138","185","75","89","27","40","49","57","16","17","125","84","29","37","6","11","145","131","32","20","6","9","99","43","7","10","97","92","34","38","23","24","0","12","0","12","10","15","0","12","1226","397","196","146","54","47","116","80","72","60","45","54","0","12","17","27","28","18","67","56","55","56","82","86","143","128","33","31","92","78","64","44","32","29","19","16","3","7","4","8","0","12","31","31","38","41","35","38",
"1400000US18097341600","Census Tract 3416, Marion County, Indiana","1913","421","898","171","170","75","160","90","18","28","18","23","26","40","0","12","7","14","52","66","74","62","33","36","11","15","35","45","7","12","55","56","88","49","36","31","67","57","16","18","12","15","13","15","0","12","0","12","0","12","1015","323","80","76","51","44","42","49","79","58","9","13","84","88","0","12","46","40","66","60","20","17","95","78","31","29","54","47","15","15","21","22","25","22","100","60","12","14","60","77","0","12","27","31","18","17","80","138",
"1400000US18097341701","Census Tract 3417.01, Marion County, Indiana","2341","509","1348","416","57","67","130","135","151","99","37","43","12","17","0","12","7","12","80","122","65","59","103","72","20","24","125","75","96","86","69","66","60","66","162","108","72","74","17","19","48","51","27","24","10","15","0","12","0","12","993","170","23","34","62","49","67","73","53","43","0","12","0","12","4","9","51","53","92","85","107","85","57","33","16","23","41","50","47","33","90","77","8","14","88","49","75","58","18","20","25","27","9","14","28","32","32","38",
"1400000US18097341702","Census Tract 3417.02, Marion County, Indiana","2312","829","1091","428","51","70","35","48","120","156","64","49","14","22","0","12","24","42","0","12","215","107","94","149","149","180","86","80","35","37","78","66","59","46","9","16","12","19","0","12","26","43","20","29","0","12","0","12","0","12","1221","617","24","43","43","47","324","415","56","42","0","12","0","12","0","12","23","42","86","67","180","199","85","72","39","28","81","50","49","47","63","56","11","18","11","18","75","60","30","35","12","21","29","36","0","12","0","12",
"1400000US18097341902","Census Tract 3419.02, Marion County, Indiana","3950","725","1676","302","87","50","183","129","106","82","24","21","71","63","9","14","9","13","25","28","86","75","149","114","115","101","54","40","131","109","76","62","131","61","70","54","80","53","0","12","29","28","92","43","44","49","19","21","86","98","2274","520","121","88","60","55","277","186","163","114","39","44","8","13","7","11","49","43","249","141","118","81","131","137","171","125","158","101","67","45","153","48","115","79","26","25","17","19","67","41","70","59","59","38","79","50","70","40",
"1400000US18097341903","Census Tract 3419.03, Marion County, Indiana","6221","935","3083","559","143","158","471","213","201","172","192","182","0","17","0","17","17","28","60","74","159","122","284","193","217","184","501","365","191","107","175","172","199","134","37","51","10","30","64","72","26","35","68","76","32","37","27","47","9","21","3138","604","132","198","355","217","338","162","279","182","11","23","0","17","47","78","74","84","276","187","256","190","305","145","181","113","349","221","84","100","111","106","68","74","89","93","0","17","107","146","0","17","31","55","24","28","21","38",
"1400000US18097341904","Census Tract 3419.04, Marion County, Indiana","2326","278","1028","153","71","55","129","80","97","55","71","52","7","12","0","12","0","12","80","42","31","32","107","48","74","51","109","62","42","35","66","43","12","14","27","26","24","31","8","12","30","25","12","15","31","29","0","12","0","12","1298","261","126","110","120","56","65","49","80","40","18","22","26","28","37","32","56","43","133","98","141","63","120","64","100","43","26","23","81","44","37","27","16","17","80","41","0","12","18","19","18","20","0","12","0","12","0","12",
"1400000US18097342000","Census Tract 3420, Marion County, Indiana","6947","1128","3387","592","193","173","259","211","340","221","333","223","0","17","101","149","0","17","97","123","116","91","164","99","371","189","172","121","326","263","245","148","287","218","67","66","58","55","26","33","127","70","59","44","46","41","0","17","0","17","3560","826","130","134","384","303","641","368","74","95","96","114","26","38","10","23","5","14","175","148","125","95","416","163","204","129","261","181","148","138","336","177","0","17","76","63","93","100","52","53","143","91","50","45","100","112","15","23",
"1400000US18097342101","Census Tract 3421.01, Marion County, Indiana","5835","700","2649","436","353","177","164","169","178","105","94","88","81","62","0","17","69","89","3","5","119","81","177","101","68","71","291","125","76","68","369","219","191","87","95","82","59","41","27","30","139","131","69","37","19","21","0","17","8","13","3186","494","202","140","246","160","363","193","240","134","138","108","0","17","25","35","85","105","405","181","100","73","252","110","51","43","74","48","316","170","175","88","119","69","68","55","99","72","54","49","120","41","11","18","28","30","15","21",
"1400000US18097342200","Census Tract 3422, Marion County, Indiana","5399","980","2576","602","500","316","238","168","68","82","78","103","0","17","0","17","92","67","77","50","324","187","160","131","250","152","103","69","86","69","269","289","61","65","53","57","20","37","0","17","0","17","37","43","105","134","55","49","0","17","2823","571","334","164","330","179","196","139","66","47","28","30","49","54","6","34","132","127","296","199","171","159","97","93","138","85","199","114","200","246","109","85","56","74","52","53","1","4","13","22","211","235","65","57","53","52","21","26",
"1400000US18097342300","Census Tract 3423, Marion County, Indiana","6793","991","3444","582","347","261","396","215","108","97","415","265","66","83","0","17","193","158","0","17","241","165","232","133","201","165","0","17","147","109","305","207","358","220","31","39","118","122","90","111","28","31","117","90","25","37","14","23","12","18","3349","581","167","132","245","163","116","138","179","90","77","86","89","85","41","51","149","147","224","117","224","157","414","233","226","140","258","133","97","67","241","129","132","124","52","43","106","78","132","89","57","84","13","21","67","62","43","39",
"1400000US18097342400","Census Tract 3424, Marion County, Indiana","1701","291","922","167","58","41","57","44","37","44","45","40","15","17","0","12","1","3","31","31","57","36","48","38","85","48","65","43","62","53","113","58","67","53","8","11","80","57","14","15","26","31","40","26","13","16","0","12","0","12","779","163","10","14","53","40","70","45","50","33","56","46","0","12","0","12","22","22","42","29","41","36","38","26","78","55","25","21","64","58","37","34","50","69","54","43","15","17","36","31","15","20","5","10","9","10","9","14",
"1400000US18097342500","Census Tract 3425, Marion County, Indiana","5037","790","2546","538","283","267","372","303","212","150","87","72","34","42","0","17","8","13","40","46","305","146","157","111","120","77","65","50","85","64","157","72","150","92","43","37","95","60","100","89","109","70","84","52","31","26","6","10","3","7","2491","335","190","110","394","148","231","121","111","74","43","50","0","17","0","17","40","39","271","157","203","128","153","87","125","91","70","57","107","63","134","72","40","30","70","63","58","44","80","91","48","62","88","51","17","18","18","19",
"1400000US18097342600","Census Tract 3426, Marion County, Indiana","3465","652","1831","426","119","95","304","180","49","46","108","83","0","12","33","35","0","12","83","100","112","112","215","118","58","47","58","50","154","111","119","98","123","83","0","12","34","37","154","121","39","25","18","20","0","12","51","49","0","12","1634","415","132","124","46","42","107","127","33","55","8","12","17","26","36","60","25","38","238","95","79","65","44","46","79","57","78","62","52","41","317","238","77","83","69","54","58","50","67","62","36","32","20","22","8","13","8","12",
"1400000US18097350100","Census Tract 3501, Marion County, Indiana","1363","452","665","258","20","32","129","150","21","30","56","55","10","20","0","12","15","31","21","32","81","69","91","60","5","21","37","41","12","21","30","36","93","76","0","12","16","18","0","12","0","12","20","20","0","12","0","12","8","16","698","275","38","43","51","51","133","140","8","16","0","12","0","12","0","12","0","12","0","12","89","65","71","80","66","53","5","8","51","43","63","45","0","12","46","39","14","21","9","13","23","24","19","28","5","16","7","15",
"1400000US18097350300","Census Tract 3503, Marion County, Indiana","2601","433","1029","208","140","138","19","31","91","80","54","93","0","12","17","29","0","12","24","33","152","103","91","47","83","64","12","19","106","101","47","44","12","18","12","20","34","29","0","12","20","22","19","22","46","52","29","31","21","23","1572","352","65","100","23","38","157","96","90","79","0","12","56","97","0","12","88","73","201","125","192","86","18","20","75","62","82","94","161","151","37","33","9","15","79","66","42","33","94","141","65","63","16","28","22","26","0","12",
"1400000US18097350400","Census Tract 3504, Marion County, Indiana","2615","490","1502","362","102","63","92","115","38","55","43","61","1","4","130","114","7","13","86","73","150","112","222","116","91","64","69","50","72","64","91","48","83","50","32","30","50","52","4","9","53","42","37","29","26","41","0","12","23","24","1113","272","56","73","60","46","145","111","0","12","0","12","0","12","0","12","107","57","67","43","127","82","117","68","40","59","30","35","43","38","25","28","45","37","13","15","13","14","4","9","89","64","0","12","71","59","61","72",
"1400000US18097350500","Census Tract 3505, Marion County, Indiana","2352","525","988","229","57","56","81","57","62","60","57","49","8","14","11","16","0","12","81","79","50","50","44","36","63","57","105","92","52","41","48","43","50","31","58","49","39","37","8","14","17","21","14","13","42","36","7","12","34","42","1364","349","204","133","158","98","71","74","28","26","0","12","60","68","6","10","126","121","23","25","118","84","73","48","38","42","57","52","66","45","72","38","33","33","24","34","15","19","17","24","44","63","61","48","18","16","52","49",
"1400000US18097350600","Census Tract 3506, Marion County, Indiana","5316","860","2370","545","271","197","151","129","130","104","100","78","40","54","5","15","17","27","49","58","237","218","34","58","34","47","259","188","61","50","282","195","51","55","72","73","275","194","16","19","32","35","82","79","44","41","0","17","128","83","2946","590","131","129","129","95","355","227","90","106","121","150","4","11","87","98","4","10","185","151","66","60","133","117","211","173","153","108","21","24","181","98","76","50","179","96","75","63","52","47","77","54","121","80","342","218","153","185",
"1400000US18097350700","Census Tract 3507, Marion County, Indiana","1714","355","771","235","65","75","48","37","75","55","29","30","0","12","27","36","0","12","11","17","19","30","52","54","56","48","0","12","61","41","48","48","5","9","34","33","23","25","0","12","41","32","0","12","148","192","29","21","0","12","943","199","90","64","58","50","70","53","43","47","10","17","0","12","0","12","45","39","95","81","17","25","70","58","42","27","55","50","45","35","50","34","30","40","36","31","29","27","17","25","36","40","27","23","21","20","57","34",
"1400000US18097350800","Census Tract 3508, Marion County, Indiana","1789","366","746","210","78","42","97","70","166","101","24","26","0","12","0","12","0","12","0","12","66","49","51","46","38","36","40","46","40","35","14","20","54","50","0","12","28","36","0","12","18","30","0","12","6","9","19","32","7","11","1043","216","120","74","45","40","114","71","0","12","0","12","37","56","18","25","52","48","113","52","33","36","44","39","94","60","76","47","96","59","39","32","6","9","54","40","8","13","35","31","8","12","22","19","13","15","16","16",
"1400000US18097350900","Census Tract 3509, Marion County, Indiana","1561","291","689","184","69","41","56","38","67","51","0","12","28","32","11","17","18","26","0","12","49","27","132","107","44","29","46","31","27","28","39","26","23","23","0","12","19","31","19","30","10","15","22","25","0","12","0","12","10","16","872","193","66","65","39","36","79","54","40","37","0","12","0","12","12","17","7","11","65","46","68","49","125","84","81","51","37","26","26","26","44","31","40","33","20","20","18","28","29","24","28","24","20","24","21","29","7","11",
"1400000US18097351000","Census Tract 3510, Marion County, Indiana","2512","477","920","273","145","140","144","78","55","39","10","17","0","12","28","40","29","42","20","23","80","83","41","53","11","18","86","81","86","77","19","25","0","12","0","12","15","21","2","4","18","27","65","41","36","28","21","29","9","15","1592","379","108","82","208","107","47","64","85","78","0","12","11","17","0","12","68","60","88","70","39","58","149","98","57","52","89","71","42","44","245","110","10","15","258","277","33","33","0","12","18","28","0","12","37","38","0","12",
"1400000US18097351200","Census Tract 3512, Marion County, Indiana","2497","518","1151","403","93","78","186","141","68","57","41","57","8","15","15","19","27","43","19","29","15","19","35","42","22","26","13","21","43","45","33","41","246","228","24","26","19","17","37","44","150","169","45","54","0","12","12","21","0","12","1346","271","165","165","30","46","97","85","9","13","52","61","24","39","46","36","61","57","44","48","75","93","28","26","94","66","138","74","89","67","63","42","83","86","29","23","74","92","30","27","62","50","8","12","17","18","28","25",
"1400000US18097351500","Census Tract 3515, Marion County, Indiana","1671","372","851","256","0","12","52","47","11","17","25","37","27","40","12","18","11","11","37","31","178","90","180","196","79","50","38","37","49","39","68","48","19","23","6","10","19","26","8","18","8","8","4","6","0","12","20","23","0","12","820","251","73","69","27","42","27","31","30","28","47","45","0","12","0","12","40","27","134","76","80","55","50","31","44","45","52","50","32","32","42","36","41","33","25","33","10","15","22","19","6","10","10","13","12","18","16","18",
"1400000US18097351600","Census Tract 3516, Marion County, Indiana","2626","410","1393","252","108","45","17","18","63","76","47","39","27","28","32","50","0","12","86","74","319","132","213","83","109","78","59","40","51","37","13","17","93","83","21","21","42","36","57","53","11","19","12","20","13","18","0","12","0","12","1233","282","50","37","50","32","57","38","77","95","56","68","0","12","0","12","62","57","157","63","198","91","87","49","82","57","81","62","41","44","74","90","42","41","53","46","31","23","0","12","0","12","13","20","0","12","22","34",
"1400000US18097351700","Census Tract 3517, Marion County, Indiana","2411","452","1192","267","140","102","80","65","54","51","0","12","0","12","0","12","12","22","0","12","112","80","297","202","102","58","25","27","55","36","76","51","53","45","43","47","71","53","0","12","51","50","0","12","19","24","0","12","2","8","1219","290","85","71","66","61","47","68","32","39","0","12","8","13","11","19","96","65","44","34","188","85","92","54","51","41","59","49","49","74","73","49","100","70","26","35","36","42","20","30","0","12","0","12","42","44","94","103",
"1400000US18097351900","Census Tract 3519, Marion County, Indiana","2492","383","1034","178","69","50","17","23","73","67","78","53","8","10","13","21","21","21","58","54","59","69","27","32","86","54","59","56","88","61","52","36","63","46","4","6","6","9","36","43","50","38","58","42","42","37","37","41","30","30","1458","317","132","131","31","32","82","79","62","56","51","46","0","12","6","8","94","92","93","61","0","12","72","47","5","10","145","91","167","71","147","55","0","12","15","18","16","13","35","30","95","79","58","46","53","46","99","101",
"1400000US18097352100","Census Tract 3521, Marion County, Indiana","2050","378","1057","229","143","86","55","42","89","63","93","49","35","36","18","27","8","14","19","30","133","160","50","45","59","43","92","52","54","38","45","35","31","23","19","18","31","26","7","9","18","25","25","22","5","7","7","10","21","23","993","225","68","59","54","42","80","55","71","70","35","31","6","14","9","14","63","54","26","28","28","26","52","47","108","116","6","9","117","61","68","51","20","20","29","27","17","22","20","15","61","36","10","17","33","24","12","14",
"1400000US18097352300","Census Tract 3523, Marion County, Indiana","1197","298","597","176","31","27","18","28","88","66","34","35","0","12","0","12","0","12","51","56","21","25","0","12","65","53","0","12","27","20","92","95","31","31","20","22","14","15","43","29","42","29","6","10","0","12","8","12","6","9","600","183","0","12","26","26","0","12","26","30","14","23","0","12","0","12","24","25","10","14","78","66","27","31","71","49","12","18","31","37","60","44","14","16","18","19","6","10","121","137","34","22","22","20","0","12","6","9",
"1400000US18097352400","Census Tract 3524, Marion County, Indiana","3326","689","1393","292","124","96","50","59","183","114","21","38","13","20","0","12","30","46","3","6","105","115","156","79","263","143","51","51","63","54","70","53","83","71","33","31","72","44","0","12","32","33","34","32","0","12","7","10","0","12","1933","515","260","194","138","135","254","175","35","54","26","41","37","60","0","12","44","59","66","51","237","132","68","63","224","104","87","76","68","54","171","81","24","27","47","45","19","21","34","32","57","47","25","24","12","21","0","12",
"1400000US18097352500","Census Tract 3525, Marion County, Indiana","2978","426","1510","358","119","105","44","38","0","12","22","26","0","12","35","54","35","54","51","56","86","52","224","89","27","26","258","268","64","53","115","69","177","96","59","43","24","30","45","48","68","55","34","26","9","14","0","12","14","23","1468","211","69","68","67","41","111","65","9","14","40","35","0","12","57","67","0","12","182","58","156","71","68","43","38","39","57","41","168","98","121","66","51","36","24","23","94","97","23","22","54","50","15","17","22","27","42","42",
"1400000US18097352600","Census Tract 3526, Marion County, Indiana","3590","587","1683","435","120","98","127","97","241","188","47","41","31","48","17","24","0","12","55","46","127","88","114","65","218","99","78","70","76","55","35","36","83","60","52","48","70","47","33","38","86","134","27","36","23","36","0","12","23","29","1907","359","149","103","165","107","165","94","137","100","18","23","0","12","14","23","31","34","387","188","137","64","153","78","41","46","56","65","47","41","26","24","51","46","62","44","14","22","77","40","22","21","146","117","0","12","9","20",
"1400000US18097352700","Census Tract 3527, Marion County, Indiana","2487","583","1192","414","93","100","91","116","260","234","23","35","0","12","0","12","0","12","31","43","62","48","98","94","203","183","7","34","42","57","98","104","16","23","0","12","21","24","0","12","0","12","66","72","51","70","0","12","30","48","1295","276","113","107","57","99","102","111","88","108","28","46","0","12","3","5","34","43","56","44","145","73","86","68","118","92","0","12","3","5","91","120","25","41","168","121","5","19","2","3","50","67","0","12","118","137","3","4",
"1400000US18097352800","Census Tract 3528, Marion County, Indiana","1263","296","603","154","47","48","31","46","48","51","52","54","0","12","0","12","0","12","39","45","32","36","28","44","20","19","56","62","37","32","0","12","29","35","45","37","39","39","0","12","39","54","35","40","0","12","9","13","17","19","660","203","0","12","19","30","62","65","8","14","20","24","11","18","13","13","25","40","64","70","68","75","47","36","20","23","48","51","68","58","34","25","0","12","85","58","0","12","12","14","10","14","9","13","6","9","31","37",
"1400000US18097353300","Census Tract 3533, Marion County, Indiana","2385","331","1333","255","46","70","12","20","0","12","13","23","0","12","0","12","73","78","122","89","339","112","99","55","134","69","60","39","47","40","57","37","71","41","83","80","2","7","52","56","21","22","70","70","0","12","9","13","23","26","1052","197","17","29","41","34","69","57","0","12","0","12","9","13","61","66","97","54","167","68","144","74","27","35","113","74","24","27","76","55","67","48","25","21","39","37","5","12","13","16","11","16","11","18","23","28","13","17",
"1400000US18097353500","Census Tract 3535, Marion County, Indiana","2178","424","1146","325","4","10","30","31","0","12","11","28","89","119","108","94","25","30","232","207","351","230","139","102","38","42","23","25","8","14","5","9","7","11","0","12","40","49","0","12","0","12","0","12","36","39","0","12","0","12","1032","278","6","11","2","5","2","5","13","17","113","112","81","85","51","46","214","157","202","97","10","16","29","41","8","27","0","12","131","138","9","17","0","12","0","12","24","27","23","22","13","16","9","19","79","100","13","27",
"1400000US18097353600","Census Tract 3536, Marion County, Indiana","3342","754","1741","533","128","79","132","95","135","133","130","160","133","135","18","23","14","21","161","88","301","189","58","40","119","86","47","45","66","52","55","50","87","51","38","45","38","39","22","33","7","10","31","30","0","12","19","16","2","4","1601","454","66","51","59","53","93","65","12","17","62","51","105","115","117","114","277","259","103","83","97","47","37","42","26","39","86","55","38","32","143","111","47","41","57","36","24","34","16","24","12","13","52","32","24","19","48","29",
"1400000US18097354201","Census Tract 3542.01, Marion County, Indiana","5449","587","3476","496","49","59","15","33","15","23","31","39","48","36","19","25","17","24","227","94","861","314","759","257","276","131","234","86","208","91","179","111","109","79","103","82","65","50","23","30","113","77","92","69","7","14","26","35","0","17","1973","288","41","46","0","17","12","19","0","17","0","17","16","25","0","17","300","221","675","225","200","78","14","24","90","72","13","20","69","67","219","196","25","42","87","111","16","22","18","24","90","73","69","81","19","31","0","17",
"1400000US18097354202","Census Tract 3542.02, Marion County, Indiana","3389","721","1814","688","23","37","0","12","0","12","0","12","0","12","0","12","0","12","63","61","321","135","311","146","97","78","248","242","37","47","235","262","89","55","67","53","45","47","0","12","177","152","87","81","0","12","14","25","0","12","1575","350","18","30","0","12","0","12","28","25","13","19","0","12","31","35","201","110","371","181","213","187","122","74","73","66","110","105","82","97","158","118","23","27","44","37","0","12","58","77","20","32","10","22","0","12","0","12",
"1400000US18097354400","Census Tract 3544, Marion County, Indiana","1437","317","733","163","12","14","35","30","11","13","0","12","0","12","0","12","0","12","0","12","63","31","108","48","106","35","107","62","15","15","45","26","140","133","12","14","50","29","5","8","0","12","5","6","19","17","0","12","0","12","704","171","53","40","29","19","5","8","4","7","7","11","0","12","0","12","33","27","107","38","113","40","76","34","16","16","33","25","121","156","40","24","0","12","7","10","16","14","7","10","0","12","10","14","17","23","10","13",
"1400000US18097354500","Census Tract 3545, Marion County, Indiana","2224","459","1075","295","66","41","74","37","24","19","15","18","10","12","4","6","0","12","35","57","86","52","165","68","200","146","52","37","107","55","71","48","77","49","10","12","29","22","9","9","17","16","17","17","6","7","1","2","0","12","1149","260","34","28","170","102","100","61","25","27","0","12","0","12","0","12","35","39","91","42","159","60","199","190","79","39","38","30","54","28","60","41","32","30","20","19","11","10","14","12","4","6","13","15","4","6","7","11",
"1400000US18097354700","Census Tract 3547, Marion County, Indiana","1436","280","746","209","59","46","29","33","64","55","2","5","2","6","0","12","3","6","36","43","204","159","108","39","75","45","11","12","53","24","4","7","23","20","14","14","8","10","33","29","0","12","10","15","0","12","8","14","0","12","690","155","67","55","7","14","32","45","75","62","9","10","4","6","11","20","72","64","71","43","61","44","58","29","68","40","60","37","8","11","0","12","8","11","14","20","0","12","28","30","29","21","0","12","8","13","0","12",
"1400000US18097354800","Census Tract 3548, Marion County, Indiana","1665","498","1020","342","78","62","121","126","84","80","67","69","54","64","22","31","0","12","10","11","96","54","54","42","103","57","101","136","8","12","26","22","59","55","23","21","46","59","27","27","7","11","18","29","0","12","16","24","0","12","645","220","123","107","102","112","7","17","14","15","10","15","8","12","0","12","17","26","75","45","58","55","51","44","44","40","11","13","55","37","18","14","0","12","8","16","4","7","7","12","11","18","7","12","0","12","15","20",
"1400000US18097354900","Census Tract 3549, Marion County, Indiana","2559","398","1438","300","53","58","51","49","12","21","39","46","48","42","37","47","10","16","80","58","176","151","90","68","52","39","162","100","140","83","200","185","100","76","32","31","62","43","54","50","26","24","7","10","7","10","0","12","0","12","1121","247","45","34","64","126","40","43","27","26","26","34","0","12","21","21","44","36","92","71","40","42","183","109","37","45","28","35","83","39","215","99","24","21","34","29","8","11","32","51","58","45","10","14","7","11","3","5",
"1400000US18097355000","Census Tract 3550, Marion County, Indiana","2198","491","1259","336","166","98","122","80","75","59","58","36","27","29","0","12","0","12","8","12","101","52","113","58","121","68","51","45","63","52","106","85","53","62","5","9","71","66","27","34","18","19","50","32","15","16","9","13","0","12","939","236","44","46","68","67","53","56","31","30","45","52","0","12","0","12","12","16","171","93","131","75","64","41","75","40","38","32","63","46","30","24","10","15","42","29","22","34","0","12","40","33","0","12","0","12","0","12",
"1400000US18097355100","Census Tract 3551, Marion County, Indiana","2125","585","1039","438","39","44","140","82","58","40","0","12","20","20","0","12","10","17","34","33","112","70","26","25","46","35","38","33","56","42","50","39","51","35","264","376","24","20","15","12","26","18","25","27","0","12","5","7","0","12","1086","286","117","105","140","58","98","72","14","16","38","32","16","24","0","12","18","18","55","38","119","48","97","55","60","37","59","39","81","59","36","30","7","9","30","23","33","24","16","11","38","24","4","6","5","7","5","8",
"1400000US18097355300","Census Tract 3553, Marion County, Indiana","2483","529","1321","298","161","106","258","204","19","23","48","53","0","12","0","12","0","12","23","37","47","36","68","54","50","39","118","61","108","72","42","44","16","26","95","58","55","47","64","62","33","30","55","51","48","34","13","21","0","12","1162","291","165","140","66","76","43","55","0","12","0","12","0","12","0","12","64","92","123","75","175","79","115","89","66","55","10","15","87","70","79","52","52","66","33","34","0","12","21","25","38","27","13","18","12","20","0","12",
"1400000US18097355400","Census Tract 3554, Marion County, Indiana","2808","588","1391","351","18","25","35","39","92","73","87","81","0","12","0","12","0","12","20","29","86","62","243","247","183","122","20","21","115","75","117","73","137","132","84","62","50","60","0","12","40","38","9","14","48","59","7","13","0","12","1417","345","0","12","159","127","192","142","121","69","29","38","56","53","10","16","5","9","37","32","165","123","109","78","87","76","159","98","45","39","86","58","25","33","94","63","23","26","8","13","0","12","7","13","0","12","0","12",
"1400000US18097355500","Census Tract 3555, Marion County, Indiana","4120","814","2128","413","325","181","134","155","191","120","24","40","0","12","10","17","0","12","95","63","171","130","123","83","117","97","105","95","286","161","113","120","81","51","64","100","59","45","92","65","81","85","16","24","0","12","27","29","14","23","1992","515","149","139","226","129","114","137","0","12","0","12","0","12","0","12","25","39","161","144","247","146","52","57","74","62","126","75","143","65","325","211","18","21","11","18","99","85","36","33","26","29","12","18","60","55","88","71",
"1400000US18097355600","Census Tract 3556, Marion County, Indiana","2213","430","1230","295","77","81","68","65","102","65","111","98","53","46","55","56","9","14","31","27","45","36","71","39","38","32","149","93","75","48","71","47","127","99","7","11","42","34","22","17","16","16","32","33","8","11","7","10","14","15","983","193","34","35","100","81","47","47","39","33","49","40","21","33","8","15","14","16","118","75","24","26","89","60","54","34","56","46","33","26","85","38","17","15","14","23","24","29","2","3","91","44","31","20","21","18","12","14",
"1400000US18097355700","Census Tract 3557, Marion County, Indiana","1994","384","1003","212","59","63","26","29","97","62","25","31","9","18","7","12","17","27","61","50","38","29","84","47","0","12","40","37","95","59","43","35","64","48","113","73","35","31","36","40","25","22","21","20","3","5","75","107","30","38","991","221","99","77","13","22","50","41","52","52","0","12","45","45","10","12","36","37","59","55","22","29","51","41","73","49","72","51","100","48","50","41","32","34","5","7","21","15","13","11","46","30","111","139","17","15","14","21",
"1400000US18097355900","Census Tract 3559, Marion County, Indiana","2022","361","1003","208","21","18","36","32","23","32","5","9","0","12","0","12","12","18","69","37","214","81","129","62","136","97","54","36","132","113","28","25","10","15","0","12","12","15","25","34","58","35","0","12","39","28","0","12","0","12","1019","189","42","37","30","24","31","21","22","17","0","12","0","12","30","30","87","48","179","88","185","63","64","32","39","27","101","98","32","32","63","46","19","17","21","22","16","18","8","12","9","12","21","19","0","12","20","21",
"1400000US18097356200","Census Tract 3562, Marion County, Indiana","4310","347","2847","333","71","59","12","13","13","10","58","34","67","47","65","40","45","36","235","73","723","240","399","117","388","115","205","83","137","73","73","37","120","73","52","29","40","34","33","29","71","42","26","22","14","19","0","12","0","12","1463","203","37","25","15","14","6","9","6","9","39","32","0","12","0","12","186","67","447","133","269","77","145","57","88","51","65","36","36","28","19","20","26","20","12","12","12","13","14","11","22","20","13","17","0","12","6","9",
"1400000US18097356400","Census Tract 3564, Marion County, Indiana","4138","662","2095","331","108","72","182","109","145","87","32","30","74","54","34","40","15","25","120","123","296","190","223","129","85","66","108","98","104","78","282","113","148","67","27","32","37","56","19","22","15","22","18","20","10","16","0","12","13","22","2043","466","87","75","113","90","389","277","49","34","56","43","20","33","50","58","176","143","186","107","180","100","142","90","56","48","98","93","149","137","132","75","32","24","29","44","37","34","12","18","18","20","0","12","22","23","10","16",
"1400000US18097356900","Census Tract 3569, Marion County, Indiana","1868","335","778","165","49","40","34","32","35","35","0","12","7","10","0","12","0","12","20","16","97","41","124","59","46","35","35","22","31","22","29","24","42","24","102","107","17","17","0","12","71","72","12","12","8","10","0","12","19","29","1090","242","58","50","121","104","31","27","38","39","16","20","13","16","18","18","46","34","115","46","146","64","105","69","28","25","58","30","92","88","45","33","16","12","47","27","5","8","26","28","48","25","13","20","0","12","5","8",
"1400000US18097357000","Census Tract 3570, Marion County, Indiana","1896","434","1010","231","51","40","42","38","156","168","12","20","21","18","6","11","0","12","29","33","146","73","146","62","71","39","11","12","49","33","72","42","65","40","30","22","19","20","12","15","7","10","45","25","15","25","5","8","0","12","886","249","19","29","13","19","6","10","22","26","0","12","5","8","5","11","92","84","110","65","94","42","67","42","57","45","21","29","68","43","52","25","122","145","21","20","9","11","54","62","12","12","32","19","0","12","5","8",
"1400000US18097357100","Census Tract 3571, Marion County, Indiana","2091","352","1098","227","53","34","67","59","55","36","36","41","12","15","0","12","0","12","5","7","202","80","177","50","126","62","22","20","14","14","103","93","45","59","56","43","14","16","8","11","58","45","9","10","20","21","0","12","16","23","993","201","52","39","17","17","59","42","32","24","0","12","0","12","0","12","50","48","246","96","127","57","111","52","5","9","31","23","36","27","57","37","75","105","13","16","5","8","40","45","9","10","20","19","4","6","4","6",
"1400000US18097357200","Census Tract 3572, Marion County, Indiana","2387","580","1189","281","116","85","52","41","28","32","33","54","1","3","12","22","14","22","43","56","241","137","57","57","69","63","97","63","124","71","33","27","89","45","49","43","48","65","0","12","6","15","16","18","22","22","39","53","0","12","1198","370","12","21","82","67","41","40","80","76","0","12","50","88","0","12","122","101","174","83","149","80","67","44","13","21","87","65","89","74","117","84","20","24","10","16","16","21","0","12","18","19","36","29","5","11","10","15",
"1400000US18097357300","Census Tract 3573, Marion County, Indiana","2033","331","923","240","35","61","25","39","170","69","14","27","14","23","0","12","0","12","26","34","182","100","40","46","29","37","59","53","75","119","38","45","56","50","15","15","41","31","10","16","27","45","13","21","16","19","29","39","9","15","1110","270","25","36","259","198","38","55","27","33","13","18","4","7","6","13","16","29","43","50","133","59","22","29","33","47","162","117","13","13","88","68","21","25","10","13","0","12","4","7","18","22","63","65","23","38","89","56",
"1400000US18097357400","Census Tract 3574, Marion County, Indiana","5517","1206","2833","726","419","314","251","200","359","235","234","241","104","78","147","232","15","26","57","59","98","73","224","149","110","130","153","152","44","45","67","47","299","156","14","23","84","56","50","75","20","24","40","33","8","13","18","24","18","22","2684","656","146","115","411","330","316","173","102","107","15","23","48","73","0","17","71","51","106","84","232","145","58","68","118","113","84","68","283","130","79","59","119","135","50","62","123","94","80","69","23","24","16","23","20","22","184","113",
"1400000US18097357500","Census Tract 3575, Marion County, Indiana","3835","181","1496","175","175","130","89","60","71","63","67","50","22","22","0","12","0","12","61","43","78","44","106","55","170","87","54","43","53","43","137","73","78","47","95","54","14","16","30","23","43","33","55","30","44","29","36","33","18","20","2339","207","208","131","118","77","113","79","158","87","47","40","73","79","35","46","126","82","151","64","153","84","167","68","104","78","95","88","190","83","103","62","61","40","30","29","70","52","53","26","90","43","61","32","49","37","84","58",
"1400000US18097357601","Census Tract 3576.01, Marion County, Indiana","5141","900","2632","627","74","96","0","17","134","112","121","137","40","41","0","17","0","17","96","106","164","132","57","57","369","164","447","275","26","38","349","168","336","296","123","159","84","76","33","37","27","33","46","54","46","73","60","65","0","17","2509","500","51","80","304","260","53","57","18","28","136","83","130","173","0","17","47","55","80","87","353","190","129","83","96","109","210","203","260","142","330","145","94","86","56","53","26","23","69","91","23","32","0","17","0","17","44","46",
"1400000US18097357602","Census Tract 3576.02, Marion County, Indiana","1483","215","822","220","152","128","125","101","30","48","0","12","0","12","0","12","0","12","26","45","154","129","86","87","20","37","26","41","0","12","64","91","22","39","0","12","0","12","0","12","0","12","32","44","63","49","0","12","22","37","661","138","47","78","66","62","21","39","0","12","0","12","45","47","0","12","129","124","127","115","21","38","0","12","25","39","0","12","0","12","28","53","0","12","21","37","9","20","29","42","65","47","0","12","4","7","24","32",
"1400000US18097357800","Census Tract 3578, Marion County, Indiana","1561","302","798","214","78","77","53","50","97","65","35","51","0","12","14","19","20","25","8","12","66","36","72","39","37","28","62","45","44","35","14","16","42","31","23","19","72","70","13","21","8","12","8","12","6","9","11","15","15","15","763","137","18","21","18","18","37","32","14","18","0","12","0","12","7","11","7","11","70","39","153","68","60","31","68","40","0","12","87","51","60","36","26","21","37","19","17","19","28","29","18","21","20","14","4","8","14","14",
"1400000US18097357900","Census Tract 3579, Marion County, Indiana","3326","740","1614","342","60","51","57","42","125","68","95","65","34","40","105","150","0","12","7","12","136","68","170","76","165","137","94","52","120","69","103","57","125","60","41","39","21","29","23","25","0","12","75","66","21","25","0","12","37","54","1712","462","42","56","29","34","118","77","176","136","14","17","19","28","0","12","49","34","234","176","140","84","116","55","188","162","89","52","62","46","61","43","51","47","101","82","35","40","105","75","0","12","34","32","49","48","0","12",
"1400000US18097358000","Census Tract 3580, Marion County, Indiana","1309","338","642","192","19","24","74","75","28","29","76","87","16","23","30","34","8","13","9","14","41","40","45","40","18","16","55","44","36","34","16","24","54","54","27","34","22","23","18","18","13","14","17","16","18","20","0","12","2","5","667","209","42","50","55","50","55","31","13","15","36","50","0","12","5","9","11","19","44","44","40","30","94","73","43","42","16","24","21","29","27","23","19","26","6","10","16","15","15","16","68","56","25","20","7","10","9","11",
"1400000US18097358100","Census Tract 3581, Marion County, Indiana","2639","612","1427","357","68","93","146","72","182","104","20","34","47","55","37","52","0","12","58","47","79","63","73","65","138","89","20","33","76","68","225","170","109","65","23","25","0","12","47","45","0","12","24","28","31","46","0","12","24","41","1212","379","0","12","115","110","48","50","75","65","0","12","0","12","0","12","10","16","132","77","0","12","161","80","62","67","83","75","258","303","132","62","17","23","36","38","20","27","4","16","48","49","0","12","11","27","0","12",
"1400000US18097360101","Census Tract 3601.01, Marion County, Indiana","2263","644","790","251","45","48","64","71","40","61","25","45","47","66","0","12","21","32","7","14","14","21","16","23","110","135","84","32","41","37","42","34","10","16","52","49","46","36","16","20","13","22","20","23","14","18","0","12","63","61","1473","458","162","99","113","86","97","149","54","70","133","139","0","12","0","12","39","43","96","74","92","68","125","154","93","58","47","46","87","56","59","52","22","25","22","26","45","32","88","53","54","39","12","20","18","21","15","24",
"1400000US18097360102","Census Tract 3601.02, Marion County, Indiana","2148","498","924","264","0","12","120","127","47","76","0","12","0","12","0","12","0","12","115","73","64","90","28","33","58","54","0","12","0","12","35","40","101","56","48","69","39","49","21","23","43","60","117","74","34","31","21","23","33","52","1224","281","0","12","87","80","0","12","0","12","0","12","0","12","0","12","68","44","27","45","90","100","51","61","147","105","33","53","50","56","114","71","86","66","103","91","44","41","61","48","72","43","57","41","93","93","41","52",
"1400000US18097360201","Census Tract 3602.01, Marion County, Indiana","4170","757","2247","526","90","95","178","118","112","107","102","86","67","102","20","30","54","76","67","79","424","379","183","102","209","133","106","96","24","26","355","365","86","71","53","77","22","23","51","63","12","19","0","12","10","17","22","31","0","12","1923","464","69","61","70","81","115","82","14","23","77","92","39","58","0","12","54","84","230","140","197","167","169","113","61","67","157","104","204","107","139","88","38","32","167","215","11","18","19","22","12","18","13","22","12","19","56","57",
"1400000US18097360202","Census Tract 3602.02, Marion County, Indiana","2685","521","1384","405","48","69","47","53","161","132","86","67","42","53","53","75","0","12","112","97","51","55","46","55","55","48","140","82","153","102","68","51","80","66","0","12","61","47","39","34","37","47","55","45","28","31","12","15","10","16","1301","197","64","82","13","24","103","84","69","63","104","76","0","12","0","12","0","12","76","93","35","44","130","102","57","38","96","78","88","71","48","39","76","74","69","60","50","44","63","52","66","54","62","47","13","15","19","24",
"1400000US18097360301","Census Tract 3603.01, Marion County, Indiana","3560","566","1850","387","106","78","166","139","241","181","27","36","117","102","0","12","57","42","129","80","110","84","100","65","138","87","95","73","185","115","51","42","83","65","71","49","46","37","62","42","12","19","35","36","10","16","9","14","0","12","1710","275","75","53","289","151","24","31","103","71","51","65","9","14","16","25","113","85","66","52","139","94","212","124","154","91","84","66","88","45","103","44","91","54","15","17","22","25","2","9","9","16","25","25","20","17","0","12",
"1400000US18097360302","Census Tract 3603.02, Marion County, Indiana","2896","677","1578","398","203","193","164","111","186","108","65","42","9","11","30","51","0","12","26","39","205","98","167","177","73","68","28","34","52","44","88","65","100","51","35","41","44","41","33","31","6","11","31","31","15","23","18","21","0","12","1318","344","140","90","109","86","44","53","79","113","25","36","27","45","0","12","60","55","163","107","96","62","18","21","97","76","70","48","47","49","75","37","47","47","39","44","15","25","83","96","13","19","51","59","18","21","2","5",
"1400000US18097360401","Census Tract 3604.01, Marion County, Indiana","6032","1033","3213","754","285","161","230","175","0","17","224","245","32","44","27","42","371","498","20","32","224","187","165","143","130","102","49","57","117","136","562","376","380","211","0","17","54","63","61","58","68","88","106","90","29","35","27","46","52","64","2819","496","161","190","133","170","254","220","40","50","14","27","0","17","0","17","44","67","287","183","359","134","92","88","187","149","74","55","253","295","302","136","132","93","113","125","5","16","82","77","72","61","48","76","81","77","86","73",
"1400000US18097360402","Census Tract 3604.02, Marion County, Indiana","3332","1147","1461","767","605","738","139","66","128","133","25","28","54","50","11","19","49","69","0","12","56","41","22","29","51","60","66","53","5","10","106","68","26","25","21","17","8","18","11","14","31","25","26","27","0","12","21","19","0","12","1871","522","64","79","216","133","178","76","123","121","330","316","0","12","23","38","21","32","82","48","184","181","133","111","13","21","79","59","142","105","68","52","16","26","13","16","6","9","44","31","28","35","94","120","7","10","7","11",
"1400000US18097360405","Census Tract 3604.05, Marion County, Indiana","6616","739","3075","570","396","261","179","128","268","156","90","82","89","73","21","33","60","76","70","74","317","168","204","125","110","89","255","154","194","127","321","151","169","135","55","47","0","17","45","52","49","42","104","72","64","50","0","17","15","23","3541","455","70","70","136","99","410","239","386","222","50","60","60","69","0","17","27","45","243","134","263","229","336","147","227","153","367","190","127","78","286","197","42","47","70","61","136","116","133","53","115","72","15","25","31","33","11","19",
"1400000US18097360406","Census Tract 3604.06, Marion County, Indiana","3010","743","1525","563","0","12","0","12","199","154","27","40","29","45","0","12","0","12","199","185","170","138","264","273","136","101","13","28","315","335","117","141","0","12","0","12","0","12","10","33","28","40","18","39","0","12","0","12","0","12","1485","446","54","96","94","111","89","98","34","58","0","12","76","109","76","103","0","12","161","190","97","86","294","202","95","80","191","165","39","70","74","82","56","62","36","55","0","12","0","12","19","31","0","12","0","12","0","12",
"1400000US18097360407","Census Tract 3604.07, Marion County, Indiana","3263","691","1379","382","39","63","106","116","0","12","309","193","5","26","20","35","0","12","8","15","64","59","55","90","80","79","176","199","135","99","13","23","168","49","41","69","47","60","19","34","0","12","76","48","9","18","0","12","9","19","1884","555","151","173","126","117","120","114","143","189","51","56","0","12","0","12","122","97","111","117","23","48","132","147","172","158","82","76","197","136","179","145","81","76","0","12","9","16","28","34","137","131","20","31","0","12","0","12",
"1400000US18097360501","Census Tract 3605.01, Marion County, Indiana","6389","817","2850","494","135","109","98","78","227","154","151","106","23","38","71","73","66","65","305","229","174","187","157","117","372","197","96","90","94","66","167","96","293","232","97","102","47","63","18","29","84","89","88","68","33","39","34","64","20","33","3539","619","101","101","181","212","395","270","297","228","46","56","88","105","33","49","185","209","188","98","422","181","111","96","104","99","338","253","244","124","274","132","0","17","120","102","89","64","131","70","38","43","26","34","59","81","69","79",
"1400000US18097360502","Census Tract 3605.02, Marion County, Indiana","5040","803","2205","458","183","178","148","158","77","83","77","80","8","15","0","17","0","17","70","72","151","141","76","66","216","104","37","41","83","101","156","106","167","79","112","102","32","52","127","67","27","29","351","246","75","70","7","15","25","27","2835","545","120","103","88","110","170","175","24","40","76","78","116","173","91","113","354","191","163","150","111","93","221","156","41","51","266","159","38","50","125","81","126","116","116","62","60","68","147","101","223","148","53","50","96","83","10","17",
"1400000US18097360601","Census Tract 3606.01, Marion County, Indiana","4975","729","2456","476","219","154","149","133","190","86","166","91","75","75","0","12","18","28","51","43","243","155","130","104","200","108","108","65","68","55","78","62","228","105","107","71","92","81","44","38","60","47","60","47","75","53","62","56","33","30","2519","389","50","78","150","81","176","117","122","89","31","34","34","40","15","24","90","82","254","143","115","73","164","68","77","48","127","79","139","71","187","71","82","72","103","69","54","51","57","40","127","61","118","68","109","60","138","72",
"1400000US18097360602","Census Tract 3606.02, Marion County, Indiana","6445","1082","2949","710","121","107","157","155","631","465","137","111","31","45","11","23","0","17","80","67","177","141","263","160","75","71","261","214","215","121","259","158","39","34","99","83","78","67","15","22","66","77","56","50","38","47","97","87","43","46","3496","642","171","136","225","189","171","171","185","199","147","93","55","81","0","17","162","133","245","191","230","159","273","187","170","129","201","167","294","167","135","106","106","94","110","88","54","58","157","182","202","125","116","86","72","64","15","16",
"1400000US18097360700","Census Tract 3607, Marion County, Indiana","2196","329","1047","184","54","36","25","22","79","48","52","40","0","12","22","33","7","11","23","33","130","65","96","60","59","37","79","43","97","49","79","52","30","24","58","38","16","14","21","16","46","35","35","26","30","22","0","12","9","10","1149","210","46","35","80","55","30","28","39","21","36","37","5","7","5","7","43","32","115","63","75","33","77","37","114","61","42","30","89","49","53","41","45","40","65","43","33","25","54","59","31","18","25","16","24","34","23","18",
"1400000US18097360800","Census Tract 3608, Marion County, Indiana","2336","443","999","246","153","107","44","47","45","53","49","52","20","24","30","37","15","16","18","25","36","28","70","49","119","73","18","22","33","29","71","58","65","51","70","64","21","17","13","13","11","11","43","36","26","28","6","8","23","19","1337","285","103","111","85","80","33","34","0","12","117","92","0","12","0","12","74","55","27","36","41","33","112","70","55","36","38","38","121","52","64","43","14","16","60","57","64","58","28","18","65","44","44","39","74","44","118","48",
"1400000US18097360900","Census Tract 3609, Marion County, Indiana","5702","894","2827","686","196","178","259","251","166","157","275","185","31","40","0","17","101","111","81","82","150","169","155","119","157","97","295","151","198","149","290","185","106","85","8","14","58","66","48","52","18","24","149","129","57","84","17","26","12","18","2875","425","481","355","33","46","103","109","65","75","52","83","0","17","23","39","58","71","223","140","167","117","201","127","239","148","161","121","174","136","205","169","35","44","76","66","5","14","89","66","103","83","162","105","66","72","154","103",
"1400000US18097361000","Census Tract 3610, Marion County, Indiana","2399","285","1212","224","104","47","61","41","31","33","47","47","0","12","0","12","0","12","14","14","75","43","117","50","220","164","44","29","52","37","74","40","61","37","60","68","93","59","53","28","42","26","35","21","13","15","10","13","6","9","1187","147","111","50","77","39","47","25","21","21","8","12","0","12","9","12","26","22","137","60","110","40","83","37","22","20","71","37","77","37","138","65","23","17","33","21","44","22","51","27","39","22","22","19","27","18","11","12",
"1400000US18097361100","Census Tract 3611, Marion County, Indiana","3171","560","1617","367","126","89","99","92","108","44","13","17","29","27","70","106","0","12","44","34","97","44","247","120","13","17","200","101","179","114","64","48","125","65","0","12","80","52","25","37","35","27","56","32","7","12","0","12","0","12","1554","272","118","66","78","46","48","43","54","48","57","82","4","7","6","10","24","21","148","77","167","115","101","58","118","57","176","102","80","51","156","81","18","22","52","32","8","13","38","28","70","38","24","22","0","12","9","13",
"1400000US18097361200","Census Tract 3612, Marion County, Indiana","3361","534","1707","367","229","118","72","70","117","82","22","25","15","18","0","12","55","59","19","30","177","101","128","63","98","62","179","130","75","64","131","138","86","58","80","47","67","69","10","17","61","41","47","47","39","37","0","12","0","12","1654","256","159","74","81","57","155","113","0","12","13","22","23","35","11","21","93","82","116","68","148","113","157","76","37","30","32","44","58","53","116","68","186","133","38","39","8","13","61","75","52","45","36","36","40","44","34","35",
"1400000US18097361300","Census Tract 3613, Marion County, Indiana","2020","340","1167","265","106","74","24","29","69","57","15","25","51","45","0","12","0","12","72","71","91","78","71","47","65","54","13","23","93","80","174","88","167","170","12","18","39","49","43","54","28","29","0","12","26","29","8","13","0","12","853","162","0","12","37","45","18","26","0","12","14","23","11","18","0","12","36","48","76","56","42","38","31","36","67","62","25","29","109","65","124","61","19","21","25","25","24","26","35","32","110","63","39","38","0","12","11","18",
"1400000US18097361401","Census Tract 3614.01, Marion County, Indiana","5881","1264","2774","559","133","179","92","96","363","151","143","120","108","131","113","140","0","17","55","101","183","150","105","102","237","185","278","225","459","317","114","102","212","105","32","55","0","17","25","44","0","17","41","53","81","64","0","17","0","17","3107","1000","55","102","166","154","444","277","705","646","60","73","0","17","125","157","44","77","120","130","320","161","118","103","329","269","213","152","117","99","51","76","0","17","0","17","0","17","0","17","52","63","167","107","0","17","21","48",
"1400000US18097361402","Census Tract 3614.02, Marion County, Indiana","6001","1069","3174","627","183","189","149","148","48","60","211","234","221","203","119","142","36","62","0","17","112","135","331","251","247","189","199","141","238","205","329","241","188","115","16","34","67","68","93","115","58","66","70","73","169","149","41","48","49","56","2827","703","87","115","339","266","217","148","3","6","32","50","30","50","176","238","0","17","193","185","233","189","376","306","88","88","70","70","151","228","98","85","156","135","156","125","223","146","26","43","25","44","45","61","20","33","83","78",
"1400000US18097361601","Census Tract 3616.01, Marion County, Indiana","5678","1177","2762","502","36","58","81","94","94","59","152","95","146","165","43","72","16","27","144","197","266","148","191","98","164","125","100","83","74","44","344","195","119","86","167","241","144","101","116","69","195","187","0","17","94","63","76","75","0","17","2916","754","185","121","86","80","144","136","113","79","44","37","15","27","0","17","264","325","37","48","341","209","174","109","52","56","162","104","271","196","127","80","331","437","162","138","51","51","18","28","98","75","94","66","93","132","54","64",
"1400000US18097361602","Census Tract 3616.02, Marion County, Indiana","3846","994","2008","681","369","180","132","117","195","291","0","12","74","47","62","53","0","12","18","27","67","73","105","177","313","150","100","69","0","12","35","40","69","65","111","82","62","53","17","26","88","70","55","51","49","44","52","47","35","41","1838","498","250","235","24","38","95","118","109","233","28","26","18","29","0","12","43","58","264","92","223","161","35","38","66","62","57","58","36","40","98","59","33","38","52","47","34","38","182","119","101","70","36","39","54","50","0","12",
"1400000US18097370201","Census Tract 3702.01, Marion County, Indiana","3580","400","1903","306","195","132","135","118","94","72","99","77","24","28","74","72","6","10","93","70","231","115","100","73","116","67","95","51","90","51","121","65","49","43","36","36","77","49","43","39","103","60","23","22","78","42","14","15","7","11","1677","192","158","92","57","44","21","31","54","45","87","65","13","15","13","24","102","68","145","72","142","85","106","65","83","53","113","88","66","50","207","84","4","5","82","52","7","12","38","32","81","54","40","38","16","16","42","41",
"1400000US18097370203","Census Tract 3702.03, Marion County, Indiana","4674","961","2000","503","259","216","108","94","228","116","244","252","44","49","9","15","69","81","72","51","44","61","114","84","156","73","196","152","222","186","8","13","74","76","0","12","72","50","24","40","20","24","23","26","0","12","0","12","14","22","2674","584","237","131","333","169","126","113","54","60","73","67","202","265","0","12","253","231","164","93","275","116","83","69","47","50","274","307","98","68","104","84","137","125","70","48","0","12","68","51","52","40","23","29","0","12","1","3",
"1400000US18097370204","Census Tract 3702.04, Marion County, Indiana","3288","464","1474","268","87","93","111","87","99","84","31","40","29","44","18","33","43","46","18","33","199","129","117","90","129","60","88","71","66","56","75","63","76","59","14","24","46","51","88","82","66","72","37","44","18","29","0","12","19","31","1814","332","202","146","0","12","67","51","74","63","0","12","8","15","0","12","75","62","124","111","122","68","102","64","70","93","160","135","137","112","33","37","106","70","128","112","63","74","43","47","49","52","122","105","35","41","94","113",
"1400000US18097370303","Census Tract 3703.03, Marion County, Indiana","7523","687","3775","487","195","124","497","252","209","139","191","123","153","123","34","41","21","25","80","73","304","146","377","161","258","120","300","207","111","78","183","101","262","156","36","42","45","48","85","73","90","92","175","158","17","27","30","34","122","112","3748","431","343","268","317","212","273","136","162","98","63","67","97","91","73","61","214","155","272","122","176","117","437","238","283","135","124","71","185","94","164","107","93","148","97","77","0","17","27","31","141","87","64","61","55","53","88","107",
"1400000US18097370304","Census Tract 3703.04, Marion County, Indiana","3364","755","2017","589","110","152","219","122","250","162","18","29","46","77","1","4","1","5","107","146","82","76","279","224","132","101","59","52","189","207","27","36","293","151","1","5","36","42","49","74","46","44","52","49","0","12","0","12","20","32","1347","290","62","56","26","43","100","85","19","31","0","12","0","12","0","12","21","33","45","52","256","126","87","84","19","30","197","218","130","107","46","45","92","79","39","42","15","23","30","34","77","63","72","73","14","24","0","12",
"1400000US18097370305","Census Tract 3703.05, Marion County, Indiana","3835","855","1828","357","206","283","25","37","149","127","54","66","107","119","50","74","0","12","57","47","112","80","132","84","75","60","17","37","334","153","46","56","204","155","41","64","63","68","35","42","36","38","34","40","18","30","33","43","0","12","2007","703","92","105","82","71","0","12","159","143","13","29","0","12","18","31","640","667","245","163","93","62","77","99","86","78","82","72","80","75","105","69","34","43","85","65","35","42","63","37","0","12","17","28","0","12","1","22",
"1400000US18097370306","Census Tract 3703.06, Marion County, Indiana","5919","896","3164","464","97","86","109","93","547","245","176","121","69","71","146","106","47","53","66","55","186","113","247","184","203","131","180","104","279","153","78","62","171","115","51","76","260","255","98","71","56","50","17","28","33","38","19","34","29","35","2755","530","252","206","175","131","342","139","76","56","84","87","0","17","0","17","41","39","100","82","281","172","178","139","233","125","151","108","189","118","125","89","51","46","36","39","94","63","186","248","114","82","29","37","0","17","18","29",
"1400000US18097380101","Census Tract 3801.01, Marion County, Indiana","7314","975","3415","544","144","141","180","142","273","153","48","77","0","17","60","95","81","128","102","120","107","87","206","217","134","125","260","141","214","167","243","303","500","170","69","101","111","130","76","120","255","284","138","140","133","129","0","17","81","106","3899","610","334","269","254","164","126","85","281","179","202","139","0","17","0","17","40","64","253","237","156","125","183","140","139","141","204","143","297","177","318","191","251","262","167","205","59","101","299","254","150","241","60","101","126","138","0","17",
"1400000US18097380102","Census Tract 3801.02, Marion County, Indiana","3763","1021","1852","858","194","271","283","238","41","70","247","203","0","12","0","12","0","12","47","81","0","12","39","67","180","236","111","167","228","150","427","343","55","94","0","12","0","12","0","12","0","12","0","12","0","12","0","12","0","12","1911","411","360","169","96","122","150","173","0","12","0","12","114","145","0","12","91","157","206","246","175","240","145","162","362","311","0","12","54","92","0","12","0","12","0","12","0","12","0","12","0","12","0","12","158","194","0","12",
"1400000US18097380103","Census Tract 3801.03, Marion County, Indiana","10179","1958","5709","1085","233","262","610","316","929","645","392","376","0","19","431","425","0","19","0","19","473","267","679","378","400","320","188","171","686","319","438","392","0","19","0","19","26","48","39","70","25","50","115","163","45","66","0","19","0","19","4470","1061","195","215","569","540","470","308","69","99","0","19","0","19","46","80","160","136","121","134","511","277","214","229","516","321","900","632","0","19","207","196","94","140","81","109","80","129","125","191","46","64","12","31","0","19","54","96",
"1400000US18097380200","Census Tract 3802, Marion County, Indiana","3228","654","1610","335","144","139","140","64","56","49","10","16","8","16","0","12","28","32","106","166","141","95","70","72","128","69","92","64","50","38","65","40","184","65","6","15","132","111","70","40","40","32","82","68","32","22","17","24","9","19","1618","405","192","93","75","40","139","60","8","13","48","51","92","143","12","16","43","40","86","86","23","32","183","93","88","53","41","41","71","67","132","76","20","23","39","30","50","38","36","26","77","50","46","52","16","22","101","70",
"1400000US18097380301","Census Tract 3803.01, Marion County, Indiana","2099","494","1093","334","22","26","114","117","138","116","64","79","17","30","0","12","0","12","46","45","34","41","11","28","111","101","21","31","106","125","91","53","60","59","93","87","48","46","0","12","15","23","0","12","25","37","35","34","42","52","1006","250","11","19","58","72","89","72","61","49","32","36","0","12","77","62","26","31","48","42","45","48","69","64","47","40","26","32","110","65","107","87","0","12","70","53","0","12","0","12","24","24","60","41","18","28","28","32",
"1400000US18097380302","Census Tract 3803.02, Marion County, Indiana","2942","477","1311","254","56","47","96","81","72","86","16","36","243","78","80","45","67","60","148","129","65","67","0","12","14","33","87","148","64","66","36","32","21","35","49","42","55","52","32","38","0","12","26","33","12","21","72","55","0","12","1631","332","49","77","107","86","44","47","10","18","361","104","135","60","146","70","80","62","185","94","135","138","0","12","38","32","75","54","2","4","54","45","91","118","0","12","13","21","14","25","25","30","38","42","0","12","29","21",
"1400000US18097380402","Census Tract 3804.02, Marion County, Indiana","4874","917","2121","428","302","253","219","102","149","76","68","85","0","12","8","12","68","67","99","65","250","121","146","76","252","201","116","75","110","66","32","27","88","54","60","60","21","23","44","29","23","15","24","23","12","14","18","16","12","13","2753","574","98","71","265","203","250","217","34","35","63","45","30","32","24","21","65","50","468","183","282","160","337","221","46","29","64","40","121","56","148","67","84","66","41","33","29","23","7","11","201","186","63","38","28","22","5","8",
"1400000US18097380403","Census Tract 3804.03, Marion County, Indiana","3762","580","1731","317","129","80","100","72","71","44","71","66","27","21","13","20","0","12","31","24","48","37","189","105","168","79","105","74","111","68","99","73","181","96","83","61","52","37","24","24","38","33","105","95","54","42","0","12","32","33","2031","370","166","132","72","47","121","74","36","28","45","59","0","12","13","19","66","43","180","92","185","77","140","86","132","84","189","148","90","49","128","120","60","42","77","49","51","56","86","60","49","34","57","41","60","49","28","24",
"1400000US18097380404","Census Tract 3804.04, Marion County, Indiana","3749","537","1840","319","113","59","159","94","159","64","124","83","9","13","16","18","0","12","16","26","104","61","126","71","98","59","113","57","62","50","90","55","96","55","72","45","161","117","57","41","69","48","68","84","67","38","40","35","21","22","1909","282","91","77","96","54","140","80","88","48","0","12","0","12","32","52","62","37","62","49","91","58","156","74","130","71","80","44","77","39","174","72","136","94","78","42","34","28","123","118","72","41","81","52","37","34","69","47",
"1400000US18097380501","Census Tract 3805.01, Marion County, Indiana","2478","578","1236","291","128","115","97","78","140","41","30","35","75","96","0","12","66","102","43","49","10","17","87","72","150","50","11","17","26","31","150","93","45","42","46","37","20","23","38","47","22","24","40","32","6","9","6","9","0","12","1242","343","66","73","58","51","59","45","53","63","50","75","80","131","0","12","28","33","119","84","33","44","85","57","106","122","70","50","58","44","84","55","15","23","79","81","67","47","13","18","39","31","6","10","24","29","50","52",
"1400000US18097380502","Census Tract 3805.02, Marion County, Indiana","3968","782","1988","498","289","247","32","57","62","43","86","63","180","95","43","57","121","86","142","139","323","187","135","98","88","49","53","48","64","39","80","58","200","98","3","7","19","19","0","12","12","18","24","35","18","21","0","12","14","20","1980","392","53","75","118","52","82","50","61","36","278","85","79","57","42","38","163","99","334","214","24","30","135","145","54","40","118","55","84","60","34","28","96","78","32","23","8","14","48","42","71","36","35","36","13","19","18","15",
"1400000US18097380600","Census Tract 3806, Marion County, Indiana","5983","1230","3159","650","208","121","351","223","329","177","20","34","81","76","22","56","0","17","243","223","171","111","154","98","276","124","489","365","241","104","167","107","105","57","9","14","89","66","128","102","0","17","39","44","20","36","0","17","17","28","2824","672","227","128","43","47","261","115","233","228","154","189","31","39","0","17","10","20","260","147","271","138","127","86","297","260","65","53","321","273","112","70","98","89","96","70","8","15","111","60","51","71","31","38","17","22","0","17",
"1400000US18097380700","Census Tract 3807, Marion County, Indiana","6817","1014","3628","693","163","152","528","317","247","117","334","335","91","125","19","31","0","17","351","226","421","217","192","126","129","154","179","128","367","187","67","57","109","83","80","62","55","53","87","59","97","84","72","99","28","33","12","20","0","17","3189","562","420","277","108","124","59","62","34","54","118","100","32","36","70","77","230","168","296","156","248","162","275","256","59","71","188","146","203","127","165","119","145","72","150","130","77","64","23","35","76","63","56","60","70","67","87","81",
"1400000US18097380800","Census Tract 3808, Marion County, Indiana","2963","551","1421","329","44","36","136","146","41","44","22","33","29","32","7","13","0","12","65","53","15","16","106","54","114","71","22","21","96","74","47","45","156","69","192","225","163","78","55","43","26","29","12","17","42","31","31","32","0","12","1542","305","47","35","75","43","65","49","35","30","63","39","0","12","60","55","55","43","112","75","81","49","120","81","56","37","37","34","110","76","301","250","89","50","24","27","31","35","62","38","41","44","45","36","11","17","22","32",
"1400000US18097380901","Census Tract 3809.01, Marion County, Indiana","5309","765","2672","379","156","86","183","161","187","81","125","69","50","48","75","89","20","24","10","17","138","69","151","91","287","210","160","87","275","123","102","49","225","79","54","51","75","44","65","40","107","65","118","46","54","50","15","17","40","26","2637","433","180","177","185","82","125","77","212","93","10","15","14","20","74","53","56","53","67","38","290","181","122","77","164","83","172","75","213","74","137","63","41","30","69","54","26","25","139","57","196","55","57","33","30","29","58","37",
"1400000US18097380902","Census Tract 3809.02, Marion County, Indiana","5979","808","3067","510","184","112","148","100","126","111","72","63","46","68","23","38","0","17","95","79","354","220","303","92","52","47","98","65","109","84","222","102","259","162","92","93","193","97","94","77","166","112","144","61","51","45","39","42","197","198","2912","457","120","102","64","63","212","112","23","27","40","44","0","17","104","89","67","61","244","157","240","137","152","71","72","67","211","99","261","114","287","160","81","55","89","55","143","82","61","42","136","63","26","28","208","209","71","55",
"1400000US18097381002","Census Tract 3810.02, Marion County, Indiana","3507","906","1565","269","43","49","107","57","42","31","30","27","29","17","0","12","85","68","140","112","53","36","91","50","231","174","57","52","50","29","136","66","108","57","65","41","26","21","47","26","44","25","67","35","81","55","18","17","15","11","1942","683","250","239","188","232","94","56","43","33","9","9","37","52","18","19","147","168","42","26","213","219","75","31","118","68","48","28","111","48","139","51","54","33","129","60","38","27","54","32","72","30","29","19","15","12","19","14",
"1400000US18097381003","Census Tract 3810.03, Marion County, Indiana","3311","361","1555","247","151","83","91","43","85","45","29","17","44","34","0","12","20","20","62","54","252","153","132","63","99","45","125","63","46","27","131","69","71","47","11","8","34","28","15","14","34","28","55","27","27","22","28","22","13","13","1756","262","212","159","174","87","61","34","41","39","30","26","29","31","65","50","127","145","104","83","219","110","116","57","59","42","79","35","39","21","64","32","57","55","45","27","20","18","14","10","96","48","16","13","45","35","44","29",
"1400000US18097381004","Census Tract 3810.04, Marion County, Indiana","3298","671","1351","328","21","33","40","54","60","85","106","111","13","23","0","12","100","108","278","176","85","58","91","69","49","46","20","38","274","159","0","12","41","45","0","12","75","68","25","45","0","12","44","41","12","19","0","12","17","26","1947","482","66","85","59","72","18","31","1","2","8","20","261","321","0","12","257","116","152","100","64","57","168","132","91","94","69","73","261","182","57","58","116","194","25","40","0","12","53","62","131","74","8","13","59","46","23","28",
"1400000US18097381101","Census Tract 3811.01, Marion County, Indiana","5753","714","2606","428","183","138","140","119","295","113","175","135","19","22","25","30","0","17","105","73","92","74","117","92","258","93","85","74","126","83","86","64","395","296","33","28","110","63","40","45","68","59","77","67","124","79","39","47","14","24","3147","439","107","103","193","136","183","114","68","56","0","17","68","64","0","17","70","79","309","154","295","153","237","129","207","131","162","102","75","46","135","75","77","53","182","91","64","56","100","69","182","83","152","146","48","74","233","130",
"1400000US18097381102","Census Tract 3811.02, Marion County, Indiana","7199","875","3740","679","609","351","338","156","348","319","238","224","50","53","27","45","0","17","80","70","97","76","257","154","219","110","136","126","276","168","129","74","264","137","220","141","49","63","53","60","62","52","144","86","42","40","72","52","30","40","3459","482","143","118","165","104","94","66","130","167","0","17","93","99","29","42","37","53","413","139","218","134","424","229","135","106","169","116","423","341","287","147","74","58","67","64","91","71","46","42","209","97","0","17","67","53","145","155",
"1400000US18097381203","Census Tract 3812.03, Marion County, Indiana","3247","530","1555","368","160","116","115","77","151","140","92","71","9","15","11","18","31","49","36","35","215","169","248","178","111","66","35","33","27","28","38","34","99","100","28","29","12","14","21","21","0","12","50","58","5","10","12","17","49","46","1692","305","101","68","274","146","107","82","51","60","28","37","24","28","0","12","19","22","139","85","280","125","153","105","9","14","123","109","151","80","73","55","55","69","15","23","0","12","10","13","19","21","0","12","8","13","53","39",
"1400000US18097381204","Census Tract 3812.04, Marion County, Indiana","2937","552","1378","340","100","60","68","56","15","26","34","28","9","16","7","13","5","11","44","39","87","61","297","228","126","107","36","33","11","18","83","61","65","57","23","28","36","35","47","48","23","26","71","56","80","55","20","20","91","44","1559","299","145","88","54","35","8","14","11","21","0","12","53","73","20","22","100","124","124","77","172","105","71","55","17","20","11","18","31","33","50","33","51","61","38","31","22","25","41","33","108","50","101","60","121","62","210","85",
"1400000US18097381205","Census Tract 3812.05, Marion County, Indiana","6985","847","3040","435","314","192","208","204","135","89","105","90","176","209","33","52","93","103","104","97","271","137","180","89","337","112","238","187","229","108","121","88","164","87","0","17","59","49","96","73","23","27","119","87","10","17","13","21","12","20","3945","569","337","327","537","179","311","162","123","94","42","57","74","68","0","17","125","88","531","181","232","177","402","156","233","123","268","154","102","58","155","78","65","56","84","68","107","70","11","19","125","90","33","31","48","40","0","17",
"1400000US18097381206","Census Tract 3812.06, Marion County, Indiana","4494","815","2316","578","121","91","94","85","172","101","67","56","75","82","0","12","0","12","104","82","210","184","130","97","296","186","223","203","90","63","237","107","90","64","29","34","53","57","42","42","9","14","57","49","143","118","12","23","62","52","2178","450","52","66","150","178","184","134","79","65","54","72","24","36","0","12","56","57","327","179","134","116","120","135","54","46","108","120","182","102","154","102","98","68","40","45","16","28","65","62","79","56","110","62","78","57","14","22",
"1400000US18097381207","Census Tract 3812.07, Marion County, Indiana","4272","1430","1955","595","82","78","72","62","99","77","86","72","81","63","0","12","18","28","102","133","52","50","130","128","338","376","168","66","20","30","33","36","266","242","109","102","46","45","13","23","47","34","75","54","58","44","39","35","21","34","2317","905","210","216","263","183","441","238","155","112","17","28","0","12","17","28","0","12","56","53","41","54","258","290","137","66","7","14","185","142","118","65","16","26","56","49","45","47","71","46","55","44","79","45","73","48","17","27",
"1400000US18097390102","Census Tract 3901.02, Marion County, Indiana","6551","1086","2945","527","397","208","482","316","202","160","84","85","69","76","250","225","0","17","104","84","78","79","125","68","204","133","26","45","194","178","203","133","39","44","29","53","19","23","131","115","36","46","100","84","173","145","0","17","0","17","3606","816","258","178","226","181","302","151","154","219","72","74","61","86","0","17","22","37","252","180","135","128","715","586","23","29","108","93","224","147","210","125","16","20","126","88","168","215","90","93","266","148","170","184","0","17","8","15",
"1400000US18097390103","Census Tract 3901.03, Marion County, Indiana","3151","454","1595","344","205","161","224","146","81","63","24","44","20","34","0","12","0","12","0","12","130","97","89","66","71","61","111","78","117","118","18","28","156","64","151","199","57","44","11","20","25","34","46","35","32","27","17","20","10","18","1556","280","102","83","90","59","94","65","99","110","20","35","0","12","0","12","34","35","104","81","38","38","218","98","81","66","64","67","57","41","143","48","56","53","23","30","30","28","54","47","52","35","154","181","21","24","22","26",
"1400000US18097390104","Census Tract 3901.04, Marion County, Indiana","6934","813","3333","488","290","170","329","158","213","117","193","93","79","60","58","54","11","32","198","122","88","67","183","109","164","83","277","119","196","149","250","115","263","213","215","186","18","33","67","61","22","37","128","103","29","44","0","17","62","94","3601","536","101","79","276","146","190","95","259","145","193","110","27","44","79","86","103","92","222","107","233","99","226","103","310","141","109","99","126","87","349","257","156","95","121","88","62","69","106","75","223","233","52","53","53","61","25","39",
"1400000US18097390200","Census Tract 3902, Marion County, Indiana","5905","708","2629","415","207","137","269","137","216","116","118","84","66","49","13","20","0","17","52","75","276","268","186","132","142","84","315","109","84","67","68","52","159","84","166","112","45","41","43","38","26","25","150","75","13","20","0","17","15","24","3276","406","271","139","268","145","292","139","106","62","76","65","42","50","11","23","53","71","365","271","358","155","212","116","165","103","225","112","152","72","287","173","62","57","72","57","31","30","6","9","141","71","17","26","16","27","48","40",
"1400000US18097390300","Census Tract 3903, Marion County, Indiana","6828","1067","3621","683","372","240","283","139","380","210","87","82","167","115","0","17","210","220","102","73","293","156","158","86","268","143","233","153","242","160","123","93","212","104","80","61","89","64","38","56","75","62","55","50","103","60","15","25","36","40","3207","446","97","81","115","136","327","147","110","79","89","104","0","17","0","17","162","140","165","107","110","73","399","134","311","176","145","155","229","100","290","108","54","53","92","116","67","49","91","49","170","146","91","64","34","41","59","51",
"1400000US18097390405","Census Tract 3904.05, Marion County, Indiana","4223","513","2084","474","282","209","166","131","24","48","0","12","8","14","0","12","46","45","164","136","171","96","318","218","265","138","178","140","24","29","63","59","98","63","23","30","39","38","30","27","15","24","52","35","70","61","0","12","48","49","2139","239","148","140","133","95","44","61","0","12","0","12","0","12","26","44","96","91","257","138","309","122","144","81","119","110","72","49","132","88","92","74","55","47","7","10","94","75","29","35","131","72","130","95","20","30","101","76",
"1400000US18097390406","Census Tract 3904.06, Marion County, Indiana","6922","1154","3836","746","380","177","488","277","452","329","291","152","235","146","0","17","19","29","20","34","177","102","184","166","399","103","265","122","293","167","141","92","127","78","87","112","34","40","14","23","42","41","123","99","17","27","16","26","32","39","3086","546","335","236","325","124","241","126","173","113","28","52","0","17","0","17","18","33","229","98","388","243","354","209","197","101","220","214","147","93","102","72","17","28","57","54","14","24","64","64","106","93","35","40","0","17","36","43",
"1400000US18097390407","Census Tract 3904.07, Marion County, Indiana","6385","887","3151","478","222","210","172","99","361","118","141","109","98","67","95","152","54","54","57","52","61","64","68","56","232","112","230","120","300","147","238","96","182","103","89","68","121","93","59","40","76","55","203","159","68","49","24","27","0","17","3234","503","140","89","371","224","198","108","195","162","51","49","53","58","30","36","17","27","53","50","136","90","244","135","228","106","287","141","260","97","208","156","126","95","66","55","40","36","57","51","167","151","56","43","167","146","84","61",
"1400000US18097390408","Census Tract 3904.08, Marion County, Indiana","5206","682","2581","377","171","191","391","136","119","102","39","51","42","63","47","77","0","17","114","108","190","125","126","112","212","173","193","120","145","122","157","128","192","135","156","200","65","62","0","17","67","83","86","78","46","68","0","17","23","39","2625","471","233","175","204","191","43","60","352","244","26","44","65","106","0","17","100","107","71","81","218","157","289","181","13","28","103","88","295","181","221","175","60","67","33","42","126","101","87","97","17","30","53","60","16","28","0","17",
"1400000US18097390409","Census Tract 3904.09, Marion County, Indiana","6980","756","3199","423","336","232","262","184","155","148","83","90","48","55","0","17","0","17","84","84","201","126","174","139","280","168","346","156","324","170","289","154","133","97","123","115","65","67","105","103","0","17","175","95","16","27","0","17","0","17","3781","668","566","308","156","164","229","147","119","119","0","17","0","17","0","17","73","67","265","147","396","233","120","118","727","499","208","150","229","140","299","139","76","90","92","86","52","76","78","92","54","82","42","53","0","17","0","17",
"1400000US18097390410","Census Tract 3904.10, Marion County, Indiana","1813","256","862","209","40","36","83","57","19","31","14","22","28","46","22","33","0","12","85","57","93","67","16","25","48","33","34","26","0","12","114","102","47","42","0","12","0","12","14","24","66","74","31","35","85","63","8","14","15","23","951","143","17","31","103","40","38","50","26","42","15","25","0","12","0","12","104","59","64","67","56","51","36","38","55","50","17","27","81","62","42","40","14","23","0","12","78","73","89","53","57","49","19","22","26","28","14","23",
"1400000US18097390411","Census Tract 3904.11, Marion County, Indiana","3990","686","1684","335","43","67","117","99","150","103","84","66","14","23","0","12","0","12","42","48","66","52","185","126","311","156","236","115","38","44","83","64","17","26","38","44","53","52","35","40","16","27","96","66","21","34","18","28","21","32","2306","481","102","107","305","302","121","100","153","140","42","51","17","26","0","12","16","26","186","123","246","125","244","130","34","40","93","75","60","51","100","57","82","58","19","30","45","44","139","134","100","66","78","63","51","46","73","89",
"1400000US18097390500","Census Tract 3905, Marion County, Indiana","2549","474","1210","354","131","119","94","68","24","30","124","185","20","30","8","15","0","12","8","12","160","111","45","36","180","134","75","53","34","24","63","52","45","39","29","29","43","35","27","25","22","31","14","16","0","12","41","23","23","27","1339","263","124","82","126","84","206","105","45","43","0","12","0","12","9","13","24","25","130","80","54","48","65","41","13","14","103","57","71","49","115","88","21","19","50","35","14","14","24","22","56","38","34","25","38","29","17","15",
"1400000US18097390601","Census Tract 3906.01, Marion County, Indiana","1793","808","593","380","19","32","51","91","0","12","0","12","18","29","0","12","0","12","90","150","196","176","33","62","86","74","0","12","16","26","0","12","26","32","0","12","0","12","28","41","0","12","30","45","0","12","0","12","0","12","1200","692","189","322","38","61","22","37","18","29","0","12","31","40","119","100","252","263","283","324","87","76","76","63","0","12","10","18","0","12","12","23","0","12","57","38","0","12","0","12","6","21","0","12","0","12","0","12",
"1400000US18097390602","Census Tract 3906.02, Marion County, Indiana","3159","340","1343","340","0","12","71","84","13","22","78","86","17","23","0","12","44","67","29","47","245","146","280","213","110","81","0","12","64","62","70","75","81","43","9","23","16","26","11","18","49","54","30","32","48","42","50","48","28","34","1816","262","10","17","86","99","111","82","13","19","0","12","0","12","0","12","126","178","132","87","158","118","97","87","70","75","155","117","35","40","85","60","51","52","139","76","60","54","143","92","116","84","59","56","87","49","83","51",
"1400000US18097390700","Census Tract 3907, Marion County, Indiana","3409","787","2091","677","69","69","59","56","536","499","91","89","85","56","10","19","1","3","28","39","217","148","29","32","147","103","51","59","185","125","167","99","301","244","14","19","30","30","20","28","36","50","0","12","0","12","15","26","0","12","1318","243","26","37","130","108","109","77","92","80","81","100","25","36","0","12","24","29","41","30","97","72","33","30","162","102","117","90","127","90","22","25","33","38","66","63","28","40","64","45","0","12","0","12","26","41","15","25",
"1400000US18097390801","Census Tract 3908.01, Marion County, Indiana","0","12","0","12","0","12","0","12","0","12","0","12","0","12","0","12","0","12","0","12","0","12","0","12","0","12","0","12","0","12","0","12","0","12","0","12","0","12","0","12","0","12","0","12","0","12","0","12","0","12","0","12","0","12","0","12","0","12","0","12","0","12","0","12","0","12","0","12","0","12","0","12","0","12","0","12","0","12","0","12","0","12","0","12","0","12","0","12","0","12","0","12","0","12","0","12","0","12",
"1400000US18097390802","Census Tract 3908.02, Marion County, Indiana","4249","572","2420","355","205","133","209","95","201","120","148","86","48","55","16","28","0","12","228","126","210","105","188","142","251","159","155","101","48","42","200","98","107","53","33","39","27","22","6","11","35","31","82","48","17","22","6","10","0","12","1829","321","71","59","129","72","139","100","131","89","19","28","31","34","0","12","92","60","119","80","202","96","168","98","129","91","85","67","154","77","92","64","26","33","8","11","7","11","38","35","113","54","25","22","25","20","26","34",
"1400000US18097390900","Census Tract 3909, Marion County, Indiana","3293","499","1548","304","106","48","138","83","64","49","0","12","21","21","6","10","31","33","38","29","303","239","150","73","132","62","100","50","67","47","56","30","73","44","54","34","33","28","22","22","84","49","61","59","0","12","0","12","9","14","1745","305","167","109","121","89","34","39","0","12","7","11","0","12","15","24","135","102","247","97","175","76","245","180","90","44","58","38","143","72","82","46","27","27","19","23","38","42","61","63","11","17","51","40","10","16","9","14",
"1400000US18097391001","Census Tract 3910.01, Marion County, Indiana","1246","330","611","172","49","71","0","12","0","12","2","4","140","71","16","17","9","15","56","56","103","86","78","73","108","88","0","12","38","56","0","12","1","3","11","18","0","12","0","12","0","12","0","12","0","12","0","12","0","12","635","271","0","12","0","12","0","12","0","12","196","104","165","126","45","45","117","116","39","45","0","12","36","54","0","12","1","3","1","4","0","12","35","56","0","12","0","12","0","12","0","12","0","12","0","12","0","12",
"1400000US18097391002","Census Tract 3910.02, Marion County, Indiana","5471","797","2973","544","0","17","0","17","0","17","55","46","53","64","86","94","225","225","551","290","704","251","737","420","97","78","23","37","41","43","11","17","262","158","12","15","51","51","21","32","0","17","23","36","0","17","21","34","0","17","2498","557","73","71","0","17","0","17","12","27","0","17","0","17","52","71","401","165","949","496","504","233","46","55","49","53","159","111","0","17","103","103","23","36","96","70","9","14","0","17","0","17","0","17","22","35","0","17",
