"GEO_ID","NAME","B01001_001E","B01001_001M","B01001_002E","B01001_002M","B01001_003E","B01001_003M","B01001_004E","B01001_004M","B01001_005E","B01001_005M","B01001_006E","B01001_006M","B01001_007E","B01001_007M","B01001_008E","B01001_008M","B01001_009E","B01001_009M","B01001_010E","B01001_010M","B01001_011E","B01001_011M","B01001_012E","B01001_012M","B01001_013E","B01001_013M","B01001_014E","B01001_014M","B01001_015E","B01001_015M","B01001_016E","B01001_016M","B01001_017E","B01001_017M","B01001_018E","B01001_018M","B01001_019E","B01001_019M","B01001_020E","B01001_020M","B01001_021E","B01001_021M","B01001_022E","B01001_022M","B01001_023E","B01001_023M","B01001_024E","B01001_024M","B01001_025E","B01001_025M","B01001_026E","B01001_026M","B01001_027E","B01001_027M","B01001_028E","B01001_028M","B01001_029E","B01001_029M","B01001_030E","B01001_030M","B01001_031E","B01001_031M","B01001_032E","B01001_032M","B01001_033E","B01001_033M","B01001_034E","B01001_034M","B01001_035E","B01001_035M","B01001_036E","B01001_036M","B01001_037E","B01001_037M","B01001_038E","B01001_038M","B01001_039E","B01001_039M","B01001_040E","B01001_040M","B01001_041E","B01001_041M","B01001_042E","B01001_042M","B01001_043E","B01001_043M","B01001_044E","B01001_044M","B01001_045E","B01001_045M","B01001_046E","B01001_046M","B01001_047E","B01001_047M","B01001_048E","B01001_048M","B01001_049E","B01001_049M",
"Geography","Geographic Area Name","Estimate!!Total:","Margin of Error!!Total:","Estimate!!Total:!!Male:","Margin of Error!!Total:!!Male:","Estimate!!Total:!!Male:!!Under 5 years","Margin of Error!!Total:!!Male:!!Under 5 years","Estimate!!Total:!!Male:!!5 to 9 years","Margin of Error!!Total:!!Male:!!5 to 9 years","Estimate!!Total:!!Male:!!10 to 14 years","Margin of Error!!Total:!!Male:!!10 to 14 years","Estimate!!Total:!!Male:!!15 to 17 years","Margin of Error!!Total:!!Male:!!15 to 17 years","Estimate!!Total:!!Male:!!18 and 19 years","Margin of Error!!Total:!!Male:!!18 and 19 years","Estimate!!Total:!!Male:!!20 years","Margin of Error!!Total:!!Male:!!20 years","Estimate!!Total:!!Male:!!21 years","Margin of Error!!Total:!!Male:!!21 years","Estimate!!Total:!!Male:!!22 to 24 years","Margin of Error!!Total:!!Male:!!22 to 24 years","Estimate!!Total:!!Male:!!25 to 29 years","Margin of Error!!Total:!!Male:!!25 to 29 years","Estimate!!Total:!!Male:!!30 to 34 years","Margin of Error!!Total:!!Male:!!30 to 34 years","Estimate!!Total:!!Male:!!35 to 39 years","Margin of Error!!Total:!!Male:!!35 to 39 years","Estimate!!Total:!!Male:!!40 to 44 years","Margin of Error!!Total:!!Male:!!40 to 44 years","Estimate!!Total:!!Male:!!45 to 49 years","Margin of Error!!Total:!!Male:!!45 to 49 years","Estimate!!Total:!!Male:!!50 to 54 years","Margin of Error!!Total:!!Male:!!50 to 54 years","Estimate!!Total:!!Male:!!55 to 59 years","Margin of Error!!Total:!!Male:!!55 to 59 years","Estimate!!Total:!!Male:!!60 and 61 years","Margin of Error!!Total:!!Male:!!60 and 61 years","Estimate!!Total:!!Male:!!62 to 64 years","Margin of Error!!Total:!!Male:!!62 to 64 years","Estimate!!Total:!!Male:!!65 and 66 years","Margin of Error!!Total:!!Male:!!65 and 66 years","Estimate!!Total:!!Male:!!67 to 69 years","Margin of Error!!Total:!!Male:!!67 to 69 years","Estimate!!Total:!!Male:!!70 to 74 years","Margin of Error!!Total:!!Male:!!70 to 74 years","Estimate!!Total:!!Male:!!75 to 79 years","Margin of Error!!Total:!!Male:!!75 to 79 years","Estimate!!Total:!!Male:!!80 to 84 years","Margin of Error!!Total:!!Male:!!80 to 84 years","Estimate!!Total:!!Male:!!85 years and over","Margin of Error!!Total:!!Male:!!85 years and over","Estimate!!Total:!!Female:","Margin of Error!!Total:!!Female:","Estimate!!Total:!!Female:!!Under 5 years","Margin of Error!!Total:!!Female:!!Under 5 years","Estimate!!Total:!!Female:!!5 to 9 years","Margin of Error!!Total:!!Female:!!5 to 9 years","Estimate!!Total:!!Female:!!10 to 14 years","Margin of Error!!Total:!!Female:!!10 to 14 years","Estimate!!Total:!!Female:!!15 to 17 years","Margin of Error!!Total:!!Female:!!15 to 17 years","Estimate!!Total:!!Female:!!18 and 19 years","Margin of Error!!Total:!!Female:!!18 and 19 years","Estimate!!Total:!!Female:!!20 years","Margin of Error!!Total:!!Female:!!20 years","Estimate!!Total:!!Female:!!21 years","Margin of Error!!Total:!!Female:!!21 years","Estimate!!Total:!!Female:!!22 to 24 years","Margin of Error!!Total:!!Female:!!22 to 24 years","Estimate!!Total:!!Female:!!25 to 29 years","Margin of Error!!Total:!!Female:!!25 to 29 years","Estimate!!Total:!!Female:!!30 to 34 years","Margin of Error!!Total:!!Female:!!30 to 34 years","Estimate!!Total:!!Female:!!35 to 39 years","Margin of Error!!Total:!!Female:!!35 to 39 years","Estimate!!Total:!!Female:!!40 to 44 years","Margin of Error!!Total:!!Female:!!40 to 44 years","Estimate!!Total:!!Female:!!45 to 49 years","Margin of Error!!Total:!!Female:!!45 to 49 years","Estimate!!Total:!!Female:!!50 to 54 years","Margin of Error!!Total:!!Female:!!50 to 54 years","Estimate!!Total:!!Female:!!55 to 59 years","Margin of Error!!Total:!!Female:!!55 to 59 years","Estimate!!Total:!!Female:!!60 and 61 years","Margin of Error!!Total:!!Female:!!60 and 61 years","Estimate!!Total:!!Female:!!62 to 64 years","Margin of Error!!Total:!!Female:!!62 to 64 years","Estimate!!Total:!!Female:!!65 and 66 years","Margin of Error!!Total:!!Female:!!65 and 66 years","Estimate!!Total:!!Female:!!67 to 69 years","Margin of Error!!Total:!!Female:!!67 to 69 years","Estimate!!Total:!!Female:!!70 to 74 years","Margin of Error!!Total:!!Female:!!70 to 74 years","Estimate!!Total:!!Female:!!75 to 79 years","Margin of Error!!Total:!!Female:!!75 to 79 years","Estimate!!Total:!!Female:!!80 to 84 years","Margin of Error!!Total:!!Female:!!80 to 84 years","Estimate!!Total:!!Female:!!85 years and over","Margin of Error!!Total:!!Female:!!85 years and over",
"1400000US18097310104","Census Tract 3101.04; Marion County; Indiana","3510","396","1248","217","0","13","0","13","27","42","24","38","0","13","23","37","0","13","73","50","91","70","400","162","78","67","60","65","103","81","72","67","31","34","40","45","39","41","61","52","43","49","51","42","32","32","0","13","0","13","2262","383","199","68","160","40","0","13","22","38","17","29","0","13","103","156","19","32","83","73","413","220","94","73","97","111","211","200","47","53","58","49","64","52","73","45","90","62","87","64","174","112","150","190","32","36","69","53",
"1400000US18097310105","Census Tract 3101.05; Marion County; Indiana","4316","694","1930","462","161","91","188","130","121","115","125","72","35","48","22","32","3","6","47","51","29","29","399","367","135","81","66","77","81","56","178","108","112","68","22","26","96","52","20","19","41","29","33","27","9","15","7","13","0","13","2386","318","82","72","111","115","254","126","70","64","101","112","42","65","35","49","67","73","246","161","139","86","107","71","216","119","231","106","156","93","97","66","44","40","38","36","57","35","35","32","144","73","63","55","51","43","0","13",
"1400000US18097310106","Census Tract 3101.06; Marion County; Indiana","3945","527","1691","410","28","46","71","98","38","69","170","231","66","101","23","33","53","63","43","53","167","111","258","224","151","165","21","35","0","13","40","53","148","117","0","13","72","58","0","13","53","51","156","137","14","24","35","40","84","64","2254","463","117","144","105","93","81","114","0","13","0","13","47","51","18","32","71","105","162","111","413","237","150","115","229","172","54","82","39","51","56","61","0","13","38","52","80","63","55","53","24","30","59","54","68","55","388","166",
"1400000US18097310108","Census Tract 3101.08; Marion County; Indiana","3933","637","1892","320","128","83","88","70","215","147","53","46","0","13","1","5","0","13","128","65","102","61","77","57","69","44","70","55","83","45","82","50","97","43","43","31","95","44","60","38","113","69","273","230","82","40","8","13","25","22","2041","368","136","93","64","58","102","87","59","60","1","3","4","7","9","14","127","73","79","68","132","99","123","122","50","30","124","82","67","44","129","44","56","35","146","66","38","31","123","75","311","236","47","30","51","37","63","39",
"1400000US18097310110","Census Tract 3101.10; Marion County; Indiana","2330","338","933","267","0","13","0","13","83","133","0","13","0","13","3","13","0","13","92","78","194","113","57","47","45","41","27","38","83","61","40","53","115","89","15","23","63","64","0","13","55","53","61","52","0","13","0","13","0","13","1397","229","20","27","20","32","0","13","79","86","38","60","0","13","11","17","48","45","176","91","33","51","30","37","0","13","33","52","45","54","339","155","59","59","65","88","115","115","99","88","102","78","19","32","17","26","49","73",
"1400000US18097310111","Census Tract 3101.11; Marion County; Indiana","3541","433","1749","358","14","29","46","46","103","95","50","57","0","13","0","13","0","13","415","191","265","219","227","166","61","55","168","96","41","42","43","52","56","52","0","13","43","37","74","52","39","43","36","36","32","38","10","24","26","40","1792","285","124","106","116","97","86","80","110","82","44","61","21","26","0","13","63","50","139","94","95","77","247","108","86","70","96","72","147","110","25","30","57","54","29","30","155","58","59","46","26","41","13","21","1","3","53","38",
"1400000US18097310112","Census Tract 3101.12; Marion County; Indiana","6200","906","3225","629","135","76","180","72","348","250","329","247","46","42","50","44","0","18","52","58","105","82","82","62","82","72","320","201","145","76","168","97","326","113","69","54","243","209","81","66","49","47","189","149","26","37","86","72","114","146","2975","423","57","44","114","59","147","83","175","91","0","18","54","52","15","25","93","75","57","50","115","76","131","69","290","208","513","316","106","67","227","81","110","81","235","198","72","64","85","64","165","96","37","42","44","46","133","140",
"1400000US18097310113","Census Tract 3101.13; Marion County; Indiana","1035","138","536","94","3","6","15","16","87","53","12","15","3","6","3","5","0","13","8","9","5","9","30","24","24","29","29","27","59","36","28","30","20","17","64","48","31","28","6","9","37","24","54","42","6","10","6","10","6","10","499","87","40","36","22","24","23","20","0","13","5","8","0","13","0","13","1","3","17","23","23","21","28","24","20","25","14","15","53","35","42","22","58","48","58","36","23","18","32","27","12","13","11","13","13","15","4","6",
"1400000US18097310201","Census Tract 3102.01; Marion County; Indiana","4817","672","2501","342","404","150","193","105","67","55","88","68","28","32","42","62","0","13","164","115","229","105","101","70","172","110","68","50","134","89","121","79","80","52","113","102","141","96","9","15","87","73","165","116","78","57","7","12","10","12","2316","453","85","86","365","235","82","52","129","133","68","80","0","13","0","13","191","137","72","54","190","134","214","119","95","65","148","110","164","105","149","74","132","112","44","32","41","56","43","40","62","48","36","33","0","13","6","11",
"1400000US18097310203","Census Tract 3102.03; Marion County; Indiana","5391","862","2214","485","51","68","142","104","99","120","194","169","95","81","0","18","190","141","38","55","80","108","209","199","266","202","62","73","47","55","0","18","189","92","87","78","39","64","30","40","63","59","32","41","0","18","167","164","134","102","3177","631","225","177","144","139","371","282","84","122","40","54","0","18","0","18","139","118","44","57","81","72","99","105","464","284","227","156","159","101","177","124","91","84","23","30","77","59","66","57","85","68","79","74","184","151","318","232",
"1400000US18097310204","Census Tract 3102.04; Marion County; Indiana","4960","895","2344","507","96","99","88","95","342","167","66","68","51","63","64","67","23","28","223","254","91","72","118","95","128","68","240","166","190","103","190","112","138","95","6","10","65","45","25","29","22","34","109","58","23","25","40","51","6","14","2616","471","101","87","38","46","78","75","188","124","75","87","0","13","0","13","168","121","288","213","115","82","182","111","312","158","204","98","395","258","129","74","54","41","71","45","56","44","15","22","80","48","13","21","0","13","54","71",
"1400000US18097310305","Census Tract 3103.05; Marion County; Indiana","6570","1012","2994","576","161","139","254","177","42","48","263","228","191","155","27","37","42","51","59","70","155","117","274","227","155","159","409","236","443","267","186","163","141","99","69","77","30","48","0","18","21","34","53","54","0","18","19","32","0","18","3576","748","314","263","190","276","349","316","110","131","341","363","222","205","0","18","139","100","192","156","125","141","135","155","600","263","5","14","163","109","130","118","88","127","84","96","26","42","69","64","222","117","54","63","18","30","0","18",
"1400000US18097310306","Census Tract 3103.06; Marion County; Indiana","8468","1352","3359","714","147","171","427","233","413","251","148","161","29","46","0","18","0","18","282","213","155","125","170","134","413","242","332","244","245","170","30","46","347","233","15","24","23","37","0","18","18","27","73","66","33","53","7","38","52","74","5109","941","1279","519","509","224","216","177","123","106","75","84","59","94","86","135","34","57","485","263","371","230","355","276","213","146","147","180","713","477","227","171","43","51","30","52","13","20","17","26","30","50","58","63","26","44","0","18",
"1400000US18097310308","Census Tract 3103.08; Marion County; Indiana","3336","382","1438","239","19","29","131","83","106","93","37","40","71","78","0","13","37","18","98","84","128","111","24","31","67","53","45","38","92","64","144","126","57","69","0","13","119","82","103","43","35","40","0","13","7","19","42","33","76","49","1898","331","58","54","44","62","277","166","80","77","1","2","0","13","16","26","149","182","185","157","98","94","103","59","210","89","219","146","89","93","66","30","36","33","91","69","0","13","57","44","14","24","46","40","49","33","10","19",
"1400000US18097310309","Census Tract 3103.09; Marion County; Indiana","3141","510","1612","367","61","56","155","108","88","66","156","118","85","62","0","13","34","52","48","51","159","110","169","129","146","114","66","54","58","51","136","93","48","75","0","13","89","102","73","102","10","14","31","35","0","13","0","13","0","13","1529","344","99","85","22","33","88","82","28","43","94","107","27","40","0","13","149","121","163","137","137","73","124","82","110","88","156","89","46","55","40","43","0","13","47","42","15","22","48","38","43","30","31","39","62","72","0","13",
"1400000US18097310310","Census Tract 3103.10; Marion County; Indiana","5153","834","2498","538","184","124","126","75","192","111","206","171","250","214","20","23","10","14","57","47","197","181","290","139","53","48","222","104","172","88","92","88","33","24","22","22","53","64","16","21","184","154","105","78","1","3","13","20","0","18","2655","556","82","59","215","139","93","94","184","119","35","48","12","22","0","18","64","58","338","313","208","101","155","96","176","96","111","73","147","84","105","80","56","42","170","111","58","63","149","200","137","82","24","27","23","25","113","157",
"1400000US18097310311","Census Tract 3103.11; Marion County; Indiana","6165","1189","2722","571","254","89","141","153","220","155","25","40","59","59","104","99","121","145","123","116","290","261","159","72","105","67","156","93","270","173","178","85","107","54","14","22","44","44","13","20","113","70","69","50","100","49","57","78","0","18","3443","760","309","289","289","186","310","139","223","132","5","10","32","52","41","46","109","111","234","210","187","130","266","127","158","98","261","125","210","112","189","120","62","79","123","75","65","69","98","61","114","55","93","101","54","76","11","18",
"1400000US18097310312","Census Tract 3103.12; Marion County; Indiana","6198","749","3284","628","119","196","89","105","320","200","368","214","58","85","130","158","0","18","424","266","43","54","331","264","343","154","92","115","110","104","219","172","156","124","29","48","141","111","13","24","137","135","145","143","9","20","8","12","0","18","2914","597","314","226","214","231","72","100","63","101","16","13","0","18","0","18","236","153","331","347","182","148","145","141","336","213","175","162","94","100","58","57","41","54","152","91","52","63","104","95","166","121","22","32","92","88","49","70",
"1400000US18097320105","Census Tract 3201.05; Marion County; Indiana","4603","667","2078","382","121","110","264","198","119","119","41","67","107","118","0","13","44","71","0","13","275","148","164","95","121","101","54","65","72","52","85","80","141","77","78","80","42","50","48","51","18","29","75","45","93","57","44","41","72","75","2525","449","114","106","84","84","74","72","159","112","108","109","41","68","44","72","186","136","275","141","162","111","98","84","175","104","76","79","116","83","94","67","66","62","40","47","78","57","166","91","48","45","201","116","78","52","42","47",
"1400000US18097320106","Census Tract 3201.06; Marion County; Indiana","3556","1615","1789","832","43","52","438","378","24","32","19","31","23","36","0","13","14","21","8","18","438","453","99","71","129","118","46","52","115","64","25","33","78","57","10","16","14","22","35","45","30","46","70","44","28","33","82","103","21","26","1767","826","141","103","161","125","353","416","57","59","76","51","0","13","0","13","5","19","72","78","348","341","55","48","85","77","53","50","44","39","42","43","20","23","21","26","20","29","43","27","50","32","73","54","40","35","8","13",
"1400000US18097320107","Census Tract 3201.07; Marion County; Indiana","2015","494","1049","271","57","28","159","130","24","16","0","13","4","7","9","13","36","36","15","17","98","76","80","33","67","30","49","33","29","24","140","103","34","23","46","55","41","46","10","10","12","11","64","30","19","17","39","31","17","15","966","249","63","41","13","15","90","125","38","33","0","13","0","13","2","5","44","27","32","26","84","41","64","27","119","116","36","27","41","22","139","67","3","6","19","17","31","22","17","12","42","24","40","23","23","17","26","23",
"1400000US18097320108","Census Tract 3201.08; Marion County; Indiana","4771","996","2205","685","162","164","109","136","189","181","68","76","22","45","0","13","0","13","40","63","418","314","141","103","207","137","169","135","67","97","130","138","112","94","9","19","114","82","0","13","28","47","96","124","12","26","0","13","112","94","2566","532","192","165","69","98","97","118","10","30","12","26","17","37","0","13","250","310","435","274","184","119","409","171","63","80","39","47","223","142","128","130","0","13","20","31","16","35","41","57","127","166","49","53","45","46","140","100",
"1400000US18097320109","Census Tract 3201.09; Marion County; Indiana","2694","425","1213","160","36","26","89","54","119","65","49","39","13","22","13","21","29","34","14","23","14","17","77","43","39","30","143","75","31","37","57","36","57","50","29","27","53","38","17","17","47","29","63","38","58","37","23","25","143","91","1481","374","54","45","11","17","134","78","65","53","18","21","8","13","10","17","0","13","88","54","61","42","88","67","44","32","75","51","93","50","38","26","213","307","41","34","37","23","58","37","57","35","84","50","134","63","70","57",
"1400000US18097320202","Census Tract 3202.02; Marion County; Indiana","5280","644","2545","385","86","60","70","61","74","44","75","48","55","65","0","18","49","60","196","170","178","106","407","262","116","79","89","48","30","25","168","85","215","124","36","42","157","82","93","64","149","127","193","120","20","23","56","41","33","37","2735","416","137","107","66","60","63","57","125","96","31","75","10","26","0","18","102","66","106","72","403","287","84","56","153","76","87","58","180","173","248","106","76","51","341","167","73","57","112","79","120","69","91","51","41","36","86","63",
"1400000US18097320203","Census Tract 3202.03; Marion County; Indiana","2927","338","1448","220","44","40","69","57","22","34","35","33","3","5","23","24","0","13","52","45","197","90","241","138","109","72","46","41","94","71","97","99","103","50","59","72","79","37","0","13","51","44","52","40","31","28","20","23","21","24","1479","243","104","59","28","32","33","29","4","8","31","38","0","13","0","13","134","58","145","68","195","124","86","52","48","38","83","66","207","166","25","28","37","35","37","36","19","21","33","29","65","36","66","40","35","31","64","66",
"1400000US18097320205","Census Tract 3202.05; Marion County; Indiana","1827","251","874","174","14","22","31","44","0","13","0","13","0","13","0","13","13","21","118","91","204","112","123","79","29","31","98","89","69","56","76","64","17","26","0","13","0","13","8","14","8","15","15","19","43","59","0","13","8","14","953","226","57","53","16","25","0","13","0","13","0","13","14","22","29","32","178","129","202","118","59","50","29","31","50","55","10","17","12","18","39","37","67","83","34","40","28","28","58","46","52","57","11","19","0","13","8","13",
"1400000US18097320206","Census Tract 3202.06; Marion County; Indiana","2507","512","1233","296","82","84","80","74","67","50","68","52","27","31","0","13","0","13","104","118","125","130","155","149","27","32","72","44","74","67","30","41","89","61","52","83","22","24","11","15","10","16","43","40","22","22","29","26","44","42","1274","366","85","63","84","62","0","13","160","129","0","13","4","10","0","13","138","121","225","300","33","32","59","59","58","50","57","51","104","73","49","46","0","13","30","26","0","13","32","25","62","37","40","33","29","29","25","27",
"1400000US18097320301","Census Tract 3203.01; Marion County; Indiana","3662","563","1779","363","235","209","43","27","74","50","9","15","0","13","16","29","11","17","58","63","122","80","180","103","62","40","70","81","92","54","91","56","112","62","33","35","59","45","34","28","173","88","150","63","85","44","38","25","32","41","1883","321","76","55","109","94","95","73","26","30","0","13","0","13","15","28","45","48","94","65","106","61","93","43","64","80","122","78","79","55","90","49","21","31","92","53","31","22","133","61","317","155","86","46","131","86","58","36",
"1400000US18097320303","Census Tract 3203.03; Marion County; Indiana","3541","667","1737","265","86","119","184","89","149","112","0","13","0","13","13","22","12","20","323","188","270","131","138","57","231","147","21","36","142","166","27","43","62","90","0","13","54","58","10","16","0","13","15","20","0","13","0","13","0","13","1804","586","206","215","94","141","115","168","0","13","17","30","0","13","30","43","250","168","301","154","283","115","135","149","214","230","38","45","36","51","22","35","0","13","15","22","0","13","35","35","13","19","0","13","0","13","0","13",
"1400000US18097320305","Census Tract 3203.05; Marion County; Indiana","2863","332","1464","199","88","45","81","55","169","77","107","67","23","34","0","13","13","21","0","13","23","24","66","43","132","71","86","40","45","48","104","55","115","73","32","31","77","51","19","20","59","68","55","45","121","102","49","45","0","13","1399","208","78","61","52","46","115","65","46","43","82","73","12","18","0","13","0","13","33","35","93","46","112","69","82","41","104","57","78","64","138","89","48","41","29","35","91","86","22","25","53","43","95","85","36","36","0","13",
"1400000US18097320306","Census Tract 3203.06; Marion County; Indiana","4101","421","1869","304","59","44","83","67","79","59","43","58","0","13","18","29","0","13","92","85","357","230","95","64","89","60","85","77","87","69","191","130","99","63","33","30","99","79","52","51","32","31","147","83","58","54","0","13","71","65","2232","417","47","46","71","68","97","73","53","48","57","82","13","33","28","36","203","180","404","188","113","87","199","176","63","45","173","132","99","69","140","75","41","41","50","52","0","13","62","68","108","53","35","41","121","144","55","54",
"1400000US18097320400","Census Tract 3204; Marion County; Indiana","3467","537","1929","329","221","97","171","108","108","87","11","18","62","89","5","10","0","13","153","106","152","97","247","130","128","87","199","96","68","44","129","65","23","28","66","58","27","26","4","6","11","16","87","56","28","26","13","21","16","26","1538","318","164","99","159","83","84","55","33","67","0","13","0","13","24","36","79","69","89","58","157","164","211","87","34","32","16","22","105","55","41","53","79","72","12","15","25","32","74","70","79","57","34","33","0","13","39","39",
"1400000US18097320500","Census Tract 3205; Marion County; Indiana","3216","504","1691","366","211","159","38","37","293","227","81","57","8","12","0","13","0","13","36","35","128","79","71","37","87","55","56","44","70","43","203","141","54","30","17","22","69","39","52","56","75","45","55","36","48","58","17","19","22","23","1525","214","39","42","182","69","41","50","24","26","34","41","57","41","18","28","55","40","15","21","175","123","157","132","47","34","72","45","37","30","152","77","119","95","70","46","55","36","34","32","82","43","34","30","26","22","0","13",
"1400000US18097320600","Census Tract 3206; Marion County; Indiana","2529","555","1391","365","72","64","227","245","66","45","24","33","0","13","0","13","1","2","62","54","173","68","154","96","72","54","148","83","107","59","56","39","95","60","15","23","28","30","11","17","0","13","57","38","12","18","11","18","0","13","1138","232","62","44","76","60","55","42","28","31","4","9","0","13","19","26","20","24","92","47","148","72","208","156","69","67","74","49","35","32","46","30","33","25","18","19","12","19","63","39","12","18","23","23","21","24","20","24",
"1400000US18097320700","Census Tract 3207; Marion County; Indiana","2330","275","1308","188","149","66","35","37","24","40","0","13","0","13","0","13","0","13","126","82","159","64","169","94","238","108","52","34","56","41","53","54","42","32","19","23","30","26","10","14","41","34","80","40","11","17","3","5","11","17","1022","157","45","60","75","72","23","41","0","13","0","13","0","13","10","16","76","50","152","58","64","59","185","73","67","59","28","31","40","49","37","33","57","34","31","29","38","36","14","18","40","29","10","16","0","13","30","35",
"1400000US18097320800","Census Tract 3208; Marion County; Indiana","3112","247","1477","136","70","40","75","33","112","32","90","34","11","9","7","7","0","13","32","24","20","15","44","24","81","25","66","24","90","32","168","43","76","28","33","22","66","38","55","25","103","50","58","23","75","27","45","23","100","88","1635","152","46","22","110","40","125","33","79","30","17","13","15","21","4","4","9","7","22","15","69","28","77","28","68","25","162","39","88","29","104","29","67","43","50","19","43","22","90","48","141","49","63","28","49","23","137","93",
"1400000US18097320901","Census Tract 3209.01; Marion County; Indiana","5892","724","2917","475","228","138","270","151","90","88","48","65","49","49","0","18","23","39","69","84","326","261","170","167","169","85","285","114","86","83","96","80","339","232","99","75","42","38","136","81","61","53","151","86","111","76","0","18","69","66","2975","420","19","31","297","209","165","102","76","100","0","18","12","21","0","18","53","55","48","50","109","77","243","105","269","146","66","64","153","106","432","252","75","56","179","95","195","83","101","70","135","84","104","74","74","63","170","103",
"1400000US18097320902","Census Tract 3209.02; Marion County; Indiana","4228","701","2059","480","232","217","286","138","238","126","190","117","0","13","24","39","34","40","70","74","143","72","319","158","94","69","108","93","109","65","42","48","40","39","0","13","14","20","10","17","64","47","15","24","14","22","0","13","13","22","2169","372","56","62","258","152","199","127","39","46","55","56","17","27","0","13","57","50","213","94","158","138","351","162","214","103","39","39","151","88","55","50","48","57","63","50","18","32","73","70","39","37","32","35","16","20","18","21",
"1400000US18097320903","Census Tract 3209.03; Marion County; Indiana","5788","1044","2720","680","265","188","512","409","378","283","140","93","43","52","35","29","0","18","144","180","38","44","119","105","34","46","286","139","176","163","167","129","107","71","155","112","7","10","5","11","39","58","19","28","9","15","0","18","42","61","3068","624","400","122","163","121","277","122","31","46","9","16","55","86","22","32","6","15","575","318","119","142","286","129","394","172","238","171","121","71","40","52","39","46","86","71","64","55","67","66","27","32","30","28","0","18","19","24",
"1400000US18097321001","Census Tract 3210.01; Marion County; Indiana","2571","591","1082","260","43","22","15","30","135","101","21","36","5","10","61","35","0","13","32","43","35","44","10","30","152","131","73","65","22","25","40","38","100","110","0","13","79","66","5","8","53","42","48","48","117","120","15","25","21","34","1489","405","30","54","72","106","112","55","42","48","2","6","27","45","0","13","16","24","95","54","162","139","138","106","115","75","74","75","89","70","31","35","16","23","165","158","20","30","117","86","122","116","0","13","24","38","20","31",
"1400000US18097321002","Census Tract 3210.02; Marion County; Indiana","5091","1193","2579","793","24","23","76","46","219","109","97","66","187","226","0","18","248","273","107","83","161","83","158","103","58","53","188","102","95","56","122","89","206","216","97","57","82","72","48","41","142","99","174","57","64","35","6","5","20","20","2512","472","217","199","164","98","129","80","6","11","3","5","0","18","29","40","42","48","237","129","53","42","153","83","235","84","99","71","248","273","81","50","152","75","93","67","152","93","25","28","155","51","60","33","145","103","34","26",
"1400000US18097321100","Census Tract 3211; Marion County; Indiana","3943","567","1942","251","142","120","127","50","118","65","13","13","19","21","0","13","37","38","49","35","142","70","104","61","192","62","84","48","120","60","139","62","224","154","36","26","31","26","63","42","86","53","100","35","43","23","27","25","46","33","2001","378","29","27","61","41","132","75","28","23","8","8","13","20","23","21","106","70","115","64","258","213","125","55","39","25","132","66","50","32","270","135","57","39","171","102","94","56","35","23","63","28","119","53","9","9","64","39",
"1400000US18097321200","Census Tract 3212; Marion County; Indiana","5187","907","2309","302","142","79","193","109","192","151","97","73","0","18","0","18","0","18","76","74","258","127","208","96","198","169","242","102","118","79","163","95","85","72","5","9","63","58","69","75","35","30","98","57","67","59","0","18","0","18","2878","710","528","486","227","115","109","68","68","60","27","33","0","18","0","18","110","107","311","109","211","78","212","194","144","84","212","119","166","82","51","52","34","39","108","64","57","63","49","38","124","59","79","56","12","20","39","52",
"1400000US18097321300","Census Tract 3213; Marion County; Indiana","2566","359","1413","258","175","134","10","17","29","30","0","13","0","13","0","13","4","8","126","93","248","85","202","107","119","55","167","101","47","44","26","35","120","102","61","49","29","32","29","27","0","13","15","16","5","8","0","13","1","3","1153","184","66","64","19","25","34","37","46","54","0","13","0","13","9","14","67","49","227","82","160","96","122","44","46","51","38","32","94","68","71","57","0","13","0","13","80","53","29","24","8","10","29","33","0","13","8","13",
"1400000US18097321400","Census Tract 3214; Marion County; Indiana","5383","660","2289","386","65","68","89","70","47","46","107","81","13","26","0","18","41","49","130","102","372","302","411","119","164","78","72","58","142","70","158","118","53","63","22","37","123","123","77","66","84","67","62","63","32","36","25","38","0","18","3094","511","137","103","253","283","177","74","174","84","72","55","29","54","20","33","138","112","352","159","389","164","112","76","164","82","290","101","130","71","228","201","42","44","90","74","14","22","72","58","141","84","56","55","0","18","14","24",
"1400000US18097321600","Census Tract 3216; Marion County; Indiana","5144","981","2345","518","144","154","117","85","280","261","0","18","32","57","44","81","0","18","126","149","89","88","177","112","174","94","89","75","57","54","95","119","122","74","21","33","137","103","116","118","182","232","135","98","52","46","108","99","48","53","2799","574","322","156","73","82","0","18","56","84","54","77","165","225","2","4","36","38","151","184","291","161","207","110","150","119","201","198","8","12","102","75","137","102","38","47","76","58","87","70","331","226","153","135","107","73","52","36",
"1400000US18097321700","Census Tract 3217; Marion County; Indiana","3810","517","1753","355","73","62","55","51","61","66","57","69","0","13","2","5","141","222","61","64","173","74","254","109","213","146","74","62","80","72","32","50","101","70","10","10","116","79","53","55","50","50","78","84","54","51","15","18","0","13","2057","310","65","90","40","51","41","45","0","13","62","97","0","13","4","7","96","111","423","151","205","99","172","107","90","64","123","80","82","70","106","72","96","84","6","17","45","51","63","59","147","101","25","40","22","42","144","94",
"1400000US18097321800","Census Tract 3218; Marion County; Indiana","3477","541","1530","306","109","78","164","150","71","36","33","36","0","13","0","13","0","13","61","53","64","51","105","52","131","76","207","113","161","69","71","43","69","38","11","16","32","38","26","27","22","24","110","51","64","32","9","14","10","16","1947","286","95","54","263","142","178","82","71","63","0","13","0","13","0","13","33","31","69","45","144","60","196","74","164","122","118","63","129","56","85","45","56","37","69","56","18","19","114","56","76","33","30","27","39","31","0","13",
"1400000US18097321900","Census Tract 3219; Marion County; Indiana","5597","621","2447","329","13","19","121","102","91","52","59","40","764","209","173","82","164","118","66","76","105","60","56","42","137","55","128","112","55","43","96","47","110","61","52","32","29","25","24","24","54","41","36","28","91","45","16","23","7","13","3150","550","248","153","163","135","28","28","48","39","890","123","265","128","149","83","322","344","169","84","109","70","130","111","73","41","120","55","65","46","90","38","0","18","64","37","0","18","11","15","102","56","46","35","25","30","33","22",
"1400000US18097322000","Census Tract 3220; Marion County; Indiana","3488","529","1606","270","63","42","124","65","141","82","63","52","0","13","0","13","13","19","89","85","104","65","143","85","70","42","143","93","111","78","38","30","178","152","49","50","63","69","32","29","98","101","51","34","33","28","0","13","0","13","1882","348","55","46","39","40","152","66","16","26","118","95","15","23","36","38","142","84","106","83","118","67","84","40","339","272","66","45","119","68","132","100","45","40","82","63","50","33","77","42","50","33","20","30","21","27","0","13",
"1400000US18097322100","Census Tract 3221; Marion County; Indiana","3007","532","1283","335","255","201","112","60","110","123","70","85","12","19","0","13","0","13","15","23","25","27","55","45","200","96","110","60","94","44","27","36","75","51","11","20","7","18","18","20","48","40","19","18","9","18","11","19","0","13","1724","254","177","72","305","134","74","59","17","24","0","13","0","13","45","54","23","29","134","69","227","158","151","63","121","87","139","82","55","52","97","55","61","58","0","13","9","13","32","28","6","16","2","3","12","15","37","37",
"1400000US18097322200","Census Tract 3222; Marion County; Indiana","2258","270","1174","176","169","66","80","51","46","34","42","30","13","19","0","13","0","13","26","19","87","37","112","46","129","46","73","40","82","39","46","27","50","24","45","29","43","53","37","23","25","29","13","11","29","21","19","14","8","9","1084","144","139","59","40","33","55","38","38","33","16","16","10","11","17","18","24","17","76","34","140","45","128","46","58","36","61","32","57","30","65","52","27","21","20","20","5","8","35","16","4","6","38","25","11","13","20","19",
"1400000US18097322300","Census Tract 3223; Marion County; Indiana","2406","446","1390","406","94","56","77","33","31","25","7","13","15","19","3","7","0","13","151","206","159","65","213","74","98","48","85","44","175","187","82","70","73","41","9","14","23","21","0","13","49","29","3","5","25","19","0","13","18","21","1016","179","89","50","55","46","31","25","73","70","3","7","0","13","0","13","22","23","139","51","101","42","184","58","49","36","54","29","101","78","23","19","8","13","10","16","0","13","25","24","19","19","16","19","7","11","7","14",
"1400000US18097322400","Census Tract 3224; Marion County; Indiana","2742","351","1363","232","19","20","9","13","71","61","52","47","33","49","16","25","12","20","69","56","244","110","250","86","123","63","126","123","82","71","67","53","33","44","29","27","11","17","48","34","23","25","46","41","0","13","0","13","0","13","1379","261","107","81","8","14","14","25","0","13","21","26","13","20","152","197","135","88","191","68","201","90","143","73","63","62","35","31","56","38","74","36","20","33","36","31","16","26","55","38","24","26","15","25","0","13","0","13",
"1400000US18097322500","Census Tract 3225; Marion County; Indiana","1570","293","725","162","31","43","24","29","77","72","0","13","86","101","5","8","0","13","25","26","110","55","97","70","51","31","25","23","38","37","38","43","18","20","13","29","8","14","14","18","54","36","11","20","0","13","0","13","0","13","845","197","44","53","44","47","91","76","19","22","0","13","3","11","0","13","34","27","109","64","110","66","54","37","133","79","34","43","50","54","13","16","0","13","56","35","0","13","41","38","0","13","9","15","0","13","1","3",
"1400000US18097322601","Census Tract 3226.01; Marion County; Indiana","1533","387","525","186","0","13","21","39","35","55","41","46","79","130","35","52","32","50","28","48","0","13","8","30","0","13","0","13","0","13","53","60","17","27","0","13","45","50","0","13","0","13","125","103","0","13","0","13","6","20","1008","348","0","13","35","56","50","81","56","65","29","47","0","13","0","13","35","37","40","63","176","161","27","43","27","41","98","82","73","63","76","54","87","78","85","75","0","13","5","18","60","54","12","18","0","13","37","41",
"1400000US18097322602","Census Tract 3226.02; Marion County; Indiana","1741","484","915","281","0","13","52","70","29","28","0","13","27","34","0","13","0","13","132","75","22","25","7","14","82","72","35","37","37","46","53","66","170","179","61","59","11","12","17","17","30","34","10","14","50","55","0","13","90","140","826","281","28","36","40","52","93","145","59","55","0","13","8","14","0","13","36","27","94","41","50","41","25","34","26","35","23","23","70","108","52","35","0","13","10","11","0","13","8","10","126","98","43","21","25","43","10","11",
"1400000US18097322700","Census Tract 3227; Marion County; Indiana","1961","337","813","122","0","13","42","44","13","22","33","36","11","19","30","37","33","37","1","6","29","31","42","44","78","51","29","32","48","34","61","42","127","54","22","21","7","12","48","44","0","13","53","57","44","44","16","19","46","59","1148","324","24","32","99","51","98","81","30","40","19","25","0","13","0","13","16","26","49","45","58","53","0","13","71","45","119","90","45","36","63","50","67","64","159","204","6","11","17","23","123","123","66","44","10","16","9","15",
"1400000US18097330103","Census Tract 3301.03; Marion County; Indiana","3851","575","1946","334","306","228","29","43","0","13","0","13","0","13","0","13","0","13","125","98","157","91","205","120","145","106","99","76","203","129","61","65","41","48","82","82","22","37","59","62","53","35","152","97","169","187","24","24","14","22","1905","336","76","114","49","63","35","44","19","31","0","13","29","45","13","21","67","62","303","138","125","70","199","87","98","78","32","47","108","105","190","102","36","49","78","67","18","28","52","45","264","253","64","43","43","36","7","12",
"1400000US18097330105","Census Tract 3301.05; Marion County; Indiana","4518","679","2106","353","52","56","269","117","65","61","22","34","0","13","55","87","49","78","136","143","180","121","193","123","118","57","112","94","149","129","128","94","52","48","100","67","67","73","79","69","57","60","84","62","35","35","57","63","47","54","2412","564","76","71","110","59","125","100","55","64","3","11","42","69","0","13","253","265","281","152","156","103","272","152","360","369","0","13","42","40","147","96","45","43","52","65","66","57","101","66","77","55","29","45","49","54","71","74",
"1400000US18097330106","Census Tract 3301.06; Marion County; Indiana","4643","1232","2416","900","389","361","61","72","336","334","0","13","0","13","0","13","0","13","154","134","275","198","477","294","154","152","81","84","87","93","92","94","18","29","149","96","0","13","10","20","71","75","22","35","40","37","0","13","0","13","2227","494","289","223","0","13","225","194","39","62","0","13","0","13","0","13","134","88","474","259","138","110","110","113","60","83","120","106","54","84","134","105","103","98","49","66","29","33","60","58","19","28","90","65","25","27","75","48",
"1400000US18097330107","Census Tract 3301.07; Marion County; Indiana","4671","401","2250","218","164","80","157","67","125","59","79","59","25","37","27","33","21","25","15","20","152","83","89","74","111","66","214","72","76","65","118","76","82","50","55","50","179","79","80","79","101","70","178","81","81","69","83","60","38","75","2421","286","92","65","101","52","136","63","10","18","16","28","17","29","2","6","56","48","133","57","126","64","184","74","196","84","0","13","265","236","232","89","62","53","169","79","62","61","154","96","165","81","82","68","36","41","125","95",
"1400000US18097330108","Census Tract 3301.08; Marion County; Indiana","3815","909","1981","426","123","55","228","231","82","49","54","36","41","33","0","13","0","13","27","27","226","196","153","65","185","163","32","30","79","43","117","57","43","31","24","26","147","43","82","55","50","34","130","43","53","35","83","50","22","30","1834","509","185","240","79","47","52","33","13","19","23","31","0","13","0","13","29","22","164","186","135","54","163","173","82","45","88","68","94","47","66","38","36","29","116","55","64","37","84","40","224","100","45","32","52","37","40","32",
"1400000US18097330109","Census Tract 3301.09; Marion County; Indiana","4866","936","2258","411","46","52","75","52","158","99","129","155","32","39","18","29","0","13","72","63","71","57","290","120","280","236","170","98","70","69","86","71","168","84","133","69","24","24","61","67","148","102","123","93","76","68","28","38","0","13","2608","613","351","295","171","91","56","53","97","74","67","68","0","13","0","13","0","13","156","73","425","328","193","92","32","42","102","70","168","86","141","71","8","12","142","74","140","66","98","61","170","94","47","46","44","51","0","13",
"1400000US18097330203","Census Tract 3302.03; Marion County; Indiana","4748","580","2565","439","215","81","69","57","406","323","119","92","37","43","0","13","26","42","9","16","64","63","13","22","155","71","140","82","258","164","166","88","147","80","34","34","98","64","145","67","137","82","183","81","133","69","11","11","0","13","2183","260","125","86","69","48","76","74","95","56","10","16","0","13","0","13","0","13","50","58","78","45","209","99","71","54","206","115","155","120","255","103","108","65","173","89","110","76","179","87","61","46","85","60","30","39","38","48",
"1400000US18097330204","Census Tract 3302.04; Marion County; Indiana","6281","862","3082","456","123","101","319","147","321","169","232","111","25","33","33","51","14","24","18","30","52","47","212","126","171","96","281","119","266","121","89","88","183","93","80","59","137","99","47","43","327","254","83","55","63","57","6","14","0","18","3199","491","153","104","183","126","139","107","201","125","82","58","34","38","52","53","204","169","47","47","130","89","227","107","233","122","392","136","131","78","206","95","67","56","312","362","82","69","148","93","92","78","63","52","5","14","16","24",
"1400000US18097330206","Census Tract 3302.06; Marion County; Indiana","5033","845","2294","356","266","176","84","59","106","56","66","48","35","35","23","20","27","30","159","87","137","79","88","55","174","60","138","62","249","199","126","60","182","67","51","41","146","83","25","25","123","91","32","33","29","25","19","20","9","17","2739","617","555","488","140","83","115","75","121","73","19","19","0","18","19","23","37","30","128","74","70","44","262","164","213","102","149","58","294","91","169","71","61","33","102","106","53","37","32","30","126","75","27","23","11","17","36","31",
"1400000US18097330208","Census Tract 3302.08; Marion County; Indiana","2851","365","1435","249","169","79","81","53","61","47","0","13","20","30","0","13","16","18","7","12","160","102","169","127","86","58","67","39","86","53","76","57","90","49","51","31","68","59","66","35","69","39","40","31","53","34","0","13","0","13","1416","184","110","93","141","52","60","41","24","26","10","15","0","13","5","8","15","23","153","76","133","130","122","48","23","21","21","23","86","51","122","52","59","37","80","41","23","24","95","42","48","32","61","42","12","19","13","18",
"1400000US18097330210","Census Tract 3302.10; Marion County; Indiana","6985","1122","2755","669","201","176","250","221","89","125","268","324","201","109","0","18","0","18","90","42","41","51","260","140","309","149","50","54","393","263","150","130","19","37","146","146","120","140","23","44","81","72","0","18","40","65","0","18","24","40","4230","724","177","117","392","252","511","260","318","146","120","159","175","136","0","18","125","176","139","138","552","285","217","147","596","300","261","155","172","128","119","90","9","24","70","88","81","96","90","123","65","70","0","18","18","29","23","38",
"1400000US18097330211","Census Tract 3302.11; Marion County; Indiana","5460","615","2562","416","531","309","287","204","210","158","93","97","96","91","0","18","0","18","212","151","38","54","450","248","171","115","32","51","87","95","172","106","127","111","8","13","21","36","0","18","0","18","0","18","27","40","0","18","0","18","2898","437","298","187","261","218","129","111","128","135","67","82","84","105","0","18","114","93","180","189","378","233","303","150","19","32","171","99","55","66","355","222","52","84","60","60","0","18","85","109","107","62","32","54","20","36","0","18",
"1400000US18097330212","Census Tract 3302.12; Marion County; Indiana","5464","879","2677","535","288","175","187","117","345","213","99","86","73","65","0","18","0","18","0","18","447","346","99","84","240","123","352","173","125","109","45","39","72","61","27","37","88","66","45","61","54","49","21","29","46","73","0","18","24","31","2787","510","174","107","223","155","233","186","130","71","68","90","32","49","0","18","318","255","108","87","103","74","341","117","172","102","181","69","149","94","83","53","13","37","202","118","27","29","38","52","56","69","18","28","44","45","74","50",
"1400000US18097330213","Census Tract 3302.13; Marion County; Indiana","3773","819","2099","619","100","78","158","82","195","115","43","42","22","27","0","13","217","292","5","12","330","317","116","62","64","47","104","54","144","62","0","13","129","57","49","41","63","56","17","18","107","79","52","43","58","42","33","28","93","45","1674","247","40","72","52","41","81","47","25","31","18","30","0","13","0","13","201","217","101","51","143","56","67","40","87","50","121","68","50","45","176","68","108","82","20","21","17","21","50","37","88","50","102","64","52","35","75","51",
"1400000US18097330401","Census Tract 3304.01; Marion County; Indiana","5210","643","2631","336","217","202","217","137","96","110","141","132","16","27","0","18","0","18","29","44","46","53","191","132","358","184","100","71","142","92","145","107","128","71","153","136","167","91","58","48","83","59","112","72","48","44","91","88","93","106","2579","446","266","147","47","55","66","77","42","75","39","71","15","24","0","18","59","93","134","141","434","179","97","73","138","97","151","91","164","120","203","129","65","58","128","71","62","49","149","92","98","65","56","79","134","90","32","35",
"1400000US18097330500","Census Tract 3305; Marion County; Indiana","6061","1082","2606","594","29","38","112","125","154","129","88","116","137","100","29","54","0","18","42","78","180","161","319","169","98","93","314","289","428","238","50","65","10","26","15","24","163","158","39","36","138","100","38","38","189","92","20","25","14","25","3455","754","296","160","212","263","254","210","134","137","0","18","0","18","21","34","142","215","138","111","260","180","112","89","223","159","338","265","234","178","73","72","214","167","112","96","60","62","121","79","245","130","144","88","103","79","19","29",
"1400000US18097330600","Census Tract 3306; Marion County; Indiana","5545","920","3118","756","352","222","349","196","133","110","222","209","25","41","36","58","0","18","357","237","192","158","154","146","149","117","303","189","0","18","73","71","116","147","19","28","391","495","29","33","44","51","55","69","96","72","23","37","0","18","2427","623","29","57","99","127","94","93","175","149","85","85","0","18","122","132","77","85","586","424","137","102","202","159","343","170","27","43","37","43","79","64","86","61","42","49","20","32","74","92","0","18","25","40","87","76","1","3",
"1400000US18097330701","Census Tract 3307.01; Marion County; Indiana","2668","832","1220","422","9","15","83","75","157","185","0","13","13","21","0","13","32","50","53","57","59","64","350","347","44","43","0","13","85","70","49","62","56","42","22","25","0","13","15","25","108","94","47","45","0","13","38","63","0","13","1448","483","10","17","26","41","225","194","79","75","38","58","0","13","0","13","0","13","98","74","31","37","359","344","16","26","104","108","96","75","70","71","23","36","36","42","26","38","20","23","90","90","65","61","9","15","27","40",
"1400000US18097330702","Census Tract 3307.02; Marion County; Indiana","4175","807","1960","691","371","393","108","99","139","116","91","152","0","13","17","27","28","49","137","98","73","62","136","99","32","37","286","141","131","79","85","85","87","51","0","13","70","76","14","22","12","18","92","98","20","22","31","35","0","13","2215","342","309","197","303","199","168","130","123","119","55","53","0","13","0","13","63","62","122","70","71","70","95","95","137","95","85","75","112","75","128","108","20","32","31","30","0","13","116","71","54","44","138","128","31","38","54","58",
"1400000US18097330803","Census Tract 3308.03; Marion County; Indiana","4218","990","1677","468","167","152","8","26","335","198","34","61","31","39","0","13","36","66","292","249","147","140","196","172","103","127","25","38","34","37","47","78","70","65","63","96","0","13","0","13","21","33","0","13","39","37","8","13","21","32","2541","615","140","146","230","203","260","192","83","67","27","48","93","144","78","85","76","102","509","350","155","138","185","156","155","101","35","39","255","157","64","97","0","13","22","36","31","38","33","33","88","68","0","13","22","34","0","13",
"1400000US18097330804","Census Tract 3308.04; Marion County; Indiana","3501","733","1680","714","0","13","81","89","64","61","91","107","8","15","127","142","58","64","27","30","192","174","236","279","237","125","28","45","252","231","46","68","0","13","43","54","0","13","109","168","56","77","9","14","10","16","0","13","6","11","1821","454","172","162","162","167","111","128","96","104","46","78","0","13","0","13","45","74","76","84","320","156","159","139","121","115","115","96","181","124","40","51","77","62","40","43","15","23","8","11","7","11","22","27","0","13","8","12",
"1400000US18097330805","Census Tract 3308.05; Marion County; Indiana","2338","413","1038","236","166","108","0","13","0","13","53","41","68","62","0","13","21","34","43","49","82","93","36","53","15","24","89","79","40","36","34","55","76","75","76","87","101","74","29","36","11","18","35","29","36","47","13","20","14","22","1300","318","184","134","54","56","41","37","30","31","28","32","0","13","78","94","87","95","91","92","51","72","84","88","16","24","28","31","92","81","102","70","29","48","73","84","39","49","56","67","80","51","25","25","0","13","32","36",
"1400000US18097330806","Census Tract 3308.06; Marion County; Indiana","5102","1256","2403","694","360","306","471","309","409","322","67","52","77","93","0","18","0","18","72","86","19","28","127","139","205","134","179","100","13","30","127","108","61","63","31","47","64","71","0","18","75","73","22","39","24","38","0","18","0","18","2699","648","101","88","133","128","369","361","193","179","60","69","30","50","269","238","109","122","199","201","192","119","254","165","166","121","100","68","66","60","56","60","174","172","21","33","51","53","68","49","34","37","32","39","0","18","22","31",
"1400000US18097330900","Census Tract 3309; Marion County; Indiana","6348","1028","2558","537","406","212","560","243","207","143","35","58","64","86","30","51","31","54","56","68","180","109","236","184","41","47","46","71","248","264","147","99","100","116","10","17","11","22","59","54","25","44","0","18","38","37","19","40","9","16","3790","729","204","231","309","182","185","209","163","126","32","54","103","159","68","92","216","178","52","64","473","386","241","136","272","166","596","365","159","121","90","80","31","49","184","139","39","49","88","84","81","78","139","78","0","18","65","75",
"1400000US18097331000","Census Tract 3310; Marion County; Indiana","4953","1110","2001","477","328","210","263","213","151","173","234","136","58","50","35","51","45","53","92","85","61","71","115","65","96","102","0","13","94","77","69","64","55","44","78","58","24","28","25","24","14","18","77","61","27","32","36","34","24","27","2952","724","222","115","403","372","299","230","108","88","68","71","23","35","0","13","2","4","269","149","238","209","104","94","201","123","228","102","165","162","102","66","27","33","25","32","64","59","104","45","63","64","65","42","68","43","104","51",
"1400000US18097340101","Census Tract 3401.01; Marion County; Indiana","4944","826","2432","452","230","130","220","160","211","100","64","45","45","36","0","13","21","23","96","84","110","65","196","107","127","73","135","86","99","69","73","63","134","66","59","74","93","56","18","19","108","84","51","31","210","198","118","130","14","16","2512","540","194","153","92","81","137","133","155","135","131","76","28","45","9","14","32","34","135","70","109","58","144","54","169","132","109","64","96","50","231","131","38","36","104","63","99","63","134","110","230","188","58","36","34","25","44","41",
"1400000US18097340102","Census Tract 3401.02; Marion County; Indiana","4134","550","2021","360","209","213","42","60","281","139","143","157","104","89","0","13","26","44","71","85","73","57","140","164","110","86","162","126","96","103","56","84","115","92","56","64","105","91","37","43","27","32","83","92","36","45","32","34","17","25","2113","348","103","106","36","45","128","113","45","44","79","60","0","13","0","13","181","160","228","120","93","83","102","71","81","83","45","43","141","153","137","86","87","101","32","25","78","70","173","127","125","78","52","52","52","50","115","78",
"1400000US18097340108","Census Tract 3401.08; Marion County; Indiana","3620","609","1678","383","188","150","15","25","282","206","81","88","20","28","0","13","8","20","33","58","200","192","103","100","49","47","172","119","150","112","115","90","81","101","82","67","52","52","0","13","9","15","38","46","0","13","0","13","0","13","1942","424","17","42","457","183","105","99","5","20","34","45","92","105","96","143","159","161","123","152","40","55","247","107","105","86","184","134","78","103","50","41","18","28","13","27","0","13","45","43","21","30","11","24","11","26","31","31",
"1400000US18097340111","Census Tract 3401.11; Marion County; Indiana","3752","340","1920","296","84","90","150","110","150","122","168","76","197","127","0","13","32","43","121","102","154","100","163","85","90","59","143","103","162","90","55","43","95","45","30","37","12","20","41","35","19","23","39","35","0","13","0","13","15","28","1832","239","27","32","34","50","104","66","165","74","39","48","0","13","2","3","84","60","216","94","229","83","142","78","169","80","177","66","52","48","130","59","49","49","0","13","105","81","38","31","23","28","28","31","19","22","0","13",
"1400000US18097340112","Census Tract 3401.12; Marion County; Indiana","4806","691","2180","426","80","66","342","215","103","99","77","64","0","13","0","13","42","46","64","74","295","196","285","246","101","117","254","193","35","46","34","43","8","9","41","47","25","28","31","38","114","104","94","88","59","49","49","51","47","53","2626","461","420","237","83","85","64","73","29","45","46","51","28","42","2","4","43","53","440","260","286","204","172","111","84","58","27","35","137","128","112","71","30","35","74","88","76","84","93","66","158","78","45","50","52","56","125","73",
"1400000US18097340113","Census Tract 3401.13; Marion County; Indiana","4087","588","1966","452","36","36","253","219","237","139","40","42","82","78","25","39","41","63","33","33","67","68","176","113","95","66","225","207","123","119","27","21","96","47","38","31","47","37","39","38","57","42","87","57","75","55","40","42","27","23","2121","326","168","103","177","148","155","125","77","53","19","28","27","29","0","13","67","42","65","38","66","47","174","80","210","124","38","37","130","71","84","54","36","32","36","31","47","40","28","28","47","38","123","73","72","60","275","226",
"1400000US18097340114","Census Tract 3401.14; Marion County; Indiana","4105","417","2024","253","198","125","54","32","254","146","19","19","23","20","9","16","0","13","66","40","149","74","209","110","119","64","184","83","103","51","130","60","117","62","47","34","90","57","82","41","12","11","46","28","86","74","19","16","8","12","2081","238","152","119","140","84","105","84","31","31","0","13","12","13","0","13","38","25","221","103","127","68","124","72","189","72","115","55","130","61","142","62","74","53","78","52","38","27","71","32","155","153","69","32","44","23","26","21",
"1400000US18097340115","Census Tract 3401.15; Marion County; Indiana","5571","1078","2437","671","124","131","106","80","208","245","74","65","122","133","22","35","22","45","230","236","363","170","255","148","163","101","175","184","60","56","223","214","55","51","9","14","19","31","61","49","83","60","40","43","23","30","0","18","0","18","3134","609","162","226","88","101","136","187","160","146","6","11","180","180","29","35","155","103","317","195","172","146","77","68","155","172","268","229","296","199","304","125","82","99","68","58","188","193","150","140","71","50","40","49","0","18","30","36",
"1400000US18097340201","Census Tract 3402.01; Marion County; Indiana","3568","625","1657","425","280","200","125","98","63","60","14","22","43","50","0","13","16","29","8","18","47","51","160","119","190","109","211","138","106","64","95","80","13","19","14","22","29","48","5","11","155","181","43","43","19","25","0","13","21","24","1911","361","157","155","286","181","108","84","95","59","80","73","25","38","41","30","180","108","113","54","177","112","95","64","74","95","64","80","60","62","43","38","57","55","100","73","24","24","30","36","53","34","31","28","7","12","11","18",
"1400000US18097340202","Census Tract 3402.02; Marion County; Indiana","4980","598","2484","498","435","349","237","105","137","97","76","67","38","45","0","13","0","13","102","73","258","141","107","77","102","106","269","110","72","64","202","170","97","72","47","50","93","82","6","11","25","27","40","44","49","34","24","26","68","49","2496","283","142","123","250","143","203","104","124","86","71","72","0","13","51","86","67","66","186","133","293","159","282","140","114","88","125","93","83","72","57","48","76","57","65","48","20","23","25","29","112","95","34","31","53","36","63","45",
"1400000US18097340301","Census Tract 3403.01; Marion County; Indiana","3477","1010","1216","406","59","52","121","163","163","81","90","52","0","13","0","13","34","42","106","90","59","63","35","47","148","113","257","330","87","74","26","41","0","13","0","13","31","47","0","13","0","13","0","13","0","13","0","13","0","13","2261","947","403","352","449","277","113","91","62","69","0","13","0","13","0","13","115","103","303","324","258","120","15","42","199","159","41","68","167","60","62","60","0","13","0","13","0","13","40","53","18","27","0","13","9","18","7","21",
"1400000US18097340302","Census Tract 3403.02; Marion County; Indiana","5259","907","2436","481","128","133","36","69","302","173","162","160","75","69","0","18","135","159","125","142","128","124","131","126","189","131","65","84","210","124","149","173","218","180","115","157","192","255","11","18","5","11","18","27","0","18","42","49","0","18","2823","658","0","18","330","313","305","246","171","136","119","114","0","18","0","18","161","150","212","239","154","129","318","197","208","108","137","157","160","107","155","89","155","220","12","18","29","31","22","36","17","26","91","73","41","32","26","36",
"1400000US18097340400","Census Tract 3404; Marion County; Indiana","4491","764","2478","626","132","110","183","114","213","132","115","95","76","72","186","245","86","60","82","75","283","152","114","80","269","135","172","170","98","97","189","139","159","163","0","13","18","22","20","31","0","13","35","28","21","44","9","15","18","26","2013","455","271","122","272","161","45","58","37","44","31","46","0","13","18","29","137","139","208","146","243","156","68","65","89","61","64","57","245","106","24","36","30","42","20","21","16","27","26","42","22","26","76","83","29","31","42","48",
"1400000US18097340500","Census Tract 3405; Marion County; Indiana","5440","643","2068","363","202","156","129","101","54","52","76","82","226","94","79","66","68","72","74","54","181","134","72","68","301","239","169","121","80","70","136","61","0","18","14","21","16","25","9","16","36","48","111","99","6","19","0","18","29","48","3372","563","314","212","105","91","165","113","127","97","319","78","65","41","122","113","187","126","392","215","147","94","143","85","150","98","157","116","152","92","369","335","16","25","116","91","0","18","114","134","37","45","25","44","33","33","117","131",
"1400000US18097340600","Census Tract 3406; Marion County; Indiana","5304","936","2625","521","78","113","372","147","312","269","87","119","58","63","9","15","0","18","29","53","462","284","106","112","151","134","278","188","125","107","17","26","171","220","42","65","128","143","113","104","24","40","26","29","19","24","7","11","11","27","2679","509","184","199","0","18","359","162","160","156","42","77","0","18","130","191","10","17","214","160","141","147","161","128","260","206","135","138","66","100","113","110","20","30","164","164","6","16","136","104","122","89","185","125","55","61","16","24",
"1400000US18097340700","Census Tract 3407; Marion County; Indiana","4258","851","2055","464","98","91","87","97","283","225","116","87","36","44","55","80","0","13","77","79","31","40","417","275","141","99","43","70","104","97","160","87","136","89","174","160","23","32","0","13","17","24","14","22","12","18","0","13","31","38","2203","491","166","133","111","101","246","184","252","154","0","13","18","32","0","13","79","90","189","107","105","105","115","84","67","61","148","112","149","91","155","92","44","41","69","67","34","37","24","36","175","160","0","13","57","62","0","13",
"1400000US18097340800","Census Tract 3408; Marion County; Indiana","1657","247","875","160","19","22","66","49","16","12","36","38","18","17","0","13","12","14","74","73","107","53","51","27","21","20","72","43","24","20","46","29","76","32","34","22","61","42","8","13","29","24","52","26","16","17","26","22","11","16","782","142","5","9","51","29","28","33","39","29","17","17","10","16","14","14","50","42","47","33","31","22","29","21","55","26","31","21","82","66","43","27","46","36","38","22","19","20","24","22","64","35","17","18","30","33","12","17",
"1400000US18097340901","Census Tract 3409.01; Marion County; Indiana","3813","609","2009","414","82","76","175","100","194","144","178","188","168","72","29","43","21","35","11","15","83","57","51","45","138","70","161","108","110","72","207","69","164","88","50","47","0","13","33","27","68","43","51","34","12","19","23","21","0","13","1804","249","55","59","152","116","166","108","144","87","29","34","0","13","28","44","32","32","83","70","73","44","131","90","237","109","108","68","137","58","167","89","33","35","51","32","10","14","43","34","99","51","0","13","18","20","8","12",
"1400000US18097340903","Census Tract 3409.03; Marion County; Indiana","1825","242","895","193","72","47","48","55","31","36","0","13","12","20","12","15","96","87","88","71","113","80","137","128","89","57","83","79","24","20","5","10","41","30","10","15","0","13","0","13","22","23","12","13","0","13","0","13","0","13","930","210","0","13","44","47","0","13","0","13","19","30","0","13","0","13","106","61","103","93","125","101","89","52","0","13","46","32","87","90","95","77","63","49","8","13","12","11","0","13","6","12","107","133","16","17","4","8",
"1400000US18097340904","Census Tract 3409.04; Marion County; Indiana","4898","757","2286","433","328","199","83","93","123","104","63","62","18","30","0","13","39","48","43","65","219","151","110","79","285","162","191","159","121","94","98","82","57","50","69","80","75","68","57","58","26","43","220","251","61","57","0","13","0","13","2612","461","268","196","188","166","215","179","61","70","12","23","0","13","0","13","111","114","224","133","286","194","199","147","66","59","154","110","98","94","231","140","38","50","97","93","21","32","22","35","151","71","103","86","29","46","38","64",
"1400000US18097341000","Census Tract 3410; Marion County; Indiana","1643","251","845","168","60","50","61","41","16","17","2","4","8","13","0","13","0","13","12","14","81","43","43","25","82","52","89","63","73","38","117","42","61","37","0","13","28","21","22","17","22","21","36","30","26","21","6","8","0","13","798","146","50","31","67","38","39","29","0","13","11","16","5","7","5","9","0","13","35","29","68","45","98","44","46","23","12","13","67","39","94","36","13","12","18","17","25","19","30","27","49","22","8","12","45","28","13","14",
"1400000US18097341100","Census Tract 3411; Marion County; Indiana","2397","409","1362","302","94","101","67","70","120","65","112","62","49","54","0","13","51","47","40","40","36","52","95","85","81","37","73","79","99","69","60","55","49","32","53","51","60","40","32","21","7","12","167","179","9","13","8","13","0","13","1035","226","79","80","79","60","97","69","65","56","0","13","23","21","24","28","52","73","19","19","93","64","96","52","94","62","131","75","9","13","37","29","8","12","26","22","7","11","26","24","22","20","33","25","8","13","7","12",
"1400000US18097341200","Census Tract 3412; Marion County; Indiana","2391","583","1283","390","42","60","43","43","29","36","150","182","131","100","0","13","0","13","95","77","236","137","6","10","56","46","119","139","38","35","5","9","82","62","22","34","69","81","29","34","93","76","14","22","0","13","24","25","0","13","1108","291","45","59","105","114","49","53","22","26","51","56","0","13","0","13","85","67","8","12","37","43","76","78","106","116","58","51","144","107","70","58","41","40","48","41","15","17","60","51","77","50","0","13","0","13","11","15",
"1400000US18097341600","Census Tract 3416; Marion County; Indiana","2114","423","925","225","80","97","65","63","50","46","73","50","34","44","10","14","26","33","75","84","80","83","52","52","20","23","34","35","56","44","90","70","59","41","17","21","29","29","21","26","12","12","14","17","8","12","0","13","20","31","1189","281","83","92","56","42","98","63","27","26","22","27","42","70","26","34","65","87","95","72","46","42","30","31","33","31","119","59","90","65","9","13","30","27","79","41","38","25","62","68","33","30","0","13","11","16","95","137",
"1400000US18097341701","Census Tract 3417.01; Marion County; Indiana","2806","426","1476","317","159","133","150","123","122","99","95","99","31","43","30","39","0","13","13","25","55","60","122","79","124","99","109","81","110","81","74","57","47","50","109","108","55","66","16","24","0","13","42","36","13","21","0","13","0","13","1330","226","81","95","169","72","88","95","57","77","21","42","0","13","5","10","143","109","99","95","160","113","110","101","106","87","63","52","22","34","69","47","37","34","0","13","17","30","12","19","30","29","10","14","31","24","0","13",
"1400000US18097341702","Census Tract 3417.02; Marion County; Indiana","2323","792","998","393","76","49","21","27","99","145","67","48","6","11","0","13","3","11","27","29","29","30","94","136","237","159","85","86","37","49","67","57","5","10","29","27","20","25","10","13","69","67","8","12","1","10","0","13","8","14","1325","597","15","22","98","74","414","408","110","42","59","38","0","13","0","13","25","19","33","34","145","187","94","30","67","42","7","11","97","42","18","24","0","13","6","12","46","56","3","7","31","26","57","41","0","13","0","13",
"1400000US18097341902","Census Tract 3419.02; Marion County; Indiana","4020","713","1769","319","76","66","225","149","11","22","44","43","78","74","0","13","19","23","13","22","64","53","155","114","150","114","100","52","104","94","63","66","91","55","49","53","129","63","22","24","104","76","56","42","113","89","0","13","103","98","2251","519","233","132","131","131","295","196","136","114","23","30","0","13","30","38","43","47","151","79","106","84","187","157","184","127","119","80","48","47","109","55","50","38","58","67","77","47","35","41","63","46","35","34","99","57","39","36",
"1400000US18097341903","Census Tract 3419.03; Marion County; Indiana","6650","1248","3417","860","444","388","381","307","359","316","46","77","0","18","0","18","0","18","0","18","452","330","445","304","283","234","376","343","152","145","71","79","87","67","32","47","65","80","45","79","26","35","125","121","12","23","3","15","13","24","3233","790","364","288","134","194","146","122","352","245","0","18","85","108","33","56","155","231","598","427","80","91","397","242","187","174","236","178","111","148","47","68","146","144","22","57","0","18","97","140","0","18","19","31","15","27","9","22",
"1400000US18097341904","Census Tract 3419.04; Marion County; Indiana","2273","393","1053","212","58","75","12","19","49","36","60","43","23","26","17","26","0","13","115","68","124","129","156","95","45","28","49","33","65","42","66","55","59","48","19","17","72","64","18","24","23","20","10","14","0","13","13","16","0","13","1220","254","164","114","57","43","40","38","74","44","42","33","0","13","41","45","40","32","139","91","98","75","122","72","87","42","55","46","118","60","25","20","6","11","48","39","11","13","20","20","33","25","0","13","0","13","0","13",
"1400000US18097342000","Census Tract 3420; Marion County; Indiana","5887","1200","3118","425","115","129","268","205","309","185","82","62","98","115","252","209","0","18","205","137","90","75","68","68","317","151","215","169","242","222","113","103","230","136","96","95","41","50","149","118","60","59","96","91","34","42","38","54","0","18","2769","895","19","39","401","298","479","422","124","116","13","28","11","19","0","18","11","24","106","137","94","74","159","135","293","191","161","156","221","140","164","122","58","71","191","102","75","96","6","23","66","54","19","28","92","61","6","12",
"1400000US18097342101","Census Tract 3421.01; Marion County; Indiana","5417","694","2500","373","245","180","139","81","225","96","67","60","89","73","17","26","10","16","71","54","187","90","247","132","25","28","188","77","178","113","310","279","88","59","85","54","98","73","28","30","123","133","25","24","39","29","8","13","8","13","2917","406","225","173","120","78","269","160","290","159","76","75","0","18","23","37","35","52","313","146","109","75","200","91","215","85","171","112","307","207","125","84","95","73","53","52","138","74","57","39","53","36","17","20","20","20","6","9",
"1400000US18097342200","Census Tract 3422; Marion County; Indiana","4877","941","2389","592","316","204","281","245","93","105","75","99","0","13","0","13","28","48","112","146","169","132","96","96","162","107","271","204","216","180","190","254","62","52","0","13","0","13","85","100","0","13","35","41","75","116","104","112","19","37","2488","476","202","277","256","216","325","273","0","13","15","25","31","60","94","89","105","100","302","264","152","125","135","106","77","89","120","102","116","143","125","101","35","41","2","4","89","96","17","29","158","198","80","109","24","35","28","37",
"1400000US18097342300","Census Tract 3423; Marion County; Indiana","6349","831","3503","640","220","188","479","265","97","84","457","349","64","72","25","41","36","56","53","64","230","170","134","116","296","206","163","95","91","64","177","128","260","139","52","63","203","139","115","104","165","66","14","23","147","161","25","41","0","18","2846","497","44","73","277","178","213","130","148","125","83","95","75","74","53","66","81","96","143","112","401","198","410","257","143","136","134","124","70","76","242","143","67","100","90","82","26","33","69","55","21","34","21","33","0","18","35","40",
"1400000US18097342400","Census Tract 3424; Marion County; Indiana","1578","389","743","166","113","90","11","16","78","51","33","47","15","21","0","13","0","13","11","14","45","31","49","37","35","28","59","59","42","26","42","41","37","32","11","17","64","52","7","11","40","34","21","21","20","23","0","13","10","17","835","263","0","13","106","89","82","66","33","47","58","64","0","13","17","25","23","19","124","115","19","22","62","42","59","48","8","13","11","16","28","30","70","70","40","38","9","13","52","34","15","17","11","17","0","13","8","13",
"1400000US18097342500","Census Tract 3425; Marion County; Indiana","5626","857","2804","643","322","302","405","248","183","120","185","185","0","18","72","79","0","18","88","87","144","101","153","94","189","111","151","133","113","117","182","99","134","60","67","53","51","50","107","83","99","59","56","37","71","39","8","14","24","27","2822","344","128","107","198","179","275","181","309","194","237","180","19","33","7","13","38","36","204","126","224","134","306","149","105","73","183","138","70","47","154","67","21","24","60","45","54","40","113","85","84","71","16","19","17","22","0","18",
"1400000US18097342600","Census Tract 3426; Marion County; Indiana","3485","777","1752","509","25","43","112","90","112","83","151","102","39","43","26","33","14","23","99","101","167","112","202","131","64","74","144","88","109","77","116","85","200","100","0","13","28","26","69","95","13","20","0","13","32","36","30","39","0","13","1733","355","62","57","30","43","297","188","20","31","0","13","46","52","89","96","94","79","65","55","164","100","82","61","98","50","120","86","113","67","222","222","55","76","36","47","69","48","7","15","39","34","13","21","12","18","0","13",
"1400000US18097350100","Census Tract 3501; Marion County; Indiana","1501","403","652","270","0","13","135","162","55","55","11","24","34","37","12","23","12","23","78","73","106","100","4","6","0","13","38","41","10","18","57","49","24","23","14","20","5","9","0","13","19","20","16","17","0","13","0","13","22","26","849","222","43","59","41","56","140","127","61","45","18","27","0","13","0","13","65","75","23","35","66","49","77","84","7","11","54","45","68","45","28","28","0","13","54","37","12","17","16","18","67","41","9","15","0","13","0","13",
"1400000US18097350300","Census Tract 3503; Marion County; Indiana","2681","428","1274","246","75","83","0","13","54","55","28","39","47","61","0","13","0","13","63","71","191","137","136","70","143","109","106","82","149","117","19","30","30","36","94","122","51","45","0","13","75","52","2","4","0","13","0","13","11","17","1407","365","178","154","148","70","61","63","35","45","11","19","0","13","0","13","36","57","158","123","183","88","67","70","22","36","47","48","151","148","89","63","23","38","0","13","30","33","92","136","54","59","15","24","7","13","0","13",
"1400000US18097350400","Census Tract 3504; Marion County; Indiana","2753","601","1625","381","203","135","208","140","36","55","62","69","0","13","0","13","8","15","52","59","227","144","96","67","176","90","129","74","112","87","33","35","58","45","19","29","35","37","30","28","9","13","82","46","0","13","21","40","29","29","1128","287","64","72","54","55","174","146","39","51","8","15","0","13","0","13","73","63","55","50","77","69","97","64","51","47","32","44","32","33","112","88","51","47","17","20","31","35","17","22","56","62","10","18","14","16","64","65",
"1400000US18097350500","Census Tract 3505; Marion County; Indiana","2650","439","793","183","0","13","0","13","0","13","42","72","16","33","0","13","0","13","11","18","124","104","125","138","25","43","59","78","8","16","48","48","10","27","0","13","112","52","86","92","0","13","37","51","44","38","28","43","18","33","1857","362","99","112","277","82","455","164","7","14","0","13","0","13","0","13","167","126","49","54","291","125","0","13","0","13","34","60","115","86","17","25","15","24","68","64","80","96","0","13","42","61","30","35","86","59","25","34",
"1400000US18097350600","Census Tract 3506; Marion County; Indiana","4903","1175","2215","551","148","131","289","335","50","64","122","109","30","44","19","37","0","13","72","83","150","172","41","45","98","71","184","126","62","60","193","117","57","56","86","87","300","192","19","31","28","40","133","90","52","45","16","25","66","44","2688","735","0","13","142","143","466","398","85","93","25","38","0","13","161","121","47","64","70","72","184","186","55","68","79","75","168","129","150","96","50","53","0","13","193","109","12","22","47","36","105","65","159","99","307","207","183","192",
"1400000US18097350700","Census Tract 3507; Marion County; Indiana","1781","400","892","257","39","59","87","96","62","53","88","98","0","13","44","67","0","13","16","24","86","79","61","73","43","46","14","22","21","24","30","35","0","13","47","43","57","53","0","13","19","32","0","13","132","185","46","42","0","13","889","271","153","116","37","55","90","85","4","7","0","13","0","13","0","13","43","46","31","43","136","102","76","86","0","13","22","27","0","13","30","33","78","65","10","16","27","24","38","33","21","33","13","14","30","32","50","37",
"1400000US18097350800","Census Tract 3508; Marion County; Indiana","2517","473","1343","275","156","97","150","74","319","144","64","60","38","37","0","13","0","13","0","13","151","85","95","70","36","34","86","51","31","30","37","39","41","54","0","13","35","48","18","19","25","22","28","24","0","13","25","29","8","12","1174","238","104","90","54","54","175","93","0","13","19","23","0","13","33","48","38","38","91","43","178","103","97","57","81","66","7","10","33","32","43","30","39","47","38","28","25","27","26","23","9","15","19","23","45","41","20","23",
"1400000US18097350900","Census Tract 3509; Marion County; Indiana","1925","281","1007","198","24","23","118","48","64","50","20","23","12","19","21","34","84","104","15","15","128","88","192","116","74","38","75","47","4","11","6","11","69","39","0","13","59","49","11","18","4","6","22","20","0","13","0","13","5","9","918","198","66","59","113","85","71","38","21","25","0","13","0","13","11","17","39","39","136","55","63","42","168","104","60","39","30","24","21","20","32","26","4","8","23","20","27","32","7","9","15","15","4","8","7","10","0","13",
"1400000US18097351000","Census Tract 3510; Marion County; Indiana","2206","347","1104","217","135","133","45","47","163","122","99","70","0","13","0","13","0","13","28","38","79","71","52","50","78","61","140","100","102","78","20","34","24","29","0","13","43","40","35","46","23","28","18","19","11","16","0","13","9","15","1102","281","30","45","73","60","74","45","23","26","0","13","0","13","0","13","55","65","64","58","35","32","101","82","60","47","131","66","16","28","102","81","0","13","229","268","9","14","21","27","47","38","29","34","3","5","0","13",
"1400000US18097351200","Census Tract 3512; Marion County; Indiana","2453","507","1277","417","106","79","108","194","105","57","0","13","4","6","4","9","0","13","1","6","1","6","95","62","23","26","0","13","88","83","0","13","356","268","5","24","23","35","35","55","253","208","39","53","0","13","31","42","0","13","1176","289","5","23","194","148","30","44","0","13","50","67","0","13","2","5","0","13","82","63","72","85","17","22","113","117","143","160","20","31","96","80","112","110","0","13","100","97","24","34","42","44","31","42","17","30","26","30",
"1400000US18097351500","Census Tract 3515; Marion County; Indiana","1980","332","988","250","45","50","55","44","46","31","0","13","19","20","4","9","0","13","80","56","130","75","212","189","155","66","39","29","77","46","53","36","19","20","0","13","7","13","9","14","8","12","16","12","8","12","6","10","0","13","992","198","58","46","33","32","112","81","70","33","7","13","0","13","0","13","21","23","164","83","107","49","105","59","25","29","39","50","54","34","61","32","14","17","31","33","15","18","50","25","0","13","7","10","1","2","18","3",
"1400000US18097351600","Census Tract 3516; Marion County; Indiana","2463","439","1182","217","62","34","87","106","51","64","31","34","0","13","0","13","31","46","87","77","89","63","210","100","37","36","73","38","134","46","47","39","65","67","25","42","20","22","33","36","30","49","5","9","65","96","0","13","0","13","1281","315","13","21","99","31","83","41","112","95","37","57","51","72","90","127","25","27","84","59","149","61","82","59","75","57","82","47","83","52","74","91","13","23","55","44","10","18","30","26","17","26","17","21","0","13","0","13",
"1400000US18097351700","Census Tract 3517; Marion County; Indiana","3071","376","1539","309","124","86","64","56","145","83","3","6","0","13","0","13","59","62","59","86","164","102","279","210","195","85","68","65","42","35","67","57","113","61","18","24","14","22","0","13","81","58","13","20","18","25","13","21","0","13","1532","240","90","58","189","89","110","49","18","25","55","87","21","38","10","18","63","66","160","77","212","96","185","94","29","37","69","59","58","54","0","13","52","53","29","39","75","73","57","36","10","16","0","13","0","13","40","47",
"1400000US18097351900","Census Tract 3519; Marion County; Indiana","2050","393","729","186","41","52","20","32","60","58","67","52","0","13","17","23","0","13","0","13","125","86","78","55","31","39","0","13","26","34","30","33","28","33","21","30","0","13","19","19","23","27","8","15","16","17","33","39","86","68","1321","320","140","137","23","35","49","49","28","37","0","13","8","12","0","13","97","91","81","51","35","31","54","55","21","31","88","67","136","65","45","40","82","65","10","14","8","20","26","28","114","95","75","45","75","35","126","101",
"1400000US18097352100","Census Tract 3521; Marion County; Indiana","2107","515","1049","250","100","91","86","77","45","55","46","39","60","49","33","44","4","12","61","53","83","141","87","106","25","25","39","27","130","49","17","29","41","55","51","47","51","67","2","4","37","33","25","34","0","13","5","14","21","34","1058","317","64","46","73","42","243","178","40","45","21","36","19","32","9","14","41","39","30","41","49","52","125","91","142","141","18","31","11","23","66","59","21","25","12","19","0","13","6","11","38","37","25","37","5","12","0","13",
"1400000US18097352300","Census Tract 3523; Marion County; Indiana","1818","504","832","251","20","30","60","55","48","56","58","67","0","13","58","87","0","13","68","80","13","20","11","16","83","79","50","73","30","29","102","99","65","59","30","51","0","13","25","23","57","50","42","31","0","13","0","13","12","18","986","349","56","87","68","82","38","56","59","67","136","114","0","13","0","13","18","26","60","74","0","13","171","112","48","47","14","22","0","13","37","43","20","24","28","46","24","26","128","130","22","24","48","51","0","13","11","17",
"1400000US18097352400","Census Tract 3524; Marion County; Indiana","3116","725","1419","291","180","121","44","49","204","146","0","13","0","13","0","13","23","36","47","56","116","119","203","103","143","95","58","51","29","45","39","44","161","114","39","42","35","35","0","13","18","28","55","50","0","13","25","30","0","13","1697","529","269","213","120","115","163","150","0","13","0","13","0","13","0","13","43","58","184","119","220","175","41","45","80","72","107","114","53","59","50","47","18","29","72","66","17","26","49","41","60","55","80","89","36","39","35","38",
"1400000US18097352500","Census Tract 3525; Marion County; Indiana","3244","448","1920","377","249","111","128","74","29","55","39","38","49","67","7","15","0","13","15","24","182","68","144","49","220","99","261","266","49","46","177","96","146","91","17","29","56","46","25","28","22","23","36","29","32","33","14","17","23","28","1324","189","31","30","9","24","15","22","0","13","0","13","0","13","33","51","40","45","150","88","244","75","68","43","48","42","107","68","169","112","72","67","7","12","85","50","88","91","41","32","40","26","37","34","20","25","20","22",
"1400000US18097352600","Census Tract 3526; Marion County; Indiana","4256","1005","2052","538","76","100","186","123","261","207","32","54","37","57","0","13","15","24","216","155","286","154","174","105","181","99","130","85","160","106","52","53","35","41","37","41","79","45","0","13","83","127","12","23","0","13","0","13","0","13","2204","662","0","13","294","187","193","130","133","151","19","28","0","13","18","28","122","90","348","221","214","125","125","93","56","59","53","67","101","70","39","39","109","95","114","72","34","33","5","13","36","39","137","122","26","33","28","35",
"1400000US18097352700","Census Tract 3527; Marion County; Indiana","3051","758","1618","563","73","105","52","55","370","332","17","27","0","13","0","13","12","20","30","42","79","50","203","91","327","196","64","67","147","57","21","30","2","4","0","13","52","54","42","52","71","54","56","47","0","13","0","13","0","13","1433","308","142","90","114","103","72","116","63","56","0","13","0","13","3","7","52","41","151","66","173","79","178","90","49","52","112","67","4","6","10","16","47","46","0","13","58","57","2","3","21","22","22","27","144","159","16","23",
"1400000US18097352800","Census Tract 3528; Marion County; Indiana","1812","406","913","187","147","96","67","64","69","55","31","37","0","13","0","13","0","13","56","54","137","103","98","70","70","42","13","29","15","19","49","45","27","34","45","46","16","20","0","13","24","25","49","37","0","13","0","13","0","13","899","241","12","17","51","47","88","76","20","30","34","39","28","39","6","8","101","87","112","79","91","86","96","60","57","46","8","13","61","53","17","22","9","17","49","32","7","12","18","21","7","12","12","18","0","13","15","21",
"1400000US18097353300","Census Tract 3533; Marion County; Indiana","2491","336","1341","228","11","21","30","30","13","23","4","11","37","32","38","44","45","70","123","86","317","114","105","89","38","36","135","87","36","31","84","41","66","43","66","75","24","27","49","55","28","29","84","77","0","13","0","13","8","31","1150","196","40","31","0","13","84","72","62","21","36","41","9","13","27","31","125","104","185","77","127","86","77","63","73","52","64","35","40","42","25","24","51","40","28","33","0","13","58","37","0","13","8","18","17","37","14","18",
"1400000US18097353500","Census Tract 3535; Marion County; Indiana","2011","410","1041","366","0","13","0","13","0","13","0","13","82","118","86","69","56","78","268","222","194","87","119","60","85","65","0","13","8","12","11","24","34","41","27","42","0","13","11","19","34","36","0","13","26","25","0","13","0","13","970","198","0","13","0","13","0","13","0","13","172","135","97","86","13","20","88","57","101","61","113","67","0","13","73","102","46","52","8","15","0","13","0","13","46","42","10","16","42","38","53","41","23","23","72","92","13","22",
"1400000US18097353600","Census Tract 3536; Marion County; Indiana","2413","629","1162","430","48","52","44","50","99","112","219","151","0","13","0","13","22","34","185","104","231","166","35","38","55","71","39","45","26","30","0","13","15","27","17","28","10","17","0","13","42","39","62","73","0","13","13","21","0","13","1251","364","23","37","55","60","52","62","0","13","54","49","174","142","107","129","221","114","54","42","34","42","0","13","69","55","68","58","25","31","60","87","24","29","60","84","18","32","18","24","40","35","57","47","0","13","38","33",
"1400000US18097354201","Census Tract 3542.01; Marion County; Indiana","4219","430","2811","370","10","21","22","32","0","13","18","25","64","53","0","13","83","109","333","172","584","248","660","269","166","73","144","67","202","87","156","124","70","66","46","50","37","34","12","27","57","52","30","32","13","21","17","26","87","89","1408","271","8","19","0","13","0","13","0","13","0","13","0","13","0","13","253","120","363","200","275","180","90","89","21","32","38","45","134","80","66","62","27","48","57","59","9","13","26","31","9","15","13","21","19","31","0","13",
"1400000US18097354202","Census Tract 3542.02; Marion County; Indiana","4005","787","2307","834","105","113","0","13","0","13","0","13","0","13","0","13","0","13","373","193","424","229","290","196","178","94","209","255","33","50","210","262","95","77","0","13","77","120","0","13","150","160","51","64","0","13","70","105","42","67","1698","429","0","13","0","13","0","13","20","24","13","21","0","13","73","87","216","144","421","282","251","205","115","84","55","65","32","36","106","94","190","133","30","54","29","54","30","42","16","30","49","61","0","13","31","47","21","35",
"1400000US18097354400","Census Tract 3544; Marion County; Indiana","1426","289","802","145","7","10","27","22","60","42","25","26","8","12","0","13","0","13","23","36","80","36","67","30","62","31","59","30","82","30","87","52","114","130","11","13","38","22","18","13","17","15","8","9","2","4","7","8","0","13","624","168","16","17","13","16","23","27","42","31","11","16","0","13","0","13","34","36","68","27","53","30","30","28","87","33","25","22","127","148","16","15","8","11","17","17","12","11","13","10","3","5","9","10","17","18","0","13",
"1400000US18097354500","Census Tract 3545; Marion County; Indiana","2051","397","1048","230","47","45","78","40","62","39","25","35","0","13","3","5","10","22","62","49","77","55","171","81","201","154","44","45","77","61","29","35","40","41","0","13","41","49","9","11","11","16","40","72","20","29","1","2","0","13","1003","240","47","36","72","81","99","60","24","25","0","13","0","13","0","13","32","31","68","41","157","51","161","185","21","23","96","91","84","62","10","10","0","13","15","19","26","29","4","6","37","39","32","33","0","13","18","27",
"1400000US18097354700","Census Tract 3547; Marion County; Indiana","1263","313","707","259","22","35","40","33","15","21","31","30","17","23","0","13","0","13","68","71","222","195","92","41","42","33","45","26","33","23","21","22","16","19","15","17","14","17","10","15","0","13","0","13","0","13","4","6","0","13","556","154","36","34","13","19","52","66","6","14","9","14","9","14","11","16","62","52","77","38","104","69","48","29","47","43","0","13","33","30","0","13","0","13","0","13","0","13","29","24","2","9","0","13","18","16","0","13",
"1400000US18097354800","Census Tract 3548; Marion County; Indiana","2067","599","1179","380","74","66","101","137","118","130","21","23","59","79","47","48","6","9","34","40","116","36","87","46","76","48","201","173","40","43","65","39","15","24","0","13","0","13","7","11","46","56","42","47","7","11","17","22","0","13","888","278","63","91","108","120","28","33","42","48","14","17","26","34","9","15","18","21","79","45","82","57","101","55","44","55","90","37","4","7","56","45","14","19","0","13","40","42","15","17","0","13","21","31","34","41","0","13",
"1400000US18097354900","Census Tract 3549; Marion County; Indiana","2519","461","1297","363","60","92","38","37","53","61","43","65","0","13","13","19","0","13","55","68","227","187","174","123","52","52","53","55","76","59","158","161","59","50","45","43","65","62","59","56","22","28","7","10","38","32","0","13","0","13","1222","380","187","170","48","27","39","47","33","46","51","59","30","49","107","66","27","32","23","25","91","93","95","56","19","27","46","70","111","97","116","89","11","16","8","12","14","22","74","78","74","51","0","13","18","23","0","13",
"1400000US18097355000","Census Tract 3550; Marion County; Indiana","2104","438","1052","233","33","36","66","70","119","67","80","69","27","29","0","13","0","13","7","11","66","53","90","74","115","78","84","62","30","24","101","90","50","44","13","20","67","41","36","39","20","20","29","24","8","12","11","17","0","13","1052","316","112","99","81","81","46","49","20","19","30","43","23","22","5","18","3","9","177","117","68","72","28","32","148","79","79","57","75","38","51","28","15","18","10","14","38","38","9","13","17","17","2","6","6","10","9","14",
"1400000US18097355100","Census Tract 3551; Marion County; Indiana","1818","464","935","386","17","24","0","13","0","13","16","24","11","16","10","13","0","13","0","13","80","60","98","73","4","5","39","32","112","61","37","29","63","42","301","365","23","22","0","13","52","35","39","44","11","17","11","16","11","16","883","202","100","85","26","24","89","71","53","60","19","22","0","13","0","13","0","13","68","56","130","79","68","55","37","39","36","26","35","29","67","34","66","68","34","24","20","22","0","13","15","16","0","13","10","14","10","15",
"1400000US18097355300","Census Tract 3553; Marion County; Indiana","2314","539","1161","252","103","64","294","229","18","29","0","13","0","13","0","13","0","13","22","37","36","49","152","82","55","42","61","43","63","58","22","28","52","50","121","66","53","52","25","28","22","24","47","34","15","24","0","13","0","13","1153","334","183","151","0","13","161","123","0","13","11","21","0","13","0","13","63","91","62","52","130","51","37","38","126","96","51","78","81","63","66","75","39","58","44","49","38","31","27","40","0","13","23","26","11","20","0","13",
"1400000US18097355400","Census Tract 3554; Marion County; Indiana","1929","451","917","295","0","13","4","6","89","73","3","7","0","13","0","13","0","13","57","46","43","63","311","240","92","85","0","13","51","45","65","60","105","120","9","15","7","12","47","73","0","13","14","22","20","35","0","13","0","13","1012","287","16","26","74","105","68","90","62","66","22","36","41","55","0","13","10","20","117","86","179","116","114","70","0","13","74","66","40","46","63","54","24","32","45","54","0","13","20","25","18","25","16","26","0","13","9","25",
"1400000US18097355500","Census Tract 3555; Marion County; Indiana","3317","601","1419","306","22","39","0","13","0","13","194","138","17","31","0","13","0","13","69","69","18","30","38","45","63","72","107","109","122","86","219","160","177","119","79","99","76","50","77","57","104","67","13","21","14","23","0","13","10","17","1898","461","0","13","176","159","205","181","29","50","27","46","32","41","0","13","10","16","196","184","223","155","122","74","40","48","137","96","54","37","313","198","13","19","52","40","55","40","23","26","31","34","13","21","43","48","104","85",
"1400000US18097355600","Census Tract 3556; Marion County; Indiana","2494","429","1347","298","79","80","6","11","19","24","125","111","59","54","26","15","9","17","76","63","95","50","23","35","108","43","197","103","57","26","106","73","110","120","41","48","25","28","40","25","16","16","69","54","22","18","15","17","24","21","1147","235","45","38","66","54","63","46","70","67","70","81","12","19","10","17","50","35","103","76","86","43","70","53","35","26","109","62","14","13","78","54","0","13","34","30","74","50","21","17","91","48","32","24","6","9","8","12",
"1400000US18097355700","Census Tract 3557; Marion County; Indiana","2059","397","1146","204","28","44","57","49","61","63","33","42","18","28","0","13","11","21","111","81","94","61","58","53","15","25","61","41","98","76","48","42","75","68","67","66","81","62","47","46","52","41","0","13","0","13","99","108","32","37","913","251","60","68","18","21","21","24","17","30","0","13","14","16","22","28","13","21","104","63","89","52","61","69","24","23","77","61","79","64","35","40","50","51","23","27","25","28","19","32","41","33","97","130","7","14","17","27",
"1400000US18097355900","Census Tract 3559; Marion County; Indiana","2105","295","1036","214","45","40","0","13","0","13","0","13","0","13","7","12","0","13","28","28","263","112","193","70","171","122","34","33","118","102","12","18","49","35","0","13","34","31","15","17","26","23","9","14","21","25","0","13","11","16","1069","161","82","47","27","36","0","13","25","48","7","11","0","13","8","13","131","77","138","65","149","66","98","51","43","34","109","104","43","27","22","25","0","13","82","72","10","15","27","25","0","13","29","28","21","23","18","19",
"1400000US18097356200","Census Tract 3562; Marion County; Indiana","3908","286","2629","271","101","64","20","16","9","12","34","43","54","57","33","31","11","21","231","89","662","214","468","145","360","121","177","72","171","125","97","66","107","81","0","13","6","10","30","23","34","37","15","16","0","13","9","13","0","13","1279","197","26","32","18","19","0","13","0","13","20","26","0","13","0","13","172","69","273","108","289","83","99","54","68","48","102","75","34","34","25","25","46","69","24","32","36","50","0","13","15","17","16","16","0","13","16","25",
"1400000US18097356400","Census Tract 3564; Marion County; Indiana","4238","565","2009","296","122","96","115","93","95","74","53","56","51","56","43","51","24","35","173","94","208","150","339","128","50","56","55","84","62","58","214","130","132","134","67","54","82","71","32","36","43","39","17","27","10","16","0","13","22","45","2229","474","36","45","122","81","415","315","8","20","159","135","0","13","138","105","165","127","247","144","186","98","92","107","62","47","88","92","286","190","80","61","31","36","35","47","0","13","0","13","9","16","47","44","23","25","0","13",
"1400000US18097356900","Census Tract 3569; Marion County; Indiana","2142","371","946","187","64","43","57","44","46","46","0","13","32","38","0","13","0","13","38","40","131","54","108","62","82","54","45","36","43","32","50","37","44","47","94","96","7","11","0","13","46","68","24","29","35","37","0","13","0","13","1196","253","130","63","157","108","66","50","13","21","13","20","4","7","7","13","39","37","129","54","144","67","61","54","89","61","26","29","82","97","53","47","9","14","50","50","27","43","43","54","38","30","16","31","0","13","0","13",
"1400000US18097357000","Census Tract 3570; Marion County; Indiana","2040","337","985","203","36","35","36","37","117","151","14","20","0","13","0","13","19","23","36","31","174","85","256","85","58","35","22","19","59","36","20","19","32","40","35","32","20","20","0","13","5","8","23","19","23","27","0","13","0","13","1055","193","41","27","30","26","27","29","12","16","11","15","0","13","19","22","164","116","160","75","152","53","45","33","41","43","28","26","55","47","24","23","88","135","50","25","29","19","45","59","11","19","17","19","6","10","0","13",
"1400000US18097357100","Census Tract 3571; Marion County; Indiana","1823","329","915","207","9","19","26","30","60","60","0","13","0","13","0","13","8","14","15","16","156","76","187","70","98","57","27","29","9","16","133","101","96","72","0","13","9","14","0","13","29","36","5","7","48","37","0","13","0","13","908","209","11","19","20","30","66","63","30","33","46","63","0","13","0","13","33","48","156","75","168","83","72","55","15","23","33","31","86","60","30","31","60","103","9","14","0","13","33","41","10","17","22","30","8","15","0","13",
"1400000US18097357200","Census Tract 3572; Marion County; Indiana","2686","509","1331","231","47","41","96","67","25","30","134","107","15","24","0","13","20","23","64","45","228","115","166","89","127","76","55","42","121","68","31","33","50","38","39","33","66","75","0","13","9","16","12","19","26","29","0","13","0","13","1355","368","97","82","28","38","99","76","42","51","25","29","58","102","0","13","97","104","172","81","229","84","78","54","55","40","160","94","19","20","37","68","33","38","50","50","0","13","16","26","11","18","35","31","14","21","0","13",
"1400000US18097357300","Census Tract 3573; Marion County; Indiana","1981","426","870","223","54","69","57","52","23","34","20","51","59","51","17","24","5","7","29","29","72","52","39","51","15","23","43","40","117","116","60","41","95","71","39","44","72","69","5","8","0","13","20","19","22","24","0","13","7","10","1111","247","7","15","54","70","155","96","88","68","11","17","26","35","0","13","20","30","30","34","53","43","62","45","62","49","120","111","55","42","95","57","55","57","8","13","20","18","28","20","54","34","49","53","31","37","28","26",
"1400000US18097357400","Census Tract 3574; Marion County; Indiana","3858","968","2080","627","229","277","215","189","41","45","158","133","56","56","160","224","0","13","56","51","160","101","10","15","98","61","132","158","34","37","74","51","261","123","14","22","101","59","63","61","91","143","97","64","15","22","15","26","0","13","1778","379","47","60","256","257","0","13","44","42","13","20","15","23","0","13","19","23","33","35","100","105","34","45","104","95","182","109","216","106","102","71","158","150","14","22","129","74","193","132","67","53","13","21","0","13","39","38",
"1400000US18097357500","Census Tract 3575; Marion County; Indiana","3673","220","1453","215","125","110","77","52","82","78","89","89","12","24","0","13","0","13","67","50","111","69","29","38","154","87","106","67","72","49","72","50","73","49","51","45","38","38","48","33","42","45","123","66","31","31","31","37","20","28","2220","224","139","123","181","77","206","102","118","98","21","31","102","80","21","32","103","81","101","86","102","84","103","54","205","97","85","94","47","43","147","68","95","70","96","62","23","30","35","34","105","55","81","45","37","30","67","37",
"1400000US18097357601","Census Tract 3576.01; Marion County; Indiana","5109","915","2576","546","183","133","47","44","199","106","266","183","40","45","15","25","0","18","94","81","229","142","122","81","168","82","406","267","63","45","103","100","320","273","65","66","50","51","16","19","48","41","74","72","54","61","8","11","6","8","2533","577","130","81","287","330","138","108","20","31","44","53","164","202","0","18","116","93","225","89","330","217","190","83","99","106","188","174","147","85","63","52","49","47","91","65","40","37","74","75","76","51","18","22","2","7","42","42",
"1400000US18097357602","Census Tract 3576.02; Marion County; Indiana","1606","183","876","152","87","96","106","62","145","69","22","27","10","16","61","73","0","13","5","10","129","104","25","35","15","18","19","31","67","43","30","43","24","33","3","9","13","18","21","28","16","30","9","14","27","28","16","29","26","28","730","105","12","20","82","73","82","56","29","29","0","13","0","13","9","15","42","43","54","44","159","40","30","25","61","48","5","11","0","13","16","20","9","16","27","28","9","14","10","24","39","25","10","18","4","6","41","32",
"1400000US18097357800","Census Tract 3578; Marion County; Indiana","1539","417","847","283","84","80","99","84","112","87","58","49","0","13","6","9","0","13","8","13","57","29","80","49","31","27","36","34","49","34","27","23","24","26","13","14","68","65","7","10","17","18","44","28","18","22","0","13","9","13","692","176","15","23","8","13","16","21","0","13","0","13","7","10","8","13","0","13","103","44","96","59","36","29","100","49","53","36","33","32","59","36","19","23","47","29","0","13","27","20","47","34","18","20","0","13","0","13",
"1400000US18097357900","Census Tract 3579; Marion County; Indiana","3748","675","1643","370","103","91","60","53","98","65","30","47","89","102","105","141","0","13","14","21","143","91","232","78","138","130","61","38","49","38","87","49","111","53","41","36","51","25","39","47","17","19","118","63","23","21","7","11","27","33","2105","398","141","118","106","72","143","58","125","128","16","19","49","71","10","16","88","48","259","177","248","118","89","63","251","137","25","23","63","39","54","40","42","39","188","90","14","16","103","80","20","33","23","24","36","37","12","19",
"1400000US18097358000","Census Tract 3580; Marion County; Indiana","1423","263","768","167","44","36","76","73","44","30","60","78","46","37","21","22","0","13","37","29","77","55","84","54","59","36","37","23","21","23","64","38","14","20","10","15","9","13","7","11","22","16","10","13","9","14","0","13","17","16","655","137","21","24","18","18","32","36","20","30","30","47","0","13","12","17","57","46","75","59","63","59","84","64","17","18","66","41","47","35","11","14","28","23","7","11","6","9","10","11","7","10","19","20","0","13","25","24",
"1400000US18097358100","Census Tract 3581; Marion County; Indiana","2439","655","1238","343","98","122","116","74","116","74","61","69","61","72","0","13","0","13","28","33","84","61","112","65","112","72","14","22","86","75","134","159","96","44","20","26","0","13","30","40","14","22","13","22","31","44","12","19","0","13","1201","398","22","29","106","67","79","76","58","41","0","13","0","13","0","13","35","40","78","48","97","86","24","32","113","73","35","35","251","296","138","52","0","13","8","18","65","50","36","29","56","60","0","13","0","13","0","13",
"1400000US18097360101","Census Tract 3601.01; Marion County; Indiana","2639","860","875","326","54","74","25","40","0","13","25","44","60","72","0","13","0","13","0","13","61","83","0","13","195","175","20","33","69","51","43","53","22","34","38","53","87","71","44","39","46","50","21","32","24","39","0","13","41","45","1764","628","50","49","94","115","117","148","79","82","114","123","0","13","0","13","115","159","87","106","60","72","99","149","120","100","0","13","110","102","121","76","39","45","60","63","36","32","164","118","106","72","72","72","17","25","104","83",
"1400000US18097360102","Census Tract 3601.02; Marion County; Indiana","1887","599","837","296","0","13","117","114","68","94","47","75","0","13","0","13","0","13","52","40","102","110","79","59","112","110","0","13","0","13","11","18","17","43","38","64","51","59","61","62","17","26","13","19","20","28","14","28","18","37","1050","359","25","34","134","118","73","88","0","13","0","13","0","13","0","13","21","28","21","28","112","116","98","107","129","83","0","13","35","50","3","47","56","61","120","97","58","49","76","44","17","25","12","34","14","24","46","53",
"1400000US18097360201","Census Tract 3602.01; Marion County; Indiana","4404","810","2371","643","80","87","191","169","218","169","0","13","64","99","34","52","34","41","139","128","507","402","198","149","138","128","119","100","49","56","310","354","46","45","124","118","15","24","37","54","27","29","0","13","18","30","23","28","0","13","2033","466","108","97","149","130","0","13","0","13","41","54","34","52","0","13","16","26","111","85","283","199","118","121","0","13","395","176","147","129","178","143","0","13","220","214","56","74","61","48","13","23","33","35","17","26","53","77",
"1400000US18097360202","Census Tract 3602.02; Marion County; Indiana","3638","741","2030","479","282","255","173","135","114","125","179","151","36","47","51","73","79","79","53","75","60","79","19","34","53","80","120","106","173","113","167","125","159","116","0","13","61","60","35","39","63","63","109","131","29","32","15","22","0","13","1608","353","120","110","112","113","38","55","169","147","92","126","0","13","81","96","62","89","36","64","73","82","186","143","67","63","153","107","167","108","30","38","58","56","12","21","14","22","33","36","30","34","41","38","17","22","17","27",
"1400000US18097360301","Census Tract 3603.01; Marion County; Indiana","3812","522","1971","375","92","88","161","68","148","169","67","52","76","74","39","57","47","48","241","172","79","52","190","159","208","138","207","102","94","71","80","64","30","32","42","37","77","84","33","30","41","42","6","12","13","20","0","13","0","13","1841","299","137","89","173","116","225","105","78","71","11","17","0","13","33","50","41","46","192","157","164","99","134","66","128","96","102","73","88","65","136","55","43","41","40","42","39","34","34","39","6","12","24","24","13","20","0","13",
"1400000US18097360302","Census Tract 3603.02; Marion County; Indiana","2870","693","1549","428","278","217","65","86","130","122","57","61","14","22","73","84","0","13","42","60","176","118","188","190","62","76","56","58","13","23","112","93","77","82","11","19","27","45","77","56","19","30","53","53","0","13","19","30","0","13","1321","353","208","121","127","100","38","59","64","105","42","52","0","13","0","13","88","98","163","93","31","48","24","27","133","103","60","53","35","39","74","66","18","27","27","33","17","27","81","88","24","36","64","77","0","13","3","5",
"1400000US18097360401","Census Tract 3604.01; Marion County; Indiana","5537","1080","2657","783","335","271","256","212","22","40","120","139","54","63","11","19","371","487","48","84","162","207","0","18","171","124","77","81","107","138","349","353","143","177","0","18","100","84","70","70","36","44","24","34","94","107","74","88","33","55","2880","496","149","167","218","219","192","138","61","71","0","18","0","18","22","47","47","78","334","261","80","133","309","183","142","141","178","103","455","355","162","115","140","114","62","67","24","32","59","89","87","72","92","127","35","51","32","51",
"1400000US18097360402","Census Tract 3604.02; Marion County; Indiana","3041","1244","1517","815","631","742","72","88","116","140","77","69","17","24","0","13","0","13","46","63","28","39","73","64","88","75","107","86","4","9","17","29","59","47","29","27","0","13","22","22","94","59","10","14","12","19","8","11","7","10","1524","553","43","83","78","95","169","149","88","112","381","342","0","13","0","13","46","64","24","35","168","172","63","101","69","70","20","32","105","104","37","30","0","13","24","21","28","30","47","32","59","50","65","87","10","16","0","13",
"1400000US18097360405","Census Tract 3604.05; Marion County; Indiana","5761","822","2215","557","312","250","70","80","90","74","102","94","71","61","0","18","39","62","27","40","358","278","48","55","88","76","164","172","143","130","169","133","180","136","98","77","0","18","39","45","47","38","112","100","39","47","0","18","19","31","3546","582","80","80","23","40","259","189","143","135","36","52","95","91","0","18","241","195","202","166","539","409","107","92","382","252","261","180","185","109","307","191","69","61","87","72","169","112","12","20","162","88","64","68","95","97","28","34",
"1400000US18097360406","Census Tract 3604.06; Marion County; Indiana","4140","955","2372","670","330","466","83","106","117","134","78","96","31","41","0","13","11","19","76","105","391","285","289","301","114","98","63","51","375","374","81","88","50","53","77","90","0","13","75","68","61","69","4","14","0","13","66","93","0","13","1768","588","33","57","47","78","197","154","87","97","54","79","29","49","73","106","176","175","130","187","91","78","182","182","104","102","113","109","121","134","99","86","50","66","30","35","15","33","16","24","87","79","0","13","34","57","0","13",
"1400000US18097360407","Census Tract 3604.07; Marion County; Indiana","3282","826","1548","379","38","61","103","96","33","52","194","159","101","126","0","13","18","32","0","13","128","106","77","83","85","64","350","235","86","65","63","76","47","60","56","71","56","62","18","34","33","36","19","24","0","13","24","39","19","30","1734","573","43","59","174","127","80","85","313","246","0","13","0","13","11","18","195","136","0","13","50","54","162","143","92","105","136","96","128","122","44","57","31","51","67","60","55","40","18","31","116","116","19","29","0","13","0","13",
"1400000US18097360501","Census Tract 3605.01; Marion County; Indiana","6196","812","3130","624","363","233","242","98","238","155","128","147","171","160","41","59","3","5","250","250","164","179","216","150","286","168","95","90","52","52","316","115","213","224","20","33","86","80","0","18","78","88","47","55","43","49","78","78","0","18","3066","542","74","64","151","234","349","222","79","92","0","18","0","18","27","39","141","197","295","140","292","162","188","120","164","128","315","232","210","130","162","110","21","36","93","115","107","77","60","55","169","115","72","67","38","70","59","56",
"1400000US18097360502","Census Tract 3605.02; Marion County; Indiana","6385","1088","3202","622","339","173","414","360","289","252","127","120","0","18","0","18","50","79","164","101","85","78","52","55","260","152","143","114","75","76","154","109","332","209","131","110","57","68","88","86","62","58","317","242","44","60","14","24","5","12","3183","668","328","203","123","110","344","292","34","62","94","137","0","18","53","83","78","102","216","130","253","179","190","164","43","70","30","57","304","184","265","125","150","110","77","71","74","74","134","107","209","135","33","49","105","91","46","47",
"1400000US18097360601","Census Tract 3606.01; Marion County; Indiana","4662","710","2397","458","118","73","253","149","171","92","128","78","81","75","14","23","0","13","52","38","248","129","207","83","90","75","144","63","126","95","76","47","238","115","56","42","71","67","53","37","42","43","64","40","97","50","55","43","13","17","2265","385","75","83","44","40","209","93","105","77","8","12","26","30","0","13","83","65","250","134","109","69","139","79","107","60","134","85","159","74","211","92","97","73","135","66","21","22","53","40","164","69","60","39","59","39","17","21",
"1400000US18097360602","Census Tract 3606.02; Marion County; Indiana","6287","1143","3266","668","232","187","225","134","523","451","178","104","0","18","10","18","155","152","51","60","196","147","263","127","106","74","316","200","164","90","149","91","71","65","114","110","92","65","95","79","58","58","91","57","37","38","97","81","43","37","3021","709","302","217","251","200","122","157","166","192","48","59","13","24","0","18","178","117","226","137","100","106","295","187","254","170","111","113","62","59","127","97","54","55","169","138","48","44","109","161","147","83","112","67","85","55","42","41",
"1400000US18097360700","Census Tract 3607; Marion County; Indiana","1913","315","862","161","43","29","21","18","62","45","56","52","0","13","52","31","8","12","13","24","44","26","46","25","93","48","71","46","88","47","76","47","20","22","10","10","23","23","24","17","26","17","53","31","31","20","2","4","0","13","1051","189","29","22","89","43","22","23","51","30","19","26","6","9","33","40","30","25","26","20","68","31","76","38","155","54","55","36","39","31","52","28","22","18","67","44","19","21","58","59","42","23","28","19","50","44","15","26",
"1400000US18097360800","Census Tract 3608; Marion County; Indiana","2927","521","1174","276","211","154","82","60","65","77","61","72","0","13","0","13","20","27","5","8","90","49","76","65","123","82","22","24","61","40","74","65","17","18","29","29","30","26","23","22","62","57","89","65","24","21","0","13","10","14","1753","368","171","145","74","62","29","30","9","15","205","148","40","60","0","13","114","74","38","30","217","213","79","56","88","67","47","50","55","44","87","56","54","39","73","75","54","35","38","30","55","50","133","83","51","55","42","45",
"1400000US18097360900","Census Tract 3609; Marion County; Indiana","5714","883","2546","681","106","148","249","251","220","158","49","37","0","18","0","18","0","18","18","26","73","116","207","171","233","105","179","125","161","88","149","121","177","84","165","125","173","114","5","9","29","32","209","141","60","51","33","35","51","66","3168","449","420","321","204","141","93","107","111","92","116","92","88","89","0","18","137","151","264","164","125","102","167","116","278","135","0","18","144","95","237","175","57","71","234","151","104","134","45","48","98","72","113","79","96","76","37","35",
"1400000US18097361000","Census Tract 3610; Marion County; Indiana","2093","229","1050","146","108","45","35","32","33","26","44","48","0","13","28","33","0","13","7","9","52","33","109","38","99","37","34","22","43","24","56","33","44","22","82","74","86","52","48","31","40","25","39","23","24","17","28","28","11","13","1043","130","89","47","50","27","8","13","33","26","0","13","7","10","4","6","41","35","90","56","117","39","99","36","31","22","50","36","74","37","73","54","33","25","49","35","31","19","59","29","34","21","39","24","10","12","22","16",
"1400000US18097361100","Census Tract 3611; Marion County; Indiana","3161","612","1517","404","188","119","156","106","77","48","31","24","22","20","70","103","0","13","36","29","62","55","169","102","91","47","123","58","96","92","32","29","98","62","10","16","70","60","40","30","80","71","66","53","0","13","0","13","0","13","1644","274","135","62","78","39","86","79","25","22","62","82","7","11","0","13","63","56","47","29","302","132","97","52","83","56","138","102","106","58","211","128","4","6","93","51","10","17","28","24","25","22","16","19","0","13","28","32",
"1400000US18097361200","Census Tract 3612; Marion County; Indiana","3307","466","1735","350","160","153","50","55","126","83","92","74","31","30","0","13","10","18","53","63","188","91","150","78","63","44","207","105","81","51","177","145","126","74","35","34","1","5","67","56","19","19","48","43","36","28","15","22","0","13","1572","291","78","66","92","61","189","142","39","40","41","53","0","13","0","13","70","51","75","45","162","111","188","72","69","53","66","71","190","86","49","44","99","110","18","22","8","13","35","41","17","16","59","37","28","32","0","13",
"1400000US18097361300","Census Tract 3613; Marion County; Indiana","2503","332","1283","253","77","64","92","61","71","61","33","37","1","3","0","13","16","23","116","106","63","51","72","38","151","65","60","34","97","62","139","99","165","176","0","13","21","25","18","21","22","25","43","34","8","15","18","21","0","13","1220","176","55","54","109","90","78","63","94","74","0","13","30","29","15","23","64","83","152","75","56","32","72","43","62","40","76","57","115","66","70","48","7","13","17","27","18","22","8","13","53","40","69","54","0","13","0","13",
"1400000US18097361401","Census Tract 3614.01; Marion County; Indiana","5349","1240","2288","492","261","167","220","114","151","105","84","79","37","34","17","31","0","18","62","51","230","149","124","84","146","89","89","69","396","310","132","73","113","63","22","27","74","73","16","19","26","30","10","15","78","68","0","18","0","18","3061","879","40","50","265","129","286","152","745","649","102","77","10","16","49","63","23","38","163","104","250","126","189","81","285","247","127","72","135","90","38","39","25","27","121","112","43","47","48","44","9","16","108","95","0","18","0","18",
"1400000US18097361402","Census Tract 3614.02; Marion County; Indiana","5711","912","3014","508","125","134","165","156","167","101","252","188","159","195","107","167","70","103","88","107","100","96","249","116","201","138","92","122","186","158","243","225","189","117","103","113","98","91","10","17","141","78","59","44","110","125","69","86","31","38","2697","592","270","274","188","177","172","132","58","76","0","18","29","47","180","276","40","52","292","217","183","162","347","264","19","39","15","32","153","170","192","133","101","90","112","109","154","108","90","62","33","40","0","18","55","47","14","23",
"1400000US18097361601","Census Tract 3616.01; Marion County; Indiana","5428","1264","2424","555","29","36","36","42","237","120","135","82","141","160","6","11","0","18","199","200","100","79","87","57","114","78","20","24","84","70","364","180","199","109","193","240","159","102","0","18","156","168","60","39","24","30","23","23","58","58","3004","819","152","123","210","131","65","115","70","63","41","55","38","39","28","51","289","336","78","71","231","162","53","49","151","129","185","97","285","201","143","64","325","431","88","120","66","41","102","53","129","54","30","30","151","144","94","74",
"1400000US18097361602","Census Tract 3616.02; Marion County; Indiana","3415","791","1397","324","77","79","102","115","173","167","66","60","15","3","7","14","0","13","37","43","38","42","55","40","83","68","82","60","34","40","152","86","97","78","7","11","38","35","52","38","78","44","62","36","63","51","13","15","66","36","2018","527","202","216","102","88","181","149","94","79","7","14","11","20","22","36","80","92","122","89","330","186","46","41","96","69","108","69","109","63","68","50","24","28","101","68","19","21","104","63","114","54","21","24","33","36","24","32",
"1400000US18097370201","Census Tract 3702.01; Marion County; Indiana","3535","306","1781","226","82","56","127","114","167","92","76","59","35","39","15","23","39","54","28","34","186","80","63","49","119","73","102","46","85","54","107","75","74","61","20","30","87","66","75","78","152","67","48","45","53","43","41","37","0","13","1754","230","156","74","74","62","75","64","47","41","0","13","15","23","50","59","81","67","146","79","97","76","166","75","86","44","44","47","78","54","191","72","47","32","13","16","101","73","117","78","65","59","29","23","9","11","67","49",
"1400000US18097370203","Census Tract 3702.03; Marion County; Indiana","5099","1245","2592","661","308","247","241","92","322","143","332","232","45","52","26","37","66","68","80","81","95","69","159","90","73","57","306","167","206","208","19","21","90","69","57","68","70","64","23","39","19","20","26","32","2","10","27","34","0","18","2507","690","255","91","206","128","149","119","78","75","48","57","223","264","0","18","238","292","119","88","97","86","162","57","173","88","275","303","16","27","63","53","146","146","92","69","6","12","48","54","29","32","73","59","11","17","0","18",
"1400000US18097370204","Census Tract 3702.04; Marion County; Indiana","3614","463","1884","261","219","161","81","78","72","40","56","40","48","52","54","88","14","21","87","101","268","147","65","52","45","35","102","59","87","94","110","81","170","92","126","104","29","32","109","101","32","32","84","82","26","31","0","13","0","13","1730","338","64","75","14","22","42","49","33","39","14","24","26","32","13","20","50","46","173","125","74","57","31","36","53","88","275","154","123","83","34","42","108","104","193","123","60","78","79","75","129","76","12","20","43","41","87","100",
"1400000US18097370303","Census Tract 3703.03; Marion County; Indiana","7548","823","3836","527","302","186","405","148","350","177","212","125","102","94","0","18","42","67","260","199","244","126","464","281","289","124","321","203","167","91","195","114","155","146","108","103","0","18","29","37","33","45","139","138","0","18","15","33","4","18","3712","522","430","398","264","168","223","108","163","119","78","70","104","111","17","30","189","180","438","200","213","123","467","235","263","116","221","151","78","69","236","129","91","144","72","69","58","73","13","27","48","49","30","45","7","31","9","15",
"1400000US18097370304","Census Tract 3703.04; Marion County; Indiana","4046","802","2426","590","299","195","265","139","333","140","57","57","15","26","13","19","2","3","25","29","144","118","196","193","191","94","113","105","198","212","60","43","300","166","33","32","28","28","20","23","54","36","12","19","22","25","10","17","36","38","1620","401","15","24","89","84","213","188","50","42","0","13","9","15","0","13","46","40","49","40","157","61","201","117","156","72","248","211","40","42","57","43","16","20","78","62","36","33","32","31","47","39","12","17","34","35","35","58",
"1400000US18097370305","Census Tract 3703.05; Marion County; Indiana","3925","810","1742","372","430","270","69","60","80","60","8","18","53","52","0","13","23","31","149","87","117","90","222","117","85","69","78","55","135","79","72","54","62","59","24","34","35","38","8","18","4","9","13","19","29","24","46","68","0","13","2183","679","208","115","40","53","109","87","81","34","7","16","23","44","16","29","730","672","96","83","213","127","63","64","58","46","93","68","94","82","77","56","46","47","42","43","59","53","30","36","18","20","34","35","0","13","46","65",
"1400000US18097370306","Census Tract 3703.06; Marion County; Indiana","4740","924","2375","440","148","109","114","70","253","143","53","62","67","53","61","57","21","34","50","44","169","102","148","83","206","106","127","56","217","126","63","44","243","113","30","33","260","241","34","31","26","27","66","53","0","13","19","32","0","13","2365","530","167","122","134","131","186","110","112","76","68","75","0","13","43","38","73","58","105","63","236","146","134","68","162","66","67","76","216","108","139","62","73","50","129","76","5","9","180","235","60","32","76","46","0","13","0","13",
"1400000US18097380101","Census Tract 3801.01; Marion County; Indiana","7037","1007","3656","644","296","225","213","148","91","95","209","157","158","101","17","34","38","62","72","65","156","131","262","223","171","111","218","129","128","112","494","340","191","116","11","19","207","142","72","66","318","288","154","115","98","70","0","18","82","74","3381","488","107","104","131","123","65","112","165","127","55","66","54","58","0","18","84","76","194","204","213","131","144","113","171","123","188","122","186","135","314","150","317","263","202","185","88","93","180","198","370","256","98","60","55","70","0","18",
"1400000US18097380102","Census Tract 3801.02; Marion County; Indiana","3353","774","1475","401","139","140","37","53","41","54","109","74","0","13","0","13","0","13","20","31","77","57","94","66","112","121","133","113","105","115","442","339","9","15","54","84","24","28","20","23","40","49","11","19","8","16","0","13","0","13","1878","491","274","150","105","182","177","102","79","48","0","13","0","13","0","13","104","108","128","117","188","134","134","88","352","342","12","23","11","22","73","64","11","22","10","17","0","13","56","51","0","13","22","37","129","137","13","22",
"1400000US18097380103","Census Tract 3801.03; Marion County; Indiana","9569","2040","4943","961","163","127","522","266","1007","587","137","89","124","106","0","18","38","53","158","144","478","269","324","264","338","177","280","202","188","110","803","487","111","86","65","67","0","18","0","18","69","84","67","46","52","78","0","18","19","34","4626","1288","272","213","665","546","289","196","100","83","125","161","7","25","149","153","153","119","526","348","317","157","84","90","315","172","852","575","297","132","0","18","33","54","51","61","18","29","163","130","172","110","0","18","19","31","19","32",
"1400000US18097380200","Census Tract 3802; Marion County; Indiana","2970","760","1603","440","183","166","88","79","125","127","0","13","54","59","0","13","0","13","90","170","163","122","213","133","91","78","69","84","90","69","17","27","75","56","6","14","69","99","52","35","37","33","109","66","24","24","11","23","37","35","1367","450","115","115","0","13","3","9","35","56","37","47","64","131","0","13","96","92","144","120","29","27","160","106","60","73","17","28","114","85","55","55","24","21","31","30","41","41","32","30","149","74","55","56","42","45","64","50",
"1400000US18097380301","Census Tract 3803.01; Marion County; Indiana","2377","412","1205","325","39","66","114","116","174","117","34","52","17","27","1","2","0","13","83","63","100","53","27","27","82","89","26","22","137","133","15","21","61","60","118","102","72","55","5","9","17","18","12","14","5","9","31","34","35","47","1172","258","55","56","177","126","36","47","35","37","3","7","0","13","38","64","49","49","73","47","62","43","27","42","67","61","55","61","56","46","209","142","6","11","57","53","10","11","0","13","36","37","14","24","40","43","67","57",
"1400000US18097380302","Census Tract 3803.02; Marion County; Indiana","3866","635","1390","270","44","58","21","45","74","85","15","24","186","60","61","47","71","74","240","168","111","107","13","22","57","50","81","87","70","88","83","89","22","29","0","13","41","42","36","61","15","26","90","71","48","51","11","21","0","13","2476","566","417","265","174","123","74","93","47","41","426","104","122","73","89","58","187","136","211","119","184","148","85","68","95","72","34","42","6","10","24","32","60","79","85","54","57","62","0","13","51","50","12","22","26","33","10","21",
"1400000US18097380402","Census Tract 3804.02; Marion County; Indiana","5101","863","1981","417","310","268","189","136","88","67","0","18","51","55","24","38","0","18","75","67","325","173","99","63","219","197","56","52","37","47","103","73","50","45","91","88","26","33","30","34","15","21","47","43","42","40","21","26","83","123","3120","588","226","141","288","213","320","203","126","98","28","47","20","33","10","16","103","91","554","247","359","180","188","213","45","46","184","135","90","57","120","77","54","56","46","48","54","40","0","18","158","170","120","71","27","26","0","18",
"1400000US18097380403","Census Tract 3804.03; Marion County; Indiana","3502","528","1766","323","45","48","118","70","147","99","91","87","17","26","0","13","22","26","82","67","95","57","100","71","206","110","118","79","31","39","206","102","104","93","117","81","15","23","68","50","41","33","57","39","45","37","41","38","0","13","1736","325","53","59","149","88","104","80","58","44","0","13","2","7","0","13","56","49","129","66","155","90","113","59","172","102","66","53","144","71","118","108","29","38","84","60","71","67","53","44","66","36","38","33","52","48","24","28",
"1400000US18097380404","Census Tract 3804.04; Marion County; Indiana","4044","499","1809","289","135","97","184","84","123","54","74","72","40","45","0","13","0","13","61","48","88","42","69","47","103","61","105","65","102","70","90","65","113","74","66","52","145","123","55","32","36","27","92","97","54","38","74","38","0","13","2235","282","116","87","68","50","190","92","149","67","0","13","0","13","26","27","37","30","71","47","155","101","160","72","122","61","97","60","132","67","133","61","145","93","84","51","36","29","110","114","63","52","121","60","68","58","152","93",
"1400000US18097380501","Census Tract 3805.01; Marion County; Indiana","2802","652","1344","309","87","106","0","13","205","69","135","90","111","122","0","13","62","99","3","6","120","76","73","82","48","49","53","88","111","100","37","34","49","46","32","33","6","10","97","62","46","45","16","20","10","15","43","37","0","13","1458","365","99","116","81","78","61","52","144","97","109","95","82","133","0","13","4","15","108","104","39","47","80","87","189","132","109","92","56","51","84","69","3","12","104","87","0","13","55","67","33","31","8","14","10","15","0","13",
"1400000US18097380502","Census Tract 3805.02; Marion County; Indiana","3445","719","1640","426","291","237","32","56","44","37","44","39","161","76","13","25","36","29","95","68","339","215","143","122","141","81","28","30","82","66","35","31","46","37","9","15","13","20","9","15","11","17","55","41","0","13","13","21","0","13","1805","354","66","75","115","65","26","27","42","35","252","50","58","38","39","51","204","111","295","222","83","51","174","149","0","13","72","57","38","38","108","54","53","52","55","44","21","26","13","19","33","31","31","30","13","21","14","16",
"1400000US18097380600","Census Tract 3806; Marion County; Indiana","4891","1278","2165","613","48","101","276","247","63","80","35","73","86","123","0","13","23","39","161","222","137","107","116","77","227","255","363","372","81","74","91","77","138","97","48","49","103","128","67","62","44","49","58","55","0","13","0","13","0","13","2726","743","296","289","76","73","67","72","238","268","174","189","57","97","0","13","124","159","90","84","164","111","229","223","175","244","133","124","302","271","86","71","57","53","177","164","66","57","132","120","2","5","62","56","3","5","16","27",
"1400000US18097380700","Census Tract 3807; Marion County; Indiana","6887","904","3587","656","99","132","564","371","356","178","276","290","82","86","25","42","0","18","260","194","196","142","257","208","138","121","433","189","207","110","121","88","212","208","59","59","29","37","52","49","64","60","54","94","66","53","24","34","13","27","3300","675","312","162","289","131","177","135","71","77","134","84","253","153","38","63","187","124","31","33","328","163","324","260","86","64","272","135","46","52","160","97","42","49","80","66","128","58","38","46","129","71","40","42","23","33","112","72",
"1400000US18097380800","Census Tract 3808; Marion County; Indiana","2977","543","1542","326","71","70","156","159","64","63","108","91","47","42","10","16","10","17","102","78","74","77","84","60","28","34","91","57","129","77","83","49","115","90","153","217","60","50","32","36","27","25","29","27","54","52","8","13","7","12","1435","263","69","77","96","36","79","53","30","36","39","30","0","13","8","15","65","55","78","55","51","46","118","79","105","57","73","49","75","49","234","244","76","58","41","34","29","36","63","41","76","61","0","13","17","19","13","16",
"1400000US18097380901","Census Tract 3809.01; Marion County; Indiana","5110","691","2548","411","128","73","211","161","142","63","40","41","23","20","34","39","8","13","75","54","228","145","67","45","308","202","177","92","217","113","78","56","188","94","64","50","152","76","82","58","67","63","108","50","110","53","22","24","19","28","2562","376","221","166","172","55","137","63","89","68","31","28","0","18","62","65","46","53","61","41","286","177","224","89","64","54","154","91","236","101","141","62","47","41","133","77","76","51","80","39","105","50","112","52","47","38","38","31",
"1400000US18097380902","Census Tract 3809.02; Marion County; Indiana","6191","689","3203","446","85","93","301","156","140","115","129","106","32","51","0","18","91","123","102","94","217","175","160","86","237","92","71","60","67","96","291","182","174","152","125","108","264","109","76","69","117","91","155","102","119","73","30","32","220","202","2988","374","35","57","137","91","157","110","37","43","21","32","48","72","70","79","26","42","155","143","325","131","155","91","129","116","172","108","184","113","234","170","102","68","314","184","61","53","126","89","161","80","65","51","161","192","113","84",
"1400000US18097381002","Census Tract 3810.02; Marion County; Indiana","3808","879","1748","240","32","31","155","66","128","83","59","38","34","26","0","13","7","11","104","100","112","50","57","35","181","174","117","49","144","77","122","76","122","59","53","39","22","18","23","21","92","41","76","35","52","48","42","30","14","14","2060","691","244","243","215","234","88","65","39","35","39","44","7","10","7","11","150","202","71","59","220","208","73","33","154","42","151","70","81","36","115","48","14","15","89","40","32","20","85","39","75","44","74","57","31","23","6","6",
"1400000US18097381003","Census Tract 3810.03; Marion County; Indiana","3677","361","1884","222","232","106","60","35","165","61","105","119","43","24","0","13","83","53","109","55","165","90","147","87","101","55","62","27","149","62","84","40","71","40","13","10","55","25","36","24","53","51","47","22","53","28","11","10","40","31","1793","266","118","59","150","72","88","42","74","69","8","10","42","32","50","44","141","136","120","56","175","102","67","30","214","139","72","39","32","19","49","29","58","73","46","29","45","29","74","56","65","30","18","13","44","28","43","28",
"1400000US18097381004","Census Tract 3810.04; Marion County; Indiana","4121","713","1892","341","112","107","125","96","127","108","235","118","38","48","22","38","70","71","172","140","105","146","237","116","94","85","98","81","123","124","53","53","112","43","33","37","32","44","0","13","24","41","30","31","0","13","27","35","23","31","2229","465","298","216","57","69","88","78","15","24","60","81","202","259","48","66","179","159","96","59","217","155","206","160","125","109","146","69","39","47","38","43","146","199","0","13","24","28","17","21","156","96","27","26","31","31","14","22",
"1400000US18097381101","Census Tract 3811.01; Marion County; Indiana","6134","911","3010","527","267","168","37","51","257","153","218","142","35","57","29","34","65","76","208","124","197","146","139","99","253","126","142","95","195","110","78","57","321","288","21","34","99","70","22","34","112","79","142","76","101","62","31","37","41","46","3124","550","115","66","300","155","103","115","122","91","77","69","18","28","14","24","27","31","112","89","282","155","93","62","275","176","119","84","90","72","272","118","114","78","116","99","0","18","73","50","209","86","177","145","86","96","330","211",
"1400000US18097381102","Census Tract 3811.02; Marion County; Indiana","7235","911","3872","629","439","310","314","259","400","282","291","266","55","76","17","26","60","80","81","85","228","117","152","98","101","82","433","148","274","135","165","103","216","143","123","124","108","82","161","75","71","57","159","99","16","27","8","14","0","18","3363","462","190","114","276","145","157","88","110","106","61","50","52","85","0","18","0","18","229","103","116","96","454","222","281","145","227","125","373","332","150","82","0","18","231","84","104","65","59","49","109","68","70","72","15","25","99","67",
"1400000US18097381203","Census Tract 3812.03; Marion County; Indiana","3047","513","1654","359","120","91","165","115","207","105","210","134","14","24","0","13","30","49","35","32","222","134","153","160","94","76","135","99","63","67","35","36","64","94","0","13","0","13","10","20","18","19","56","58","0","13","12","15","11","17","1393","269","108","62","106","66","123","90","74","58","37","23","7","11","13","19","72","70","81","87","126","107","148","105","82","60","119","110","86","85","16","28","52","73","38","59","4","17","16","25","49","32","0","13","20","22","16","20",
"1400000US18097381204","Census Tract 3812.04; Marion County; Indiana","3030","505","1306","392","68","45","119","66","0","13","12","21","9","25","10","16","24","29","92","60","112","75","270","230","157","108","16","21","30","39","52","45","38","34","5","10","62","43","49","62","59","53","34","29","44","39","4","7","40","25","1724","238","103","62","55","42","19","34","0","13","15","23","9","17","21","26","94","126","99","60","136","102","53","46","69","62","0","13","74","96","41","43","66","70","126","92","32","30","62","35","135","66","96","50","224","97","195","70",
"1400000US18097381205","Census Tract 3812.05; Marion County; Indiana","7709","1010","3219","601","305","180","244","108","123","63","22","39","288","228","50","75","90","112","48","49","251","123","405","223","210","122","404","221","207","131","154","144","121","95","36","45","34","34","67","86","0","18","46","32","68","63","32","37","14","22","4490","619","535","311","417","217","561","207","96","88","67","65","62","64","0","18","173","109","567","188","300","185","263","100","257","131","109","90","235","139","159","147","56","47","159","109","78","51","14","22","140","93","173","91","21","25","48","49",
"1400000US18097381206","Census Tract 3812.06; Marion County; Indiana","4215","703","2001","468","94","86","100","78","167","80","93","78","52","71","0","13","0","13","119","76","157","129","165","94","192","142","195","194","91","54","148","75","69","53","14","22","44","41","51","39","22","24","152","54","76","51","0","13","0","13","2214","375","109","74","91","98","212","146","46","62","46","54","0","13","10","16","75","55","291","135","33","29","170","150","52","42","144","102","126","63","147","97","72","48","56","46","90","48","74","47","170","72","90","55","54","39","56","39",
"1400000US18097381207","Census Tract 3812.07; Marion County; Indiana","4407","1381","2045","567","126","78","174","85","58","48","62","65","62","73","0","13","0","13","89","123","50","41","192","132","347","371","131","65","14","23","124","60","230","261","69","88","57","43","29","30","53","39","32","30","107","55","20","24","19","32","2362","909","246","202","295","193","320","203","88","94","45","46","12","20","10","17","29","40","54","47","107","72","298","313","108","73","47","42","231","147","52","42","33","31","48","36","56","52","22","30","99","48","71","43","47","42","44","33",
"1400000US18097390102","Census Tract 3901.02; Marion County; Indiana","5309","1046","2023","420","67","103","327","195","210","142","0","18","95","128","35","57","0","18","81","92","156","118","66","65","229","109","101","69","59","86","112","85","89","66","40","35","47","54","89","99","38","44","50","48","93","147","39","45","0","18","3286","816","198","196","251","185","223","144","83","77","75","110","34","43","28","43","41","49","339","117","267","121","513","588","88","80","46","57","61","55","192","117","40","45","106","71","157","207","40","42","207","109","220","157","1","17","76","98",
"1400000US18097390103","Census Tract 3901.03; Marion County; Indiana","3248","378","1652","331","188","146","87","62","84","59","67","75","0","13","0","13","8","15","5","12","97","80","140","90","119","69","151","85","96","115","105","103","38","51","172","199","79","58","33","33","59","41","39","26","58","37","8","14","19","29","1596","220","101","87","88","72","60","65","173","139","0","13","0","13","27","37","25","36","134","75","72","67","201","78","24","27","96","72","97","91","108","69","59","49","20","23","47","44","54","35","76","41","116","169","0","13","18","28",
"1400000US18097390104","Census Tract 3901.04; Marion County; Indiana","7380","918","3507","511","278","206","392","223","145","93","116","98","182","103","0","18","82","72","178","108","163","115","262","179","341","144","141","104","278","154","82","72","325","198","210","178","34","42","101","65","34","42","136","86","0","18","0","18","27","40","3873","567","45","71","374","170","515","150","227","150","152","127","68","75","31","46","133","93","202","120","190","103","241","144","266","138","312","148","139","95","269","285","89","58","160","97","37","41","57","52","273","230","0","18","55","64","38","44",
"1400000US18097390200","Census Tract 3902; Marion County; Indiana","6704","679","3348","450","238","125","356","154","264","118","142","106","77","55","33","36","20","34","132","114","439","331","194","103","252","110","287","130","205","105","130","76","116","103","145","126","43","39","69","58","71","58","93","60","42","48","0","18","0","18","3356","358","203","117","278","123","227","118","132","82","57","52","36","58","0","18","0","18","523","327","279","167","270","121","167","94","265","104","95","65","252","169","245","158","19","34","51","42","65","37","135","84","8","14","31","38","18","28",
"1400000US18097390300","Census Tract 3903; Marion County; Indiana","7413","1025","4069","630","575","222","318","91","414","205","147","81","43","53","25","41","226","203","132","173","227","137","293","141","321","177","72","119","324","165","314","167","234","133","95","110","111","85","84","81","37","42","18","31","41","47","0","18","18","31","3344","542","206","75","177","134","340","120","76","80","70","102","48","73","0","18","116","130","150","94","289","110","265","114","253","145","167","145","210","138","301","162","82","81","175","144","163","101","8","13","98","90","21","35","35","38","94","111",
"1400000US18097390405","Census Tract 3904.05; Marion County; Indiana","4050","481","1801","355","95","109","205","132","50","62","0","13","0","13","0","13","8","15","113","136","71","62","341","199","144","100","168","124","18","36","130","80","77","57","46","57","74","64","18","28","4","14","129","85","90","94","0","13","20","25","2249","334","92","79","114","114","35","52","5","19","14","25","32","38","26","45","129","117","279","149","269","140","269","167","139","97","64","63","104","75","130","99","59","62","47","38","140","143","37","52","168","90","42","51","0","13","55","56",
"1400000US18097390406","Census Tract 3904.06; Marion County; Indiana","7046","1172","3947","769","163","118","461","280","524","334","468","197","227","162","0","18","13","20","113","95","106","74","212","155","171","96","267","127","391","174","177","126","116","85","156","136","86","59","34","40","70","50","56","48","60","60","21","33","55","50","3099","573","330","234","225","103","215","153","173","100","77","77","11","17","0","18","0","18","150","79","283","240","294","223","132","90","307","209","190","100","234","120","18","28","83","76","63","44","107","99","94","48","25","28","26","29","62","66",
"1400000US18097390407","Census Tract 3904.07; Marion County; Indiana","6659","843","3445","427","271","206","256","112","349","116","191","101","136","104","100","148","26","29","53","39","64","55","70","57","280","111","180","107","411","144","270","117","246","97","78","43","127","60","33","23","57","47","200","151","29","28","9","16","9","15","3214","510","138","82","297","214","261","116","235","153","84","80","8","13","38","37","17","26","46","48","67","36","290","128","259","103","281","126","254","103","303","167","70","47","50","35","63","57","97","59","134","142","47","37","126","113","49","42",
"1400000US18097390408","Census Tract 3904.08; Marion County; Indiana","5537","641","2701","326","189","90","148","93","245","127","165","81","72","76","36","52","0","18","54","45","153","83","189","89","112","58","250","83","108","62","287","131","141","111","154","197","83","57","38","38","50","42","78","51","106","91","23","23","20","29","2836","426","233","135","234","133","180","148","405","223","47","40","90","98","15","21","67","53","107","69","133","85","171","82","151","73","96","67","364","125","137","149","74","54","57","46","104","57","51","44","68","43","38","31","14","16","0","18",
"1400000US18097390409","Census Tract 3904.09; Marion County; Indiana","7071","652","3218","355","216","106","212","129","298","178","76","104","0","18","0","18","0","18","109","94","160","101","322","136","337","141","256","142","200","145","86","79","197","119","155","120","197","96","116","76","67","64","74","59","121","82","19","30","0","18","3853","637","379","141","330","195","156","109","108","110","93","84","18","31","50","86","71","73","224","142","345","166","142","108","635","511","212","145","115","76","310","105","15","28","205","107","82","68","114","81","39","40","132","88","20","33","58","54",
"1400000US18097390410","Census Tract 3904.10; Marion County; Indiana","1855","245","918","196","60","32","80","79","30","24","30","26","52","50","4","7","9","11","34","25","62","34","36","31","16","21","47","34","32","27","132","94","77","32","52","62","8","10","20","23","7","11","33","24","55","30","7","10","35","28","937","100","12","21","25","22","43","32","77","53","27","22","4","7","0","13","54","36","84","51","46","36","91","43","27","24","58","39","79","35","50","24","10","14","53","59","48","29","41","26","54","28","30","27","24","26","0","13",
"1400000US18097390411","Census Tract 3904.11; Marion County; Indiana","3967","580","1872","350","138","116","167","108","227","120","137","82","9","15","0","13","0","13","38","49","111","117","77","56","354","187","47","43","38","39","82","58","128","95","33","29","112","78","16","25","33","32","48","43","41","33","5","8","31","39","2095","351","168","158","96","109","169","104","114","82","70","64","0","13","0","13","13","16","138","110","101","67","322","125","58","47","116","71","124","75","175","100","15","21","24","26","87","65","101","127","71","55","23","20","77","56","33","32",
"1400000US18097390500","Census Tract 3905; Marion County; Indiana","2586","511","1343","387","136","133","111","74","19","34","154","189","0","13","0","13","0","13","22","33","116","119","61","52","169","139","87","76","73","51","63","58","56","65","32","44","77","56","42","50","51","57","36","33","0","13","38","29","0","13","1243","275","78","82","25","41","185","137","150","93","37","53","22","33","0","13","18","28","67","83","69","56","116","66","23","34","56","48","21","30","131","95","65","41","0","13","37","44","52","48","58","49","2","8","10","16","21","35",
"1400000US18097390601","Census Tract 3906.01; Marion County; Indiana","1749","606","683","181","56","59","14","24","0","13","27","28","20","35","49","69","0","13","140","100","85","116","0","13","40","45","32","43","47","43","15","22","0","13","0","13","38","54","38","37","8","13","46","45","19","19","9","15","0","13","1066","588","9","13","0","13","14","21","22","36","35","40","9","15","71","59","285","255","301","316","8","13","31","35","51","50","65","60","18","20","15","17","0","13","52","63","0","13","17","17","55","50","0","13","8","13","0","13",
"1400000US18097390602","Census Tract 3906.02; Marion County; Indiana","3575","373","1645","446","72","73","99","76","66","87","5","12","49","41","48","66","34","61","150","124","185","141","383","261","84","60","0","13","54","44","56","50","24","32","11","19","32","41","19","19","5","9","93","64","50","72","80","73","46","54","1930","331","20","33","141","151","76","90","29","35","0","13","24","28","28","41","196","247","243","187","103","84","142","95","98","76","17","26","71","55","133","71","23","35","73","48","79","69","98","66","40","34","90","87","111","77","95","48",
"1400000US18097390700","Census Tract 3907; Marion County; Indiana","4468","913","2427","785","29","39","296","158","608","605","15","28","83","78","75","69","2","3","58","46","56","51","56","49","208","139","67","62","118","117","155","82","308","285","27","30","37","38","88","92","12","18","41","44","75","98","13","19","0","13","2041","452","197","147","159","126","258","165","96","97","44","69","47","47","23","35","47","58","65","49","319","210","85","66","222","158","67","82","115","53","55","53","38","38","43","40","24","41","38","32","73","84","13","19","0","13","13","21",
"1400000US18097390801","Census Tract 3908.01; Marion County; Indiana","0","13","0","13","0","13","0","13","0","13","0","13","0","13","0","13","0","13","0","13","0","13","0","13","0","13","0","13","0","13","0","13","0","13","0","13","0","13","0","13","0","13","0","13","0","13","0","13","0","13","0","13","0","13","0","13","0","13","0","13","0","13","0","13","0","13","0","13","0","13","0","13","0","13","0","13","0","13","0","13","0","13","0","13","0","13","0","13","0","13","0","13","0","13","0","13","0","13",
"1400000US18097390802","Census Tract 3908.02; Marion County; Indiana","4431","719","2480","419","238","137","230","138","124","96","178","116","62","55","19","26","31","52","123","98","206","95","190","120","318","162","208","116","72","67","191","104","122","92","19","31","9","14","11","20","41","37","34","34","35","26","19","21","0","13","1951","401","108","78","117","80","77","78","158","129","55","66","14","24","33","39","17","21","161","110","139","126","249","143","276","137","89","67","149","85","110","64","0","13","49","51","7","10","36","32","47","41","24","24","13","21","23","23",
"1400000US18097390900","Census Tract 3909; Marion County; Indiana","3082","549","1551","322","116","52","72","46","30","47","15","27","36","39","10","17","21","37","37","33","362","240","172","77","172","79","93","45","44","33","51","46","22","24","24","28","59","39","57","39","95","78","56","33","7","12","0","13","0","13","1531","356","97","66","128","141","33","37","0","13","0","13","22","28","0","13","100","80","214","129","146","64","341","181","86","55","46","34","69","48","63","44","8","13","31","29","10","20","28","19","15","19","70","47","10","16","14","22",
"1400000US18097391001","Census Tract 3910.01; Marion County; Indiana","2362","263","957","177","12","18","0","13","0","13","2","5","420","99","62","66","32","28","129","65","89","66","83","81","53","29","6","8","32","32","6","11","14","20","1","3","8","10","0","13","0","13","8","9","0","13","0","13","0","13","1405","289","20","16","0","13","0","13","0","13","738","263","163","74","111","69","182","111","87","60","25","26","29","29","13","21","0","13","6","10","14","21","0","13","0","13","0","13","9","9","0","13","0","13","0","13","8","9",
"1400000US18097391002","Census Tract 3910.02; Marion County; Indiana","5791","781","2900","485","15","25","0","18","0","18","6","12","82","111","68","79","30","46","483","186","724","253","592","373","149","100","130","128","13","20","134","113","181","119","143","182","35","46","46","53","28","46","0","18","41","48","0","18","0","18","2891","600","89","90","16","28","8","20","0","18","22","34","57","56","35","39","522","245","1037","490","698","276","45","50","30","41","26","32","33","50","67","109","48","78","47","57","9","14","45","52","57","52","0","18","0","18","0","18",
