"GEO_ID","NAME","B01001_001E","B01001_001M","B01001_002E","B01001_002M","B01001_003E","B01001_003M","B01001_004E","B01001_004M","B01001_005E","B01001_005M","B01001_006E","B01001_006M","B01001_007E","B01001_007M","B01001_008E","B01001_008M","B01001_009E","B01001_009M","B01001_010E","B01001_010M","B01001_011E","B01001_011M","B01001_012E","B01001_012M","B01001_013E","B01001_013M","B01001_014E","B01001_014M","B01001_015E","B01001_015M","B01001_016E","B01001_016M","B01001_017E","B01001_017M","B01001_018E","B01001_018M","B01001_019E","B01001_019M","B01001_020E","B01001_020M","B01001_021E","B01001_021M","B01001_022E","B01001_022M","B01001_023E","B01001_023M","B01001_024E","B01001_024M","B01001_025E","B01001_025M","B01001_026E","B01001_026M","B01001_027E","B01001_027M","B01001_028E","B01001_028M","B01001_029E","B01001_029M","B01001_030E","B01001_030M","B01001_031E","B01001_031M","B01001_032E","B01001_032M","B01001_033E","B01001_033M","B01001_034E","B01001_034M","B01001_035E","B01001_035M","B01001_036E","B01001_036M","B01001_037E","B01001_037M","B01001_038E","B01001_038M","B01001_039E","B01001_039M","B01001_040E","B01001_040M","B01001_041E","B01001_041M","B01001_042E","B01001_042M","B01001_043E","B01001_043M","B01001_044E","B01001_044M","B01001_045E","B01001_045M","B01001_046E","B01001_046M","B01001_047E","B01001_047M","B01001_048E","B01001_048M","B01001_049E","B01001_049M",
"Geography","Geographic Area Name","Estimate!!Total","Margin of Error!!Total","Estimate!!Total!!Male","Margin of Error!!Total!!Male","Estimate!!Total!!Male!!Under 5 years","Margin of Error!!Total!!Male!!Under 5 years","Estimate!!Total!!Male!!5 to 9 years","Margin of Error!!Total!!Male!!5 to 9 years","Estimate!!Total!!Male!!10 to 14 years","Margin of Error!!Total!!Male!!10 to 14 years","Estimate!!Total!!Male!!15 to 17 years","Margin of Error!!Total!!Male!!15 to 17 years","Estimate!!Total!!Male!!18 and 19 years","Margin of Error!!Total!!Male!!18 and 19 years","Estimate!!Total!!Male!!20 years","Margin of Error!!Total!!Male!!20 years","Estimate!!Total!!Male!!21 years","Margin of Error!!Total!!Male!!21 years","Estimate!!Total!!Male!!22 to 24 years","Margin of Error!!Total!!Male!!22 to 24 years","Estimate!!Total!!Male!!25 to 29 years","Margin of Error!!Total!!Male!!25 to 29 years","Estimate!!Total!!Male!!30 to 34 years","Margin of Error!!Total!!Male!!30 to 34 years","Estimate!!Total!!Male!!35 to 39 years","Margin of Error!!Total!!Male!!35 to 39 years","Estimate!!Total!!Male!!40 to 44 years","Margin of Error!!Total!!Male!!40 to 44 years","Estimate!!Total!!Male!!45 to 49 years","Margin of Error!!Total!!Male!!45 to 49 years","Estimate!!Total!!Male!!50 to 54 years","Margin of Error!!Total!!Male!!50 to 54 years","Estimate!!Total!!Male!!55 to 59 years","Margin of Error!!Total!!Male!!55 to 59 years","Estimate!!Total!!Male!!60 and 61 years","Margin of Error!!Total!!Male!!60 and 61 years","Estimate!!Total!!Male!!62 to 64 years","Margin of Error!!Total!!Male!!62 to 64 years","Estimate!!Total!!Male!!65 and 66 years","Margin of Error!!Total!!Male!!65 and 66 years","Estimate!!Total!!Male!!67 to 69 years","Margin of Error!!Total!!Male!!67 to 69 years","Estimate!!Total!!Male!!70 to 74 years","Margin of Error!!Total!!Male!!70 to 74 years","Estimate!!Total!!Male!!75 to 79 years","Margin of Error!!Total!!Male!!75 to 79 years","Estimate!!Total!!Male!!80 to 84 years","Margin of Error!!Total!!Male!!80 to 84 years","Estimate!!Total!!Male!!85 years and over","Margin of Error!!Total!!Male!!85 years and over","Estimate!!Total!!Female","Margin of Error!!Total!!Female","Estimate!!Total!!Female!!Under 5 years","Margin of Error!!Total!!Female!!Under 5 years","Estimate!!Total!!Female!!5 to 9 years","Margin of Error!!Total!!Female!!5 to 9 years","Estimate!!Total!!Female!!10 to 14 years","Margin of Error!!Total!!Female!!10 to 14 years","Estimate!!Total!!Female!!15 to 17 years","Margin of Error!!Total!!Female!!15 to 17 years","Estimate!!Total!!Female!!18 and 19 years","Margin of Error!!Total!!Female!!18 and 19 years","Estimate!!Total!!Female!!20 years","Margin of Error!!Total!!Female!!20 years","Estimate!!Total!!Female!!21 years","Margin of Error!!Total!!Female!!21 years","Estimate!!Total!!Female!!22 to 24 years","Margin of Error!!Total!!Female!!22 to 24 years","Estimate!!Total!!Female!!25 to 29 years","Margin of Error!!Total!!Female!!25 to 29 years","Estimate!!Total!!Female!!30 to 34 years","Margin of Error!!Total!!Female!!30 to 34 years","Estimate!!Total!!Female!!35 to 39 years","Margin of Error!!Total!!Female!!35 to 39 years","Estimate!!Total!!Female!!40 to 44 years","Margin of Error!!Total!!Female!!40 to 44 years","Estimate!!Total!!Female!!45 to 49 years","Margin of Error!!Total!!Female!!45 to 49 years","Estimate!!Total!!Female!!50 to 54 years","Margin of Error!!Total!!Female!!50 to 54 years","Estimate!!Total!!Female!!55 to 59 years","Margin of Error!!Total!!Female!!55 to 59 years","Estimate!!Total!!Female!!60 and 61 years","Margin of Error!!Total!!Female!!60 and 61 years","Estimate!!Total!!Female!!62 to 64 years","Margin of Error!!Total!!Female!!62 to 64 years","Estimate!!Total!!Female!!65 and 66 years","Margin of Error!!Total!!Female!!65 and 66 years","Estimate!!Total!!Female!!67 to 69 years","Margin of Error!!Total!!Female!!67 to 69 years","Estimate!!Total!!Female!!70 to 74 years","Margin of Error!!Total!!Female!!70 to 74 years","Estimate!!Total!!Female!!75 to 79 years","Margin of Error!!Total!!Female!!75 to 79 years","Estimate!!Total!!Female!!80 to 84 years","Margin of Error!!Total!!Female!!80 to 84 years","Estimate!!Total!!Female!!85 years and over","Margin of Error!!Total!!Female!!85 years and over",
"1400000US18097310103","Census Tract 3101.03, Marion County, Indiana","7282","588","3500","435","108","75","258","114","289","99","156","81","24","32","22","36","167","238","117","67","177","159","162","104","136","61","209","84","287","94","405","118","327","90","104","62","66","47","85","62","62","48","147","68","162","72","30","33","0","16","3782","358","232","108","170","82","173","105","282","159","134","83","59","71","38","43","99","79","87","81","137","98","192","67","244","107","387","166","416","111","379","109","123","68","175","78","74","59","121","64","112","69","67","46","59","51","22","27",
"1400000US18097310104","Census Tract 3101.04, Marion County, Indiana","3038","269","1196","212","19","38","0","11","13","22","0","11","36","45","53","49","12","19","8","14","226","105","160","64","33","40","26","37","0","11","25","30","106","64","13","24","111","70","37","41","40","38","37","34","122","83","28","26","91","59","1842","235","65","71","0","11","96","97","24","37","0","11","21","32","10","17","63","59","213","96","159","87","190","106","44","44","46","58","126","92","116","85","67","50","103","77","38","36","15","27","169","65","54","39","103","84","120","62",
"1400000US18097310105","Census Tract 3101.05, Marion County, Indiana","3676","263","1916","217","184","85","49","33","263","134","117","76","33","40","8","14","11","17","109","77","88","42","150","76","86","42","130","77","130","70","116","45","71","34","37","31","78","44","85","54","52","49","60","64","16","18","43","42","0","11","1760","200","106","55","107","62","51","46","57","54","0","11","0","11","44","44","97","62","130","70","176","67","153","80","132","60","82","41","116","66","170","55","28","26","70","34","58","34","33","25","76","38","16","16","27","42","31","26",
"1400000US18097310106","Census Tract 3101.06, Marion County, Indiana","3931","426","1567","259","35","44","98","106","71","71","26","37","61","87","0","11","25","42","139","116","171","126","273","115","57","51","7","20","131","132","65","48","78","59","37","41","51","47","21","22","19","28","34","36","11","22","78","50","79","57","2364","358","173","156","49","65","179","125","82","108","35","54","62","92","25","40","180","115","336","187","138","76","211","127","163","135","103","87","116","60","23","32","25","32","94","65","5","14","15","23","16","22","38","37","144","59","152","95",
"1400000US18097310108","Census Tract 3101.08, Marion County, Indiana","3369","285","1674","178","63","49","30","23","120","71","16","16","18","21","87","116","0","11","38","47","127","73","50","38","134","61","97","61","70","65","91","50","185","72","55","28","153","49","32","23","92","42","115","49","65","40","32","24","4","6","1695","153","35","33","42","32","102","79","26","22","16","17","43","57","14","19","19","24","111","54","97","40","112","78","48","29","105","58","96","45","154","57","142","57","133","54","103","51","118","49","103","56","49","31","18","17","9","15",
"1400000US18097310110","Census Tract 3101.10, Marion County, Indiana","2891","254","1283","157","78","46","156","70","61","55","53","56","16","27","0","11","0","11","122","87","147","60","177","62","81","42","53","37","37","30","88","58","95","66","34","32","15","17","9","13","0","11","42","35","10","15","9","15","0","11","1608","204","129","76","89","68","52","34","0","11","32","51","63","74","0","11","135","78","261","73","154","63","137","50","75","42","53","57","69","41","161","81","46","40","100","60","7","11","19","19","11","18","0","11","0","11","15","24",
"1400000US18097310111","Census Tract 3101.11, Marion County, Indiana","3787","321","1703","252","109","80","167","78","173","115","63","58","38","58","0","11","28","32","109","78","308","186","132","64","57","51","46","36","60","50","38","43","63","46","35","37","114","51","20","24","33","30","87","74","12","19","5","12","6","13","2084","247","131","85","42","40","59","72","81","65","35","50","7","11","31","41","212","62","268","107","298","178","208","105","77","48","97","66","141","70","91","51","28","25","31","30","47","58","70","49","15","19","33","41","60","53","22","18",
"1400000US18097310201","Census Tract 3102.01, Marion County, Indiana","3578","405","1684","355","151","73","145","108","128","98","45","32","5","11","0","11","0","11","113","101","186","110","140","86","68","44","126","58","104","53","165","76","98","47","47","50","58","34","27","22","26","21","23","22","14","14","15","17","0","11","1894","326","131","61","70","49","78","49","138","80","166","236","0","11","0","11","99","82","81","65","160","60","117","53","146","69","80","48","143","78","133","60","68","33","72","37","79","56","15","17","40","32","40","56","18","22","20","22",
"1400000US18097310203","Census Tract 3102.03, Marion County, Indiana","6120","467","3219","481","400","150","313","115","256","145","197","117","118","102","0","16","0","16","170","138","401","215","215","117","282","157","122","104","87","67","145","91","91","72","133","83","45","44","34","35","64","51","0","16","39","42","60","43","47","44","2901","344","230","121","161","120","223","171","52","40","12","21","0","16","28","41","116","97","147","102","256","142","332","129","192","109","45","48","124","68","306","129","17","25","81","69","71","51","28","34","75","56","83","60","141","96","181","79",
"1400000US18097310204","Census Tract 3102.04, Marion County, Indiana","5886","508","2697","299","141","83","220","100","337","107","140","69","99","72","0","16","31","38","117","73","110","67","287","166","168","68","217","117","236","113","230","81","144","76","39","29","75","51","9","15","35","28","32","26","19","20","0","16","11","18","3189","369","305","128","317","127","209","89","157","81","105","77","74","62","2","4","169","117","134","105","155","63","186","83","296","105","214","93","295","105","158","72","93","43","139","74","33","32","41","34","49","38","9","14","0","16","49","42",
"1400000US18097310305","Census Tract 3103.05, Marion County, Indiana","6760","675","3108","470","338","159","229","126","257","166","82","79","72","84","139","129","15","22","293","172","260","137","265","130","266","117","153","85","186","119","124","76","85","59","83","58","57","45","86","72","88","53","30","25","0","16","0","16","0","16","3652","488","255","149","199","129","364","220","198","140","132","74","86","80","16","26","254","127","225","118","360","135","372","172","240","136","146","85","177","106","140","70","32","47","160","86","47","42","57","40","119","97","29","33","15","23","29","34",
"1400000US18097310306","Census Tract 3103.06, Marion County, Indiana","6948","864","3228","542","498","179","354","131","415","213","60","65","92","96","102","114","81","62","292","222","139","132","307","148","107","78","185","115","113","77","111","79","244","156","18","23","51","44","22","23","20","23","5","12","4","11","8","15","0","16","3720","616","352","195","267","100","504","254","204","118","89","109","59","62","0","16","202","228","331","200","277","148","279","142","297","167","167","94","188","101","147","117","57","50","17","29","63","60","94","46","48","41","11","18","27","35","40","36",
"1400000US18097310308","Census Tract 3103.08, Marion County, Indiana","3651","509","1506","270","99","80","84","69","134","86","98","66","64","75","0","11","44","48","0","11","174","90","69","66","174","97","155","82","174","93","59","37","52","33","37","26","38","28","8","14","13","15","14","15","16","18","0","11","0","11","2145","381","326","176","148","93","192","85","72","62","37","59","49","76","53","59","136","83","106","76","131","88","178","110","141","94","175","116","97","45","84","39","32","26","37","23","15","17","29","26","49","31","15","17","13","19","30","32",
"1400000US18097310309","Census Tract 3103.09, Marion County, Indiana","3966","490","1810","292","221","110","147","105","85","82","108","100","0","11","32","43","0","11","80","74","295","194","128","74","117","72","170","111","9","14","9","14","120","68","59","64","60","55","19","23","116","88","17","18","0","11","18","21","0","11","2156","447","201","155","162","102","142","92","180","168","72","86","84","115","0","11","91","88","240","115","88","65","147","86","182","95","113","89","148","73","87","50","17","20","82","51","16","20","45","30","23","26","0","11","0","11","36","30",
"1400000US18097310310","Census Tract 3103.10, Marion County, Indiana","4840","356","2302","235","197","81","228","67","168","79","190","100","122","89","0","11","17","29","113","68","98","77","75","46","198","87","164","72","163","74","166","80","139","60","35","35","66","46","31","25","37","37","78","50","0","11","0","11","17","26","2538","271","175","90","116","65","122","55","158","83","52","56","13","22","30","35","112","61","184","98","270","117","156","76","249","84","235","84","176","76","204","73","22","18","96","45","7","11","53","51","27","23","0","11","45","42","36","32",
"1400000US18097310311","Census Tract 3103.11, Marion County, Indiana","5643","387","2550","240","176","82","212","75","235","99","96","82","10","19","71","54","9","15","154","90","179","95","168","77","249","111","139","68","68","34","180","61","175","81","47","33","110","60","37","27","95","41","70","40","56","45","14","16","0","16","3093","280","190","93","224","113","157","83","205","87","43","34","107","78","87","58","106","65","269","121","213","77","222","92","182","88","200","75","215","75","243","81","29","29","176","70","50","29","33","25","37","26","55","33","16","17","34","34",
"1400000US18097310312","Census Tract 3103.12, Marion County, Indiana","5892","723","2166","373","313","159","41","55","80","72","67","83","11","19","22","35","0","16","203","144","174","117","288","148","281","186","123","112","187","114","124","127","99","90","15","24","38","40","17","29","43","52","0","16","21","38","0","16","19","34","3726","630","349","254","415","254","122","119","13","24","73","69","0","16","84","88","477","235","311","157","161","114","183","119","233","112","401","172","205","111","203","115","69","58","52","50","64","71","41","58","78","81","64","86","0","16","128","112",
"1400000US18097320105","Census Tract 3201.05, Marion County, Indiana","4343","430","2148","288","106","85","127","73","205","84","151","101","13","22","0","11","79","125","131","77","205","153","219","142","123","55","115","77","50","49","190","88","118","56","14","25","27","37","60","50","28","30","74","52","49","49","21","28","43","42","2195","288","249","156","58","58","49","42","22","26","7","11","23","35","33","57","69","49","170","104","255","177","142","81","160","80","67","51","207","98","56","47","47","46","159","70","85","76","36","39","139","73","71","47","60","42","31","30",
"1400000US18097320106","Census Tract 3201.06, Marion County, Indiana","2232","238","1151","192","162","70","72","57","87","56","35","35","19","27","0","11","5","11","60","45","130","109","16","19","57","39","45","29","7","13","22","23","75","53","27","27","81","47","45","30","20","20","43","31","28","20","50","28","65","37","1081","152","34","36","33","30","43","41","18","29","26","36","16","24","8","12","76","66","27","32","33","26","78","52","79","48","29","32","53","34","51","37","98","48","70","46","39","31","36","26","62","37","27","28","58","48","87","50",
"1400000US18097320107","Census Tract 3201.07, Marion County, Indiana","1890","162","936","99","75","60","19","17","46","27","37","38","0","11","0","11","1","2","18","17","80","23","59","32","69","29","76","34","42","24","78","46","85","31","37","19","44","23","11","12","17","14","61","27","38","20","18","16","25","19","954","108","43","32","82","52","15","16","21","19","18","22","5","7","0","11","0","11","91","31","79","25","51","30","65","32","47","36","112","46","65","26","14","14","49","25","27","16","45","22","48","23","36","21","35","20","6","8",
"1400000US18097320108","Census Tract 3201.08, Marion County, Indiana","5024","572","2172","342","301","190","133","109","133","109","30","53","30","39","0","16","44","71","54","70","453","182","119","83","90","76","242","153","135","110","25","38","217","136","29","48","28","36","40","41","16","22","24","30","24","36","0","16","5","8","2852","458","392","242","82","99","182","121","136","109","74","113","34","59","90","103","142","98","528","179","145","86","224","136","173","109","92","75","91","68","41","39","49","52","51","48","27","45","77","65","92","88","69","51","6","10","55","45",
"1400000US18097320109","Census Tract 3201.09, Marion County, Indiana","2583","181","1128","125","57","46","77","39","45","27","54","44","17","18","0","11","0","11","0","11","34","30","16","19","91","51","48","31","22","22","125","49","68","46","22","19","65","38","12","14","51","59","105","54","104","47","61","37","54","53","1455","156","48","32","65","41","16","18","32","29","12","16","19","21","31","33","7","11","131","68","79","68","52","36","89","35","64","35","88","52","125","57","78","48","89","45","26","24","89","53","118","66","128","60","51","35","18","20",
"1400000US18097320202","Census Tract 3202.02, Marion County, Indiana","4155","367","1906","245","128","75","80","51","80","49","27","28","25","43","0","11","0","11","50","45","229","114","196","87","93","50","121","65","155","46","78","51","107","46","111","71","123","53","9","13","55","48","95","50","75","48","17","22","52","41","2249","230","84","45","64","39","178","96","91","60","31","29","29","38","0","11","61","38","134","92","123","59","125","68","98","54","126","51","105","47","231","94","63","35","129","51","17","20","45","37","86","52","232","100","24","22","173","87",
"1400000US18097320203","Census Tract 3202.03, Marion County, Indiana","3122","246","1420","141","0","11","39","34","118","50","45","39","19","20","18","22","12","18","79","42","175","57","185","73","56","40","74","53","127","52","80","55","68","33","7","12","47","28","35","32","8","13","77","51","66","38","17","20","68","48","1702","220","87","67","38","36","35","30","15","19","0","11","0","11","42","39","66","52","244","127","189","71","71","42","43","28","80","38","71","43","160","71","27","35","136","91","23","26","80","50","94","55","66","43","24","22","111","50",
"1400000US18097320204","Census Tract 3202.04, Marion County, Indiana","5089","401","2484","286","64","63","163","116","183","100","281","119","19","31","0","16","10","27","160","93","215","93","124","82","447","163","114","116","107","83","163","107","129","63","60","64","28","42","72","46","58","58","35","34","27","31","25","28","0","16","2605","353","67","77","63","76","136","93","59","64","27","37","54","54","21","24","206","96","388","204","183","90","150","88","238","92","161","104","124","88","55","44","73","63","61","48","149","90","62","48","133","71","48","37","60","59","87","58",
"1400000US18097320301","Census Tract 3203.01, Marion County, Indiana","3448","219","1667","180","45","36","107","43","107","56","9","14","8","15","14","23","0","11","45","39","231","144","87","59","126","70","100","57","54","35","47","32","71","49","43","31","120","52","49","37","81","39","89","55","122","57","75","52","37","28","1781","238","37","33","54","41","72","39","7","11","37","33","0","11","0","11","78","75","110","82","127","79","66","38","68","48","113","44","58","39","180","81","73","38","95","46","131","62","116","56","97","51","89","43","101","58","72","41",
"1400000US18097320303","Census Tract 3203.03, Marion County, Indiana","3424","328","1755","220","59","44","83","73","0","11","9","14","10","16","20","31","0","11","271","141","599","135","272","111","74","45","103","71","65","45","102","69","56","44","0","11","8","14","9","14","7","12","8","13","0","11","0","11","0","11","1669","283","143","83","45","36","20","30","15","25","21","23","6","9","44","62","254","97","596","199","137","81","137","70","37","31","90","60","32","27","36","27","0","11","9","13","0","11","19","27","28","27","0","11","0","11","0","11",
"1400000US18097320304","Census Tract 3203.04, Marion County, Indiana","6656","349","3190","334","176","109","293","103","198","87","109","68","32","35","20","32","24","35","123","135","296","166","125","77","151","75","181","79","382","123","184","110","271","125","28","33","105","69","56","43","138","69","62","40","83","50","116","64","37","37","3466","274","145","84","220","79","267","127","10","18","45","51","45","49","0","16","237","129","262","124","219","106","292","109","232","95","115","73","205","104","310","115","107","92","92","61","73","50","71","56","73","44","128","61","220","87","98","53",
"1400000US18097320400","Census Tract 3204, Marion County, Indiana","3260","251","1493","204","118","81","69","58","50","40","71","48","14","19","12","18","23","48","63","48","59","51","169","81","197","98","135","101","43","34","75","47","85","53","29","25","82","56","12","18","74","57","37","37","37","32","37","33","2","4","1767","164","193","95","69","54","39","37","117","61","16","27","0","11","24","31","48","42","116","87","234","91","108","61","114","57","65","43","181","77","70","43","26","21","59","48","40","40","41","48","64","39","38","31","45","35","60","52",
"1400000US18097320500","Census Tract 3205, Marion County, Indiana","3104","201","1296","120","74","67","44","44","129","55","54","44","10","16","0","11","0","11","0","11","149","83","60","46","138","53","46","36","89","53","78","47","104","51","9","14","74","41","45","27","26","24","46","32","18","19","30","26","73","56","1808","191","85","59","73","48","158","73","100","52","55","39","46","53","0","11","28","24","180","108","103","51","132","70","90","53","83","48","72","43","80","44","46","32","104","63","48","36","67","38","49","31","27","23","115","98","67","48",
"1400000US18097320600","Census Tract 3206, Marion County, Indiana","2197","187","1171","140","58","44","17","15","14","15","37","40","21","25","13","20","0","11","56","46","212","89","141","60","55","36","20","21","57","31","73","41","210","98","29","27","39","28","42","30","7","12","34","27","18","19","18","19","0","11","1026","134","54","47","25","32","8","14","0","11","12","15","0","11","34","43","18","21","161","79","138","52","40","37","15","19","54","31","122","68","107","39","31","28","20","22","25","22","56","28","34","40","26","26","25","20","21","19",
"1400000US18097320700","Census Tract 3207, Marion County, Indiana","1959","184","1082","164","21","23","33","34","77","48","36","38","9","15","11","18","0","11","91","97","152","71","88","72","119","88","77","40","78","39","78","46","21","24","68","53","30","26","26","28","23","23","33","28","11","17","0","11","0","11","877","126","40","34","18","22","23","23","41","34","0","11","14","22","0","11","58","47","79","46","116","56","41","29","76","40","21","21","85","47","95","45","11","19","34","31","46","34","24","24","23","21","10","17","0","11","22","24",
"1400000US18097320800","Census Tract 3208, Marion County, Indiana","3039","145","1444","96","98","42","115","31","129","37","80","31","12","9","28","34","15","18","15","11","23","12","37","23","98","26","99","39","112","29","94","31","147","33","59","26","36","15","32","14","72","23","63","21","27","13","30","17","23","13","1595","110","99","31","80","23","145","51","62","28","8","8","5","6","0","11","26","22","40","29","39","16","100","29","83","28","129","32","154","40","131","34","41","18","69","21","90","55","72","23","65","21","16","13","74","32","67","33",
"1400000US18097320901","Census Tract 3209.01, Marion County, Indiana","6400","607","2893","501","201","119","300","140","211","120","99","68","54","56","0","16","39","63","170","151","144","116","143","106","93","52","254","98","141","61","97","70","185","79","97","125","179","106","78","55","181","103","114","62","11","12","64","48","38","36","3507","351","111","73","139","95","227","126","51","47","57","58","80","97","21","37","227","204","64","50","91","57","260","110","266","159","290","110","157","73","518","189","82","68","102","70","116","61","92","49","138","78","108","73","125","73","185","87",
"1400000US18097320902","Census Tract 3209.02, Marion County, Indiana","4275","482","1929","323","402","180","167","110","156","121","81","51","44","39","15","21","40","45","74","59","198","113","167","81","71","47","70","66","78","48","75","42","82","48","18","22","34","51","17","23","22","20","76","48","19","20","7","11","16","17","2346","346","272","134","285","162","204","108","98","67","14","18","47","57","40","47","48","41","121","72","298","89","111","69","135","76","124","77","100","79","142","58","65","33","47","31","30","28","79","57","44","30","12","14","26","24","4","7",
"1400000US18097320903","Census Tract 3209.03, Marion County, Indiana","5127","584","2513","408","336","172","231","112","284","137","100","71","78","57","12","19","136","94","99","79","197","125","259","125","22","27","113","60","226","97","174","90","65","54","19","23","78","58","0","16","12","18","43","32","16","25","13","23","0","16","2614","388","208","176","312","121","278","148","160","103","143","90","18","22","47","72","86","72","200","104","173","89","171","90","185","117","110","76","112","70","147","78","21","20","43","38","11","16","16","23","36","33","59","35","13","19","65","47",
"1400000US18097321001","Census Tract 3210.01, Marion County, Indiana","2889","263","1417","158","118","62","113","79","89","64","62","37","27","40","27","45","0","11","80","84","95","62","52","33","52","47","139","68","40","33","158","75","64","53","79","61","45","39","32","23","31","26","14","17","40","38","34","25","26","32","1472","212","139","101","35","36","48","46","26","28","9","14","0","11","19","28","71","67","149","91","165","80","83","62","85","69","104","63","71","43","47","36","32","37","77","40","43","31","74","42","19","19","72","36","61","53","43","32",
"1400000US18097321002","Census Tract 3210.02, Marion County, Indiana","4458","471","2006","324","167","179","145","77","138","75","60","61","53","51","35","38","30","33","76","54","82","60","171","103","46","36","52","60","148","77","80","48","257","86","30","34","44","43","50","61","58","40","100","48","55","44","63","37","66","46","2452","346","120","100","217","141","154","66","132","84","11","18","11","17","17","25","75","52","159","126","151","91","223","85","86","66","151","87","130","72","125","81","72","44","102","89","52","41","117","82","153","68","66","43","64","43","64","49",
"1400000US18097321100","Census Tract 3211, Marion County, Indiana","3787","248","1795","204","54","27","154","81","133","72","124","66","126","71","13","21","3","5","17","12","88","45","53","28","120","69","140","62","142","57","112","62","100","45","52","32","55","31","37","26","47","27","101","57","36","24","55","42","33","23","1992","203","87","44","54","32","163","56","106","48","21","21","3","5","89","83","54","41","44","29","128","58","108","49","122","74","234","86","108","51","170","66","33","27","95","37","71","51","42","25","52","27","78","30","89","35","41","29",
"1400000US18097321200","Census Tract 3212, Marion County, Indiana","5174","348","2427","261","176","81","162","107","154","127","45","68","15","25","20","32","0","16","58","67","195","97","189","92","189","81","168","90","315","136","166","101","156","80","33","37","142","95","31","36","107","68","57","46","33","37","0","16","16","26","2747","294","123","59","280","134","269","104","119","94","22","25","0","16","0","16","0","16","293","123","203","98","143","89","244","111","227","124","193","106","277","174","30","34","169","85","45","42","33","45","30","35","16","26","16","26","15","24",
"1400000US18097321300","Census Tract 3213, Marion County, Indiana","2455","224","1456","215","62","46","33","28","18","28","0","11","31","27","0","11","15","21","303","161","351","148","219","67","78","36","120","57","45","37","35","32","60","36","19","20","10","15","38","43","11","18","0","11","0","11","8","12","0","11","999","136","32","28","11","17","49","49","0","11","4","7","0","11","0","11","58","45","209","75","143","67","111","55","19","21","87","59","82","42","52","34","28","25","31","28","20","22","28","26","0","11","26","23","0","11","9","14",
"1400000US18097321400","Census Tract 3214, Marion County, Indiana","5654","465","2520","389","142","109","78","72","39","44","128","79","0","16","31","51","17","28","67","67","393","154","300","181","196","101","148","121","190","137","103","85","113","68","117","82","123","70","46","39","72","47","52","48","38","41","71","77","56","47","3134","413","176","67","138","77","42","64","45","45","0","16","0","16","0","16","217","146","627","236","200","97","225","143","144","94","124","73","294","104","292","188","91","61","112","59","74","63","64","63","73","53","49","44","54","52","93","70",
"1400000US18097321600","Census Tract 3216, Marion County, Indiana","5633","510","2515","363","164","92","126","109","102","78","71","80","66","102","13","24","43","48","165","115","215","133","257","108","205","145","162","83","159","104","159","96","123","69","62","50","134","105","68","58","49","48","75","55","64","47","33","38","0","16","3118","387","108","88","217","130","307","178","65","58","52","55","0","16","0","16","105","92","310","129","349","171","176","123","153","104","195","111","121","82","261","152","93","74","90","79","74","53","34","41","195","86","92","79","20","30","101","88",
"1400000US18097321700","Census Tract 3217, Marion County, Indiana","3644","329","1859","244","48","71","49","45","68","62","18","30","30","31","11","21","17","21","69","66","365","166","252","113","292","118","65","47","165","83","42","36","126","79","47","43","55","54","0","11","20","27","0","11","19","23","47","41","54","43","1785","279","68","65","59","59","9","15","28","44","0","11","0","11","0","11","106","68","261","113","143","86","56","52","143","74","107","78","89","54","156","105","34","33","49","46","43","36","116","99","19","24","42","40","97","67","160","103",
"1400000US18097321800","Census Tract 3218, Marion County, Indiana","3714","209","1778","209","111","54","76","37","50","33","62","37","9","13","0","11","0","11","42","34","259","181","195","64","105","58","239","73","107","52","140","59","119","45","22","16","45","31","77","37","31","28","58","29","31","26","0","11","0","11","1936","183","208","105","112","52","97","44","56","47","4","8","0","11","0","11","28","26","279","118","147","62","198","67","163","64","93","36","150","55","95","41","37","29","104","48","31","27","34","29","57","30","22","26","0","11","21","22",
"1400000US18097321900","Census Tract 3219, Marion County, Indiana","6416","559","2681","387","146","68","115","58","111","46","69","60","537","152","154","75","327","280","151","119","130","53","139","70","135","54","96","56","109","47","106","52","101","47","53","34","37","31","9","14","38","28","40","32","44","46","17","18","17","18","3735","441","99","59","184","73","150","70","46","30","1180","220","324","92","303","131","264","161","107","64","156","65","143","58","214","109","113","49","94","44","111","55","18","20","17","19","0","16","53","31","93","53","25","23","16","18","25","23",
"1400000US18097322000","Census Tract 3220, Marion County, Indiana","3643","401","1533","243","37","37","125","92","42","30","91","64","53","46","11","18","24","31","76","85","156","69","141","68","127","57","105","82","60","47","49","40","119","57","46","49","113","55","31","40","28","26","42","25","28","33","10","14","19","28","2110","269","86","62","93","49","95","53","97","50","9","17","37","43","112","68","99","80","196","92","202","72","133","91","123","65","97","48","67","49","251","103","125","78","33","30","48","36","51","30","39","31","62","41","32","25","23","17",
"1400000US18097322100","Census Tract 3221, Marion County, Indiana","2655","409","1077","220","71","58","74","61","71","64","0","11","0","11","13","20","0","11","69","52","39","35","109","63","118","56","173","82","45","43","79","54","32","36","27","43","27","28","17","20","44","47","44","30","9","14","16","19","0","11","1578","293","172","92","161","82","205","122","21","22","0","11","0","11","27","26","8","15","204","122","184","79","103","58","69","51","51","39","70","59","45","38","7","12","42","38","35","43","42","32","36","28","33","29","37","42","26","41",
"1400000US18097322200","Census Tract 3222, Marion County, Indiana","2238","165","1120","114","94","37","59","34","99","43","53","31","0","11","0","11","0","11","29","27","151","74","86","42","97","33","63","27","38","20","96","42","65","31","14","12","26","17","24","18","36","20","21","12","21","13","27","18","21","17","1118","122","102","47","138","69","46","24","35","18","25","19","0","11","0","11","6","8","77","37","86","34","82","35","99","45","90","30","82","29","52","29","44","21","32","23","18","17","42","18","17","14","14","13","10","14","21","17",
"1400000US18097322300","Census Tract 3223, Marion County, Indiana","2613","171","1223","127","161","64","56","34","9","13","23","25","21","21","0","11","0","11","81","54","157","71","203","64","65","35","96","40","82","39","69","39","47","43","11","17","47","36","13","19","20","21","30","22","20","20","0","11","12","16","1390","140","102","49","66","36","21","23","12","18","0","11","0","11","14","19","108","90","284","108","150","41","95","38","53","34","94","52","94","39","50","37","28","26","69","43","48","29","25","22","18","19","24","22","20","30","15","23",
"1400000US18097322400","Census Tract 3224, Marion County, Indiana","3215","342","1548","261","62","41","103","99","78","63","78","69","12","14","0","11","42","33","120","73","270","115","198","79","108","80","87","42","85","57","65","38","76","59","62","47","19","20","8","11","36","28","7","11","32","23","0","11","0","11","1667","237","98","54","8","13","38","27","42","34","101","72","19","27","21","32","111","73","281","89","213","88","135","57","91","59","85","40","139","122","104","48","35","30","18","20","39","33","42","36","22","19","7","12","9","15","9","13",
"1400000US18097322500","Census Tract 3225, Marion County, Indiana","1418","206","586","145","27","28","42","36","79","49","0","11","0","11","33","35","5","8","23","19","108","64","33","22","55","34","36","30","23","20","25","21","28","23","17","16","21","27","0","11","13","13","0","11","16","20","2","3","0","11","832","116","41","32","59","33","38","37","0","11","21","20","4","6","4","5","36","31","86","41","86","43","37","28","124","53","79","34","32","21","66","32","20","14","5","8","17","19","8","11","22","16","32","23","10","11","5","8",
"1400000US18097322600","Census Tract 3226, Marion County, Indiana","3986","511","1695","313","219","134","200","134","17","21","133","77","105","84","36","41","29","35","49","65","86","68","47","42","90","71","81","62","176","99","122","82","97","65","42","38","5","7","23","22","7","11","64","54","55","57","12","17","0","11","2291","337","323","195","129","114","117","89","24","27","65","51","43","42","144","117","99","80","245","115","49","51","161","85","85","60","189","123","150","73","209","91","7","12","71","53","14","16","67","45","23","21","22","20","38","31","17","20",
"1400000US18097322700","Census Tract 3227, Marion County, Indiana","2065","284","1032","182","16","20","18","20","17","18","83","51","86","77","0","11","15","16","15","19","101","106","29","26","60","42","43","31","74","52","117","97","56","37","51","38","53","35","52","35","24","20","37","27","46","31","39","26","0","11","1033","197","41","53","59","51","10","18","103","82","0","11","5","10","1","8","11","17","46","32","67","47","22","22","77","64","41","30","182","92","33","22","17","18","82","49","29","23","67","52","39","27","69","37","8","13","24","18",
"1400000US18097330103","Census Tract 3301.03, Marion County, Indiana","5194","446","2694","390","184","138","162","125","134","96","29","33","0","16","0","16","148","183","123","135","245","119","423","185","218","107","190","94","176","118","67","50","74","56","151","83","83","103","44","43","73","50","52","43","64","55","39","34","15","18","2500","343","199","130","0","16","105","94","118","88","16","28","0","16","43","68","100","81","405","172","272","115","178","114","87","81","132","73","119","88","203","96","57","43","69","56","102","82","55","40","108","64","39","43","53","50","40","34",
"1400000US18097330105","Census Tract 3301.05, Marion County, Indiana","5043","527","2502","445","179","142","131","77","127","102","81","82","17","27","1","2","0","16","126","100","209","130","442","119","132","117","68","52","151","91","232","119","163","89","66","52","141","109","8","14","33","33","33","32","89","74","41","35","32","32","2541","325","170","123","124","92","79","77","102","94","16","19","0","16","24","30","116","75","294","154","269","142","241","139","30","34","181","121","154","89","157","76","43","44","70","51","104","81","49","37","66","46","49","31","41","35","162","72",
"1400000US18097330106","Census Tract 3301.06, Marion County, Indiana","3910","381","2048","288","166","110","72","61","0","11","131","120","53","60","93","83","0","11","118","79","121","72","145","112","205","137","203","141","225","117","90","58","134","98","46","54","34","41","33","31","47","56","74","56","21","29","7","12","30","34","1862","430","109","119","58","93","25","46","24","38","38","33","22","34","75","84","310","182","213","108","170","106","128","104","172","113","38","45","79","105","75","53","44","56","45","51","23","25","50","46","89","62","0","11","43","37","32","29",
"1400000US18097330107","Census Tract 3301.07, Marion County, Indiana","6516","399","2837","317","156","129","177","104","217","108","103","62","54","43","0","16","0","16","161","130","270","111","101","83","108","71","157","71","103","59","197","101","278","109","44","41","262","90","111","63","43","33","111","76","89","58","43","38","52","43","3679","293","74","70","222","121","195","89","162","96","80","70","33","54","0","16","210","198","299","108","138","114","214","85","184","79","294","150","214","122","346","140","158","107","185","89","111","85","119","63","136","62","85","49","48","41","172","90",
"1400000US18097330108","Census Tract 3301.08, Marion County, Indiana","3751","322","1904","234","57","38","147","106","111","55","67","43","19","20","0","11","27","30","61","64","61","41","43","38","115","56","197","112","121","64","244","61","152","51","46","35","88","44","50","38","82","39","92","74","63","39","34","25","27","26","1847","181","35","24","113","54","82","52","135","69","51","36","42","39","43","46","35","33","62","39","65","39","45","32","124","59","169","65","179","58","189","55","81","47","109","46","41","31","66","36","52","37","31","22","68","38","30","28",
"1400000US18097330109","Census Tract 3301.09, Marion County, Indiana","4724","391","2429","232","159","101","131","78","26","34","102","75","27","43","66","61","0","11","120","81","108","80","351","122","100","83","161","89","192","83","154","74","195","92","92","61","150","88","115","60","38","42","83","55","20","30","19","28","20","31","2295","339","195","129","34","41","48","65","21","32","21","35","20","42","0","11","75","71","206","124","181","127","117","67","72","45","135","76","222","99","292","113","113","65","123","81","38","37","80","80","157","84","69","61","45","40","31","36",
"1400000US18097330202","Census Tract 3302.02, Marion County, Indiana","11201","928","4548","553","478","216","370","155","568","288","311","165","157","99","173","126","22","40","223","152","149","99","322","141","392","198","212","142","310","123","233","118","132","77","54","67","96","78","67","63","102","63","71","57","70","57","18","28","18","28","6653","690","375","241","640","238","774","288","263","153","53","59","85","106","48","62","168","142","542","173","674","320","598","253","457","195","431","150","431","178","418","171","46","54","176","125","79","64","123","75","114","85","64","88","61","63","33","40",
"1400000US18097330203","Census Tract 3302.03, Marion County, Indiana","6094","339","2971","340","201","144","82","61","254","93","84","76","17","27","24","40","0","16","67","69","130","109","190","97","205","112","136","80","197","90","213","152","337","113","166","83","197","95","59","48","85","60","140","75","155","100","14","22","18","29","3123","295","163","97","239","137","252","108","180","93","56","61","23","38","47","51","70","62","107","69","112","71","176","82","133","92","249","87","283","96","356","115","161","86","68","55","123","96","160","98","65","43","59","63","24","28","17","27",
"1400000US18097330204","Census Tract 3302.04, Marion County, Indiana","6784","415","3126","287","268","145","122","84","443","172","150","89","117","87","56","54","17","28","21","29","207","95","208","102","211","102","99","70","196","92","232","96","245","110","136","104","125","64","46","50","103","64","26","37","25","26","0","16","73","69","3658","321","297","147","252","123","208","141","132","77","94","53","0","16","0","16","178","113","200","113","352","137","234","112","183","90","367","137","403","114","223","119","136","87","122","69","10","17","105","73","15","22","48","39","82","62","17","30",
"1400000US18097330206","Census Tract 3302.06, Marion County, Indiana","5071","361","2421","220","171","88","153","69","168","59","142","44","66","58","30","35","27","31","117","71","179","78","218","63","185","82","133","49","144","59","182","81","219","72","44","27","46","32","56","44","77","41","16","25","18","27","15","23","15","22","2650","221","195","85","163","66","238","69","100","54","64","60","53","58","16","22","71","65","139","60","191","61","123","49","196","75","284","94","189","60","249","79","43","33","96","68","100","48","58","42","18","26","64","52","0","16","0","16",
"1400000US18097330208","Census Tract 3302.08, Marion County, Indiana","2913","292","1486","215","172","77","75","57","119","65","74","58","56","39","0","11","11","19","42","39","44","36","175","69","77","43","55","43","59","48","121","54","153","61","9","16","47","32","50","38","64","37","34","30","49","36","0","11","0","11","1427","164","30","32","79","56","35","35","39","36","5","9","13","17","0","11","43","34","110","63","156","64","137","68","91","55","89","46","128","50","127","52","49","35","56","32","43","35","37","26","81","38","25","26","32","30","22","24",
"1400000US18097330209","Census Tract 3302.09, Marion County, Indiana","9515","800","4848","403","307","134","387","129","324","155","196","121","40","50","62","65","62","59","265","188","349","175","341","138","461","152","277","120","207","106","308","162","356","117","206","133","77","50","65","56","120","70","147","110","79","53","157","87","55","51","4667","551","298","163","245","128","477","197","182","100","183","136","68","77","22","34","74","84","142","90","436","166","372","151","261","97","440","147","257","123","370","161","99","61","95","72","45","42","76","59","61","56","116","77","194","115","154","91",
"1400000US18097330401","Census Tract 3304.01, Marion County, Indiana","6114","389","2773","282","243","131","260","101","212","99","46","52","123","99","85","75","0","16","16","28","161","107","239","130","104","60","123","68","146","82","305","119","137","68","122","88","120","78","98","58","64","51","47","34","34","36","53","48","35","40","3341","334","186","126","188","135","189","97","104","80","112","88","25","37","0","16","109","71","161","119","174","101","229","120","350","219","223","106","267","141","349","159","154","104","103","60","105","67","51","44","65","48","51","47","46","41","100","83",
"1400000US18097330500","Census Tract 3305, Marion County, Indiana","6352","911","2970","575","203","156","222","232","232","217","244","248","135","126","28","43","0","16","82","124","193","179","219","125","92","89","30","60","146","99","192","133","246","162","48","52","95","60","165","116","234","108","62","48","17","26","70","54","15","25","3382","576","247","213","265","152","234","178","123","123","177","123","26","43","0","16","27","44","107","102","127","106","414","194","189","155","57","53","211","135","307","141","41","38","196","122","79","67","144","83","231","124","74","52","0","16","106","96",
"1400000US18097330600","Census Tract 3306, Marion County, Indiana","5574","744","2497","408","133","133","250","152","257","197","80","69","96","87","0","16","23","36","84","71","309","150","105","61","340","213","189","91","162","129","50","46","178","93","0","16","93","66","0","16","63","76","48","47","10","16","13","21","14","22","3077","521","359","205","126","117","398","237","207","205","40","63","105","114","0","16","67","64","284","140","356","163","156","89","225","116","87","79","91","59","159","88","21","35","77","67","71","71","58","49","91","78","48","39","25","28","26","31",
"1400000US18097330700","Census Tract 3307, Marion County, Indiana","5304","557","2760","388","118","129","51","58","145","101","90","73","15","26","53","62","19","34","70","73","209","151","165","135","368","184","320","186","186","109","164","100","212","125","121","95","116","75","68","69","74","63","101","57","19","32","23","26","53","84","2544","357","94","79","190","121","163","119","0","16","26","40","0","16","22","36","48","46","205","155","192","109","214","139","144","110","99","87","211","106","316","119","80","63","88","53","84","61","56","61","116","64","91","54","39","33","66","68",
"1400000US18097330803","Census Tract 3308.03, Marion County, Indiana","4107","639","2056","408","305","164","373","114","170","117","41","34","30","39","19","24","0","11","166","98","148","119","85","66","188","101","146","87","75","67","120","74","69","40","11","17","31","31","0","11","36","29","0","11","18","20","0","11","25","33","2051","366","345","180","177","116","142","91","77","71","35","31","87","79","70","60","119","76","122","82","157","96","147","92","122","79","68","58","118","63","122","73","37","44","16","23","15","22","34","31","24","31","17","18","0","11","0","11",
"1400000US18097330804","Census Tract 3308.04, Marion County, Indiana","3289","427","1369","242","308","147","239","114","136","75","50","52","0","11","0","11","0","11","147","98","89","59","49","41","66","56","40","48","77","66","0","11","104","57","6","12","49","48","9","16","0","11","0","11","0","11","0","11","0","11","1920","282","212","133","184","95","169","103","91","78","52","54","10","16","40","68","75","53","232","113","216","100","158","104","85","68","25","28","57","43","95","64","8","14","52","44","92","48","22","20","28","37","0","11","17","27","0","11",
"1400000US18097330805","Census Tract 3308.05, Marion County, Indiana","2730","361","1149","193","154","81","159","85","29","35","31","29","7","11","0","11","0","11","37","27","133","79","71","59","61","56","184","95","0","11","34","36","104","64","0","11","55","38","29","32","10","12","31","33","9","11","2","5","9","15","1581","246","225","109","100","79","74","66","0","11","11","18","24","31","0","11","172","83","131","77","120","80","81","55","59","50","140","79","86","49","135","62","25","24","63","50","36","32","28","21","37","24","9","11","17","16","8","12",
"1400000US18097330806","Census Tract 3308.06, Marion County, Indiana","4133","488","1864","316","161","105","246","154","149","99","47","45","29","37","67","60","10","18","104","75","194","111","132","73","139","86","29","28","51","54","190","112","146","70","5","10","30","40","44","34","0","11","12","16","35","30","15","22","29","29","2269","319","145","85","289","142","218","143","10","18","17","28","44","47","10","17","114","95","206","123","159","73","154","87","238","96","53","42","80","58","197","76","40","39","40","32","14","18","76","73","79","80","13","19","26","29","47","31",
"1400000US18097330900","Census Tract 3309, Marion County, Indiana","5452","614","1983","306","238","145","119","77","175","120","111","85","21","39","45","70","0","16","135","134","198","147","118","113","157","119","201","155","100","86","16","26","107","89","0","16","18","27","33","52","0","16","112","81","52","57","13","21","14","22","3469","456","172","98","303","200","287","186","121","87","90","108","0","16","112","124","149","105","202","128","380","170","146","128","218","147","319","182","283","112","229","112","66","65","30","35","116","81","53","57","126","81","67","63","0","16","0","16",
"1400000US18097331000","Census Tract 3310, Marion County, Indiana","4224","371","1952","274","104","68","110","64","171","115","77","53","51","48","85","81","13","22","29","32","116","74","101","66","169","91","105","63","116","65","140","94","77","46","15","14","81","42","36","33","95","44","122","79","87","42","35","28","17","21","2272","227","160","93","122","74","119","72","136","69","11","18","49","52","36","36","62","75","100","71","107","74","120","64","108","68","107","59","263","95","141","80","34","25","99","66","85","46","134","55","137","56","79","37","18","20","45","29",
"1400000US18097340101","Census Tract 3401.01, Marion County, Indiana","3857","252","2029","191","234","60","149","88","140","72","84","52","0","11","0","11","34","39","99","61","119","61","203","108","145","67","126","62","91","53","56","33","156","70","71","42","40","29","36","30","51","38","51","30","79","41","29","25","36","34","1828","169","56","46","149","92","100","67","45","38","34","32","25","38","9","14","58","48","130","74","95","67","171","74","87","56","85","52","130","62","216","87","44","36","36","31","63","33","44","34","56","40","90","45","80","45","25","22",
"1400000US18097340102","Census Tract 3401.02, Marion County, Indiana","3671","519","1689","350","116","84","225","152","83","72","36","42","18","21","53","46","19","30","48","41","159","101","154","116","140","83","36","27","108","67","73","52","58","34","57","37","45","30","9","14","31","25","47","34","125","82","24","24","25","25","1982","356","106","118","122","87","139","107","73","76","64","73","24","28","9","13","50","56","201","96","112","85","118","73","90","66","127","100","50","34","81","41","91","52","33","24","19","22","52","31","135","59","161","84","47","39","78","43",
"1400000US18097340108","Census Tract 3401.08, Marion County, Indiana","2397","277","1214","181","103","53","114","62","77","37","21","24","39","30","31","35","45","43","66","40","105","48","115","59","90","46","55","31","92","50","39","29","84","55","53","50","18","16","3","5","5","7","7","7","19","20","22","17","11","17","1183","174","145","61","119","53","73","44","15","18","57","37","34","30","17","20","62","32","96","44","100","48","107","47","17","18","49","29","53","33","41","26","25","23","32","21","10","8","18","15","43","42","15","14","19","27","36","31",
"1400000US18097340109","Census Tract 3401.09, Marion County, Indiana","1207","171","547","98","54","42","25","24","25","21","3","6","6","11","12","18","0","11","42","39","45","39","35","31","66","43","59","43","40","22","10","12","31","19","20","15","22","21","11","13","15","14","20","14","6","8","0","11","0","11","660","109","57","46","47","38","69","47","37","30","12","14","0","11","0","11","31","33","40","33","59","40","54","27","39","22","31","21","44","24","52","21","8","11","10","12","5","7","22","16","27","17","16","13","0","11","0","11",
"1400000US18097340110","Census Tract 3401.10, Marion County, Indiana","5017","514","2466","335","238","134","114","119","83","94","95","93","39","63","55","87","68","106","247","148","293","159","163","123","273","155","93","90","240","138","101","72","152","101","18","29","37","53","37","59","35","41","25","37","56","66","0","16","4","12","2551","452","305","158","44","44","66","60","70","58","20","33","86","87","62","73","215","130","189","115","178","114","205","96","221","140","290","172","96","79","181","117","42","50","95","75","34","51","36","59","23","33","63","80","26","39","4","11",
"1400000US18097340111","Census Tract 3401.11, Marion County, Indiana","3707","380","1589","236","107","63","48","43","104","74","125","56","83","67","32","26","12","16","121","89","49","41","109","53","59","42","169","70","177","68","156","75","73","36","36","30","51","32","29","29","35","24","14","16","0","11","0","11","0","11","2118","244","183","103","50","52","200","80","289","68","91","51","0","11","0","11","88","54","128","68","129","52","198","80","169","61","139","56","120","57","151","56","26","24","24","23","39","30","33","23","23","22","12","19","20","24","6","12",
"1400000US18097340112","Census Tract 3401.12, Marion County, Indiana","5260","541","2597","384","128","104","83","74","291","173","6","9","82","77","37","43","36","59","285","109","418","215","102","92","169","176","141","97","181","112","104","65","185","99","65","62","33","42","0","16","47","40","59","46","45","40","44","38","56","47","2663","310","260","119","45","52","104","71","114","94","90","75","15","23","26","30","223","124","317","158","239","128","164","124","121","85","116","86","135","79","205","117","33","32","73","50","24","27","17","29","110","54","110","60","30","35","92","58",
"1400000US18097340113","Census Tract 3401.13, Marion County, Indiana","4139","319","2036","196","98","55","124","62","209","128","210","105","8","13","29","27","26","32","117","68","119","68","91","62","88","61","161","66","105","53","145","64","95","55","31","35","38","29","44","26","51","30","54","44","42","28","35","32","116","78","2103","191","56","44","109","58","90","66","53","39","10","15","53","41","44","41","69","50","43","27","120","55","155","63","101","48","298","112","123","59","99","45","50","36","102","68","58","32","57","35","97","61","43","26","79","51","194","89",
"1400000US18097340114","Census Tract 3401.14, Marion County, Indiana","4134","191","2158","175","120","60","84","49","224","70","134","62","70","62","9","15","36","45","41","30","145","60","114","50","141","48","155","48","130","45","105","48","197","68","46","30","119","50","18","14","52","30","127","57","39","23","30","22","22","21","1976","150","177","116","46","33","63","35","114","63","21","23","22","25","13","16","32","27","119","48","162","76","126","46","196","58","181","56","143","50","174","64","51","33","66","34","23","21","66","36","79","39","29","21","18","18","55","57",
"1400000US18097340201","Census Tract 3402.01, Marion County, Indiana","3825","449","1796","229","185","98","117","84","121","63","158","95","19","30","36","29","29","34","100","64","166","112","152","94","144","70","131","80","91","46","68","39","88","45","42","29","38","31","20","22","20","21","5","8","23","32","25","22","18","19","2029","272","186","119","187","85","145","77","101","57","47","52","0","11","75","83","89","70","190","95","100","63","148","82","66","39","168","70","160","85","142","61","54","40","26","32","0","11","33","32","24","23","39","29","22","24","27","23",
"1400000US18097340202","Census Tract 3402.02, Marion County, Indiana","4105","429","1861","239","215","87","80","61","117","73","53","29","30","31","41","40","33","35","126","80","248","84","70","40","73","44","124","75","109","41","121","63","135","62","0","11","21","23","39","62","60","42","93","49","21","22","37","24","15","19","2244","334","197","137","153","80","87","49","62","41","47","34","16","22","33","29","139","88","212","93","147","77","103","76","113","40","164","87","215","94","169","73","27","27","41","26","38","36","77","50","92","55","30","28","77","45","5","8",
"1400000US18097340300","Census Tract 3403, Marion County, Indiana","8214","819","4099","609","615","320","317","180","283","137","160","109","35","58","20","37","0","16","138","115","98","122","413","228","238","120","613","274","283","153","469","227","213","129","51","69","29","31","0","16","16","29","39","44","0","16","43","51","26","41","4115","615","420","197","425","199","299","155","314","162","24","38","143","135","0","16","172","114","162","141","198","110","487","191","225","164","260","115","336","152","199","125","12","19","108","66","60","61","24","39","68","50","81","114","56","52","42","49",
"1400000US18097340400","Census Tract 3404, Marion County, Indiana","3706","472","1860","292","162","70","205","144","191","88","98","95","22","25","17","24","69","81","93","56","116","62","148","87","112","64","96","61","144","73","158","99","93","66","27","29","48","57","10","17","22","20","15","17","8","11","6","10","0","11","1846","305","186","103","269","133","130","74","0","11","9","15","0","11","8","20","122","65","181","83","185","97","40","37","93","56","208","84","89","57","79","55","82","51","15","17","27","26","25","23","36","26","28","31","10","12","24","23",
"1400000US18097340500","Census Tract 3405, Marion County, Indiana","5005","553","2183","297","234","133","90","77","197","101","75","65","145","86","196","129","82","57","53","41","112","68","125","76","79","83","140","87","117","96","88","73","185","105","25","30","116","83","30","29","10","16","35","45","26","42","11","17","12","19","2822","399","276","198","257","140","67","53","155","95","214","70","138","79","66","37","150","84","295","162","304","121","143","98","106","54","79","48","129","64","103","64","60","62","9","14","11","17","71","61","15","17","24","23","103","70","47","51",
"1400000US18097340600","Census Tract 3406, Marion County, Indiana","5540","570","2651","348","219","120","219","90","174","85","76","45","32","41","18","24","34","29","164","97","182","88","252","130","259","102","150","98","144","85","178","84","271","96","22","19","5","10","31","24","62","38","47","31","44","36","34","25","34","41","2889","400","182","106","290","124","237","122","147","96","54","49","7","13","144","117","139","75","162","96","229","99","159","70","92","59","122","65","224","92","134","60","57","42","121","52","57","31","130","76","71","37","24","19","61","36","46","33",
"1400000US18097340700","Census Tract 3407, Marion County, Indiana","4061","540","1951","355","168","115","80","69","166","122","27","34","113","104","3","6","7","13","70","77","233","161","271","153","124","120","14","26","195","122","158","103","95","87","33","36","61","46","19","21","21","21","73","41","9","12","0","11","11","18","2110","385","422","157","232","97","162","123","28","43","33","42","0","11","9","24","81","73","335","144","119","84","53","45","61","76","102","69","79","74","138","66","20","24","52","44","19","21","36","37","43","34","33","36","23","34","30","47",
"1400000US18097340800","Census Tract 3408, Marion County, Indiana","1631","171","813","118","64","61","39","23","83","47","16","14","24","26","7","11","12","18","0","11","34","28","59","31","68","29","42","21","62","32","39","27","62","29","20","16","58","34","5","8","19","10","50","31","20","13","20","23","10","12","818","109","56","33","46","22","32","24","25","19","35","22","6","9","7","12","17","16","49","34","52","26","57","29","29","21","90","35","47","41","58","26","22","20","23","16","20","25","9","11","67","30","27","24","20","22","24","17",
"1400000US18097340901","Census Tract 3409.01, Marion County, Indiana","3597","282","1718","178","96","55","79","46","153","75","107","57","46","40","23","34","27","40","71","50","206","135","83","45","64","48","84","59","150","64","194","62","105","53","9","14","38","33","40","31","48","30","17","19","34","31","8","13","36","29","1879","163","182","87","148","66","139","74","73","46","14","22","16","24","7","11","80","62","136","82","170","69","51","38","136","65","141","61","160","62","73","43","25","24","102","53","31","21","46","29","52","29","18","20","41","31","38","28",
"1400000US18097340902","Census Tract 3409.02, Marion County, Indiana","6704","1003","3277","576","430","209","180","190","153","150","74","79","142","168","72","83","35","40","286","277","382","170","435","240","220","166","125","124","105","78","188","103","131","88","24","38","34","31","22","25","52","42","111","91","45","41","20","23","11","23","3427","675","411","265","177","160","83","74","138","143","132","139","97","81","137","124","223","110","373","218","387","183","115","115","185","173","130","90","54","44","209","154","15","21","78","70","50","44","115","98","188","122","52","44","40","37","38","37",
"1400000US18097341000","Census Tract 3410, Marion County, Indiana","1749","172","803","111","39","40","48","36","24","21","22","18","20","19","0","11","21","36","19","19","123","73","34","24","55","31","62","46","61","26","89","52","39","30","23","15","12","11","14","14","38","21","39","22","6","9","8","11","7","11","946","108","62","37","27","18","47","26","18","17","9","11","57","45","0","11","16","17","114","54","49","28","52","24","84","34","94","39","29","17","84","38","48","22","17","13","5","8","35","21","41","19","17","15","8","11","33","23",
"1400000US18097341100","Census Tract 3411, Marion County, Indiana","2130","326","1132","252","77","50","119","69","150","88","25","17","0","11","0","11","9","13","17","19","116","77","24","26","96","58","57","41","58","37","105","46","75","30","45","49","25","21","48","36","52","50","21","17","9","9","0","11","4","10","998","168","108","56","38","26","104","52","7","10","0","11","0","11","0","11","16","14","98","49","147","70","47","39","31","18","106","51","46","26","55","30","49","40","47","35","4","6","8","10","24","15","37","37","9","12","17","30",
"1400000US18097341200","Census Tract 3412, Marion County, Indiana","2360","345","1055","198","93","65","185","71","62","45","46","33","0","11","53","39","27","32","16","18","133","74","46","37","90","47","22","26","57","36","58","29","34","22","27","28","43","31","19","22","15","13","0","11","14","13","5","7","10","9","1305","221","160","82","101","67","135","77","44","32","6","11","21","31","12","19","52","42","110","58","60","36","91","46","60","32","95","45","61","39","94","46","25","22","25","19","6","8","16","13","37","23","9","10","40","24","45","24",
"1400000US18097341600","Census Tract 3416, Marion County, Indiana","2137","333","961","176","90","46","119","48","101","46","86","80","18","22","0","11","44","50","17","20","143","89","66","61","27","32","19","22","36","39","46","35","17","19","30","19","42","36","0","11","0","11","31","33","17","13","5","9","7","10","1176","227","83","67","45","37","152","117","73","42","61","40","0","11","0","11","32","24","118","68","43","25","68","39","63","43","115","85","98","65","42","29","0","11","36","29","6","11","37","33","44","27","20","22","35","21","5","8",
"1400000US18097341700","Census Tract 3417, Marion County, Indiana","5043","649","2735","391","252","92","410","135","218","104","142","74","14","20","0","16","32","33","104","111","222","98","202","135","168","80","218","102","161","78","238","83","129","55","31","26","70","60","19","27","48","32","11","16","35","36","11","17","0","16","2308","393","250","150","272","169","43","54","17","19","19","24","15","19","40","52","170","104","208","78","158","107","149","70","128","61","205","85","82","44","198","95","29","24","38","33","51","35","37","28","76","49","46","33","42","34","35","45",
"1400000US18097341902","Census Tract 3419.02, Marion County, Indiana","3377","482","1565","264","90","71","59","55","69","56","87","64","30","38","0","11","12","18","49","52","98","71","107","69","121","84","49","39","107","55","128","52","164","65","71","50","50","41","19","21","35","37","95","50","42","33","48","30","35","29","1812","272","87","63","128","70","83","60","88","72","28","27","0","11","10","17","34","33","213","99","127","69","28","31","142","82","69","42","91","39","151","66","97","55","105","55","12","20","92","53","32","29","43","34","75","40","77","43",
"1400000US18097341903","Census Tract 3419.03, Marion County, Indiana","5418","820","2884","585","354","277","285","153","135","127","222","164","11","17","80","90","14","22","178","128","207","136","293","139","248","131","105","95","176","142","203","136","221","123","11","14","24","30","34","41","0","16","5","12","5","11","67","67","6","12","2534","453","349","214","40","49","175","106","72","66","150","127","86","91","55","56","341","145","175","116","207","103","110","98","95","87","203","113","22","32","138","100","24","33","148","129","6","12","24","36","7","14","29","38","25","23","53","32",
"1400000US18097341904","Census Tract 3419.04, Marion County, Indiana","2519","282","1255","193","185","82","143","87","71","40","33","25","6","9","0","11","7","11","88","51","173","85","144","44","78","47","158","71","38","28","39","25","27","21","15","16","13","12","19","19","0","11","6","9","12","17","0","11","0","11","1264","204","193","83","101","82","93","52","51","44","59","45","33","36","8","13","70","39","145","62","161","57","66","42","73","50","56","41","46","31","49","29","16","16","18","20","0","11","5","10","0","11","0","11","13","16","8","12",
"1400000US18097342000","Census Tract 3420, Marion County, Indiana","6929","632","3525","423","189","99","367","174","208","128","269","138","28","48","99","83","16","26","209","145","128","63","210","136","286","131","263","130","172","100","255","122","295","126","93","62","79","54","52","45","132","64","96","76","41","35","15","25","23","34","3404","424","168","99","297","157","266","126","131","91","66","61","58","67","52","60","63","55","218","127","153","106","383","125","235","123","109","79","256","101","322","108","125","83","169","96","24","26","63","36","104","58","45","45","57","71","40","33",
"1400000US18097342101","Census Tract 3421.01, Marion County, Indiana","5779","457","2713","294","290","159","345","208","161","103","155","89","17","26","43","46","20","32","48","54","269","109","128","86","148","79","275","105","131","68","212","101","199","89","19","22","72","53","45","42","39","37","45","32","32","25","8","15","12","18","3066","328","165","118","284","150","331","127","209","88","0","16","16","24","9","14","14","23","388","200","250","102","189","82","153","69","121","68","300","95","171","82","55","37","54","41","76","46","147","76","51","32","15","18","40","37","28","27",
"1400000US18097342200","Census Tract 3422, Marion County, Indiana","5809","674","2926","362","294","147","289","98","208","122","129","70","63","40","26","26","50","47","134","89","243","134","269","143","171","82","146","58","200","98","192","63","195","74","20","20","80","55","45","35","64","70","58","68","27","29","12","19","11","18","2883","484","262","127","296","140","232","106","128","79","79","49","39","43","14","22","180","113","160","84","206","90","147","96","149","75","246","74","105","47","132","57","62","75","91","70","96","65","52","43","67","42","41","36","48","39","51","39",
"1400000US18097342300","Census Tract 3423, Marion County, Indiana","6992","645","3407","432","412","221","351","282","349","145","160","89","0","16","29","52","105","79","116","83","150","118","191","139","298","200","115","98","87","79","209","123","354","130","18","28","143","112","55","60","86","67","106","69","37","42","0","16","36","42","3585","375","178","158","291","119","344","151","95","98","84","50","44","57","60","57","184","83","331","149","123","88","248","159","209","171","268","200","357","143","152","90","26","31","105","65","28","42","150","120","66","55","125","86","48","46","69","58",
"1400000US18097342400","Census Tract 3424, Marion County, Indiana","1630","255","866","153","96","64","116","96","43","27","31","25","0","11","0","11","0","11","8","14","40","27","56","49","41","33","63","41","40","36","87","45","53","33","16","15","47","41","21","15","29","20","35","36","29","21","0","11","15","16","764","153","23","20","44","68","14","21","15","15","26","21","10","15","9","13","15","16","79","56","106","64","33","25","35","24","56","40","91","56","55","34","7","10","42","39","16","15","22","18","0","11","13","15","32","23","21","15",
"1400000US18097342500","Census Tract 3425, Marion County, Indiana","4464","358","2261","266","170","70","174","89","244","110","81","65","63","46","0","11","16","25","60","59","206","115","66","43","207","86","29","27","153","71","215","84","142","66","44","31","119","71","57","35","48","32","42","26","30","30","56","31","39","32","2203","244","142","74","72","45","236","95","75","48","79","63","10","16","22","26","28","31","239","107","164","78","230","99","134","61","96","50","79","52","236","75","40","34","81","45","13","20","39","31","51","33","65","35","47","33","25","23",
"1400000US18097342600","Census Tract 3426, Marion County, Indiana","3386","428","1599","232","160","82","330","154","24","27","35","33","0","11","6","9","35","47","61","48","94","60","109","63","110","53","90","65","48","40","209","79","109","58","21","25","54","38","0","11","24","24","21","34","17","19","33","39","9","15","1787","314","192","95","128","72","157","79","70","44","7","12","13","21","45","56","117","74","171","82","152","82","64","37","103","57","116","69","178","59","19","17","29","26","34","31","30","36","40","34","57","39","24","29","14","21","27","27",
"1400000US18097350100","Census Tract 3501, Marion County, Indiana","1182","182","569","131","87","52","26","28","30","42","10","21","0","11","0","11","15","23","64","44","49","32","2","4","33","29","0","11","24","17","50","36","22","27","23","22","16","17","7","10","51","42","40","31","14","15","0","11","6","10","613","113","28","31","0","11","25","28","0","11","30","31","0","11","0","11","28","30","40","33","84","45","25","19","17","20","37","31","106","53","86","42","0","11","24","20","8","11","8","11","10","12","17","18","5","8","35","26",
"1400000US18097350300","Census Tract 3503, Marion County, Indiana","2377","452","1162","180","94","86","66","69","47","54","0","11","8","15","0","11","43","59","7","10","111","59","121","72","28","25","153","96","96","62","67","55","112","55","37","36","36","43","34","25","16","19","39","36","32","31","15","21","0","11","1215","360","56","65","44","57","21","32","44","49","34","42","24","42","0","11","102","99","170","103","77","56","48","46","180","144","113","89","109","70","16","18","44","33","32","36","41","28","24","31","22","28","0","11","14","20","0","11",
"1400000US18097350400","Census Tract 3504, Marion County, Indiana","2853","296","1564","228","89","69","49","37","102","62","21","15","132","143","63","79","19","30","126","79","65","51","136","66","60","38","111","60","49","44","64","42","101","45","100","69","83","50","21","24","46","32","36","39","31","24","60","44","0","11","1289","212","66","51","57","45","92","66","37","32","15","17","0","11","3","8","37","30","162","102","62","35","66","47","46","37","71","63","43","32","175","78","58","58","63","38","18","18","45","28","54","39","38","31","49","33","32","27",
"1400000US18097350500","Census Tract 3505, Marion County, Indiana","2196","315","1061","182","21","20","98","71","70","50","19","24","28","35","21","33","0","11","68","60","95","54","46","35","81","62","97","51","40","32","96","54","94","42","18","21","34","18","11","12","6","8","28","31","59","33","9","10","22","25","1135","191","68","51","71","48","20","19","22","29","15","17","9","13","23","22","51","41","31","29","76","59","85","46","51","62","74","52","118","56","154","61","46","33","5","8","50","29","36","27","65","36","8","9","15","13","42","28",
"1400000US18097350600","Census Tract 3506, Marion County, Indiana","4035","547","1672","266","80","79","43","49","64","44","169","108","46","70","0","11","21","30","69","84","155","112","53","48","23","36","118","93","179","106","113","73","121","67","48","41","74","62","9","14","37","30","116","51","58","37","49","28","27","29","2363","383","60","48","146","109","106","75","85","66","41","37","87","97","0","11","174","103","137","107","103","61","82","84","123","93","185","128","107","66","133","68","117","64","150","77","58","47","37","28","122","63","137","83","63","48","110","53",
"1400000US18097350700","Census Tract 3507, Marion County, Indiana","1401","265","741","143","35","35","41","33","31","25","14","21","15","17","0","11","39","41","39","39","27","32","66","38","47","31","24","20","42","35","160","82","25","28","9","13","14","16","10","16","40","32","4","9","13","18","17","26","29","30","660","181","67","51","18","21","28","27","33","24","14","18","0","11","0","11","40","34","49","37","17","17","52","40","26","24","73","41","66","32","47","26","11","12","35","26","4","6","3","6","24","20","17","15","7","10","29","28",
"1400000US18097350800","Census Tract 3508, Marion County, Indiana","2060","226","921","149","117","64","136","94","118","71","56","32","29","31","0","11","0","11","25","38","32","36","69","37","51","37","53","45","40","32","33","28","30","26","22","21","14","13","0","11","31","32","0","11","5","7","44","45","16","18","1139","151","95","70","92","38","92","55","37","34","6","8","20","31","46","46","11","17","102","56","88","56","85","56","126","72","64","41","63","32","28","21","29","17","23","23","11","13","48","33","6","9","21","16","13","14","33","27",
"1400000US18097350900","Census Tract 3509, Marion County, Indiana","1515","262","728","146","78","63","72","51","33","34","20","23","49","38","14","15","0","11","60","78","43","36","27","22","26","24","52","32","52","35","54","28","46","27","16","12","4","6","5","9","11","13","44","27","4","7","9","9","9","13","787","171","19","16","55","35","91","53","27","30","39","42","0","11","38","42","8","13","70","45","42","27","79","50","83","47","37","25","16","16","43","26","20","14","4","6","5","7","15","15","45","24","4","6","11","12","36","25",
"1400000US18097351000","Census Tract 3510, Marion County, Indiana","2303","300","1162","207","52","52","153","93","56","63","0","11","12","19","63","66","5","33","41","40","178","91","66","64","44","43","63","51","55","42","44","35","56","62","11","17","33","39","30","32","93","62","45","37","40","42","21","31","1","3","1141","263","69","112","58","58","49","51","34","43","40","41","40","50","41","43","69","86","106","84","146","76","42","36","70","43","30","27","84","47","39","39","6","12","26","27","28","30","11","16","59","37","54","43","26","40","14","21",
"1400000US18097351200","Census Tract 3512, Marion County, Indiana","2396","419","997","248","68","49","121","80","109","59","57","43","34","42","15","19","0","11","34","31","108","65","98","65","62","49","34","31","51","62","53","41","60","40","14","17","20","18","14","15","6","9","18","29","8","14","7","11","6","9","1399","222","121","76","138","60","50","45","31","35","27","34","0","11","0","11","74","51","132","57","90","51","53","37","97","53","98","54","53","36","156","77","9","12","40","26","23","20","39","26","85","47","32","22","24","20","27","17",
"1400000US18097351500","Census Tract 3515, Marion County, Indiana","1772","290","870","152","31","27","38","30","65","65","29","25","54","49","35","36","10","11","41","32","138","66","53","36","65","39","61","48","32","32","45","28","74","32","16","15","38","26","12","19","6","8","6","9","0","11","0","11","21","25","902","188","43","36","34","36","24","25","96","53","43","40","5","11","4","5","104","38","125","62","34","30","43","39","69","43","32","25","79","36","33","26","33","31","36","28","4","7","0","11","14","18","33","27","5","8","9","18",
"1400000US18097351600","Census Tract 3516, Marion County, Indiana","2337","236","1367","197","70","46","32","25","22","27","32","42","43","43","48","55","0","11","106","113","304","98","184","69","131","47","58","69","44","26","92","43","84","45","24","24","20","18","20","18","18","23","22","23","8","11","0","11","5","7","970","108","98","46","4","6","35","40","10","14","6","8","17","23","23","25","48","37","114","42","106","44","85","42","92","45","72","35","43","31","68","33","30","26","28","23","27","26","0","11","11","13","30","24","7","10","16","23",
"1400000US18097351700","Census Tract 3517, Marion County, Indiana","2614","479","1271","251","41","32","165","57","39","31","15","19","23","29","2","21","0","11","0","11","142","97","205","98","144","73","86","56","86","68","45","43","94","61","15","22","102","60","34","46","30","32","0","11","2","4","0","11","1","4","1343","330","206","120","87","61","83","87","66","50","21","30","14","23","0","11","81","54","184","110","93","54","98","62","78","68","16","16","98","56","31","24","40","39","16","25","17","26","36","46","36","42","6","12","36","32","0","11",
"1400000US18097351900","Census Tract 3519, Marion County, Indiana","2484","276","1243","217","73","46","127","55","119","68","33","31","24","21","0","11","8","12","47","57","156","80","94","51","88","58","89","78","44","28","55","32","92","48","27","22","9","11","5","8","37","24","47","25","27","16","38","18","4","6","1241","123","53","26","53","38","79","45","22","26","16","17","0","11","0","11","5","9","57","45","85","52","73","44","63","42","80","53","179","69","96","42","23","20","43","21","45","25","73","44","69","28","53","24","21","14","53","31",
"1400000US18097352100","Census Tract 3521, Marion County, Indiana","2058","247","1090","180","94","53","119","95","98","59","124","82","18","22","34","42","29","45","16","17","85","49","8","14","84","52","101","59","46","41","56","34","56","29","18","20","28","21","22","18","0","11","12","13","21","20","10","9","11","12","968","148","46","37","25","23","31","33","47","40","30","21","0","11","9","13","19","21","103","59","139","69","51","39","54","49","15","15","70","44","136","45","0","11","37","32","13","15","26","23","18","16","27","17","29","24","43","40",
"1400000US18097352300","Census Tract 3523, Marion County, Indiana","1166","202","554","117","26","29","20","26","55","40","22","28","15","25","48","49","0","11","19","22","10","14","43","33","72","46","0","11","42","46","63","40","4","7","18","18","22","21","11","9","28","22","5","7","31","28","0","11","0","11","612","134","31","36","37","36","21","25","19","21","45","39","4","6","0","11","0","11","39","36","38","37","65","50","16","20","31","32","63","43","83","46","4","8","14","15","19","23","27","21","13","14","19","18","8","12","16","15",
"1400000US18097352400","Census Tract 3524, Marion County, Indiana","2976","432","1410","236","104","77","60","58","48","45","26","25","0","11","69","84","64","81","80","78","139","91","87","75","169","76","67","40","83","51","46","32","185","103","27","24","44","43","8","13","37","30","33","26","25","22","0","11","9","14","1566","308","118","120","89","80","89","80","51","55","11","18","22","34","37","60","52","46","82","63","193","95","96","74","112","61","132","73","88","53","166","73","18","22","58","41","35","26","16","18","44","42","39","25","18","20","0","11",
"1400000US18097352500","Census Tract 3525, Marion County, Indiana","2815","337","1563","253","45","38","67","62","34","28","50","34","25","33","16","24","0","11","39","53","61","48","120","71","121","74","113","64","189","71","129","80","244","112","49","47","59","52","16","15","85","54","64","48","25","32","12","14","0","11","1252","219","118","81","49","51","32","34","4","7","34","26","10","15","18","24","13","18","156","75","112","56","109","56","25","23","124","67","43","36","104","66","103","56","51","44","31","25","33","38","29","21","20","19","12","16","22","35",
"1400000US18097352600","Census Tract 3526, Marion County, Indiana","3414","417","1546","222","131","74","153","67","60","46","42","38","12","17","33","46","0","11","43","39","95","65","60","56","228","101","82","54","133","83","188","80","114","77","46","39","33","28","22","25","0","11","48","35","18","22","5","10","0","11","1868","306","150","102","206","84","282","146","52","50","81","63","0","11","0","11","48","39","48","40","188","77","127","63","95","62","127","76","108","59","85","48","26","26","22","25","18","21","39","30","51","44","47","40","36","29","32","30",
"1400000US18097352700","Census Tract 3527, Marion County, Indiana","2531","373","1233","230","113","69","140","73","49","43","39","49","8","15","13","16","12","17","40","37","214","111","123","56","39","33","29","30","84","53","91","51","47","37","16","20","60","49","13","21","16","24","29","26","38","37","8","13","12","17","1298","233","74","39","109","58","25","23","30","31","64","87","0","11","0","11","117","75","180","85","101","53","86","55","128","72","16","20","81","60","75","44","0","11","88","72","44","52","23","25","16","24","6","10","25","22","10","14",
"1400000US18097352800","Census Tract 3528, Marion County, Indiana","1048","195","444","131","18","25","41","39","87","57","40","32","25","33","0","11","0","11","0","11","16","23","0","11","30","18","18","22","51","30","26","25","40","29","8","11","4","7","0","11","0","11","6","10","19","18","0","11","15","20","604","112","22","29","9","14","17","20","32","29","33","29","22","25","6","9","0","11","6","8","29","31","103","48","32","28","44","32","57","34","54","40","0","11","38","34","33","31","13","17","9","12","14","16","14","14","17","17",
"1400000US18097353300","Census Tract 3533, Marion County, Indiana","2655","245","1484","220","8","13","9","22","17","25","21","24","11","16","7","10","13","15","274","142","298","118","286","121","70","39","93","61","77","55","68","40","62","44","61","38","15","15","24","19","6","10","26","28","29","22","0","11","9","18","1171","181","12","19","7","12","13","29","0","11","20","18","12","19","0","11","136","64","240","107","231","105","61","65","64","60","58","40","50","42","101","61","7","10","13","15","0","11","51","45","35","31","26","29","18","37","16","26",
"1400000US18097353500","Census Tract 3535, Marion County, Indiana","2514","306","1325","262","51","70","3","11","1","3","1","2","79","66","135","122","49","47","222","143","242","151","157","93","55","22","45","41","33","29","34","40","15","19","59","28","25","25","0","11","12","19","0","11","21","34","27","28","59","55","1189","258","14","20","13","23","35","14","2","4","39","33","145","118","101","66","198","88","177","102","29","29","54","57","2","10","51","59","69","48","92","53","10","18","7","12","31","35","20","23","19","22","10","15","22","24","49","51",
"1400000US18097353600","Census Tract 3536, Marion County, Indiana","2378","383","1029","166","59","39","47","33","19","20","35","45","113","54","44","38","6","13","62","44","139","68","45","33","66","45","90","68","79","52","61","31","25","21","14","21","56","38","11","12","29","19","17","15","12","17","0","11","0","11","1349","336","72","65","42","36","63","42","43","34","79","71","83","65","140","166","113","91","39","34","44","29","67","36","78","48","59","37","54","35","102","60","27","24","59","42","12","13","12","14","73","29","38","25","13","14","37","25",
"1400000US18097354200","Census Tract 3542, Marion County, Indiana","7385","507","4287","427","88","68","43","49","139","102","31","33","113","53","52","52","51","46","370","136","696","160","696","192","281","142","287","118","264","135","382","112","245","115","163","105","133","115","89","67","73","50","41","40","34","39","16","24","0","16","3098","396","60","72","0","16","54","59","0","16","106","110","35","42","14","23","277","134","823","219","406","126","181","103","89","95","69","57","302","133","191","84","55","50","116","69","80","83","151","93","28","33","49","38","12","20","0","16",
"1400000US18097354400","Census Tract 3544, Marion County, Indiana","1430","161","628","111","29","27","36","30","13","21","0","11","8","13","7","10","0","11","10","16","59","35","67","28","77","39","29","15","27","20","116","64","54","32","27","20","24","31","12","13","6","9","22","19","0","11","5","11","0","11","802","103","39","28","36","28","7","10","0","11","31","26","37","53","4","6","23","19","96","39","119","41","100","49","66","51","57","33","33","23","24","20","0","11","49","38","13","13","12","12","6","9","31","30","6","10","13","12",
"1400000US18097354500","Census Tract 3545, Marion County, Indiana","2454","252","1158","150","19","17","119","56","46","36","41","36","31","24","0","11","5","8","33","25","142","54","51","35","172","60","75","38","75","40","62","33","112","45","10","11","41","18","5","7","49","26","8","9","9","9","53","35","0","11","1296","176","85","43","54","35","76","53","11","17","27","26","22","33","26","24","118","71","204","73","89","45","136","54","120","48","69","40","43","27","70","31","15","24","10","11","36","25","26","22","19","29","14","17","17","13","9","9",
"1400000US18097354700","Census Tract 3547, Marion County, Indiana","1496","210","794","131","53","54","87","44","122","62","37","29","12","15","3","7","0","11","25","18","88","47","59","40","64","35","33","21","29","18","73","47","49","28","32","25","9","10","0","11","0","11","4","7","15","20","0","11","0","11","702","156","14","14","75","42","24","19","54","35","13","13","32","26","8","11","9","14","112","70","62","40","79","43","48","39","76","37","34","26","10","12","10","16","5","8","7","10","9","10","13","14","5","9","3","5","0","11",
"1400000US18097354800","Census Tract 3548, Marion County, Indiana","1473","202","742","154","43","35","98","59","84","57","38","34","30","32","29","34","0","11","21","18","69","45","61","50","39","29","4","11","73","41","18","16","10","8","20","14","43","29","16","23","11","17","7","10","12","19","16","15","0","11","731","136","53","32","89","26","40","29","58","51","7","11","0","11","18","22","4","8","123","74","59","41","41","33","20","18","19","17","55","32","23","20","20","16","30","32","17","19","10","16","19","21","12","14","7","10","7","12",
"1400000US18097354900","Census Tract 3549, Marion County, Indiana","2784","313","1352","166","134","62","59","38","49","41","5","7","37","27","37","33","38","36","99","51","148","64","92","57","133","52","121","63","100","50","81","36","108","64","40","27","18","17","0","11","39","31","14","16","0","11","0","11","0","11","1432","239","133","76","49","44","85","53","65","58","12","18","22","34","5","8","79","65","131","67","97","52","172","69","98","46","103","52","110","54","94","47","46","37","34","31","30","31","11","14","24","20","18","26","0","11","14","16",
"1400000US18097355000","Census Tract 3550, Marion County, Indiana","2298","331","1111","202","105","66","92","53","50","39","77","44","17","21","0","11","0","11","50","46","113","48","89","43","96","51","80","49","90","50","105","64","85","44","7","9","18","18","11","13","10","9","11","11","5","8","0","11","0","11","1187","226","72","53","149","79","92","55","128","56","0","11","39","34","0","11","35","32","73","43","76","44","82","45","73","45","86","48","100","54","39","31","30","25","13","14","20","19","27","19","26","25","12","12","15","22","0","11",
"1400000US18097355100","Census Tract 3551, Marion County, Indiana","1794","301","843","162","26","24","193","96","47","34","24","37","0","11","11","13","22","18","27","22","56","41","62","36","61","40","45","35","48","29","70","39","79","36","6","9","0","11","10","10","10","13","29","18","0","11","6","9","11","11","951","186","95","59","124","63","62","36","14","14","9","14","0","11","0","11","43","32","82","42","103","48","37","29","49","34","139","52","51","40","66","48","0","11","7","11","5","8","22","15","18","14","12","11","0","11","13","14",
"1400000US18097355300","Census Tract 3553, Marion County, Indiana","2273","321","1010","205","79","64","87","64","32","39","12","17","24","27","0","11","0","11","27","35","79","53","57","43","67","52","96","57","64","45","110","61","94","54","11","17","10","16","50","37","12","21","88","57","11","17","0","11","0","11","1263","210","34","42","75","64","21","25","64","72","0","11","45","64","42","54","80","72","84","61","98","55","126","83","104","48","121","58","53","35","103","53","48","45","41","30","54","36","11","17","23","26","25","27","11","16","0","11",
"1400000US18097355400","Census Tract 3554, Marion County, Indiana","2827","446","1440","249","71","78","87","66","40","57","23","29","1","3","0","11","24","31","41","48","116","83","120","91","190","129","100","63","49","41","219","101","109","76","52","58","98","84","32","28","33","38","0","11","35","40","0","11","0","11","1387","315","78","86","66","49","121","116","131","78","3","3","35","56","0","11","29","43","67","58","199","66","49","41","89","82","209","149","83","43","25","32","53","43","50","38","16","23","35","30","25","27","0","11","9","16","15","23",
"1400000US18097355500","Census Tract 3555, Marion County, Indiana","3619","426","1808","277","152","93","96","67","143","84","42","50","60","63","13","21","13","20","57","40","118","71","170","114","65","40","83","57","258","117","129","61","138","68","31","28","78","51","50","41","56","48","30","25","9","15","8","15","9","16","1811","284","121","69","187","84","90","61","52","58","0","11","20","23","0","11","51","46","150","86","182","89","104","59","80","40","102","85","136","65","182","78","44","46","58","41","55","54","25","24","66","48","36","29","17","21","53","48",
"1400000US18097355600","Census Tract 3556, Marion County, Indiana","1876","260","998","191","70","45","82","41","108","57","37","35","0","11","0","11","12","14","48","46","32","27","100","86","56","49","24","24","64","39","88","54","89","49","10","12","78","53","20","19","19","13","36","19","0","11","15","13","10","12","878","136","91","72","8","14","30","33","10","12","52","46","0","11","0","11","14","22","82","64","41","32","103","55","55","35","65","34","90","58","73","32","16","14","19","19","10","12","19","17","46","32","16","12","28","20","10","10",
"1400000US18097355700","Census Tract 3557, Marion County, Indiana","2272","329","1099","160","114","72","59","44","79","52","64","46","14","14","7","12","0","11","42","30","69","58","53","39","11","11","118","62","111","57","88","51","51","31","55","35","20","19","13","15","34","22","53","36","0","11","21","17","23","31","1173","223","126","70","75","47","62","65","14","16","6","10","4","6","47","45","53","44","97","62","121","59","38","35","84","36","82","46","102","47","55","37","23","16","62","39","28","26","5","7","22","17","31","21","28","25","8","11",
"1400000US18097355900","Census Tract 3559, Marion County, Indiana","2225","251","1157","183","138","71","80","48","50","30","40","31","7","11","7","11","28","29","64","45","180","60","91","41","44","25","87","44","83","38","55","25","64","34","0","11","25","24","26","17","9","10","38","30","33","22","5","7","3","6","1068","130","41","31","46","30","36","25","16","13","15","20","0","11","4","6","122","47","126","50","118","48","69","45","95","42","49","28","61","31","88","41","50","28","6","8","15","15","5","7","19","11","33","20","21","15","33","27",
"1400000US18097356200","Census Tract 3562, Marion County, Indiana","3847","263","2718","207","44","39","29","22","0","11","65","34","53","38","50","38","48","33","257","90","481","120","460","108","328","99","291","102","201","70","147","56","108","47","11","20","16","23","44","31","49","45","36","29","0","11","0","11","0","11","1129","140","10","14","17","21","13","16","0","11","11","21","0","11","8","16","115","60","305","73","200","66","82","39","128","58","99","50","27","22","28","21","35","27","11","15","10","12","18","15","0","11","0","11","12","19","0","11",
"1400000US18097356400","Census Tract 3564, Marion County, Indiana","4026","404","2270","279","172","75","206","100","202","108","124","95","72","72","57","65","21","33","81","68","165","75","233","104","105","69","151","107","167","96","154","79","99","53","37","38","5","9","9","14","56","51","66","44","38","47","50","59","0","11","1756","274","175","113","71","55","225","86","59","59","70","51","23","27","13","23","61","53","193","83","212","93","136","79","42","44","55","38","157","83","114","75","11","16","50","55","10","16","0","11","21","20","10","16","38","34","10","15",
"1400000US18097356900","Census Tract 3569, Marion County, Indiana","2722","336","1273","246","134","54","108","86","115","61","8","14","39","35","0","11","32","48","29","21","103","50","137","64","78","50","87","44","148","77","48","33","63","54","31","19","32","28","20","17","5","7","41","25","8","10","0","11","7","11","1449","204","196","85","51","46","36","30","59","47","50","44","30","47","12","18","116","69","156","74","95","38","68","44","65","36","107","67","132","52","29","23","35","27","41","24","21","20","27","29","53","33","52","46","9","9","9","10",
"1400000US18097357000","Census Tract 3570, Marion County, Indiana","2483","332","1298","211","130","69","124","60","45","34","27","22","10","11","69","67","18","28","40","31","232","106","123","73","40","30","40","23","90","64","70","42","111","55","16","15","32","31","35","21","14","15","4","5","6","10","22","15","0","11","1185","196","93","74","61","41","86","47","31","32","20","20","0","11","44","52","45","33","147","71","67","40","145","77","66","35","20","20","81","39","115","57","7","11","37","26","19","14","18","17","30","18","19","26","9","10","25","15",
"1400000US18097357100","Census Tract 3571, Marion County, Indiana","2058","235","987","152","47","29","104","63","21","15","63","34","14","14","3","6","3","6","65","37","185","81","106","50","107","50","70","34","29","27","12","13","42","24","31","32","34","32","8","10","5","8","26","19","7","11","5","8","0","11","1071","135","70","41","85","48","61","43","47","35","18","18","11","17","14","13","32","29","213","78","167","54","22","16","63","46","42","30","37","32","71","39","4","6","15","13","0","11","9","10","40","19","14","12","14","12","22","24",
"1400000US18097357200","Census Tract 3572, Marion County, Indiana","2570","482","1181","190","211","130","84","45","46","41","0","11","11","17","0","11","12","19","75","102","114","91","57","53","75","55","66","51","89","65","117","60","45","29","30","23","46","53","0","11","54","43","20","32","0","11","29","40","0","11","1389","367","102","72","144","86","119","53","111","65","35","35","14","21","24","39","110","79","58","45","80","50","118","69","33","23","47","31","117","93","64","46","45","37","33","28","8","17","17","20","37","39","21","30","33","27","19","21",
"1400000US18097357300","Census Tract 3573, Marion County, Indiana","2051","317","1011","219","149","97","57","40","91","89","23","32","4","6","0","11","22","23","24","31","117","63","56","46","11","18","61","44","37","29","48","30","82","33","41","29","62","41","12","14","38","33","19","15","27","28","30","29","0","11","1040","174","149","89","46","35","12","15","31","29","22","20","18","20","4","7","79","52","79","56","84","48","70","53","74","56","52","34","32","25","109","56","8","11","28","17","12","13","23","19","43","29","31","26","10","15","24","24",
"1400000US18097357400","Census Tract 3574, Marion County, Indiana","4478","548","1964","333","99","73","327","135","210","135","91","67","64","67","21","32","0","11","39","36","54","56","157","100","100","70","38","46","109","70","140","91","227","122","83","55","32","33","4","9","7","11","29","25","16","24","95","57","22","22","2514","330","226","109","188","117","149","103","107","77","36","47","0","11","57","63","87","61","326","122","126","87","116","85","169","107","147","85","141","87","114","66","41","38","68","50","102","84","32","52","40","31","56","40","67","40","119","55",
"1400000US18097357500","Census Tract 3575, Marion County, Indiana","4358","292","1975","175","92","90","230","83","197","53","100","59","94","49","26","29","11","17","35","27","84","47","149","80","13","16","102","52","67","46","192","74","138","71","68","49","84","59","56","34","21","24","54","35","63","46","52","34","47","31","2383","225","174","73","145","89","164","82","81","54","47","43","20","22","32","27","84","78","182","78","160","89","84","43","107","85","85","54","173","68","197","80","78","40","56","50","86","50","53","35","65","38","96","46","46","49","168","66",
"1400000US18097357600","Census Tract 3576, Marion County, Indiana","7409","966","4015","754","393","226","346","264","293","177","44","52","37","63","84","103","39","60","198","120","403","229","169","128","385","181","260","209","193","114","484","145","154","98","28","32","185","114","56","54","13","19","78","74","79","56","73","76","21","28","3394","481","212","101","301","145","360","227","0","16","42","63","0","16","25","44","143","78","247","134","286","157","153","128","220","116","185","110","476","174","147","110","63","63","146","87","112","88","48","41","107","86","33","35","56","32","32","34",
"1400000US18097357800","Census Tract 3578, Marion County, Indiana","1698","203","842","133","37","34","41","46","63","46","21","22","47","43","5","7","0","11","20","18","87","44","72","45","53","32","55","44","54","38","106","47","74","41","39","25","33","19","0","11","14","15","0","11","7","10","7","11","7","11","856","145","50","34","34","22","31","28","40","36","0","11","0","11","8","13","33","33","133","85","70","59","40","28","66","43","32","32","101","50","76","35","17","18","8","11","27","27","20","18","6","9","34","20","10","12","20","18",
"1400000US18097357900","Census Tract 3579, Marion County, Indiana","4019","504","1982","270","163","114","72","58","121","79","121","65","14","24","0","11","45","49","45","37","205","81","158","91","216","82","94","57","71","46","202","85","167","69","0","11","80","41","84","56","24","25","61","54","14","22","0","11","25","29","2037","322","151","127","94","55","136","73","61","39","7","11","16","25","0","11","105","73","101","58","168","96","140","77","139","61","154","53","147","76","121","52","74","51","120","63","25","27","47","39","20","31","34","32","74","60","103","59",
"1400000US18097358000","Census Tract 3580, Marion County, Indiana","1624","296","825","222","0","11","86","59","58","42","5","8","17","14","8","12","8","12","78","46","51","43","98","63","60","34","112","79","57","32","6","9","86","68","7","13","37","36","0","11","4","7","32","27","3","4","5","7","7","15","799","151","87","53","46","43","18","18","8","10","14","17","14","15","7","11","33","35","85","52","61","45","21","19","41","29","56","26","69","29","38","22","31","31","29","21","18","19","11","17","86","44","7","14","5","9","14","21",
"1400000US18097358100","Census Tract 3581, Marion County, Indiana","2970","537","1488","304","191","117","147","67","74","65","55","49","72","71","11","21","0","11","57","71","112","110","81","73","83","57","38","35","105","70","48","35","165","88","31","28","88","65","11","17","27","30","48","42","11","16","11","17","22","26","1482","317","98","95","123","96","106","66","39","42","16","25","12","25","0","11","90","76","145","125","130","84","124","73","69","50","92","58","64","53","112","74","15","19","47","37","55","41","0","11","44","35","28","32","40","31","33","30",
"1400000US18097360101","Census Tract 3601.01, Marion County, Indiana","2065","271","998","187","88","47","88","45","124","63","26","44","12","17","0","11","0","11","29","30","14","18","58","54","55","40","97","51","49","40","68","63","90","59","35","25","87","50","19","20","7","11","13","13","22","21","17","18","0","11","1067","137","62","38","139","67","93","43","20","23","9","14","0","11","0","11","63","47","45","33","87","50","63","43","50","40","57","36","74","51","68","42","30","32","66","32","38","26","24","20","30","22","17","16","9","13","23","20",
"1400000US18097360102","Census Tract 3601.02, Marion County, Indiana","2386","377","1272","254","58","90","70","56","259","155","125","117","51","60","12","20","21","35","117","149","18","32","68","87","70","63","58","52","70","58","81","60","17","28","25","24","26","26","35","25","15","16","42","26","28","23","0","11","6","10","1114","193","23","37","39","43","32","42","11","20","0","11","0","11","11","18","199","168","70","103","161","125","33","30","46","66","51","45","46","32","50","36","32","26","45","41","7","10","67","52","97","48","31","23","48","57","15","17",
"1400000US18097360201","Census Tract 3602.01, Marion County, Indiana","3713","498","1628","239","101","70","66","66","199","134","146","102","9","15","11","19","0","11","184","106","0","11","181","88","72","60","91","77","87","55","171","85","66","54","16","20","40","39","32","35","22","24","11","19","86","69","26","28","11","17","2085","416","111","75","80","78","184","113","101","110","12","19","74","101","13","19","123","113","223","113","118","79","190","110","154","97","187","86","141","72","44","32","31","32","122","71","36","33","10","17","62","41","11","18","33","30","25","26",
"1400000US18097360202","Census Tract 3602.02, Marion County, Indiana","3573","484","1797","275","266","104","224","115","234","115","51","57","39","38","0","11","0","11","74","70","43","39","13","19","126","101","84","83","141","78","188","69","132","58","17","27","35","40","15","18","14","17","18","19","31","26","19","22","33","26","1776","276","83","84","146","93","92","78","54","41","40","35","20","31","12","20","127","76","252","143","83","87","113","77","156","91","119","67","101","80","102","53","19","22","63","48","20","21","21","31","42","36","72","52","17","21","22","24",
"1400000US18097360301","Census Tract 3603.01, Marion County, Indiana","3134","365","1442","192","57","52","52","45","123","70","47","35","13","21","41","50","0","11","75","43","201","92","135","69","65","53","49","44","155","108","154","72","65","48","58","34","41","32","19","18","9","11","10","13","18","17","17","19","38","35","1692","280","18","26","212","85","161","143","42","33","44","48","35","32","38","48","81","68","108","70","160","78","53","50","197","87","110","68","135","54","87","42","49","38","10","17","22","22","17","16","32","26","16","18","55","36","10","14",
"1400000US18097360302","Census Tract 3603.02, Marion County, Indiana","2571","294","1311","197","140","62","176","86","92","47","57","40","18","26","26","26","25","28","37","42","165","56","98","48","46","34","46","33","84","42","86","60","91","51","7","12","31","25","15","17","20","24","17","15","18","17","6","8","10","12","1260","197","76","58","114","58","71","45","23","29","9","14","22","32","74","59","73","52","138","49","121","53","10","14","114","47","83","44","97","59","67","25","49","40","35","26","17","16","0","11","28","35","12","13","10","10","17","22",
"1400000US18097360401","Census Tract 3604.01, Marion County, Indiana","6178","618","2654","411","159","139","168","132","288","142","34","59","148","99","0","16","65","84","160","122","277","291","154","137","103","122","301","202","87","68","160","109","209","118","15","25","88","80","53","42","50","40","0","16","102","73","0","16","33","32","3524","426","247","162","370","146","290","167","182","122","157","106","0","16","32","52","125","86","292","192","182","125","235","155","352","151","294","188","98","78","262","130","71","61","53","42","25","26","42","40","83","62","48","40","40","37","44","41",
"1400000US18097360402","Census Tract 3604.02, Marion County, Indiana","1967","309","943","190","59","41","124","84","66","46","44","35","6","10","0","11","0","11","37","39","95","55","53","41","34","33","99","59","54","46","80","51","73","33","0","11","13","15","11","12","28","19","5","7","16","24","46","42","0","11","1024","169","60","48","112","70","75","43","11","16","20","20","0","11","0","11","97","64","99","59","76","44","64","39","57","39","82","45","50","34","106","45","15","23","18","17","28","19","14","15","9","14","11","13","8","11","12","12",
"1400000US18097360404","Census Tract 3604.04, Marion County, Indiana","7423","835","3495","459","283","157","483","209","240","155","239","136","24","36","61","69","76","70","337","191","321","163","249","143","339","194","132","83","86","89","255","174","119","92","80","71","57","45","0","16","51","39","13","22","36","44","14","22","0","16","3928","531","421","187","464","194","311","160","111","93","104","94","53","59","202","111","107","95","409","200","136","107","300","156","374","183","291","171","218","139","127","87","65","65","97","77","25","28","40","37","44","39","14","21","15","23","0","16",
"1400000US18097360405","Census Tract 3604.05, Marion County, Indiana","5710","633","2672","376","291","139","273","115","189","115","125","87","117","83","10","16","13","22","195","123","248","117","240","144","151","90","45","41","48","46","223","106","89","62","17","27","86","58","60","54","46","41","82","53","56","51","0","16","68","50","3038","413","241","184","315","138","86","67","140","111","28","35","29","49","14","23","92","91","238","132","274","131","277","176","194","111","194","104","221","115","96","67","46","47","179","98","36","33","63","41","94","55","95","62","68","50","18","28",
"1400000US18097360501","Census Tract 3605.01, Marion County, Indiana","6544","623","2896","416","65","77","128","81","256","169","265","112","85","88","29","47","16","26","169","137","85","87","302","172","220","105","196","123","170","101","176","121","203","97","47","57","136","95","86","63","75","55","45","46","68","65","23","31","51","45","3648","360","187","134","443","199","354","140","302","200","12","20","21","33","15","24","90","76","232","182","267","142","150","81","171","118","225","113","260","129","358","129","84","82","89","60","61","49","83","54","50","44","95","99","49","36","50","47",
"1400000US18097360502","Census Tract 3605.02, Marion County, Indiana","6241","673","3210","510","186","101","219","98","393","257","170","148","155","94","183","158","28","32","100","95","134","138","219","186","295","127","76","105","117","115","174","98","275","97","125","116","55","45","43","52","68","78","85","58","61","51","17","27","32","40","3031","424","145","109","119","74","55","64","147","122","25","32","46","76","0","16","70","74","209","160","166","109","380","135","131","146","258","134","286","156","250","102","68","54","102","70","96","83","127","84","201","132","59","49","47","47","44","45",
"1400000US18097360601","Census Tract 3606.01, Marion County, Indiana","4684","309","2485","209","180","85","82","51","153","69","67","43","72","56","0","11","44","36","69","44","149","76","141","85","160","81","237","63","152","67","208","102","196","79","103","59","39","28","66","36","69","53","50","35","49","35","124","62","75","40","2199","248","33","42","191","116","142","59","36","33","40","33","29","31","20","26","11","19","151","79","91","70","171","84","94","51","119","53","181","66","293","92","36","28","66","42","46","33","47","36","60","37","149","59","74","54","119","57",
"1400000US18097360602","Census Tract 3606.02, Marion County, Indiana","5981","640","2481","382","75","125","89","97","288","156","58","60","14","26","58","81","0","16","115","118","86","100","156","137","138","94","54","52","302","174","205","132","236","132","116","92","120","73","56","69","101","88","41","44","118","97","9","11","46","37","3500","470","349","302","206","153","169","116","174","137","74","66","42","49","0","16","26","31","128","114","358","175","121","116","36","39","141","130","382","179","205","129","96","71","106","98","32","38","80","95","278","137","98","87","109","61","290","171",
"1400000US18097360700","Census Tract 3607, Marion County, Indiana","1936","187","870","125","39","25","48","32","61","34","21","20","6","8","12","13","7","11","0","11","47","23","57","30","60","31","86","36","67","35","57","36","88","34","30","25","51","28","27","25","52","33","31","19","6","10","0","11","17","17","1066","118","34","32","51","31","64","39","38","26","25","22","23","23","12","13","12","12","80","42","123","34","58","27","28","21","51","41","69","30","86","39","58","37","78","40","73","45","26","18","23","15","14","15","13","14","27","20",
"1400000US18097360800","Census Tract 3608, Marion County, Indiana","2703","275","1192","173","28","31","41","35","132","64","39","35","55","53","11","12","6","9","26","27","36","29","95","60","68","35","65","49","42","25","126","53","62","36","31","22","125","75","20","18","37","26","50","37","15","14","37","31","45","25","1511","233","51","46","34","32","148","58","88","62","7","11","69","59","6","10","43","30","75","57","48","37","107","66","74","50","38","26","136","55","98","47","39","24","41","25","20","20","60","33","83","54","47","30","29","23","170","55",
"1400000US18097360900","Census Tract 3609, Marion County, Indiana","5283","934","2788","542","91","112","175","136","71","62","241","145","15","21","7","25","32","39","176","149","97","122","242","131","179","96","120","90","214","155","328","147","202","134","68","81","163","166","103","93","59","58","92","55","9","19","50","44","54","42","2495","622","122","143","150","198","203","148","14","20","17","29","0","16","83","130","17","29","75","90","120","108","145","118","256","95","190","115","269","144","110","75","72","62","110","76","28","37","75","62","16","22","128","85","143","79","152","108",
"1400000US18097361000","Census Tract 3610, Marion County, Indiana","2196","182","1101","140","98","47","41","33","42","24","16","14","6","9","9","14","7","11","36","26","70","34","103","46","119","73","57","31","97","39","61","29","88","39","49","34","51","29","15","15","46","21","37","27","6","9","13","14","34","32","1095","106","152","55","73","33","49","34","27","22","5","7","0","11","0","11","12","14","98","47","107","43","82","32","55","25","68","28","89","44","74","32","38","19","26","18","17","14","17","14","39","20","0","11","42","27","25","29",
"1400000US18097361100","Census Tract 3611, Marion County, Indiana","3493","291","1774","173","141","70","17","19","172","72","88","73","9","14","23","26","0","11","38","29","206","96","159","61","95","57","168","71","158","78","143","54","133","63","72","45","38","36","26","40","18","21","49","33","10","15","0","11","11","16","1719","240","201","94","193","70","102","68","8","14","17","16","0","11","12","18","44","33","174","69","181","74","112","59","112","62","99","62","119","50","143","72","29","25","38","30","30","28","28","29","47","28","0","11","10","16","20","21",
"1400000US18097361200","Census Tract 3612, Marion County, Indiana","3442","453","1797","332","194","102","96","71","106","82","77","65","31","27","0","11","11","19","90","80","126","65","146","74","80","62","191","134","127","76","74","58","145","69","20","24","71","50","0","11","29","30","87","48","85","58","11","17","0","11","1645","302","125","93","138","86","110","92","16","18","41","48","44","49","23","28","33","32","143","87","86","57","135","80","83","51","71","74","119","73","106","56","44","59","94","54","15","18","64","45","66","45","9","14","8","14","72","46",
"1400000US18097361300","Census Tract 3613, Marion County, Indiana","2455","288","1157","210","102","79","58","54","25","23","63","63","22","25","0","11","5","9","31","26","146","80","69","44","95","79","32","26","32","26","72","40","115","72","28","32","21","23","34","28","57","55","92","57","47","33","11","20","0","11","1298","166","98","111","23","23","58","47","22","22","14","17","27","25","0","11","49","48","156","89","42","35","126","65","60","33","54","39","162","81","95","42","11","17","44","35","26","26","77","59","99","61","44","33","0","11","11","17",
"1400000US18097361400","Census Tract 3614, Marion County, Indiana","11159","689","5482","513","254","195","301","124","522","241","310","197","293","193","167","115","0","18","188","129","367","191","221","131","462","188","568","211","381","190","380","134","265","130","91","61","203","93","87","73","205","103","57","50","54","54","93","82","13","23","5677","507","236","115","332","186","628","278","153","123","40","45","0","18","35","64","237","140","417","187","369","177","490","226","571","233","398","186","276","145","300","135","202","132","208","119","62","48","67","64","118","75","184","129","188","142","166","108",
"1400000US18097361600","Census Tract 3616, Marion County, Indiana","8621","419","4276","344","305","137","373","148","283","233","193","123","225","123","84","90","99","85","171","80","131","81","230","104","300","109","189","136","237","77","325","121","267","92","95","59","146","78","129","64","147","81","141","79","85","86","113","80","8","14","4345","402","166","113","259","106","275","132","154","94","79","60","45","43","100","154","166","84","195","92","180","110","425","132","179","96","280","96","456","174","419","145","65","50","180","86","99","73","146","91","167","99","140","82","85","88","85","71",
"1400000US18097370201","Census Tract 3702.01, Marion County, Indiana","4163","471","2036","278","217","95","123","70","139","129","56","38","21","24","28","31","10","13","93","65","191","83","241","102","133","73","74","58","113","82","93","51","91","51","84","54","75","39","21","23","68","35","76","40","37","31","43","41","9","13","2127","254","109","72","241","145","112","76","65","55","27","33","11","15","50","53","183","81","176","93","230","93","70","55","106","60","46","34","139","56","102","42","101","45","75","43","26","26","43","30","61","35","72","35","45","39","37","26",
"1400000US18097370202","Census Tract 3702.02, Marion County, Indiana","6425","556","2919","374","177","101","162","110","152","104","119","75","227","97","59","66","120","118","17","27","273","184","190","96","223","124","226","142","188","84","209","94","84","68","59","49","74","48","148","82","62","53","65","51","19","32","25","37","41","42","3506","420","239","118","361","208","175","104","220","98","68","67","0","16","0","16","94","63","240","101","255","119","222","109","300","128","112","70","269","166","139","81","124","72","74","52","87","55","107","76","169","98","104","87","90","61","57","46",
"1400000US18097370301","Census Tract 3703.01, Marion County, Indiana","10126","564","5311","422","503","248","545","177","267","129","349","171","65","47","164","141","96","89","62","54","534","198","378","169","183","100","452","168","436","143","306","96","333","115","54","49","101","73","71","81","122","75","78","45","31","34","110","69","71","98","4815","348","212","131","340","203","491","233","306","144","62","54","0","18","29","47","262","143","387","180","344","144","329","113","524","150","351","137","310","104","170","94","111","94","151","97","60","60","33","39","135","70","88","54","78","65","42","51",
"1400000US18097370302","Census Tract 3703.02, Marion County, Indiana","8829","611","4628","416","310","164","262","112","431","185","298","132","106","78","15","24","139","97","148","84","365","149","369","202","328","143","332","129","292","122","359","141","221","95","190","134","161","83","76","54","68","41","73","49","47","53","0","16","38","37","4201","530","358","212","261","106","403","132","207","88","17","27","24","38","12","20","79","71","517","292","443","136","228","116","197","108","212","112","255","105","318","141","107","58","161","86","84","56","72","45","166","84","55","56","0","16","25","29",
"1400000US18097380100","Census Tract 3801, Marion County, Indiana","19362","1010","8959","761","535","356","1122","319","661","287","496","257","159","143","64","106","93","142","198","140","684","308","692","330","755","301","882","293","808","240","484","310","271","195","109","121","322","239","194","148","160","133","98","116","107","119","0","18","65","105","10403","766","774","416","615","362","1172","469","868","425","139","133","75","86","190","176","397","387","734","359","1163","453","632","420","558","274","438","258","414","192","692","301","109","118","473","276","218","155","84","121","197","173","263","178","152","138","46","74",
"1400000US18097380200","Census Tract 3802, Marion County, Indiana","3239","357","1526","218","124","93","124","73","30","27","17","20","10","18","19","26","25","28","72","56","75","63","149","84","109","84","101","76","160","76","103","64","95","59","69","54","46","43","36","24","26","23","35","30","65","51","21","19","15","17","1713","299","146","75","110","83","77","62","0","11","58","35","12","18","16","17","50","50","41","53","88","71","200","131","108","69","121","69","96","59","97","64","53","37","85","60","37","36","50","35","62","42","71","48","10","14","125","73",
"1400000US18097380300","Census Tract 3803, Marion County, Indiana","5268","571","2560","317","116","92","198","91","145","84","39","35","289","115","162","62","55","52","121","89","68","52","301","127","67","43","175","80","194","80","185","88","90","59","80","47","102","71","7","13","56","37","30","22","13","15","45","38","22","30","2708","411","140","123","27","26","171","107","74","57","303","80","211","102","141","71","206","190","337","126","78","50","76","42","157","83","193","92","95","58","89","62","36","44","84","68","27","30","69","54","39","31","83","40","28","22","44","49",
"1400000US18097380402","Census Tract 3804.02, Marion County, Indiana","5103","452","2348","286","232","108","166","89","121","56","132","119","68","54","33","52","145","112","101","57","227","70","209","96","223","110","130","91","85","47","110","65","96","51","34","28","25","24","56","39","50","38","43","25","20","19","36","26","6","10","2755","281","161","99","289","93","243","99","122","79","59","56","18","20","34","40","133","104","338","106","157","89","204","78","177","82","142","94","151","57","72","44","52","44","44","28","35","16","66","40","168","76","26","20","34","23","30","48",
"1400000US18097380403","Census Tract 3804.03, Marion County, Indiana","3993","390","1815","198","90","62","85","47","147","69","95","56","55","39","0","11","5","11","32","27","148","86","164","97","101","52","92","55","135","66","151","98","159","60","36","28","96","55","52","34","27","24","43","30","10","16","14","18","78","46","2178","326","203","139","61","48","105","63","80","48","56","47","8","13","10","15","139","80","133","92","64","43","158","98","219","77","238","139","90","50","111","52","81","56","70","45","12","18","52","50","114","110","76","39","59","39","39","26",
"1400000US18097380404","Census Tract 3804.04, Marion County, Indiana","3915","407","1629","245","55","45","81","53","174","79","113","62","24","24","36","34","8","14","27","38","113","61","98","84","92","69","41","33","162","93","130","77","128","64","42","33","86","41","14","15","68","36","56","32","34","25","16","21","31","26","2286","262","153","104","11","17","246","119","103","47","22","21","34","39","51","51","31","30","125","80","188","101","121","58","94","53","131","57","146","65","183","72","33","31","101","46","42","34","87","47","89","45","72","35","80","40","143","67",
"1400000US18097380501","Census Tract 3805.01, Marion County, Indiana","2610","339","1506","255","157","89","77","54","96","46","39","36","31","36","0","11","0","11","95","65","130","86","156","104","67","45","52","38","72","44","141","72","83","50","23","24","51","49","28","34","96","84","67","54","18","16","8","9","19","22","1104","204","82","71","68","64","26","29","12","19","40","38","0","11","0","11","27","36","112","80","73","51","25","32","88","49","69","49","141","78","98","60","0","11","34","32","12","14","37","27","47","37","33","20","38","31","42","28",
"1400000US18097380502","Census Tract 3805.02, Marion County, Indiana","3868","361","1732","242","203","109","59","43","64","44","39","39","93","71","30","32","102","66","102","70","224","85","92","53","95","58","54","42","110","75","94","60","180","87","70","56","21","24","14","22","7","13","41","45","12","14","10","15","16","17","2136","268","112","76","124","64","52","39","60","51","336","113","6","11","150","126","266","141","166","78","87","51","91","51","17","19","98","57","92","53","96","53","50","36","67","47","37","36","70","61","39","24","86","54","16","22","18","16",
"1400000US18097380600","Census Tract 3806, Marion County, Indiana","5230","652","2342","414","243","159","150","89","225","144","61","59","37","50","50","75","0","16","132","102","304","246","176","98","77","60","91","82","112","81","329","179","112","96","32","37","42","47","58","60","0","16","96","86","0","16","0","16","15","25","2888","440","299","140","99","78","137","96","84","78","110","81","56","71","113","72","55","57","266","172","172","94","245","115","107","92","85","98","362","150","128","87","39","46","44","48","96","98","135","101","74","78","58","54","19","32","105","97",
"1400000US18097380700","Census Tract 3807, Marion County, Indiana","5312","818","2650","481","132","131","346","220","137","134","38","36","94","79","13","23","79","82","230","145","177","109","193","115","128","98","114","97","250","146","62","43","218","108","39","48","91","55","72","58","43","39","79","52","78","66","26","33","11","24","2662","509","128","111","173","159","139","165","70","71","28","34","25","46","64","74","121","119","290","155","204","169","148","132","203","111","79","68","147","111","285","114","69","52","103","72","28","32","58","42","76","77","116","72","50","46","58","45",
"1400000US18097380800","Census Tract 3808, Marion County, Indiana","2605","192","1262","136","52","40","28","24","108","47","56","32","13","19","0","11","0","11","56","44","86","54","75","54","81","46","54","43","49","38","62","39","187","76","32","25","117","65","70","47","10","17","65","39","34","29","27","29","0","11","1343","175","66","54","109","49","64","37","9","14","37","33","7","11","34","39","48","36","164","71","15","16","87","46","64","50","0","11","70","34","266","95","59","36","54","43","28","27","46","38","37","34","40","31","0","11","39","34",
"1400000US18097380901","Census Tract 3809.01, Marion County, Indiana","4957","342","2433","222","79","60","141","79","251","106","135","84","121","62","10","16","0","11","25","24","82","70","106","50","108","66","297","88","178","67","252","71","150","59","50","43","65","35","35","25","102","50","78","36","81","44","31","26","56","43","2524","275","170","115","99","60","154","93","61","47","37","38","15","25","36","43","82","60","111","71","62","41","282","100","134","80","157","70","292","77","186","70","7","11","106","43","33","28","98","37","164","50","63","35","56","37","119","61",
"1400000US18097380902","Census Tract 3809.02, Marion County, Indiana","5817","467","2674","279","134","95","88","66","179","80","72","76","66","64","25","41","106","124","83","100","78","79","271","123","109","90","139","71","282","110","267","130","194","105","32","41","82","51","102","59","136","62","77","42","73","49","41","44","38","34","3143","411","48","58","291","128","229","142","65","54","122","106","41","49","36","59","244","301","206","109","239","117","125","73","181","95","275","114","236","93","203","125","85","56","97","63","90","59","112","59","48","35","61","44","69","56","40","39",
"1400000US18097381001","Census Tract 3810.01, Marion County, Indiana","7891","786","3976","546","490","253","345","150","350","208","140","76","113","121","13","14","25","24","264","170","302","152","357","171","351","186","426","176","181","103","116","67","150","61","60","46","86","52","26","21","30","23","81","38","40","28","25","20","5","6","3915","492","423","281","110","50","234","121","53","40","106","87","100","117","164","99","199","123","508","188","314","150","333","150","187","93","167","111","215","81","164","63","187","157","49","32","15","13","80","60","92","41","42","24","66","41","107","59",
"1400000US18097381002","Census Tract 3810.02, Marion County, Indiana","3017","227","1521","165","106","59","186","47","48","33","55","34","47","35","21","27","78","70","38","40","82","43","134","51","29","15","37","23","93","46","113","58","108","58","57","46","47","32","16","15","20","16","43","24","58","27","86","55","19","19","1496","141","90","56","77","43","92","53","67","36","41","30","59","62","13","19","49","34","70","45","87","37","89","47","73","34","103","58","167","56","104","44","26","17","42","26","25","18","56","36","56","25","50","25","27","20","33","23",
"1400000US18097381101","Census Tract 3811.01, Marion County, Indiana","5697","408","2946","348","423","180","324","161","142","79","77","85","51","50","66","70","36","41","63","61","121","82","103","61","136","71","156","83","166","103","134","66","239","105","108","61","114","71","96","64","110","101","69","53","38","47","86","50","88","59","2751","261","184","79","116","76","133","74","53","48","25","41","0","16","44","49","111","81","267","124","231","97","196","102","107","65","142","67","138","77","250","102","150","57","89","57","102","79","45","41","119","67","83","55","84","45","82","55",
"1400000US18097381102","Census Tract 3811.02, Marion County, Indiana","5776","488","2985","347","299","137","145","78","95","69","99","87","27","29","0","16","0","16","142","109","133","90","338","116","111","76","99","75","244","106","237","107","164","85","85","78","213","134","90","67","58","49","98","65","95","81","32","36","181","133","2791","308","89","78","113","82","137","91","56","42","69","55","0","16","36","41","106","93","304","135","259","115","185","96","80","60","210","99","321","164","266","115","64","62","95","74","60","50","26","32","129","96","30","33","69","50","87","57",
"1400000US18097381201","Census Tract 3812.01, Marion County, Indiana","7129","444","3550","341","192","112","127","83","318","173","158","88","127","90","0","16","53","65","144","90","289","121","236","130","175","107","221","101","147","77","272","102","339","125","124","76","96","62","72","49","67","54","126","65","185","83","45","43","37","41","3579","345","150","94","178","100","267","142","161","94","18","28","40","46","47","36","160","100","220","121","206","120","142","84","248","90","234","113","223","99","266","108","80","49","132","63","65","52","171","81","168","83","251","94","117","70","35","39",
"1400000US18097381203","Census Tract 3812.03, Marion County, Indiana","3192","329","1495","208","192","103","95","58","110","55","13","15","45","38","40","44","11","17","122","81","186","72","260","82","118","61","25","32","69","48","40","33","16","17","37","25","38","29","21","21","0","11","19","17","3","5","0","11","35","39","1697","225","171","115","252","100","90","52","59","65","30","35","7","12","0","11","87","49","216","83","251","94","76","52","74","52","104","52","22","25","78","69","28","27","8","13","7","11","66","52","48","33","0","11","11","17","12","13",
"1400000US18097381204","Census Tract 3812.04, Marion County, Indiana","2944","277","1395","177","89","60","38","33","14","17","5","7","8","13","7","11","8","16","32","30","230","100","254","103","55","43","114","65","22","24","107","77","60","55","62","52","48","45","51","42","14","21","56","37","58","48","34","42","29","25","1549","244","106","91","46","40","65","64","21","32","0","11","12","18","9","15","40","27","139","72","123","76","19","18","26","23","48","39","62","46","87","49","13","14","27","23","24","21","100","40","163","70","147","66","99","54","173","79",
"1400000US18097381205","Census Tract 3812.05, Marion County, Indiana","6329","424","3048","371","412","201","197","124","261","127","150","97","40","52","18","31","68","82","32","38","415","174","244","118","288","108","139","80","165","80","174","96","140","75","45","43","79","53","48","74","30","36","34","38","54","46","15","25","0","16","3281","299","243","138","400","209","186","105","158","108","33","40","21","36","14","23","77","69","252","145","335","160","342","141","95","60","238","128","192","82","240","94","53","31","86","74","121","91","62","54","44","43","0","16","73","53","16","25",
"1400000US18097390101","Census Tract 3901.01, Marion County, Indiana","8577","497","4136","351","464","203","513","128","294","124","161","72","76","64","21","36","25","38","95","61","362","143","355","123","363","152","186","118","129","74","276","100","233","85","105","66","124","69","122","99","30","36","67","46","44","37","68","47","23","27","4441","341","403","141","556","196","216","129","131","91","78","59","25","39","57","86","138","92","295","103","365","131","370","129","230","93","256","98","323","136","183","82","118","85","127","78","118","64","64","51","136","65","83","72","71","54","98","73",
"1400000US18097390102","Census Tract 3901.02, Marion County, Indiana","5504","455","2663","338","249","123","341","178","274","106","96","57","91","88","80","93","0","16","132","104","123","91","154","106","240","118","136","82","82","56","74","61","105","81","52","63","164","80","81","82","82","59","63","54","18","31","0","16","26","38","2841","290","208","106","129","95","363","124","82","51","151","95","57","54","0","16","100","60","153","90","319","143","217","107","188","106","125","84","103","69","87","65","105","74","140","78","89","56","75","59","18","29","71","68","49","54","12","19",
"1400000US18097390200","Census Tract 3902, Marion County, Indiana","3511","370","1846","246","216","82","214","83","136","73","120","61","25","25","65","53","26","29","62","44","86","62","84","56","148","63","155","77","96","42","58","40","101","54","19","21","44","37","45","31","36","27","71","45","22","19","0","11","17","19","1665","186","154","73","94","50","114","65","51","37","53","37","0","11","0","11","60","40","121","65","155","61","189","71","148","83","94","44","64","44","103","44","39","30","50","49","44","36","33","27","61","36","8","12","15","17","15","16",
"1400000US18097390300","Census Tract 3903, Marion County, Indiana","5862","381","2997","255","167","111","177","94","331","106","151","77","138","81","11","18","0","16","88","63","222","110","121","62","230","113","191","83","207","82","267","92","212","91","71","52","47","41","85","54","58","41","98","47","104","45","13","21","8","13","2865","236","84","53","216","95","250","105","168","53","44","45","22","26","65","50","39","42","303","159","158","79","168","69","268","126","171","88","242","72","208","76","117","64","41","37","32","26","83","42","90","42","45","33","30","28","21","32",
"1400000US18097390402","Census Tract 3904.02, Marion County, Indiana","12597","573","6756","616","716","316","715","310","330","189","371","254","480","353","70","79","246","265","108","98","411","154","354","205","642","261","371","165","669","206","413","201","297","135","216","144","77","75","0","18","102","82","45","45","87","39","20","31","16","32","5841","552","556","305","328","238","523","220","221","174","71","64","39","63","99","109","156","99","361","126","485","248","597","205","219","144","412","180","517","229","416","203","130","133","207","147","80","60","267","179","0","18","138","58","9","18","10","20",
"1400000US18097390403","Census Tract 3904.03, Marion County, Indiana","10949","588","5309","411","672","198","544","180","495","139","164","88","194","102","60","73","63","50","68","58","334","184","321","115","383","130","354","97","397","137","365","117","252","98","155","106","128","68","68","45","96","51","114","66","28","33","27","29","27","30","5640","361","536","176","502","156","461","186","375","177","118","63","113","96","17","26","141","88","322","142","476","138","337","122","488","131","385","111","324","93","370","118","32","32","139","58","127","62","37","34","75","51","105","60","76","45","84","67",
"1400000US18097390404","Census Tract 3904.04, Marion County, Indiana","5938","487","2623","383","110","94","259","158","261","127","23","40","37","44","12","25","0","16","168","174","158","112","169","107","138","82","335","166","290","112","137","100","163","91","18","23","28","29","37","33","93","53","112","63","31","36","28","31","16","25","3315","373","112","89","299","131","158","111","197","125","91","81","115","104","72","99","216","109","149","85","203","106","165","89","191","95","181","88","216","81","282","140","41","47","36","34","87","78","176","65","105","52","64","54","117","76","42","65",
"1400000US18097390405","Census Tract 3904.05, Marion County, Indiana","4084","320","1851","219","136","111","154","68","31","34","40","35","15","22","11","17","13","15","219","133","205","95","221","81","226","84","26","27","61","46","45","35","119","49","34","37","21","23","45","30","24","26","35","30","83","60","22","29","65","45","2233","199","292","105","48","42","90","63","32","35","38","34","9","13","13","21","138","84","265","81","241","91","109","55","160","68","85","44","140","64","109","43","44","48","42","33","50","43","31","37","75","50","103","47","63","56","56","48",
"1400000US18097390500","Census Tract 3905, Marion County, Indiana","2245","276","1033","187","112","56","89","51","51","45","14","23","26","35","0","11","36","30","22","21","74","45","93","100","82","61","54","37","96","58","62","34","54","31","27","26","37","24","34","25","18","15","12","13","13","12","22","16","5","8","1212","160","69","38","48","33","9","9","42","38","31","33","45","39","0","11","23","34","116","63","79","58","28","28","44","31","160","66","117","66","114","42","0","11","58","27","27","18","32","36","72","38","42","24","31","23","25","22",
"1400000US18097390600","Census Tract 3906, Marion County, Indiana","5664","545","2542","354","266","128","319","155","207","170","45","39","86","70","37","59","33","37","106","90","457","177","227","117","186","102","71","50","136","94","30","36","37","37","78","87","78","69","14","22","55","46","61","61","0","16","0","16","13","20","3122","416","248","162","295","197","178","108","171","136","28","41","24","38","45","57","162","101","392","146","339","159","83","57","177","116","92","80","119","84","156","82","82","76","116","68","62","63","52","43","61","41","79","60","86","74","75","45",
"1400000US18097390700","Census Tract 3907, Marion County, Indiana","2763","478","1490","347","79","69","142","67","184","111","47","45","23","41","26","42","21","34","67","47","238","213","81","70","81","66","106","62","120","97","78","50","78","47","23","24","35","24","18","21","36","35","2","4","2","5","3","5","0","11","1273","231","0","11","146","66","92","60","34","43","39","46","0","11","25","28","7","12","157","100","127","87","77","55","118","75","66","46","157","80","145","67","13","20","26","26","9","15","11","18","13","16","0","11","11","16","0","11",
"1400000US18097390800","Census Tract 3908, Marion County, Indiana","4293","490","2219","316","289","152","156","87","235","102","140","79","18","23","25","32","0","11","143","100","134","67","169","125","149","107","146","41","36","39","177","91","136","77","0","11","55","35","34","32","28","26","77","47","50","30","22","26","0","11","2074","303","44","41","217","67","206","142","81","68","0","11","34","31","124","102","128","99","146","77","120","69","130","73","220","96","176","82","71","44","89","62","41","31","87","55","12","17","53","35","54","35","19","20","22","23","0","11",
"1400000US18097390900","Census Tract 3909, Marion County, Indiana","2593","308","1406","220","207","90","64","46","52","55","0","11","0","11","25","36","2","5","34","32","291","125","101","57","99","39","127","63","62","36","39","27","128","65","47","30","10","15","20","24","20","20","57","56","0","11","10","16","11","17","1187","201","72","63","58","64","18","26","0","11","45","59","0","11","17","26","73","60","160","81","136","49","114","98","72","48","49","37","164","76","117","46","11","16","12","18","8","13","22","37","11","16","15","23","13","20","0","11",
"1400000US18097391000","Census Tract 3910, Marion County, Indiana","5794","453","2875","386","89","71","0","16","0","16","12","19","202","92","127","123","76","57","459","163","744","259","432","174","181","82","154","119","99","60","53","39","127","90","27","38","15","24","59","55","3","16","13","17","0","16","3","13","0","16","2919","390","27","27","0","16","0","16","23","33","261","118","115","90","71","83","616","231","911","330","373","110","63","70","126","77","18","29","104","68","117","78","0","16","16","25","18","27","4","12","54","88","2","6","0","16","0","16",
