"GEO_ID","NAME","B01001_001E","B01001_001M","B01001_002E","B01001_002M","B01001_003E","B01001_003M","B01001_004E","B01001_004M","B01001_005E","B01001_005M","B01001_006E","B01001_006M","B01001_007E","B01001_007M","B01001_008E","B01001_008M","B01001_009E","B01001_009M","B01001_010E","B01001_010M","B01001_011E","B01001_011M","B01001_012E","B01001_012M","B01001_013E","B01001_013M","B01001_014E","B01001_014M","B01001_015E","B01001_015M","B01001_016E","B01001_016M","B01001_017E","B01001_017M","B01001_018E","B01001_018M","B01001_019E","B01001_019M","B01001_020E","B01001_020M","B01001_021E","B01001_021M","B01001_022E","B01001_022M","B01001_023E","B01001_023M","B01001_024E","B01001_024M","B01001_025E","B01001_025M","B01001_026E","B01001_026M","B01001_027E","B01001_027M","B01001_028E","B01001_028M","B01001_029E","B01001_029M","B01001_030E","B01001_030M","B01001_031E","B01001_031M","B01001_032E","B01001_032M","B01001_033E","B01001_033M","B01001_034E","B01001_034M","B01001_035E","B01001_035M","B01001_036E","B01001_036M","B01001_037E","B01001_037M","B01001_038E","B01001_038M","B01001_039E","B01001_039M","B01001_040E","B01001_040M","B01001_041E","B01001_041M","B01001_042E","B01001_042M","B01001_043E","B01001_043M","B01001_044E","B01001_044M","B01001_045E","B01001_045M","B01001_046E","B01001_046M","B01001_047E","B01001_047M","B01001_048E","B01001_048M","B01001_049E","B01001_049M",
"Geography","Geographic Area Name","Estimate!!Total:","Margin of Error!!Total:","Estimate!!Total:!!Male:","Margin of Error!!Total:!!Male:","Estimate!!Total:!!Male:!!Under 5 years","Margin of Error!!Total:!!Male:!!Under 5 years","Estimate!!Total:!!Male:!!5 to 9 years","Margin of Error!!Total:!!Male:!!5 to 9 years","Estimate!!Total:!!Male:!!10 to 14 years","Margin of Error!!Total:!!Male:!!10 to 14 years","Estimate!!Total:!!Male:!!15 to 17 years","Margin of Error!!Total:!!Male:!!15 to 17 years","Estimate!!Total:!!Male:!!18 and 19 years","Margin of Error!!Total:!!Male:!!18 and 19 years","Estimate!!Total:!!Male:!!20 years","Margin of Error!!Total:!!Male:!!20 years","Estimate!!Total:!!Male:!!21 years","Margin of Error!!Total:!!Male:!!21 years","Estimate!!Total:!!Male:!!22 to 24 years","Margin of Error!!Total:!!Male:!!22 to 24 years","Estimate!!Total:!!Male:!!25 to 29 years","Margin of Error!!Total:!!Male:!!25 to 29 years","Estimate!!Total:!!Male:!!30 to 34 years","Margin of Error!!Total:!!Male:!!30 to 34 years","Estimate!!Total:!!Male:!!35 to 39 years","Margin of Error!!Total:!!Male:!!35 to 39 years","Estimate!!Total:!!Male:!!40 to 44 years","Margin of Error!!Total:!!Male:!!40 to 44 years","Estimate!!Total:!!Male:!!45 to 49 years","Margin of Error!!Total:!!Male:!!45 to 49 years","Estimate!!Total:!!Male:!!50 to 54 years","Margin of Error!!Total:!!Male:!!50 to 54 years","Estimate!!Total:!!Male:!!55 to 59 years","Margin of Error!!Total:!!Male:!!55 to 59 years","Estimate!!Total:!!Male:!!60 and 61 years","Margin of Error!!Total:!!Male:!!60 and 61 years","Estimate!!Total:!!Male:!!62 to 64 years","Margin of Error!!Total:!!Male:!!62 to 64 years","Estimate!!Total:!!Male:!!65 and 66 years","Margin of Error!!Total:!!Male:!!65 and 66 years","Estimate!!Total:!!Male:!!67 to 69 years","Margin of Error!!Total:!!Male:!!67 to 69 years","Estimate!!Total:!!Male:!!70 to 74 years","Margin of Error!!Total:!!Male:!!70 to 74 years","Estimate!!Total:!!Male:!!75 to 79 years","Margin of Error!!Total:!!Male:!!75 to 79 years","Estimate!!Total:!!Male:!!80 to 84 years","Margin of Error!!Total:!!Male:!!80 to 84 years","Estimate!!Total:!!Male:!!85 years and over","Margin of Error!!Total:!!Male:!!85 years and over","Estimate!!Total:!!Female:","Margin of Error!!Total:!!Female:","Estimate!!Total:!!Female:!!Under 5 years","Margin of Error!!Total:!!Female:!!Under 5 years","Estimate!!Total:!!Female:!!5 to 9 years","Margin of Error!!Total:!!Female:!!5 to 9 years","Estimate!!Total:!!Female:!!10 to 14 years","Margin of Error!!Total:!!Female:!!10 to 14 years","Estimate!!Total:!!Female:!!15 to 17 years","Margin of Error!!Total:!!Female:!!15 to 17 years","Estimate!!Total:!!Female:!!18 and 19 years","Margin of Error!!Total:!!Female:!!18 and 19 years","Estimate!!Total:!!Female:!!20 years","Margin of Error!!Total:!!Female:!!20 years","Estimate!!Total:!!Female:!!21 years","Margin of Error!!Total:!!Female:!!21 years","Estimate!!Total:!!Female:!!22 to 24 years","Margin of Error!!Total:!!Female:!!22 to 24 years","Estimate!!Total:!!Female:!!25 to 29 years","Margin of Error!!Total:!!Female:!!25 to 29 years","Estimate!!Total:!!Female:!!30 to 34 years","Margin of Error!!Total:!!Female:!!30 to 34 years","Estimate!!Total:!!Female:!!35 to 39 years","Margin of Error!!Total:!!Female:!!35 to 39 years","Estimate!!Total:!!Female:!!40 to 44 years","Margin of Error!!Total:!!Female:!!40 to 44 years","Estimate!!Total:!!Female:!!45 to 49 years","Margin of Error!!Total:!!Female:!!45 to 49 years","Estimate!!Total:!!Female:!!50 to 54 years","Margin of Error!!Total:!!Female:!!50 to 54 years","Estimate!!Total:!!Female:!!55 to 59 years","Margin of Error!!Total:!!Female:!!55 to 59 years","Estimate!!Total:!!Female:!!60 and 61 years","Margin of Error!!Total:!!Female:!!60 and 61 years","Estimate!!Total:!!Female:!!62 to 64 years","Margin of Error!!Total:!!Female:!!62 to 64 years","Estimate!!Total:!!Female:!!65 and 66 years","Margin of Error!!Total:!!Female:!!65 and 66 years","Estimate!!Total:!!Female:!!67 to 69 years","Margin of Error!!Total:!!Female:!!67 to 69 years","Estimate!!Total:!!Female:!!70 to 74 years","Margin of Error!!Total:!!Female:!!70 to 74 years","Estimate!!Total:!!Female:!!75 to 79 years","Margin of Error!!Total:!!Female:!!75 to 79 years","Estimate!!Total:!!Female:!!80 to 84 years","Margin of Error!!Total:!!Female:!!80 to 84 years","Estimate!!Total:!!Female:!!85 years and over","Margin of Error!!Total:!!Female:!!85 years and over",
"1400000US18097310104","Census Tract 3101.04; Marion County; Indiana","3081","388","1249","252","0","13","0","13","31","58","32","48","27","41","0","13","0","13","90","56","120","103","290","150","104","84","218","165","60","87","68","66","36","52","13","21","21","24","26","27","15","26","61","49","28","30","0","13","9","16","1832","407","115","139","0","13","0","13","23","37","18","30","0","13","104","161","52","53","100","93","190","187","165","121","82","117","196","212","59","58","81","55","48","48","95","100","69","55","42","39","159","93","180","188","10","17","44","37",
"1400000US18097310105","Census Tract 3101.05; Marion County; Indiana","4263","679","1914","462","119","76","220","135","190","115","109","62","48","47","0","13","3","6","83","61","14","24","364","365","155","92","74","76","90","53","124","89","102","54","18","24","74","49","31","31","18","21","26","22","9","15","7","12","36","42","2349","304","149","111","117","109","153","116","27","33","83","103","54","78","65","72","121","97","298","169","134","94","93","57","254","139","157","90","139","68","86","61","66","48","20","27","23","24","45","33","162","80","60","53","43","36","0","13",
"1400000US18097310106","Census Tract 3101.06; Marion County; Indiana","4292","565","2095","510","74","118","0","13","61","94","153","218","58","95","218","254","61","71","54","49","199","128","256","206","158","138","0","13","96","120","91","80","232","206","0","13","66","55","0","13","42","44","157","143","13","22","27","34","79","62","2197","535","115","140","88","116","0","13","0","13","0","13","39","46","18","31","100","113","248","139","366","229","192","146","134","129","72","109","81","74","53","49","0","13","92","77","91","83","63","45","21","30","13","16","77","43","334","160",
"1400000US18097310108","Census Tract 3101.08; Marion County; Indiana","3869","606","1873","296","135","93","74","51","225","135","39","33","0","13","7","11","0","13","42","40","132","69","78","62","91","53","57","53","149","60","67","38","91","35","87","54","109","52","59","37","95","71","242","229","75","36","11","14","8","7","1996","356","136","70","51","44","81","45","67","48","3","5","37","40","9","14","66","52","80","58","181","118","146","121","39","28","119","75","104","49","113","39","64","37","147","72","28","28","146","79","264","224","43","26","34","29","38","35",
"1400000US18097310110","Census Tract 3101.10; Marion County; Indiana","2283","286","893","242","21","26","14","23","52","86","25","41","0","13","13","19","0","13","95","72","161","93","57","37","41","40","28","30","57","56","41","47","111","70","14","22","27","30","0","13","40","35","49","42","47","75","0","13","0","13","1390","222","45","51","42","37","0","13","83","88","25","40","0","13","11","17","108","80","191","93","60","60","62","40","0","13","78","89","42","46","271","103","24","37","55","72","75","84","74","53","91","66","0","13","13","22","40","61",
"1400000US18097310111","Census Tract 3101.11; Marion County; Indiana","3263","374","1585","294","28","43","60","38","94","72","48","52","0","13","0","13","0","13","259","157","329","236","165","131","58","45","129","70","35","34","60","52","54","47","17","25","30","33","64","46","55","43","35","33","32","37","11","24","22","28","1678","280","105","109","109","102","28","36","109","90","39","39","21","24","0","13","103","94","157","105","170","100","166","71","110","86","93","75","55","49","32","33","58","45","41","35","138","60","41","33","41","49","13","20","2","4","47","28",
"1400000US18097310112","Census Tract 3101.12; Marion County; Indiana","6111","847","3061","631","96","72","144","73","322","262","296","239","24","30","29","36","0","18","35","59","98","58","84","46","92","78","317","200","108","66","134","89","343","95","107","60","307","212","120","82","61","52","128","146","38","42","56","60","122","124","3050","355","119","109","70","60","211","115","179","102","11","20","39","39","15","25","59","50","61","53","147","85","145","76","265","212","414","303","126","73","242","93","184","103","236","189","79","62","61","56","86","60","75","74","47","46","179","135",
"1400000US18097310113","Census Tract 3101.13; Marion County; Indiana","1036","156","547","94","4","8","27","27","95","70","0","13","0","13","4","8","0","13","5","8","0","13","46","36","47","44","19","29","49","38","27","27","23","22","60","63","30","33","6","11","25","23","49","50","0","13","7","12","24","29","489","90","34","31","15","23","10","13","0","13","0","13","0","13","0","13","1","2","23","33","28","29","7","10","38","29","9","13","57","44","51","33","63","57","58","41","19","18","52","44","6","10","5","9","7","11","6","8",
"1400000US18097310201","Census Tract 3102.01; Marion County; Indiana","4613","646","2233","397","270","145","197","99","120","71","86","63","89","83","53","61","0","13","106","89","170","122","189","98","107","57","62","39","126","84","148","85","126","58","59","63","85","55","19","28","72","65","89","78","49","38","10","20","1","3","2380","413","89","68","197","142","95","74","137","130","229","187","0","13","0","13","186","141","71","49","188","125","211","118","238","134","170","115","180","105","84","53","104","82","39","28","42","56","22","35","41","34","51","46","0","13","6","11",
"1400000US18097310203","Census Tract 3102.03; Marion County; Indiana","5265","833","1915","447","112","103","124","130","99","102","174","119","90","88","23","35","140","146","24","37","141","105","67","75","183","143","77","83","22","37","23","35","132","79","23","34","49","49","31","36","91","68","23","34","0","18","167","143","100","76","3350","648","310","178","199","178","393","303","92","127","4","8","0","18","0","18","110","91","136","81","247","122","140","121","318","267","255","126","130","75","115","76","17","24","10","15","43","37","55","52","266","185","91","68","136","139","283","189",
"1400000US18097310204","Census Tract 3102.04; Marion County; Indiana","5280","929","2459","483","68","60","110","101","336","172","157","109","85","65","31","51","12","20","203","243","127","79","66","53","183","104","229","145","192","107","136","97","215","87","47","44","75","51","36","31","25","38","64","51","20","23","41","47","1","11","2821","537","93","89","83","72","105","76","145","97","98","97","0","18","0","18","186","109","331","247","131","71","247","99","249","157","188","83","421","253","189","88","60","46","74","51","30","37","70","54","72","46","12","20","0","18","37","48",
"1400000US18097310305","Census Tract 3103.05; Marion County; Indiana","6784","983","3178","608","232","148","251","195","141","88","243","189","163","141","21","33","89","93","77","75","133","111","381","256","381","216","218","170","321","190","179","163","163","107","53","60","25","41","0","18","61","71","46","47","0","18","0","18","0","18","3606","627","359","243","235","238","374","285","89","96","304","299","196","178","0","18","217","150","193","127","235","176","167","160","373","201","54","59","146","112","177","125","74","107","75","83","22","37","61","59","207","139","48","57","0","18","0","18",
"1400000US18097310306","Census Tract 3103.06; Marion County; Indiana","8597","1266","3886","653","62","72","539","255","513","277","142","162","131","148","33","63","61","108","270","223","234","156","255","170","215","144","287","205","359","215","127","126","408","204","0","18","42","49","0","18","23","33","100","72","24","40","0","18","61","75","4711","899","1059","436","414","207","205","195","140","112","57","69","59","95","40","68","35","62","323","218","339","214","413","240","200","128","211","192","731","506","281","238","51","63","30","51","0","18","51","50","0","18","51","47","21","34","0","18",
"1400000US18097310308","Census Tract 3103.08; Marion County; Indiana","3414","452","1622","247","113","92","126","86","105","81","40","40","78","77","0","13","11","19","85","67","221","142","103","86","80","54","79","63","109","78","122","127","107","80","15","19","90","78","48","34","9","16","0","13","15","26","24","30","42","49","1792","401","38","46","49","55","195","125","121","108","1","2","0","13","15","28","163","185","178","169","108","95","163","81","82","73","211","157","79","93","79","57","69","57","88","57","9","14","34","37","10","16","35","33","33","33","32","43",
"1400000US18097310309","Census Tract 3103.09; Marion County; Indiana","3103","497","1503","316","57","43","168","101","100","78","118","92","122","73","0","13","34","52","45","56","176","113","127","80","169","103","37","42","26","33","111","79","78","68","0","13","91","89","0","13","9","15","35","39","0","13","0","13","0","13","1600","311","105","94","31","42","48","58","20","33","100","94","24","43","95","150","142","111","105","89","208","101","101","82","91","75","100","76","92","69","142","120","0","13","36","44","14","20","46","38","42","34","17","21","41","58","0","13",
"1400000US18097310310","Census Tract 3103.10; Marion County; Indiana","5176","816","2390","485","192","113","68","51","242","118","221","149","226","204","13","21","12","17","67","60","130","135","209","97","52","45","295","137","167","86","58","46","31","26","23","25","70","68","6","11","199","161","108","73","1","2","0","18","0","18","2786","524","99","82","190","127","104","74","171","132","44","48","12","23","10","16","146","90","330","312","318","150","98","62","189","93","122","79","181","98","76","64","74","61","158","109","28","24","162","205","128","80","24","27","9","15","113","157",
"1400000US18097310311","Census Tract 3103.11; Marion County; Indiana","6560","1260","3245","604","159","110","309","253","250","175","254","188","118","85","100","125","124","145","200","136","285","248","112","87","139","86","187","101","133","97","243","137","118","68","53","50","55","49","52","41","101","63","96","75","98","61","59","77","0","18","3315","802","275","272","319","207","364","178","56","79","7","11","24","37","34","40","4","11","216","199","202","132","372","189","106","72","225","132","245","135","291","119","68","81","136","93","14","20","115","62","95","63","97","102","38","63","12","18",
"1400000US18097310312","Census Tract 3103.12; Marion County; Indiana","5680","666","2967","540","238","241","148","203","208","178","109","135","68","75","6","4","111","172","330","269","176","168","174","143","419","270","91","117","125","127","55","66","113","112","27","40","213","104","22","36","148","115","146","156","25","42","15","22","0","18","2713","563","247","169","203","228","19","31","0","18","18","17","0","18","0","18","163","140","285","247","118","81","170","133","298","239","135","156","224","184","134","121","76","71","166","112","93","99","52","58","195","161","60","45","57","64","0","18",
"1400000US18097320105","Census Tract 3201.05; Marion County; Indiana","4623","544","2159","401","169","146","320","226","146","91","57","66","121","145","0","13","33","57","10","18","185","102","160","107","182","146","49","57","77","64","105","79","51","51","131","109","30","38","74","67","22","32","55","46","71","51","64","52","47","71","2464","399","164","121","128","88","46","57","86","86","36","55","0","13","32","54","161","109","242","144","207","113","174","121","146","93","144","125","26","37","150","75","40","44","55","52","121","80","153","86","70","57","88","62","91","56","104","77",
"1400000US18097320106","Census Tract 3201.06; Marion County; Indiana","3745","1497","1814","797","118","104","380","353","21","25","65","62","22","35","0","13","14","21","18","21","425","442","116","67","92","84","56","53","72","50","37","32","73","43","29","39","12","20","39","37","24","43","94","41","55","51","47","58","5","9","1931","736","105","71","171","113","392","403","59","43","73","53","11","16","12","31","30","34","59","64","349","346","50","35","72","64","71","42","64","42","47","40","41","39","19","17","24","27","55","36","59","42","111","75","37","29","20","25",
"1400000US18097320107","Census Tract 3201.07; Marion County; Indiana","2014","487","1025","246","48","32","146","134","7","10","13","14","4","10","0","13","0","13","18","14","124","80","67","30","79","32","41","32","52","27","122","106","49","26","57","54","45","40","5","8","11","12","65","26","22","15","34","25","16","14","989","261","54","33","18","18","107","126","30","30","12","15","0","13","2","4","20","21","47","28","74","33","60","31","132","122","44","25","45","26","139","64","19","16","25","17","17","12","14","11","48","23","35","22","20","15","27","19",
"1400000US18097320108","Census Tract 3201.08; Marion County; Indiana","4783","704","2320","582","256","196","198","158","277","178","50","55","21","34","0","13","0","13","0","13","453","264","163","71","198","154","137","113","85","72","112","91","99","98","0","13","83","69","0","13","28","44","71","66","15","30","18","28","56","56","2463","415","104","89","136","141","90","86","16","30","12","29","23","36","0","13","198","199","433","262","302","172","270","152","45","49","56","57","167","111","91","75","102","155","74","62","0","13","32","43","147","138","36","31","19","28","110","77",
"1400000US18097320109","Census Tract 3201.09; Marion County; Indiana","2670","411","1174","172","51","61","43","57","97","75","72","60","12","18","16","25","39","40","23","33","26","23","51","38","31","26","168","74","34","40","60","44","61","52","30","21","60","45","16","13","63","37","59","35","57","35","32","27","73","54","1496","359","17","29","0","13","98","75","114","76","7","12","6","14","7","12","0","13","62","50","69","48","101","81","43","37","92","65","90","47","81","34","210","307","67","36","33","25","64","37","90","37","70","52","96","52","79","61",
"1400000US18097320202","Census Tract 3202.02; Marion County; Indiana","5068","655","2267","364","78","63","90","70","46","41","55","48","57","69","0","18","51","66","144","160","103","82","348","230","112","77","56","42","30","28","163","81","187","114","16","19","167","83","107","70","160","94","162","107","21","24","64","42","50","45","2801","416","133","125","73","63","57","53","121","90","41","79","0","18","0","18","182","86","175","116","347","275","127","73","135","77","73","60","199","171","246","117","42","38","299","174","87","64","77","64","165","125","58","45","65","50","99","73",
"1400000US18097320203","Census Tract 3202.03; Marion County; Indiana","2636","316","1356","223","51","59","50","43","23","27","20","22","2","4","21","23","0","13","21","23","220","95","207","101","79","62","56","43","82","69","88","93","91","50","60","73","80","44","0","13","38","39","56","35","68","49","30","27","13","19","1280","196","61","40","14","19","20","22","4","7","16","24","0","13","0","13","123","58","128","54","197","91","44","34","53","39","97","58","194","149","22","23","30","22","53","35","28","25","16","19","59","33","38","30","19","23","64","51",
"1400000US18097320205","Census Tract 3202.05; Marion County; Indiana","1885","266","895","187","11","17","33","43","0","13","0","13","0","13","0","13","10","15","81","56","178","85","198","106","34","40","116","124","55","58","76","64","26","29","0","13","0","13","11","18","0","13","25","28","34","45","0","13","7","13","990","229","69","61","31","46","0","13","0","13","0","13","17","26","9","15","123","99","195","120","87","61","68","59","51","55","27","34","24","28","28","26","38","56","35","39","53","41","47","38","44","47","36","33","0","13","8","13",
"1400000US18097320206","Census Tract 3202.06; Marion County; Indiana","2712","542","1302","335","13","22","64","105","178","104","57","48","7","19","0","13","0","13","214","227","215","170","116","148","7","11","11","30","97","83","38","53","78","62","52","83","0","13","8","20","10","17","37","37","29","35","11","19","60","60","1410","468","7","21","68","71","112","107","118","115","109","104","2","10","0","13","185","182","214","300","14","24","10","26","131","94","150","122","87","59","47","37","0","13","12","20","0","13","36","28","42","39","34","40","12","19","20","23",
"1400000US18097320301","Census Tract 3203.01; Marion County; Indiana","3767","520","1812","339","225","202","53","31","62","38","9","15","0","13","24","33","10","16","43","61","117","73","165","79","46","34","99","89","114","57","46","33","148","62","49","42","105","60","24","23","145","79","166","70","66","37","52","36","44","44","1955","283","116","74","87","75","110","78","26","26","0","13","0","13","23","31","53","60","84","62","101","55","71","37","111","89","82","52","107","66","125","58","21","33","90","53","23","16","121","54","302","160","106","46","121","80","75","43",
"1400000US18097320303","Census Tract 3203.03; Marion County; Indiana","3547","477","1756","306","84","93","77","112","0","13","0","13","0","13","7","10","14","21","257","125","494","228","302","130","244","135","33","41","24","28","90","92","71","88","0","13","47","56","12","18","0","13","0","13","0","13","0","13","0","13","1791","489","58","73","205","185","104","71","75","56","10","17","0","13","25","43","150","80","372","183","334","118","188","148","61","64","52","57","44","50","47","52","0","13","7","10","11","16","40","34","8","13","0","13","0","13","0","13",
"1400000US18097320305","Census Tract 3203.05; Marion County; Indiana","2804","347","1372","238","86","55","62","47","138","92","96","68","27","33","0","13","11","16","0","13","19","22","64","39","137","80","74","44","36","40","113","66","93","71","28","25","85","46","23","26","60","75","55","46","117","99","48","42","0","13","1432","216","79","75","86","70","151","67","56","49","68","66","11","18","0","13","0","13","27","29","96","50","113","69","71","44","99","84","103","56","106","60","37","30","25","31","89","90","42","39","54","45","78","80","41","36","0","13",
"1400000US18097320306","Census Tract 3203.06; Marion County; Indiana","4116","387","1777","305","53","39","68","55","50","40","46","58","26","34","18","29","0","13","84","77","273","182","153","99","84","34","68","54","95","60","219","106","53","45","80","91","123","83","22","28","30","33","126","72","34","40","7","11","65","58","2339","351","78","35","64","63","99","91","75","58","87","90","44","62","43","41","143","119","343","136","157","125","227","182","64","47","147","117","137","67","70","59","28","42","38","44","26","32","74","69","104","60","78","47","101","140","112","94",
"1400000US18097320400","Census Tract 3204; Marion County; Indiana","3148","521","1702","280","176","99","135","92","89","59","0","13","52","88","0","13","0","13","135","99","170","80","230","111","61","50","134","88","47","35","129","66","78","85","61","45","31","29","10","12","15","19","95","55","18","19","20","24","16","26","1446","303","165","97","129","90","45","43","41","69","15","25","0","13","0","13","116","83","96","57","136","153","183","86","20","27","29","29","122","68","35","34","9","13","36","31","30","35","68","66","72","41","63","41","0","13","36","34",
"1400000US18097320500","Census Tract 3205; Marion County; Indiana","3206","512","1596","360","167","119","24","24","315","225","66","40","8","13","0","13","0","13","68","44","27","25","87","43","89","48","81","47","71","40","178","135","82","40","28","24","77","46","47","46","63","35","39","30","48","57","21","21","10","14","1610","215","36","31","160","48","121","115","50","40","29","33","46","47","0","13","64","39","49","39","194","109","133","124","98","52","51","33","39","30","179","73","125","104","54","34","38","30","35","29","42","28","36","32","24","21","7","12",
"1400000US18097320600","Census Tract 3206; Marion County; Indiana","2579","521","1393","361","49","47","203","245","85","56","27","40","0","13","0","13","1","2","117","90","131","54","198","104","17","18","155","98","173","84","40","34","83","62","21","19","14","16","22","25","0","13","57","40","0","13","0","13","0","13","1186","202","42","37","89","88","54","46","16","22","5","9","0","13","25","35","24","23","100","46","152","59","232","167","91","71","68","50","57","46","37","26","16","19","34","26","14","21","69","37","13","20","19","20","10","16","19","20",
"1400000US18097320700","Census Tract 3207; Marion County; Indiana","2181","294","1172","216","59","64","36","38","24","40","60","89","0","13","0","13","0","13","102","79","171","58","121","63","153","91","75","53","64","49","85","66","50","41","23","30","41","34","8","12","36","23","43","25","19","21","2","4","0","13","1009","137","0","13","149","74","24","41","0","13","0","13","0","13","0","13","93","55","130","50","54","42","157","64","24","27","29","35","57","45","79","54","84","47","32","32","21","19","19","16","32","18","0","13","0","13","25","32",
"1400000US18097320800","Census Tract 3208; Marion County; Indiana","2901","213","1391","131","57","36","68","25","127","40","90","32","10","7","5","6","0","13","12","12","16","15","31","15","66","25","79","25","114","36","148","32","42","18","37","22","80","38","56","24","56","20","89","29","64","24","45","20","99","87","1510","118","30","17","90","35","126","35","63","22","21","15","0","13","5","5","7","6","19","14","56","23","66","26","103","22","146","36","90","30","97","29","52","40","70","23","58","25","58","25","116","37","73","26","62","25","102","85",
"1400000US18097320901","Census Tract 3209.01; Marion County; Indiana","6126","810","3230","583","269","176","305","163","130","110","65","73","57","65","43","60","23","39","0","18","398","265","232","182","152","84","294","132","154","110","109","92","276","201","129","67","84","63","130","81","93","61","113","74","85","63","16","25","73","57","2896","470","154","126","261","207","180","95","80","119","0","18","12","21","0","18","0","18","48","42","57","68","221","109","310","145","54","58","151","94","438","243","59","47","160","100","156","82","93","57","147","81","107","72","75","67","133","92",
"1400000US18097320902","Census Tract 3209.02; Marion County; Indiana","4186","657","2332","479","190","154","368","146","142","95","200","116","1","3","25","40","26","30","115","99","302","159","271","125","132","89","160","87","64","54","54","52","74","48","65","79","20","24","12","20","63","45","20","30","14","21","0","13","14","22","1854","317","122","115","86","67","161","126","43","53","27","44","17","27","0","13","47","40","329","137","44","44","296","136","153","90","27","33","160","94","47","46","51","44","72","57","0","13","91","74","28","30","29","34","13","20","11","19",
"1400000US18097320903","Census Tract 3209.03; Marion County; Indiana","5240","933","2336","576","177","134","491","423","72","68","165","74","30","37","83","56","47","75","159","184","72","58","97","79","142","108","257","99","88","93","148","125","87","59","105","106","18","22","7","13","19","30","28","24","9","15","0","18","35","54","2904","517","231","165","166","103","191","80","39","51","101","86","0","18","45","46","0","18","520","311","215","157","284","113","381","211","192","180","149","86","87","59","31","35","75","70","53","47","30","27","79","68","26","23","0","18","9","16",
"1400000US18097321001","Census Tract 3210.01; Marion County; Indiana","3052","539","1224","303","22","22","105","59","147","136","31","49","4","9","39","54","0","13","42","52","75","81","39","45","96","88","128","74","15","20","87","86","110","97","0","13","76","68","21","28","50","52","33","32","62","60","21","32","21","21","1828","402","75","69","191","100","268","208","54","58","15","26","30","50","0","13","9","14","105","95","261","134","126","77","133","74","32","34","124","86","30","37","14","22","143","156","15","23","117","80","38","39","0","13","17","27","31","35",
"1400000US18097321002","Census Tract 3210.02; Marion County; Indiana","4830","1095","2487","748","15","13","99","65","224","124","104","70","196","239","0","13","189","263","108","90","184","136","181","119","90","63","171","103","120","54","101","71","214","216","63","46","87","55","30","26","126","97","124","64","49","35","6","7","6","4","2343","431","102","88","164","93","101","75","6","11","0","13","18","24","23","34","49","73","121","102","68","52","178","100","201","87","152","107","266","251","128","82","113","81","99","51","156","91","38","33","169","86","55","41","111","103","25","21",
"1400000US18097321100","Census Tract 3211; Marion County; Indiana","3790","520","1882","217","116","99","160","54","97","48","14","14","19","23","0","13","36","31","36","33","155","69","117","54","164","49","64","37","130","53","117","53","195","161","71","43","42","33","52","33","138","56","82","31","31","19","10","14","36","31","1908","355","34","25","59","33","91","65","34","28","16","15","14","20","29","26","64","46","125","62","260","213","139","46","41","20","123","59","74","42","258","138","75","52","135","79","108","53","28","18","68","28","71","35","7","7","55","43",
"1400000US18097321200","Census Tract 3212; Marion County; Indiana","4990","981","2223","340","114","68","217","120","185","148","113","71","0","13","0","13","0","13","59","56","248","126","244","92","204","180","170","85","106","65","115","59","70","62","24","32","64","48","88","65","55","41","84","49","63","61","0","13","0","13","2767","700","496","479","193","94","86","54","95","63","14","24","0","13","0","13","111","112","283","107","275","98","192","186","134","91","231","129","115","58","90","72","52","40","100","54","46","57","36","33","76","45","89","64","14","24","39","52",
"1400000US18097321300","Census Tract 3213; Marion County; Indiana","2565","362","1330","278","168","123","9","15","23","24","0","13","0","13","0","13","6","10","106","96","292","82","198","107","115","49","136","89","68","48","51","45","36","29","39","36","29","32","28","23","0","13","19","17","6","10","0","13","1","2","1235","149","101","76","13","19","30","30","37","39","0","13","0","13","0","13","81","60","284","98","162","94","94","51","38","27","97","59","88","55","35","38","19","28","0","13","68","49","20","19","11","10","41","38","0","13","16","18",
"1400000US18097321400","Census Tract 3214; Marion County; Indiana","5263","682","2258","439","110","82","62","54","38","51","71","61","19","23","120","151","42","48","166","120","358","271","323","131","177","110","123","77","37","44","120","88","55","55","17","28","142","142","106","94","79","61","59","59","34","37","0","18","0","18","3005","505","147","107","210","277","195","134","88","64","31","40","30","53","14","23","149","103","411","162","326","152","183","105","135","87","225","150","198","132","225","176","30","35","108","80","34","39","63","57","171","119","16","26","0","18","16","27",
"1400000US18097321600","Census Tract 3216; Marion County; Indiana","5771","1198","2619","490","443","330","61","54","243","253","0","18","37","57","56","82","0","18","164","145","97","108","206","128","91","65","117","82","47","57","97","119","112","95","58","64","160","84","54","58","151","230","181","106","98","103","106","98","40","46","3152","856","172","116","414","438","280","177","26","40","54","57","186","245","110","167","18","36","262","199","318","125","139","110","89","64","210","189","53","54","129","86","140","82","13","20","53","48","60","52","262","203","53","60","73","49","38","38",
"1400000US18097321700","Census Tract 3217; Marion County; Indiana","3856","555","1771","308","76","60","13","21","45","70","27","42","0","13","2","6","140","220","47","40","164","61","311","116","249","155","77","58","56","66","0","13","179","79","29","27","139","90","69","61","0","13","81","83","44","41","5","10","18","30","2085","333","105","111","101","100","23","28","0","13","65","103","0","13","0","13","61","64","411","124","284","125","175","112","58","51","87","77","65","61","88","66","103","77","8","18","20","31","58","47","142","92","22","38","30","39","179","90",
"1400000US18097321800","Census Tract 3218; Marion County; Indiana","3326","553","1581","308","117","74","185","149","64","44","26","31","11","18","0","13","0","13","73","55","55","44","149","64","133","71","146","100","158","71","66","39","97","48","7","12","56","40","35","29","10","16","111","55","55","28","8","12","19","21","1745","284","43","37","222","148","82","60","41","37","0","13","23","26","0","13","39","31","112","47","174","60","148","62","171","112","93","53","101","53","98","55","68","41","62","39","18","17","70","39","66","37","61","45","53","34","0","13",
"1400000US18097321900","Census Tract 3219; Marion County; Indiana","5287","625","2335","333","47","42","117","101","68","50","48","36","650","155","185","94","211","128","90","82","74","41","90","53","115","57","142","112","70","47","79","36","108","59","35","27","11","16","22","21","32","32","43","29","73","41","16","21","9","14","2952","482","237","160","159","134","31","32","67","46","813","131","228","127","157","89","265","270","122","63","114","72","155","115","66","43","140","60","67","41","46","23","0","18","37","23","12","17","13","17","107","57","35","32","25","31","56","29",
"1400000US18097322000","Census Tract 3220; Marion County; Indiana","3605","592","1705","313","63","43","122","82","151","74","72","51","31","47","0","13","65","70","64","73","215","124","165","77","101","57","94","61","79","62","71","45","139","147","45","47","48","46","11","17","92","104","37","30","40","30","0","13","0","13","1900","377","75","56","30","37","175","81","33","31","73","58","20","22","29","35","201","106","108","66","118","68","123","48","332","264","33","29","139","74","120","63","7","14","102","64","44","29","62","38","36","26","29","34","11","17","0","13",
"1400000US18097322100","Census Tract 3221; Marion County; Indiana","3073","603","1528","374","310","218","152","75","106","122","71","99","13","19","0","13","0","13","46","53","57","65","104","75","225","89","93","56","84","45","27","35","131","82","5","12","0","13","30","31","10","16","43","35","2","4","19","27","0","13","1545","292","125","68","278","134","33","34","20","28","0","13","0","13","34","52","41","31","151","78","179","146","168","73","115","70","127","90","47","47","60","48","63","60","0","13","12","15","43","33","14","23","2","3","14","20","19","28",
"1400000US18097322200","Census Tract 3222; Marion County; Indiana","2292","279","1292","190","175","84","129","46","54","31","27","21","28","37","0","13","0","13","27","24","118","52","125","50","117","48","103","61","99","45","73","54","38","21","21","22","39","48","37","27","26","29","11","12","15","16","14","14","16","15","1000","125","116","49","40","25","60","36","32","32","9","11","7","9","21","23","20","18","76","30","94","38","143","52","39","32","51","33","61","29","52","46","27","20","13","14","5","7","37","26","24","21","32","25","12","14","29","35",
"1400000US18097322300","Census Tract 3223; Marion County; Indiana","2396","433","1300","369","78","44","57","30","26","22","0","13","6","10","6","10","0","13","157","206","153","66","211","87","107","46","60","35","154","182","55","68","84","38","9","14","39","32","0","13","34","31","25","22","30","26","0","13","9","14","1096","215","163","97","48","34","17","21","75","73","19","25","0","13","0","13","14","17","143","51","119","52","160","58","65","41","28","25","91","79","48","31","6","10","26","31","0","13","19","24","40","38","8","12","7","14","0","13",
"1400000US18097322400","Census Tract 3224; Marion County; Indiana","2791","334","1387","237","54","51","52","44","47","53","48","47","46","49","20","29","0","13","56","45","271","95","233","82","100","53","117","123","69","65","64","67","43","41","17","23","31","37","38","27","32","34","49","36","0","13","0","13","0","13","1404","285","118","90","29","44","23","27","14","23","30","33","0","13","134","195","129","79","221","94","171","82","135","78","63","55","51","49","66","43","62","48","21","34","26","30","26","30","42","27","31","25","12","18","0","13","0","13",
"1400000US18097322500","Census Tract 3225; Marion County; Indiana","1524","276","806","166","49","55","25","29","53","74","0","13","88","102","9","14","0","13","53","40","70","56","131","76","97","78","22","18","30","30","30","36","11","16","51","40","13","16","16","16","47","37","5","10","0","13","6","10","0","13","718","169","0","13","61","57","87","85","4","9","0","13","11","17","0","13","47","30","105","60","53","39","28","27","115","75","8","12","74","55","7","16","0","13","54","35","4","7","29","25","18","28","6","9","6","11","1","3",
"1400000US18097322601","Census Tract 3226.01; Marion County; Indiana","1920","405","826","304","72","112","181","155","28","42","107","57","111","130","60","66","28","43","13","23","0","13","25","36","48","46","58","92","0","13","34","38","16","26","0","13","31","37","0","13","0","13","0","13","0","13","0","13","14","20","1094","278","45","71","31","48","50","82","76","71","27","44","0","13","0","13","35","44","91","100","77","83","100","78","27","41","55","54","114","81","143","96","45","40","46","48","37","56","13","18","21","28","32","33","0","13","29","34",
"1400000US18097322602","Census Tract 3226.02; Marion County; Indiana","1801","481","885","259","0","13","40","61","33","28","8","24","48","49","0","13","0","13","77","71","22","29","30","38","104","76","22","29","28","43","86","80","192","172","0","13","8","14","20","17","30","32","3","11","45","56","0","13","89","139","916","291","25","34","70","72","93","145","35","42","10","26","41","34","0","13","35","31","102","63","34","30","39","43","21","32","13","19","79","105","82","44","0","13","9","13","12","20","6","10","122","100","41","24","37","57","10","13",
"1400000US18097322700","Census Tract 3227; Marion County; Indiana","1873","369","836","140","0","13","43","44","55","51","32","38","11","19","30","36","23","38","0","13","10","16","77","80","50","54","32","32","58","44","96","64","57","42","13","21","26","32","57","45","16","19","46","47","49","36","22","29","33","42","1037","307","0","13","17","31","82","77","60","67","35","40","0","13","0","13","17","31","61","68","51","46","0","13","97","57","87","86","55","37","46","44","60","60","161","201","2","5","23","22","120","119","63","45","0","13","0","13",
"1400000US18097330103","Census Tract 3301.03; Marion County; Indiana","3751","695","1884","542","307","322","30","37","0","13","0","13","0","13","0","13","0","13","123","105","99","67","215","132","221","170","116","90","143","127","87","94","20","28","29","29","49","48","31","38","58","60","120","74","157","178","42","39","37","42","1867","377","63","108","37","57","50","70","0","13","0","13","50","64","13","22","63","64","185","114","121","83","171","118","104","95","20","43","91","100","189","121","34","43","79","58","0","13","44","46","379","242","76","53","41","43","57","47",
"1400000US18097330105","Census Tract 3301.05; Marion County; Indiana","4613","770","2202","352","65","56","225","106","110","117","0","13","0","13","116","126","61","100","125","128","221","136","200","143","163","90","80","83","153","111","104","82","134","79","92","64","82","76","41","38","54","52","94","73","25","31","34","57","23","35","2411","647","75","64","80","56","137","120","81","84","3","10","50","70","0","13","295","282","301","160","93","92","238","123","388","382","55","52","20","27","154","96","43","45","78","73","63","51","68","64","97","71","31","53","32","38","29","48",
"1400000US18097330106","Census Tract 3301.06; Marion County; Indiana","5041","1421","2554","862","419","370","51","60","292","270","0","18","83","122","0","18","0","18","75","69","345","220","499","336","175","135","116","120","113","94","44","51","14","19","153","146","18","22","5","12","85","80","33","34","30","39","0","18","4","7","2487","709","185","171","0","18","405","308","80","87","26","41","47","75","0","18","147","113","343","224","170","157","124","94","89","101","108","88","94","94","156","120","87","81","20","32","41","40","46","46","114","99","90","59","41","34","74","46",
"1400000US18097330107","Census Tract 3301.07; Marion County; Indiana","4911","456","2425","250","140","77","127","65","115","56","201","124","18","27","42","48","22","29","36","45","171","108","79","55","89","57","177","75","100","78","158","85","123","73","65","62","200","110","118","88","133","82","113","63","121","78","57","50","20","33","2486","360","33","38","134","78","124","47","59","56","0","13","0","13","4","9","65","66","124","81","95","56","177","82","259","92","19","25","282","240","220","108","106","74","184","90","66","61","134","91","154","93","129","67","15","26","103","90",
"1400000US18097330108","Census Tract 3301.08; Marion County; Indiana","3746","906","1884","432","109","63","209","231","91","46","42","31","31","25","0","13","0","13","19","23","193","183","97","51","202","168","76","48","73","39","128","60","68","39","24","25","149","48","67","45","57","34","123","47","72","47","29","22","25","30","1862","499","227","248","68","35","84","42","20","25","8","14","0","13","10","15","27","20","162","203","107","51","196","181","95","45","90","73","89","48","84","43","45","40","59","34","65","40","90","46","216","111","44","32","37","34","39","34",
"1400000US18097330109","Census Tract 3301.09; Marion County; Indiana","4946","986","2189","442","60","49","93","61","107","78","128","156","36","44","18","29","0","13","80","89","97","68","270","119","224","231","166","76","123","93","50","48","206","90","110","58","22","24","20","31","177","106","122","97","50","46","7","12","23","39","2757","636","322","289","193","108","90","82","67","64","139","101","0","13","0","13","12","21","140","72","382","320","123","76","87","75","264","141","107","75","214","107","19","21","153","77","88","68","149","88","123","81","28","32","39","38","18","31",
"1400000US18097330203","Census Tract 3302.03; Marion County; Indiana","4784","511","2583","389","198","112","94","62","286","219","122","95","43","42","0","13","16","26","9","16","136","113","15","23","165","69","135","72","210","138","194","115","154","98","75","54","100","71","126","71","158","88","189","84","123","69","35","43","0","13","2201","234","174","114","81","55","84","65","71","63","13","22","0","13","0","13","0","13","68","71","114","67","142","92","86","65","209","127","95","73","343","138","108","61","156","105","96","74","169","90","107","74","65","49","5","8","15","24",
"1400000US18097330204","Census Tract 3302.04; Marion County; Indiana","6117","865","2910","436","58","59","256","150","321","199","160","94","38","36","0","18","14","24","51","62","50","42","218","121","232","91","340","147","175","95","106","90","256","129","53","49","113","68","58","51","320","262","38","43","39","53","0","18","14","23","3207","496","181","152","263","142","96","91","211","113","74","65","46","49","31","50","155","167","28","35","125","93","266","119","251","132","279","114","107","94","351","125","84","89","345","355","69","60","107","84","80","63","28","32","0","18","30","33",
"1400000US18097330206","Census Tract 3302.06; Marion County; Indiana","4887","847","2093","347","168","125","101","59","159","60","69","54","8","12","28","29","38","49","90","44","144","76","71","63","162","72","107","54","293","205","107","65","107","47","57","39","188","82","8","13","78","49","56","45","37","29","17","20","0","13","2794","601","587","485","142","88","78","49","123","50","17","17","0","13","8","15","64","38","163","73","118","72","236","166","209","117","234","80","171","68","209","65","43","31","119","109","59","34","54","40","95","61","30","28","0","13","35","37",
"1400000US18097330208","Census Tract 3302.08; Marion County; Indiana","2757","430","1334","225","139","100","58","37","45","57","0","13","6","10","0","13","26","26","7","12","143","94","168","134","128","67","33","27","60","38","97","60","86","46","53","37","66","50","50","20","74","38","50","35","45","38","0","13","0","13","1423","247","129","98","139","77","44","33","25","27","17","19","0","13","13","15","17","23","146","75","165","139","112","63","17","23","38","28","75","52","101","48","71","42","60","36","36","27","99","41","35","31","50","38","22","25","12","20",
"1400000US18097330210","Census Tract 3302.10; Marion County; Indiana","7080","1174","2832","694","256","197","374","231","216","173","283","328","101","80","0","18","0","18","80","66","54","52","193","134","262","143","120","114","322","283","93","90","187","111","124","125","38","56","41","45","31","48","0","18","33","52","0","18","24","37","4248","769","188","135","424","250","464","276","405","168","146","168","130","134","0","18","96","106","199","154","390","311","320","203","551","265","298","151","154","115","71","67","37","50","75","90","61","68","111","121","86","62","0","18","18","28","24","36",
"1400000US18097330211","Census Tract 3302.11; Marion County; Indiana","5396","724","2428","373","187","164","363","201","154","124","168","143","132","113","26","56","0","18","150","128","28","42","331","245","195","104","75","108","148","125","189","121","108","96","40","51","59","75","34","47","0","18","35","48","6","10","0","18","0","18","2968","521","310","188","183","163","411","255","138","138","106","100","83","101","0","18","12","21","102","117","266","171","389","204","82","112","106","79","131","103","254","165","85","104","84","84","0","18","119","80","55","58","31","49","21","36","0","18",
"1400000US18097330212","Census Tract 3302.12; Marion County; Indiana","5380","835","2431","578","227","163","135","126","377","250","21","36","41","46","0","18","0","18","13","24","404","295","71","64","322","174","230","121","130","132","42","38","114","77","24","50","45","47","42","52","94","69","28","30","38","64","11","18","22","28","2949","474","126","86","337","171","330","208","145","78","75","93","0","18","0","18","281","205","108","84","189","148","378","160","168","139","72","58","251","143","76","57","52","57","155","122","19","23","30","47","47","63","16","21","35","34","59","52",
"1400000US18097330213","Census Tract 3302.13; Marion County; Indiana","3863","938","2154","667","137","84","110","75","196","121","48","41","36","40","18","30","206","292","3","8","288","316","86","58","66","40","102","54","175","81","87","67","81","60","59","48","66","47","15","22","68","50","109","88","90","56","31","31","77","55","1709","327","0","13","82","56","60","47","48","45","105","89","0","13","36","61","185","214","73","44","117","59","86","45","108","58","138","70","31","37","274","92","33","35","29","27","22","29","56","47","78","46","46","37","54","38","48","42",
"1400000US18097330401","Census Tract 3304.01; Marion County; Indiana","5528","760","2659","493","179","214","208","143","216","179","139","105","64","84","0","18","0","18","41","49","86","75","154","148","334","172","63","62","105","81","150","107","170","84","86","88","149","91","35","33","76","52","150","92","80","50","83","72","91","108","2869","499","243","177","46","56","17","29","98","107","141","156","13","22","12","18","60","94","165","153","507","186","81","71","206","127","151","108","192","115","262","149","62","42","103","58","41","36","142","86","120","77","69","68","111","83","27","31",
"1400000US18097330500","Census Tract 3305; Marion County; Indiana","6061","1182","2711","567","20","61","146","135","155","147","47","72","99","86","26","49","0","18","44","77","153","145","164","135","184","117","315","269","410","292","85","82","32","42","88","94","222","173","34","36","197","122","92","96","150","93","16","17","32","35","3350","826","214","180","398","389","125","104","90","91","0","18","0","18","21","34","183","226","92","94","208","142","126","99","154","130","307","273","204","136","72","76","330","225","165","135","72","57","122","79","154","82","168","75","123","76","22","33",
"1400000US18097330600","Census Tract 3306; Marion County; Indiana","6010","1039","3379","955","362","231","468","217","227","201","40","50","46","38","76","77","0","18","393","220","272","185","147","134","63","82","405","206","20","31","91","78","134","163","2","4","390","494","23","35","36","43","47","57","99","71","16","27","22","38","2631","677","37","60","89","118","323","165","138","148","92","88","20","35","103","120","73","75","626","426","99","78","182","151","366","164","0","18","104","86","145","96","64","51","22","37","17","27","42","49","0","18","19","31","70","69","0","18",
"1400000US18097330701","Census Tract 3307.01; Marion County; Indiana","2380","870","1132","454","0","13","81","61","134","180","0","13","0","13","0","13","48","57","32","43","116","115","354","348","41","44","0","13","90","82","66","71","28","28","28","44","0","13","0","13","51","55","12","13","0","13","51","79","0","13","1248","459","0","13","0","13","190","161","66","64","59","69","0","13","0","13","0","13","95","100","54","50","348","339","24","39","36","52","75","60","102","121","34","55","29","35","23","35","6","9","16","29","65","80","0","13","26","40",
"1400000US18097330702","Census Tract 3307.02; Marion County; Indiana","4395","689","2045","607","403","385","156","136","50","72","108","164","0","13","19","31","29","50","156","111","105","82","105","92","74","92","282","156","125","86","131","98","111","76","0","13","78","66","13","20","0","13","58","64","15","18","27","33","0","13","2350","291","202","134","447","230","109","99","133","136","73","75","0","13","0","13","71","67","202","107","67","84","124","108","88","66","115","70","87","63","221","128","12","21","21","24","52","56","126","55","61","54","89","113","22","27","28","33",
"1400000US18097330803","Census Tract 3308.03; Marion County; Indiana","4223","1043","1792","566","309","286","124","137","319","177","71","74","17","24","0","13","52","82","276","246","90","105","78","92","85","97","99","93","74","70","47","78","34","36","33","51","0","13","11","17","15","24","0","13","35","37","8","13","15","23","2431","600","141","120","234","197","232","183","156","110","37","55","62","99","86","110","54","84","473","328","210","155","157","96","143","103","25","30","151","124","73","82","0","13","22","36","36","36","40","34","83","74","0","13","16","24","0","13",
"1400000US18097330804","Census Tract 3308.04; Marion County; Indiana","3189","878","1656","748","28","40","81","68","32","51","0","13","2","8","117","138","13","21","67","78","182","145","322","292","174","112","18","24","243","230","25","40","90","128","38","38","0","13","109","168","74","80","15","23","13","21","0","13","13","22","1533","367","115","124","105","117","133","145","59","67","47","76","0","13","0","13","26","33","99","96","265","185","90","81","85","61","160","143","102","75","23","28","87","63","43","41","25","21","0","13","27","32","26","30","0","13","16","26",
"1400000US18097330805","Census Tract 3308.05; Marion County; Indiana","2486","399","1067","218","183","109","0","13","82","99","68","67","65","61","0","13","14","24","62","72","96","100","40","52","32","41","99","70","18","24","37","55","71","65","14","25","53","51","24","31","28","43","25","22","31","41","12","19","13","22","1419","252","312","124","93","106","42","51","52","59","22","39","0","13","53","72","101","100","105","106","108","76","62","81","8","15","24","34","72","60","98","56","38","41","48","49","34","46","36","46","48","31","31","31","0","13","32","37",
"1400000US18097330806","Census Tract 3308.06; Marion County; Indiana","4975","1306","2002","618","162","195","286","281","463","328","26","48","124","104","0","13","0","13","61","83","101","101","87","100","122","111","222","135","36","63","126","145","45","53","67","71","5","9","0","13","44","39","0","13","25","38","0","13","0","13","2973","799","189","188","266","245","475","357","282","137","46","67","23","44","170","155","60","101","173","186","210","174","212","145","253","137","17","25","62","80","71","74","209","183","26","36","53","54","76","54","22","37","56","53","0","13","22","32",
"1400000US18097330900","Census Tract 3309; Marion County; Indiana","6174","1093","2534","564","407","279","532","259","129","134","16","44","106","109","77","89","43","77","73","100","263","182","148","136","65","82","41","51","234","237","64","83","61","68","77","108","19","34","65","54","10","20","0","18","38","40","8","18","58","60","3640","738","218","288","331","199","102","121","114","140","73","84","0","18","94","108","450","253","117","97","382","396","165","117","171","134","598","369","186","116","132","95","20","33","135","97","18","32","83","62","65","60","143","74","0","18","43","52",
"1400000US18097331000","Census Tract 3310; Marion County; Indiana","4296","1076","1788","497","186","145","242","206","137","169","178","142","61","56","36","57","15","20","38","44","55","68","106","77","81","84","25","41","54","58","200","119","44","43","44","57","53","45","28","29","18","21","76","59","13","18","60","51","38","33","2508","654","184","154","157","163","270","238","82","80","86","81","24","38","0","13","24","37","135","100","225","210","149","116","178","119","225","102","196","164","93","66","31","35","45","47","28","32","57","49","61","61","94","53","87","56","77","44",
"1400000US18097340101","Census Tract 3401.01; Marion County; Indiana","4709","691","2283","401","212","137","129","70","127","65","62","43","57","34","0","13","18","19","120","94","125","65","163","104","118","70","92","70","146","84","77","46","153","67","72","74","85","49","12","15","115","95","55","29","223","205","110","129","12","16","2426","395","155","74","108","68","134","97","100","73","80","56","27","44","41","43","45","38","164","73","124","59","124","63","133","65","79","47","127","56","244","131","88","69","72","46","108","63","97","95","222","186","63","39","51","45","40","42",
"1400000US18097340102","Census Tract 3401.02; Marion County; Indiana","4610","582","2195","380","202","190","147","103","205","98","161","128","122","87","2","4","67","81","69","68","95","67","125","140","83","57","163","123","97","58","73","105","105","91","40","50","89","77","60","44","33","38","110","92","64","53","33","36","50","41","2415","347","133","117","46","56","302","174","63","59","109","83","0","13","0","13","152","135","223","101","135","134","126","82","94","78","41","39","103","96","128","93","114","105","125","87","57","52","135","117","84","69","68","44","78","52","99","74",
"1400000US18097340108","Census Tract 3401.08; Marion County; Indiana","3566","640","1793","289","195","155","15","25","161","125","61","76","47","51","0","13","13","22","83","98","256","220","177","130","70","60","154","76","143","106","158","101","78","92","76","67","58","60","0","13","17","22","18","26","0","13","13","27","0","13","1773","453","44","59","468","189","82","89","0","13","35","41","100","105","10","16","132","130","159","150","24","33","248","131","101","65","121","101","30","35","37","34","14","23","12","28","7","11","57","51","25","35","11","25","12","24","44","33",
"1400000US18097340111","Census Tract 3401.11; Marion County; Indiana","3671","333","1819","277","98","83","150","102","168","106","125","65","186","118","0","13","25","40","122","99","135","85","121","72","151","65","136","89","136","89","66","50","62","51","26","30","38","34","26","31","16","19","16","18","0","13","0","13","16","28","1852","195","55","55","52","51","145","85","96","66","58","52","0","13","16","23","97","66","163","70","200","85","147","76","239","75","137","63","69","50","86","44","34","34","39","40","113","79","48","33","18","22","21","24","19","23","0","13",
"1400000US18097340112","Census Tract 3401.12; Marion County; Indiana","4397","539","1955","357","14","24","253","164","110","96","53","47","47","50","0","13","47","53","62","68","203","136","166","160","60","99","253","115","29","37","130","70","67","59","102","98","41","50","21","22","91","68","76","81","63","62","35","28","32","44","2442","326","269","190","66","84","93","90","54","86","83","86","24","34","7","9","11","18","267","128","216","150","224","95","87","80","151","115","101","129","127","71","84","60","67","62","41","48","39","31","154","82","25","32","101","73","151","117",
"1400000US18097340113","Census Tract 3401.13; Marion County; Indiana","4230","635","1881","474","44","41","226","217","223","134","54","45","123","76","29","43","52","77","33","36","65","77","41","35","74","49","211","204","143","113","29","25","146","55","28","25","60","38","33","30","51","39","55","50","119","88","5","10","37","31","2349","304","125","94","220","145","190","111","116","63","24","37","52","43","6","10","85","51","51","50","59","43","161","67","255","150","83","59","201","67","64","43","90","55","33","32","48","33","35","33","65","41","70","63","41","45","275","198",
"1400000US18097340114","Census Tract 3401.14; Marion County; Indiana","4262","423","2085","257","198","110","78","40","198","134","57","40","15","18","9","15","14","22","66","36","143","57","183","97","99","70","160","74","136","59","185","74","144","70","26","27","89","55","70","45","16","15","41","28","129","104","19","19","10","14","2177","297","171","96","149","104","169","81","84","59","0","13","5","10","44","53","31","22","204","107","70","42","145","85","220","78","101","44","150","64","111","52","68","53","63","47","31","28","75","37","155","156","55","34","50","31","26","20",
"1400000US18097340115","Census Tract 3401.15; Marion County; Indiana","5499","994","2525","641","168","183","144","102","171","175","88","80","30","43","11","19","18","30","98","88","414","186","316","180","279","175","142","108","73","57","211","242","83","60","28","27","32","31","42","36","37","32","113","68","21","29","6","14","0","18","2974","578","162","225","126","109","82","85","149","134","11","13","162","174","16","25","136","95","358","212","205","139","374","177","76","59","188","178","153","106","254","120","71","84","38","38","183","187","107","73","51","32","38","47","9","22","25","29",
"1400000US18097340201","Census Tract 3402.01; Marion County; Indiana","4141","641","1966","380","300","204","114","102","88","56","31","36","47","39","67","99","38","48","14","23","39","41","154","98","270","126","197","141","181","136","121","67","29","23","19","23","0","13","10","15","167","184","42","42","20","18","0","13","18","19","2175","410","348","245","349","174","129","94","100","71","87","65","41","52","0","13","85","60","46","42","230","120","156","94","64","87","98","103","88","53","69","41","52","45","54","54","22","25","48","40","47","28","17","19","8","13","37","34",
"1400000US18097340202","Census Tract 3402.02; Marion County; Indiana","4871","682","2458","569","506","387","136","86","143","83","55","50","53","51","28","32","0","13","68","52","305","167","79","55","114","107","224","105","108","71","257","169","65","51","52","42","71","60","4","11","35","33","41","31","38","32","23","26","53","49","2413","356","235","130","164","118","242","102","58","73","102","98","39","47","52","84","59","63","151","130","316","124","176","101","108","77","165","80","119","82","37","35","31","35","81","63","17","25","15","24","117","89","32","29","47","27","50","44",
"1400000US18097340301","Census Tract 3403.01; Marion County; Indiana","3459","943","1316","436","147","100","134","113","208","109","62","70","0","13","0","13","18","34","41","54","47","48","30","37","196","105","235","330","77","54","17","34","0","13","20","31","84","76","0","13","0","13","0","13","0","13","0","13","0","13","2143","852","411","335","482","264","128","117","21","35","0","13","0","13","0","13","77","74","309","337","173","125","36","46","178","141","0","13","102","57","30","48","14","36","0","13","0","13","140","72","18","34","0","13","0","13","24","38",
"1400000US18097340302","Census Tract 3403.02; Marion County; Indiana","5575","982","2675","675","428","270","86","116","285","166","142","155","56","63","0","18","69","126","139","204","237","157","335","335","157","147","80","107","196","159","80","130","59","61","3","14","201","256","0","18","5","10","42","42","0","18","75","68","0","18","2900","564","215","211","355","288","163","138","181","190","202","174","79","113","0","18","154","142","247","219","77","107","312","167","160","136","40","65","172","138","142","112","159","225","22","29","27","32","35","43","0","18","130","69","3","13","25","40",
"1400000US18097340400","Census Tract 3404; Marion County; Indiana","4039","711","2287","552","154","104","198","148","204","121","165","111","84","63","189","253","41","58","0","13","244","127","118","92","247","142","156","160","78","59","106","125","149","94","0","13","44","35","19","31","0","13","56","42","0","13","0","13","35","40","1752","397","125","108","158","150","64","63","99","113","7","13","0","13","17","27","124","124","209","124","97","75","183","110","106","73","98","95","149","101","34","36","16","25","61","48","21","25","23","23","20","24","59","84","23","29","59","53",
"1400000US18097340500","Census Tract 3405; Marion County; Indiana","5539","925","1977","379","203","169","118","127","15","29","171","148","295","133","74","62","82","86","211","152","111","103","78","61","133","136","100","104","38","46","91","71","45","68","15","23","16","24","0","18","33","41","119","122","0","18","0","18","29","49","3562","689","447","313","0","18","243","150","0","18","384","151","44","31","116","117","236","172","427","243","156","130","177","132","117","97","160","101","95","80","392","335","50","51","87","78","0","18","167","132","27","37","91","108","27","30","119","138",
"1400000US18097340600","Census Tract 3406; Marion County; Indiana","5873","877","2780","508","174","164","326","130","318","238","87","121","54","49","8","13","0","18","66","70","452","268","136","134","193","156","181","139","145","113","23","37","166","200","58","69","77","83","122","109","24","36","87","58","21","24","40","53","22","38","3093","530","246","194","119","160","377","145","177","129","44","68","0","18","133","191","115","86","320","181","110","100","138","103","275","196","136","134","83","103","214","112","28","32","16","26","42","42","94","77","149","80","154","111","58","57","65","58",
"1400000US18097340700","Census Tract 3407; Marion County; Indiana","4296","1033","2021","524","121","115","52","66","352","281","82","108","69","72","64","101","0","13","9","15","9","18","373","272","130","96","42","71","133","131","172","86","98","78","162","151","27","36","0","13","15","24","33","39","0","13","32","37","46","54","2275","613","170","151","204","182","185","148","297","187","0","13","0","13","0","13","112","128","193","123","120","113","131","98","19","34","150","144","144","111","175","114","24","26","75","73","34","39","28","42","129","134","12","18","57","59","16","29",
"1400000US18097340800","Census Tract 3408; Marion County; Indiana","1631","265","865","160","21","24","87","56","14","17","89","58","30","32","0","13","8","12","56","66","96","65","42","36","5","8","61","40","42","25","46","32","81","34","35","25","51","39","27","25","8","10","39","25","18","16","9","9","0","13","766","160","11","17","29","29","20","25","66","49","14","17","8","14","19","18","19","14","63","41","35","29","65","44","58","33","45","31","69","64","31","23","39","35","49","31","13","14","15","13","41","23","14","15","26","37","17","15",
"1400000US18097340901","Census Tract 3409.01; Marion County; Indiana","4031","655","2080","458","110","92","221","110","217","148","129","165","116","84","34","52","25","39","22","28","55","48","51","44","177","76","175","121","92","54","199","84","183","100","75","53","27","31","28","33","43","36","73","42","0","13","28","25","0","13","1951","281","79","74","157","109","131","112","147","104","30","36","0","13","28","42","72","67","177","106","63","54","184","105","159","88","58","47","116","55","206","105","89","57","42","35","19","20","23","21","108","45","11","17","38","32","14","21",
"1400000US18097340903","Census Tract 3409.03; Marion County; Indiana","1817","323","814","214","80","49","54","51","8","14","0","13","0","13","9","13","98","98","54","62","106","98","109","125","92","45","75","77","22","24","0","13","42","44","12","22","0","13","0","13","27","30","22","25","0","13","0","13","4","13","1003","257","0","13","18","28","17","45","0","13","32","41","0","13","0","13","132","78","159","141","117","101","93","51","0","13","39","33","102","119","93","85","44","45","0","13","19","21","0","13","9","13","109","132","9","14","11","18",
"1400000US18097340904","Census Tract 3409.04; Marion County; Indiana","4726","738","2359","432","263","142","81","74","78","74","90","79","20","34","0","13","61","69","42","64","318","167","109","85","271","132","120","104","205","143","43","56","90","61","111","133","83","63","118","79","19","29","201","243","36","40","0","13","0","13","2367","454","221","146","186","159","177","157","53","60","23","36","0","13","0","13","97","91","177","137","209","136","161","141","76","54","135","93","127","111","227","144","52","56","108","86","58","61","57","60","100","79","69","64","23","38","31","50",
"1400000US18097341000","Census Tract 3410; Marion County; Indiana","1627","243","843","152","61","52","70","40","28","22","3","4","23","23","0","13","0","13","27","23","50","34","29","24","41","34","81","33","70","35","136","50","91","44","4","6","26","21","13","13","21","22","23","26","31","21","9","10","6","10","784","136","16","20","81","42","44","30","5","8","7","11","5","7","0","13","18","19","20","21","61","47","62","35","52","27","37","25","60","37","123","39","13","13","9","12","23","18","34","26","45","22","20","17","27","18","22","20",
"1400000US18097341100","Census Tract 3411; Marion County; Indiana","2071","370","1309","272","125","87","92","81","86","64","53","53","36","38","9","15","23","28","47","39","35","50","183","108","70","44","28","29","59","44","60","46","93","65","56","56","32","38","16","16","8","12","194","174","0","13","4","9","0","13","762","152","88","86","13","24","19","27","22","28","0","13","20","29","28","28","49","71","22","25","75","61","79","39","37","33","123","64","24","24","31","27","18","20","14","18","9","14","26","20","34","23","18","18","13","15","0","13",
"1400000US18097341200","Census Tract 3412; Marion County; Indiana","2022","536","1133","389","0","13","47","37","22","33","149","181","102","83","0","13","0","13","93","87","192","159","7","10","14","21","135","149","44","44","6","9","110","64","9","13","84","85","27","29","55","68","13","21","0","13","24","24","0","13","889","234","9","13","32","44","16","25","38","40","58","73","0","13","0","13","58","46","9","13","8","24","75","85","110","115","33","38","152","119","51","50","67","52","32","28","18","19","18","27","66","44","27","42","0","13","12","16",
"1400000US18097341600","Census Tract 3416; Marion County; Indiana","1867","398","835","181","84","74","47","53","25","23","19","21","1","3","8","13","0","13","68","64","130","95","33","33","16","19","6","8","54","49","63","64","84","65","30","26","56","44","39","36","15","17","25","20","9","13","0","13","23","36","1032","278","59","65","49","39","65","54","39","43","24","26","55","73","0","13","63","57","76","59","29","29","7","10","29","26","100","63","70","48","11","14","35","31","69","40","44","26","73","75","28","30","0","13","9","14","98","135",
"1400000US18097341701","Census Tract 3417.01; Marion County; Indiana","2505","436","1347","261","64","91","134","105","142","110","78","68","30","39","15","24","12","19","12","19","48","80","97","73","80","86","70","52","82","85","90","104","56","74","157","100","68","74","21","24","0","13","53","55","38","38","0","13","0","13","1158","236","34","39","125","41","114","133","64","62","19","30","0","13","5","10","39","42","77","74","130","123","136","98","26","31","82","88","21","24","72","52","11","16","71","26","23","26","11","16","24","29","33","32","41","40","0","13",
"1400000US18097341702","Census Tract 3417.02; Marion County; Indiana","2165","763","1015","376","20","24","17","22","107","136","61","52","15","18","0","13","13","20","24","26","64","68","100","140","239","177","77","65","44","59","72","46","22","24","24","25","13","16","15","17","50","48","19","21","19","35","0","13","0","13","1150","572","11","15","63","61","308","396","65","42","9","14","0","13","0","13","20","16","55","49","148","187","47","36","51","49","19","23","134","64","37","29","11","18","0","13","39","53","26","26","55","33","52","33","0","13","0","13",
"1400000US18097341902","Census Tract 3419.02; Marion County; Indiana","4220","712","1940","364","117","70","286","181","46","44","39","39","80","72","9","14","26","28","0","13","137","106","166","108","121","113","102","69","107","110","84","57","123","70","53","41","108","58","23","25","95","68","54","38","66","60","0","13","98","93","2280","492","227","111","62","64","340","226","117","107","45","40","0","13","29","36","63","55","159","81","120","97","160","146","120","101","171","97","68","78","123","71","51","33","58","60","57","40","35","28","93","63","19","23","80","51","83","56",
"1400000US18097341903","Census Tract 3419.03; Marion County; Indiana","5617","1360","2847","794","279","293","323","262","242","219","46","77","0","18","0","18","0","18","0","18","218","244","308","231","127","111","432","346","157","149","154","158","153","146","35","48","17","36","160","176","26","35","118","106","34","43","8","20","10","19","2770","961","188","219","286","291","194","156","453","278","0","18","50","89","0","18","170","226","52","82","65","86","344","202","163","144","436","258","11","24","79","87","76","101","34","41","0","18","95","139","0","18","13","24","17","27","44","59",
"1400000US18097341904","Census Tract 3419.04; Marion County; Indiana","2273","396","1039","198","51","62","5","8","81","59","49","36","25","27","0","13","0","13","100","65","119","116","168","84","51","35","93","59","41","36","84","62","36","39","20","18","53","41","8","12","23","18","11","14","8","15","13","16","0","13","1234","262","152","114","84","66","10","17","101","56","18","23","0","13","41","45","51","38","108","90","83","65","177","84","85","36","44","45","133","71","19","17","15","17","57","43","0","13","24","19","32","24","0","13","0","13","0","13",
"1400000US18097342000","Census Tract 3420; Marion County; Indiana","6622","1179","3489","508","312","233","308","209","294","186","79","88","0","18","186","207","0","18","192","126","244","139","161","101","349","195","132","124","182","192","189","155","427","225","56","67","82","78","57","54","57","55","89","66","33","38","60","45","0","18","3133","841","0","18","402","283","548","410","93","104","23","40","11","19","0","18","12","33","167","165","185","112","305","171","223","149","80","88","221","127","369","221","41","50","119","95","100","99","22","29","85","55","28","30","87","63","12","18",
"1400000US18097342101","Census Tract 3421.01; Marion County; Indiana","5790","694","2467","407","250","180","76","56","315","127","67","60","75","59","20","32","10","16","48","45","134","78","308","120","21","25","149","71","130","111","387","271","79","59","106","75","44","38","27","31","129","135","44","29","34","27","7","11","7","11","3323","402","247","170","229","135","340","176","237","123","142","130","0","18","56","56","76","79","433","194","84","69","264","96","124","77","104","94","391","220","174","87","91","68","60","48","104","61","48","36","65","36","14","16","34","35","6","10",
"1400000US18097342200","Census Tract 3422; Marion County; Indiana","5332","970","2589","643","253","201","308","223","132","119","75","100","0","18","0","18","173","182","252","195","125","116","81","88","119","96","330","266","200","167","281","286","41","51","0","18","0","18","58","69","0","18","18","27","91","117","34","41","18","31","2743","486","193","262","104","138","397","293","161","226","26","30","53","71","85","105","138","92","283","257","54","63","146","125","174","144","122","113","303","349","109","97","61","56","0","18","85","102","0","18","171","217","16","28","36","41","26","35",
"1400000US18097342300","Census Tract 3423; Marion County; Indiana","6346","955","3253","607","264","174","371","215","176","124","428","302","74","78","20","33","0","18","47","55","284","178","241","136","278","203","56","75","88","71","252","99","244","144","34","39","185","101","84","103","0","18","40","52","37","47","50","63","0","18","3093","627","161","150","234","167","178","241","344","92","31","50","81","80","25","44","75","101","216","140","279","159","431","226","153","98","196","131","53","47","267","156","70","57","26","31","55","55","64","57","21","34","49","54","68","96","16","27",
"1400000US18097342400","Census Tract 3424; Marion County; Indiana","1560","266","795","151","69","46","70","68","64","50","22","21","7","12","0","13","0","13","0","13","32","18","77","51","64","36","46","40","40","33","41","34","85","56","8","10","76","51","18","20","29","25","36","15","8","14","0","13","3","6","765","149","6","10","84","52","88","41","21","19","37","38","0","13","11","16","7","10","77","45","79","58","73","36","37","29","18","18","5","8","58","42","64","68","35","35","14","13","29","16","5","10","8","10","0","13","9","13",
"1400000US18097342500","Census Tract 3425; Marion County; Indiana","5120","928","2585","556","303","280","284","192","264","177","92","79","36","43","30","44","0","18","85","75","186","94","216","114","176","127","126","89","52","51","137","67","127","60","65","47","62","47","106","79","88","48","55","43","68","36","9","14","18","19","2535","456","163","112","315","162","239","174","112","84","76","59","39","57","8","15","90","66","264","143","188","145","133","78","150","55","123","91","122","64","135","60","17","21","72","61","60","44","85","80","95","80","39","28","10","19","0","18",
"1400000US18097342600","Census Tract 3426; Marion County; Indiana","3402","731","1677","494","53","44","105","86","77","70","164","127","0","13","63","48","0","13","74","98","180","97","163","104","52","60","140","87","145","91","58","53","212","95","0","13","15","26","93","114","27","35","0","13","17","30","39","53","0","13","1725","379","135","102","19","28","258","168","23","39","0","13","76","62","21","35","91","74","112","67","171","85","68","62","86","49","77","69","53","40","293","228","66","83","37","50","42","45","45","53","21","30","0","13","31","33","0","13",
"1400000US18097350100","Census Tract 3501; Marion County; Indiana","1548","404","658","263","15","22","136","163","59","47","0","13","33","36","0","13","0","13","59","57","99","96","17","20","11","16","60","52","27","29","55","53","31","25","0","13","5","9","0","13","8","12","22","19","0","13","0","13","21","23","890","237","39","52","47","51","177","133","52","46","18","25","0","13","0","13","46","55","19","26","79","60","86","80","17","23","45","45","76","52","27","25","0","13","40","36","7","14","17","18","46","33","34","33","5","14","13","21",
"1400000US18097350300","Census Tract 3503; Marion County; Indiana","2858","384","1228","232","98","69","33","50","44","49","42","43","42","57","0","13","0","13","72","68","94","82","148","68","158","98","47","50","219","150","40","44","33","39","11","18","57","47","0","13","63","47","16","25","0","13","0","13","11","17","1630","395","214","161","157","65","22","27","23","30","12","19","0","13","0","13","113","77","183","135","162","65","43","48","100","116","82","48","131","137","97","69","0","13","99","91","28","30","92","138","66","67","6","16","0","13","0","13",
"1400000US18097350400","Census Tract 3504; Marion County; Indiana","2528","535","1479","318","117","83","172","144","37","54","53","65","0","13","0","13","7","14","38","46","148","108","69","48","118","72","108","84","208","146","87","79","124","107","12","18","45","34","22","20","16","22","50","37","0","13","17","28","31","25","1049","302","32","37","31","36","152","128","28","36","6","13","0","13","0","13","115","98","36","36","149","102","70","41","38","32","37","58","31","29","58","47","58","70","22","21","0","13","24","21","53","40","11","18","22","22","76","55",
"1400000US18097350500","Census Tract 3505; Marion County; Indiana","2038","542","811","222","13","26","120","144","0","13","54","62","21","32","11","23","0","13","0","13","131","90","27","41","49","54","63","73","11","16","72","59","19","25","9","14","34","41","25","30","26","34","16","26","54","38","37","40","19","33","1227","380","154","138","142","107","71","81","34","42","0","13","0","13","6","13","139","124","47","56","94","100","63","82","0","13","106","87","54","47","40","39","42","46","60","49","8","12","0","13","42","61","57","53","36","36","32","36",
"1400000US18097350600","Census Tract 3506; Marion County; Indiana","4999","1223","2081","614","250","251","308","301","79","73","76","92","14","23","2","10","0","13","22","38","124","159","65","72","90","65","185","132","37","38","226","140","42","51","36","42","274","191","33","36","33","40","101","90","16","24","0","13","68","53","2918","792","51","54","113","109","557","391","51","57","125","154","0","13","105","105","34","52","162","152","204","179","68","69","130","145","141","119","107","81","101","81","16","21","181","99","57","68","46","38","94","56","139","95","311","217","125","181",
"1400000US18097350700","Census Tract 3507; Marion County; Indiana","1783","347","861","267","56","67","45","47","74","54","36","44","0","13","50","63","0","13","27","38","44","65","76","74","56","43","10","17","84","52","30","34","0","13","31","32","42","46","0","13","26","30","0","13","131","186","43","45","0","13","922","223","81","63","60","67","113","89","3","7","15","21","0","13","0","13","38","36","48","60","114","78","86","63","28","25","22","25","41","44","10","15","70","62","40","39","23","23","17","24","27","35","5","7","27","26","54","33",
"1400000US18097350800","Census Tract 3508; Marion County; Indiana","2312","506","1145","310","191","125","129","75","214","129","56","56","27","36","0","13","0","13","0","13","105","70","68","53","62","65","41","34","70","56","34","38","43","44","0","13","52","50","10","16","16","19","0","13","0","13","17","20","10","17","1167","231","78","59","82","52","169","105","0","13","14","28","44","67","0","13","31","38","84","46","99","70","73","50","140","69","43","37","71","43","45","34","36","37","51","28","22","26","15","18","15","18","28","24","16","19","11","17",
"1400000US18097350900","Census Tract 3509; Marion County; Indiana","1809","323","936","219","20","23","98","58","79","45","23","25","15","24","20","30","106","129","16","17","96","57","204","118","47","41","61","42","7","12","30","24","55","28","0","13","29","29","7","12","5","8","18","19","0","13","0","13","0","13","873","168","72","63","38","34","47","28","41","30","0","13","0","13","14","15","26","26","139","63","96","64","175","96","43","34","18","20","12","14","50","31","16","13","12","11","30","36","13","14","0","13","14","18","9","12","8","11",
"1400000US18097351000","Census Tract 3510; Marion County; Indiana","2034","431","1007","251","116","123","12","28","190","142","133","110","0","13","12","22","14","27","56","56","42","52","52","54","57","49","143","116","89","75","1","19","10","18","0","13","54","54","1","3","0","13","16","29","0","13","0","13","9","15","1027","306","8","30","34","49","37","37","54","52","0","13","0","13","0","13","38","55","51","50","14","26","111","102","50","52","138","76","25","41","76","83","0","13","237","274","9","15","46","51","83","49","13","21","3","5","0","13",
"1400000US18097351200","Census Tract 3512; Marion County; Indiana","2491","510","1292","429","103","63","121","162","96","64","0","13","4","7","0","13","0","13","1","5","3","6","88","63","23","26","0","13","105","62","0","13","362","239","40","47","32","35","36","55","202","190","39","53","0","13","37","34","0","13","1199","245","20","30","154","142","42","56","0","13","32","41","0","13","5","6","0","13","78","64","77","91","31","34","100","91","119","106","62","61","93","77","61","78","21","32","99","100","23","29","60","42","79","48","13","22","30","31",
"1400000US18097351500","Census Tract 3515; Marion County; Indiana","1703","308","871","215","17","25","54","41","19","24","0","13","1","2","3","8","0","13","53","60","145","76","214","188","80","41","29","18","81","48","92","54","0","13","4","6","7","12","22","24","9","13","18","19","0","13","23","28","0","13","832","219","56","44","29","38","15","18","48","38","26","27","0","13","0","13","26","23","181","85","103","48","61","36","24","27","49","51","55","49","33","24","11","13","33","35","18","19","24","20","0","13","9","14","8","13","23","20",
"1400000US18097351600","Census Tract 3516; Marion County; Indiana","2643","407","1341","209","72","38","98","100","64","60","0","13","0","13","0","13","19","30","103","111","128","76","252","117","78","62","76","48","110","65","53","45","87","70","47","38","21","18","39","40","37","45","3","7","54","74","0","13","0","13","1302","306","44","44","88","31","88","49","81","91","40","61","0","13","2","6","21","27","190","99","237","120","82","55","68","53","78","61","79","66","77","93","28","44","50","41","16","28","17","20","16","22","0","13","0","13","0","13",
"1400000US18097351700","Census Tract 3517; Marion County; Indiana","2734","430","1353","289","115","89","110","74","56","46","3","6","0","13","0","13","79","80","0","13","137","101","297","213","136","66","32","29","59","39","88","62","61","40","31","34","39","38","0","13","81","52","0","13","17","25","12","17","0","13","1381","278","71","79","89","49","84","56","23","29","21","31","12","18","11","17","66","56","104","57","196","108","164","67","46","44","139","106","56","46","65","41","51","51","31","40","35","45","56","47","7","14","0","13","9","18","45","56",
"1400000US18097351900","Census Tract 3519; Marion County; Indiana","2435","449","904","207","70","85","19","28","43","56","97","90","11","18","25","31","41","35","42","50","120","85","36","30","0","13","0","13","67","47","49","41","33","26","7","10","0","13","34","31","35","39","37","33","43","47","32","35","63","65","1531","363","163","136","19","28","77","69","38","52","29","30","7","11","11","16","124","102","175","91","13","15","26","26","14","21","151","92","187","104","77","40","25","39","13","14","27","26","29","28","122","90","64","47","26","36","114","98",
"1400000US18097352100","Census Tract 3521; Marion County; Indiana","1952","377","936","197","75","53","78","58","27","32","47","37","34","30","37","45","10","17","44","47","120","146","113","78","31","30","48","32","88","52","0","13","28","35","21","20","48","48","2","4","25","27","33","31","0","13","8","14","19","29","1016","260","87","45","43","34","166","148","84","99","19","30","18","28","9","14","23","26","19","27","37","30","108","70","115","106","0","13","118","67","51","47","15","17","9","13","6","10","7","11","58","34","8","12","16","19","0","13",
"1400000US18097352300","Census Tract 3523; Marion County; Indiana","1243","297","636","185","44","47","16","19","94","72","26","28","0","13","0","13","0","13","68","79","9","15","0","13","38","40","0","13","34","25","96","94","45","43","17","26","17","19","33","25","42","28","37","29","0","13","10","17","10","15","607","188","0","13","23","37","0","13","12","19","22","25","0","13","0","13","33","33","0","13","102","92","25","35","63","51","14","20","0","13","56","52","18","20","14","23","22","22","104","128","31","27","58","54","0","13","10","15",
"1400000US18097352400","Census Tract 3524; Marion County; Indiana","3407","598","1433","350","223","193","17","26","208","120","0","13","16","29","0","13","0","13","64","90","135","125","214","126","170","104","54","48","16","29","65","62","111","85","28","30","36","39","0","13","25","29","29","33","0","13","22","25","0","13","1974","417","291","186","92","117","177","145","71","93","0","13","64","83","0","13","44","59","182","154","303","181","51","61","135","96","101","113","54","69","78","57","0","13","83","58","14","21","57","42","53","58","82","75","26","29","16","23",
"1400000US18097352500","Census Tract 3525; Marion County; Indiana","3185","441","1867","418","264","135","180","87","4","14","31","41","0","13","4","15","0","13","14","24","185","83","152","62","245","115","262","257","89","66","135","75","107","77","28","34","28","26","63","58","12","18","25","23","12","18","14","20","13","22","1318","233","27","32","17","49","25","65","0","13","16","26","0","13","34","52","45","48","156","81","265","79","65","40","54","46","93","53","147","97","69","46","18","22","39","32","86","93","41","30","68","50","21","23","20","26","12","19",
"1400000US18097352600","Census Tract 3526; Marion County; Indiana","4176","815","1925","563","76","98","217","162","270","226","27","43","38","57","0","13","14","21","194","168","182","111","118","81","168","98","129","84","91","79","41","35","84","73","71","52","88","55","0","13","83","127","12","18","0","13","0","13","22","25","2251","456","127","156","296","183","191","110","153","163","12","20","0","13","15","24","106","106","346","212","350","146","80","68","26","41","50","69","76","58","26","22","53","49","82","55","26","32","25","29","12","19","155","123","25","30","19","33",
"1400000US18097352700","Census Tract 3527; Marion County; Indiana","2976","712","1579","528","30","33","24","30","435","374","16","27","0","13","0","13","0","13","31","42","33","34","164","124","314","174","68","70","228","30","2","3","2","4","0","13","26","30","86","100","59","56","61","53","0","13","0","13","0","13","1397","286","139","144","111","126","86","117","124","93","0","13","0","13","3","7","58","45","80","56","200","93","156","95","29","35","133","64","4","6","11","17","12","31","12","19","46","59","2","3","30","36","11","20","133","154","17","36",
"1400000US18097352800","Census Tract 3528; Marion County; Indiana","1491","344","726","168","90","75","62","56","63","53","29","38","0","13","0","13","0","13","51","52","84","62","117","114","27","28","14","30","14","18","0","13","21","28","66","44","19","22","0","13","10","15","59","39","0","13","0","13","0","13","765","211","0","13","25","33","76","69","20","32","50","43","25","40","16","15","36","45","71","70","136","116","57","50","55","38","26","37","53","46","13","20","11","19","33","34","0","13","30","22","12","20","20","36","0","13","0","13",
"1400000US18097353300","Census Tract 3533; Marion County; Indiana","2441","301","1231","224","53","63","12","19","16","26","0","13","26","24","0","13","46","70","103","80","227","84","100","71","70","52","101","57","75","47","82","39","51","33","65","80","24","27","67","58","20","25","78","77","0","13","7","17","8","26","1210","199","48","36","0","13","71","54","44","32","52","49","20","22","61","65","149","81","158","72","153","77","77","50","112","83","53","33","46","37","21","25","30","31","46","40","0","13","30","22","0","13","7","21","18","28","14","19",
"1400000US18097353500","Census Tract 3535; Marion County; Indiana","2033","373","1041","325","0","13","0","13","0","13","0","13","94","120","126","77","64","57","283","218","208","162","68","58","66","57","0","13","7","13","5","9","41","45","24","37","14","22","0","13","13","21","0","13","28","31","0","13","0","13","992","210","0","13","0","13","0","13","17","27","203","134","115","92","32","29","88","52","142","91","37","42","38","50","47","63","38","49","9","15","0","13","0","13","50","39","0","13","38","36","39","36","21","30","78","93","0","13",
"1400000US18097353600","Census Tract 3536; Marion County; Indiana","2570","629","1331","449","22","40","89","68","105","128","156","165","27","44","0","13","19","29","181","84","290","186","37","38","73","73","41","44","46","43","35","53","34","37","16","28","10","17","18","29","33","31","68","71","0","13","31","29","0","13","1239","348","42","48","46","54","58","69","0","13","74","60","164","147","91","128","112","83","74","65","44","45","16","25","46","50","57","43","29","30","75","96","25","31","86","77","18","33","18","24","28","27","63","43","15","16","58","43",
"1400000US18097354201","Census Tract 3542.01; Marion County; Indiana","4419","374","2919","343","25","31","5","14","0","13","16","23","65","64","7","14","101","124","183","93","545","214","639","267","312","143","195","85","207","102","125","61","46","50","63","60","88","49","31","45","95","79","38","47","0","13","43","53","90","86","1500","287","24","27","0","13","0","13","0","13","0","13","0","13","0","13","217","118","541","223","258","104","47","43","55","57","34","47","134","77","50","47","32","53","26","39","8","15","39","42","9","16","0","13","26","41","0","13",
"1400000US18097354202","Census Tract 3542.02; Marion County; Indiana","3670","657","2056","711","90","70","0","13","0","13","0","13","0","13","0","13","0","13","225","173","361","167","283","178","145","103","227","234","49","54","204","242","131","74","23","36","80","98","0","13","120","138","66","62","0","13","40","64","12","28","1614","380","14","21","0","13","0","13","11","27","12","20","0","13","68","84","235","152","375","187","263","205","75","74","58","57","32","39","118","121","195","141","20","38","20","38","19","29","45","63","31","39","0","13","16","27","7","17",
"1400000US18097354400","Census Tract 3544; Marion County; Indiana","1443","295","803","150","17","21","17","19","51","31","18","19","10","15","0","13","0","13","0","13","61","23","91","45","62","27","89","43","54","22","97","57","122","127","12","13","49","25","19","16","6","9","3","7","20","14","5","7","0","13","640","164","34","26","23","18","7","11","27","21","7","12","0","13","0","13","22","17","81","28","74","35","39","27","69","30","35","23","122","147","19","12","5","10","15","17","7","10","6","9","5","7","16","15","27","29","0","13",
"1400000US18097354500","Census Tract 3545; Marion County; Indiana","1905","410","1050","218","61","41","91","50","45","23","16","21","7","11","3","6","11","25","34","42","63","44","159","63","200","153","51","44","134","68","64","44","44","41","5","10","19","28","18","17","23","19","1","3","0","13","1","2","0","13","855","231","19","20","58","62","72","43","29","25","0","13","0","13","0","13","21","21","69","43","118","43","166","187","22","16","66","40","61","35","60","46","14","22","10","14","22","21","3","5","23","27","22","24","0","13","0","13",
"1400000US18097354700","Census Tract 3547; Marion County; Indiana","1361","263","787","246","57","59","27","33","68","51","22","27","5","12","0","13","8","14","59","65","236","180","107","48","50","32","24","19","50","29","19","21","18","17","7","12","11","12","15","17","0","13","0","13","0","13","4","6","0","13","574","141","31","35","9","14","10","14","63","58","9","12","8","11","0","13","38","46","64","34","73","52","41","27","71","51","46","50","43","36","0","13","0","13","7","13","0","13","34","38","9","13","0","13","18","17","0","13",
"1400000US18097354800","Census Tract 3548; Marion County; Indiana","2090","614","1223","403","95","62","150","186","78","92","41","39","59","79","66","58","9","13","14","19","110","53","78","48","126","63","179","164","33","28","45","34","49","47","20","31","0","13","18","20","0","13","23","35","9","15","21","29","0","13","867","265","93","113","103","113","23","37","63","65","24","25","17","21","13","21","27","31","91","48","60","50","30","29","61","46","77","55","28","27","66","59","0","13","0","13","11","14","16","17","10","16","11","17","43","45","0","13",
"1400000US18097354900","Census Tract 3549; Marion County; Indiana","2458","408","1356","353","44","75","7","12","48","58","37","65","44","46","15","20","0","13","63","63","214","196","173","94","43","40","127","101","117","81","145","169","78","43","32","35","55","48","50","48","26","24","7","11","31","29","0","13","0","13","1102","324","101","128","53","46","18","33","19","24","24","34","0","13","77","65","28","32","17","49","100","100","108","65","28","28","23","50","137","102","173","102","15","19","29","29","12","18","70","72","52","41","6","11","12","17","0","13",
"1400000US18097355000","Census Tract 3550; Marion County; Indiana","2116","506","1028","255","45","42","63","69","74","52","81","72","29","31","0","13","0","13","7","11","81","61","55","62","114","74","91","69","39","46","76","86","57","42","12","18","73","40","37","42","22","23","54","33","8","12","10","15","0","13","1088","333","112","98","71","79","38","45","31","30","32","47","25","35","13","31","7","16","188","107","110","72","30","27","113","60","78","71","63","40","60","28","31","24","10","14","18","30","9","13","21","20","8","12","10","15","10","15",
"1400000US18097355100","Census Tract 3551; Marion County; Indiana","1970","578","886","398","43","67","0","13","0","13","18","27","37","32","15","17","0","13","31","33","78","56","80","58","2","5","36","31","91","60","36","26","56","34","253","359","22","23","9","12","40","24","12","19","10","15","10","10","7","12","1084","309","178","132","88","79","141","107","10","17","16","22","30","47","0","13","0","13","83","64","126","77","86","59","56","44","23","20","58","41","78","47","8","10","19","18","16","17","7","10","49","36","0","13","7","11","5","8",
"1400000US18097355300","Census Tract 3553; Marion County; Indiana","2235","453","1168","257","111","84","198","209","29","37","0","13","0","13","0","13","0","13","23","37","65","66","156","107","62","48","54","45","60","56","0","13","71","64","112","52","50","43","53","51","24","27","61","35","39","35","0","13","0","13","1067","270","165","149","0","13","50","64","0","13","18","30","0","13","0","13","67","91","58","58","172","56","111","64","39","36","65","91","71","57","57","61","53","67","31","40","33","31","41","42","0","13","21","24","15","25","0","13",
"1400000US18097355400","Census Tract 3554; Marion County; Indiana","2263","479","1117","314","10","16","15","16","95","65","41","51","0","13","0","13","0","13","32","34","39","42","299","236","133","95","4","11","29","35","102","76","115","124","20","24","60","73","36","54","15","18","8","13","57","68","7","13","0","13","1146","324","16","23","110","106","99","100","47","56","22","37","53","60","0","13","9","14","96","75","151","121","133","61","20","34","76","54","39","42","103","54","26","32","98","71","3","11","9","13","10","15","16","20","0","13","10","21",
"1400000US18097355500","Census Tract 3555; Marion County; Indiana","3953","783","1867","441","117","123","200","222","102","97","188","115","20","41","0","13","0","13","71","67","75","69","54","39","148","101","50","49","126","83","195","165","151","92","74","86","83","43","108","84","85","62","11","18","0","13","0","13","9","15","2086","470","83","118","171","125","207","120","27","48","27","46","17","35","0","13","58","64","138","148","251","174","83","67","47","60","177","134","49","41","387","204","10","16","28","24","114","84","20","22","37","32","12","20","39","45","104","97",
"1400000US18097355600","Census Tract 3556; Marion County; Indiana","2175","430","1163","308","67","79","42","54","33","40","129","115","65","52","35","53","5","10","50","39","88","54","31","37","50","39","165","93","36","36","165","100","95","119","17","14","0","13","34","26","13","14","27","23","6","7","6","9","4","6","1012","189","42","43","104","79","47","49","40","37","48","45","0","13","11","17","35","29","139","79","54","42","102","69","38","28","101","74","23","20","56","34","18","18","21","20","27","24","5","9","70","32","20","16","3","7","8","10",
"1400000US18097355700","Census Tract 3557; Marion County; Indiana","2166","374","1171","246","0","13","20","22","92","72","65","64","21","23","0","13","17","26","82","73","44","36","95","56","16","25","83","69","133","86","35","31","66","54","75","60","78","63","58","59","52","49","0","13","0","13","102","102","37","34","995","214","55","64","17","20","23","25","26","27","0","13","43","44","9","14","25","39","50","39","53","38","71","59","52","47","108","76","103","64","32","36","45","38","8","12","26","23","30","39","67","42","106","135","8","13","38","43",
"1400000US18097355900","Census Tract 3559; Marion County; Indiana","2199","299","1063","180","28","31","27","32","41","49","0","13","0","13","20","22","0","13","63","52","170","72","161","64","165","108","56","36","103","104","39","48","68","36","0","13","37","40","22","25","24","23","10","13","20","23","0","13","9","15","1136","171","51","41","47","33","21","25","10","15","18","20","0","13","29","35","121","72","145","69","157","61","88","46","72","42","112","103","40","42","19","28","0","13","108","85","9","14","26","21","0","13","32","38","19","16","12","19",
"1400000US18097356200","Census Tract 3562; Marion County; Indiana","4151","306","2741","289","98","61","18","16","8","10","50","42","60","55","40","33","33","36","254","91","623","202","473","140","407","101","207","78","123","89","115","59","109","74","0","13","10","16","28","24","43","37","13","16","16","21","13","20","0","13","1410","193","31","28","21","20","0","13","0","13","30","32","0","13","0","13","220","73","287","101","273","73","141","65","104","66","65","38","43","26","38","31","43","63","17","18","44","48","0","13","22","20","11","17","0","13","20","34",
"1400000US18097356400","Census Tract 3564; Marion County; Indiana","4484","837","2272","399","161","92","154","109","150","99","47","46","79","65","55","53","14","21","136","88","292","210","325","150","93","75","108","93","73","76","250","139","104","71","44","45","49","70","44","43","28","37","23","34","16","25","0","13","27","35","2212","638","29","34","116","93","487","344","43","41","55","59","0","13","55","52","316","190","289","165","171","91","98","99","70","50","146","178","132","128","53","45","31","33","37","45","0","13","0","13","17","19","37","36","30","32","0","13",
"1400000US18097356900","Census Tract 3569; Marion County; Indiana","2116","452","967","236","56","39","47","44","61","50","0","13","35","42","0","13","0","13","67","56","113","50","96","56","71","62","42","24","34","24","58","43","70","54","98","99","13","14","0","13","61","69","20","18","12","14","0","13","13","22","1149","273","57","37","156","103","61","42","46","46","21","29","13","15","8","13","68","44","88","43","134","61","90","65","61","45","65","39","81","110","75","40","0","13","12","14","30","45","29","27","44","22","10","17","0","13","0","13",
"1400000US18097357000","Census Tract 3570; Marion County; Indiana","1950","375","1017","214","23","21","22","24","113","156","9","13","6","10","0","13","0","13","46","38","101","64","311","131","70","37","17","18","75","61","52","33","29","27","31","28","27","20","10","16","0","13","55","33","14","24","6","9","0","13","933","218","17","18","17","20","26","24","15","18","6","10","0","13","13","14","113","94","116","60","126","60","39","31","29","28","8","12","84","48","43","34","113","128","44","36","19","18","44","59","21","24","40","28","0","13","0","13",
"1400000US18097357100","Census Tract 3571; Marion County; Indiana","2058","396","1000","217","30","32","59","57","89","71","7","12","3","4","0","13","10","17","16","19","161","81","166","68","105","53","32","28","18","20","133","90","64","69","5","8","5","9","17","19","49","34","9","13","22","24","0","13","0","13","1058","236","48","52","19","23","104","71","31","30","12","18","0","13","0","13","36","46","206","87","185","92","102","64","9","13","48","36","83","56","23","27","66","104","11","14","0","13","45","42","8","13","13","20","2","10","7","11",
"1400000US18097357200","Census Tract 3572; Marion County; Indiana","2536","565","1264","245","51","49","89","55","20","25","60","72","13","17","0","13","13","20","45","40","233","132","179","91","54","50","94","64","148","92","36","31","70","39","31","28","81","82","0","13","12","20","23","24","12","20","0","13","0","13","1272","405","124","107","26","45","15","24","25","43","11","17","60","104","0","13","102","98","162","97","263","103","76","52","57","50","104","77","21","21","73","81","20","29","29","44","23","26","14","24","20","23","24","26","23","25","0","13",
"1400000US18097357300","Census Tract 3573; Marion County; Indiana","2219","424","1017","206","8","13","42","46","48","53","73","80","69","57","18","31","4","8","49","46","100","68","42","35","37","36","85","59","147","132","73","79","73","51","19","24","56","45","12","19","0","13","27","24","23","24","0","13","12","19","1202","285","19","31","201","174","108","79","33","46","15","25","5","8","0","13","40","40","33","35","66","64","88","64","24","32","172","131","38","38","94","47","33","34","26","28","12","18","32","25","35","31","54","48","33","40","41","43",
"1400000US18097357400","Census Tract 3574; Marion County; Indiana","4203","1042","2169","617","270","284","197","177","71","90","121","127","78","58","140","223","0","13","55","47","173","132","109","97","56","41","161","153","42","41","89","83","209","111","0","13","114","78","66","72","104","115","88","57","13","20","13","21","0","13","2034","597","145","116","317","273","111","108","98","104","11","17","37","44","0","13","41","35","52","60","77","81","47","45","121","103","79","64","231","120","48","50","120","137","54","68","125","72","197","157","51","39","13","19","0","13","59","41",
"1400000US18097357500","Census Tract 3575; Marion County; Indiana","3497","219","1486","223","188","139","63","45","51","49","115","88","15","26","0","13","0","13","54","41","93","55","66","56","119","71","128","67","61","48","144","75","34","26","42","33","15","27","55","45","32","32","113","67","36","31","42","44","20","20","2011","229","99","112","128","85","196","100","101","95","22","33","81","81","23","35","79","71","59","40","112","72","131","62","146","69","111","95","196","88","81","55","96","70","37","36","17","23","30","24","82","49","95","56","25","21","64","39",
"1400000US18097357601","Census Tract 3576.01; Marion County; Indiana","5207","899","2745","534","120","104","38","39","186","103","232","170","49","43","11","18","0","18","91","76","189","110","78","48","303","161","509","280","44","42","68","69","369","289","151","160","51","50","19","20","58","42","97","77","69","81","9","12","4","5","2462","599","83","56","349","340","98","75","15","25","43","56","172","200","0","18","107","83","115","69","365","222","141","81","84","101","192","178","147","75","188","131","64","60","50","43","62","53","56","68","70","46","0","18","0","18","61","60",
"1400000US18097357602","Census Tract 3576.02; Marion County; Indiana","1657","137","940","153","117","85","125","71","153","56","26","32","1","12","71","80","0","13","31","35","124","92","6","14","12","22","37","43","63","44","21","39","22","29","0","13","2","14","27","34","13","26","35","39","24","27","13","27","17","22","717","125","18","26","103","82","81","73","37","31","0","13","12","22","0","13","31","40","67","43","114","65","24","22","72","53","7","12","0","13","11","19","2","11","28","33","0","13","20","28","51","42","0","13","4","7","35","50",
"1400000US18097357800","Census Tract 3578; Marion County; Indiana","1438","302","793","212","77","79","68","53","97","67","58","53","0","13","0","13","11","14","6","11","60","24","68","31","21","18","37","36","50","35","33","23","29","28","20","23","71","72","25","28","3","6","43","24","11","12","0","13","5","8","645","139","15","23","9","16","20","22","0","13","0","13","0","13","6","10","8","13","97","49","120","62","22","23","82","44","44","34","51","39","39","32","17","17","46","23","4","9","27","23","29","22","9","10","0","13","0","13",
"1400000US18097357900","Census Tract 3579; Marion County; Indiana","3712","683","1671","361","155","100","59","54","82","38","56","53","76","67","92","142","0","13","0","13","169","96","273","97","119","123","58","48","81","48","92","53","113","52","43","38","22","17","28","42","14","20","78","54","20","22","12","20","29","33","2041","402","96","114","87","57","128","77","116","133","37","27","39","58","8","13","103","65","305","189","202","76","97","65","203","134","60","41","52","34","84","43","40","38","143","89","10","14","106","75","25","39","32","28","52","48","16","25",
"1400000US18097358000","Census Tract 3580; Marion County; Indiana","1321","282","694","189","13","20","95","75","50","42","45","76","31","38","7","12","0","13","22","26","60","46","46","25","42","31","53","34","25","22","45","40","42","34","30","32","19","16","19","18","21","16","9","10","12","13","0","13","8","18","627","147","13","19","20","27","33","43","45","59","31","50","0","13","0","13","52","41","57","47","25","23","112","68","32","33","53","49","31","22","12","13","27","21","12","14","5","9","9","10","6","9","19","18","6","9","27","27",
"1400000US18097358100","Census Tract 3581; Marion County; Indiana","2330","527","1201","285","63","89","96","68","66","73","19","34","56","63","0","13","0","13","75","47","106","69","95","67","157","74","0","13","73","82","186","168","53","46","38","32","0","13","21","36","16","26","15","25","50","66","0","13","16","25","1129","347","0","13","138","109","28","36","62","43","0","13","0","13","0","13","27","25","110","60","0","13","59","51","102","64","60","54","256","293","121","53","0","13","28","31","48","46","28","34","62","64","0","13","0","13","0","13",
"1400000US18097360101","Census Tract 3601.01; Marion County; Indiana","2382","686","781","268","44","65","23","35","36","56","25","43","50","68","0","13","29","41","0","13","52","74","0","13","119","136","48","61","54","48","61","60","0","13","32","41","50","40","34","32","18","25","38","35","19","25","0","13","49","51","1601","510","85","93","65","83","106","148","10","18","138","141","0","13","0","13","114","163","136","111","85","73","100","150","73","64","0","13","158","123","121","81","32","34","18","26","33","27","163","93","77","51","23","38","18","27","46","42",
"1400000US18097360102","Census Tract 3601.02; Marion County; Indiana","2203","559","938","317","0","13","162","132","118","116","35","63","0","13","0","13","0","13","115","78","119","103","18","40","85","66","0","13","0","13","39","40","8","14","48","65","0","13","29","34","43","55","56","49","22","25","24","35","17","28","1265","284","45","48","186","129","65","79","0","13","0","13","0","13","0","13","56","56","35","37","94","96","76","73","180","96","0","13","33","45","19","22","114","85","55","60","52","46","83","59","44","34","19","21","56","72","53","53",
"1400000US18097360201","Census Tract 3602.01; Marion County; Indiana","3958","902","2098","702","39","88","226","185","104","105","28","63","66","99","13","39","15","23","0","13","481","442","218","134","192","147","130","122","26","31","283","348","67","63","63","68","17","25","59","93","14","21","0","13","29","30","28","31","0","13","1860","483","87","69","140","117","76","94","0","13","41","62","28","76","0","13","14","27","212","151","159","160","119","126","12","27","188","142","118","102","163","114","38","43","190","220","58","67","59","44","0","13","63","60","28","33","67","79",
"1400000US18097360202","Census Tract 3602.02; Marion County; Indiana","3350","682","1847","458","200","205","75","72","114","121","203","170","75","76","51","74","0","13","54","76","90","90","31","43","35","49","89","87","117","103","115","117","177","115","0","13","129","90","34","26","106","88","107","96","29","32","16","20","0","13","1503","363","48","75","12","22","74","76","177","165","0","13","0","13","86","99","62","89","51","67","36","46","72","76","28","46","107","104","232","141","56","45","91","82","48","58","62","65","77","64","68","51","80","58","15","19","21","24",
"1400000US18097360301","Census Tract 3603.01; Marion County; Indiana","3993","589","1947","363","102","100","183","110","145","141","19","32","165","125","38","55","37","43","245","168","85","87","61","92","303","147","144","106","81","60","56","69","27","27","24","35","105","87","42","31","58","54","16","23","11","17","0","13","0","13","2046","351","152","117","274","167","155","95","114","80","7","13","0","13","26","43","116","107","186","177","197","123","173","84","129","86","126","100","109","89","111","55","61","45","37","37","29","31","7","16","2","8","20","22","15","24","0","13",
"1400000US18097360302","Census Tract 3603.02; Marion County; Indiana","2917","649","1671","420","267","212","137","149","247","151","77","59","10","16","30","49","0","13","0","13","227","127","194","179","72","81","62","60","12","20","112","76","58","51","16","24","31","50","40","39","18","27","48","33","0","13","13","20","0","13","1246","319","123","87","126","78","38","59","65","105","31","38","40","58","0","13","77","83","156","91","99","71","21","24","108","86","63","57","34","34","40","43","24","36","30","31","12","19","81","98","18","27","58","70","0","13","2","6",
"1400000US18097360401","Census Tract 3604.01; Marion County; Indiana","5902","1231","3015","841","399","223","289","221","0","18","196","236","38","53","15","28","378","466","36","62","207","214","160","162","151","110","29","59","153","168","339","322","296","216","0","18","31","42","74","72","13","22","53","61","63","69","58","72","37","57","2887","580","218","209","273","242","133","139","32","59","0","18","0","18","19","47","31","53","349","230","218","198","258","139","135","135","152","127","417","386","182","102","160","116","40","45","19","35","39","60","71","57","60","94","35","51","46","58",
"1400000US18097360402","Census Tract 3604.02; Marion County; Indiana","3211","1260","1493","810","624","753","102","92","116","141","94","76","9","15","9","17","0","13","33","51","32","36","53","61","46","55","119","82","4","9","79","73","48","37","20","26","20","35","20","18","35","26","9","14","8","13","13","14","0","13","1718","589","46","101","161","166","215","186","89","113","371","339","0","13","0","13","36","56","55","78","204","203","109","115","54","56","14","25","130","96","19","20","0","13","25","26","28","31","43","29","40","36","79","101","0","13","0","13",
"1400000US18097360405","Census Tract 3604.05; Marion County; Indiana","6748","940","3073","622","413","302","183","145","233","164","159","116","86","67","0","18","40","64","22","49","379","193","204","160","200","123","197","146","90","88","290","159","272","222","116","90","0","18","17","29","20","30","112","89","23","29","0","18","17","28","3675","581","156","94","102","81","493","279","180","122","65","74","104","100","0","18","163","107","261","159","434","280","177","85","293","189","314","150","141","73","269","183","14","22","49","59","150","102","40","39","165","106","40","47","48","49","17","26",
"1400000US18097360406","Census Tract 3604.06; Marion County; Indiana","3667","734","1804","495","0","13","69","76","217","177","104","106","45","43","0","13","0","13","50","77","182","182","290","269","133","102","38","50","295","310","64","66","36","39","66","77","0","13","91","79","49","46","11","32","0","13","64","91","0","13","1863","459","26","43","31","53","209","161","119","119","34","57","33","55","53","80","140","153","82","102","120","110","276","212","127","102","225","166","118","129","56","67","63","73","32","37","6","17","1","14","75","73","0","13","37","56","0","13",
"1400000US18097360407","Census Tract 3604.07; Marion County; Indiana","3422","855","1341","382","165","179","211","144","26","46","123","113","0","13","0","13","19","31","0","13","56","55","73","85","84","71","207","186","56","61","0","13","109","78","41","68","54","55","19","34","20","29","66","53","0","13","0","13","12","23","2081","556","168","141","276","143","111","85","188","215","0","13","0","13","15","28","205","152","71","92","71","61","168","143","48","61","126","100","164","136","184","137","31","51","67","74","27","25","10","17","139","120","12","23","0","13","0","13",
"1400000US18097360501","Census Tract 3605.01; Marion County; Indiana","6331","1029","3114","634","315","186","236","113","278","139","255","188","32","42","119","97","38","52","192","219","115","147","141","98","377","171","55","66","92","93","216","120","238","210","16","27","106","100","0","18","106","89","91","73","19","31","58","69","19","30","3217","649","35","41","137","211","362","236","143","114","0","18","0","18","6","23","210","216","316","163","350","191","141","89","223","173","402","294","263","147","149","112","0","18","84","95","82","61","78","65","81","51","53","55","56","73","46","46",
"1400000US18097360502","Census Tract 3605.02; Marion County; Indiana","5733","840","2781","546","307","149","326","210","227","173","195","150","0","18","0","18","48","79","30","52","149","126","23","36","224","122","76","74","90","91","127","90","223","108","119","110","56","64","94","77","74","54","313","247","58","68","16","27","6","10","2952","491","256","194","106","103","212","249","40","64","53","56","0","18","74","87","315","229","189","134","233","168","133","110","40","62","225","153","146","104","177","115","106","117","82","62","70","74","102","80","237","113","0","18","121","97","35","35",
"1400000US18097360601","Census Tract 3606.01; Marion County; Indiana","4777","740","2401","475","73","48","274","166","271","104","164","103","78","73","23","33","0","13","23","23","324","149","158","87","102","72","108","59","87","62","71","43","221","91","54","39","78","75","40","32","55","47","56","39","79","39","40","43","22","21","2376","412","54","60","69","51","267","100","113","79","10","15","33","39","8","12","104","91","274","167","76","71","155","77","110","62","116","78","139","73","179","65","111","77","111","62","44","40","39","36","93","46","69","39","93","61","109","55",
"1400000US18097360602","Census Tract 3606.02; Marion County; Indiana","6523","1148","3421","696","161","129","160","147","680","489","188","126","38","52","13","24","77","78","127","64","215","159","223","103","131","83","321","211","170","89","161","98","82","62","105","93","105","86","58","56","47","60","127","64","45","45","123","82","64","45","3102","733","162","145","201","177","119","161","165","192","115","101","14","25","0","18","284","156","188","121","115","124","295","184","335","175","60","71","95","80","184","90","0","18","189","125","57","52","114","159","182","103","152","78","40","36","36","41",
"1400000US18097360700","Census Tract 3607; Marion County; Indiana","1971","299","886","171","64","41","13","15","77","53","34","30","0","13","31","29","9","14","24","29","102","53","70","34","66","40","65","35","90","42","72","47","23","26","14","14","10","11","33","19","30","23","37","26","20","13","2","4","0","13","1085","189","64","45","94","46","18","21","56","32","18","25","6","9","0","13","39","27","51","36","83","33","80","40","129","59","62","39","34","28","41","30","50","27","51","31","26","24","79","56","23","17","17","13","50","43","14","21",
"1400000US18097360800","Census Tract 3608; Marion County; Indiana","2551","436","1106","233","251","128","74","52","46","48","36","46","11","16","0","13","20","22","8","12","76","37","56","37","119","82","20","27","35","37","65","57","60","48","78","83","32","25","15","16","37","37","38","28","24","25","0","13","5","9","1445","305","151","133","117","81","23","29","9","14","100","100","0","13","0","13","95","56","24","25","200","155","122","63","50","47","36","44","64","36","46","36","41","29","59","71","61","42","30","20","51","42","65","53","26","23","75","55",
"1400000US18097360900","Census Tract 3609; Marion County; Indiana","5577","877","2599","608","174","159","276","235","160","166","57","52","23","32","0","18","10","23","86","78","176","142","129","111","176","102","207","144","88","96","164","114","201","91","101","89","162","120","37","41","30","30","219","135","47","48","27","29","49","62","2978","497","530","279","97","108","69","101","45","72","39","56","0","18","16","26","142","113","276","166","150","96","187","119","223","144","71","64","125","103","211","170","66","74","183","124","77","108","121","79","113","67","78","55","63","51","96","85",
"1400000US18097361000","Census Tract 3610; Marion County; Indiana","2140","247","1064","156","126","46","56","34","16","19","41","47","0","13","27","32","0","13","6","11","70","41","84","39","100","31","53","32","29","25","55","40","53","24","62","69","103","53","42","27","50","25","41","21","17","15","24","24","9","9","1076","134","78","51","70","43","9","13","32","27","0","13","12","18","6","9","27","31","97","54","108","41","122","43","23","21","58","38","75","38","76","53","27","23","51","31","36","17","64","34","37","21","31","20","21","15","16","15",
"1400000US18097361100","Census Tract 3611; Marion County; Indiana","2947","576","1340","389","132","102","109","84","76","44","26","23","16","16","73","103","0","13","45","37","45","29","137","83","66","37","167","68","113","97","26","31","109","62","13","20","37","34","49","36","62","43","39","31","0","13","0","13","0","13","1607","265","104","59","46","27","58","62","53","48","68","85","0","13","11","19","58","42","58","38","204","118","122","58","128","65","187","112","77","44","165","80","4","7","95","54","13","21","52","35","58","37","21","23","0","13","25","27",
"1400000US18097361200","Census Tract 3612; Marion County; Indiana","3349","458","1759","396","182","126","59","62","116","79","66","58","22","20","0","13","13","20","63","86","183","100","172","97","77","48","206","113","112","56","180","148","71","53","62","45","20","22","24","28","32","32","37","39","49","38","13","22","0","13","1590","266","138","82","84","63","189","131","16","20","42","51","14","22","13","22","65","48","104","66","149","113","167","78","57","49","70","68","149","68","53","43","107","112","17","19","8","13","31","36","25","28","61","40","31","36","0","13",
"1400000US18097361300","Census Tract 3613; Marion County; Indiana","2106","358","1048","265","21","34","28","39","45","52","22","24","1","3","0","13","19","32","116","109","57","63","45","33","91","65","18","21","140","76","150","98","174","174","0","13","39","44","20","22","29","31","15","22","11","16","7","13","0","13","1058","192","39","41","82","83","36","42","57","53","15","23","39","44","1","3","64","86","136","70","59","36","25","29","39","34","71","55","118","65","99","57","7","13","0","13","27","26","25","27","36","32","73","52","0","13","10","16",
"1400000US18097361401","Census Tract 3614.01; Marion County; Indiana","5568","1202","2579","472","164","163","144","128","219","100","199","106","31","34","21","34","0","18","75","80","165","147","187","117","222","128","57","66","563","301","161","93","101","55","12","20","48","55","7","12","24","27","115","63","64","59","0","18","0","18","2989","868","30","51","176","131","278","196","739","636","180","83","9","18","122","129","53","64","82","93","223","108","182","90","271","255","199","91","109","64","23","28","10","16","94","89","21","33","22","24","48","50","118","96","0","18","0","18",
"1400000US18097361402","Census Tract 3614.02; Marion County; Indiana","5739","1034","3017","578","144","116","124","156","133","99","195","126","182","160","145","180","101","150","123","150","93","99","162","134","259","198","119","130","152","145","262","150","176","100","152","155","95","87","57","53","89","86","63","57","129","132","0","18","62","51","2722","645","188","206","129","162","172","134","55","79","0","18","32","49","214","283","22","36","241","207","264","173","381","304","12","30","37","53","150","136","187","156","81","99","117","87","215","120","81","60","86","89","0","18","36","44","22","34",
"1400000US18097361601","Census Tract 3616.01; Marion County; Indiana","5081","1187","2396","493","82","90","45","51","162","104","58","62","125","162","29","47","24","42","165","197","147","100","149","96","156","71","36","36","99","69","333","176","87","63","181","241","141","99","33","38","161","169","38","25","60","52","23","30","62","73","2685","792","121","128","134","99","145","158","95","100","0","18","21","27","18","33","221","306","59","66","168","145","86","73","113","72","177","110","270","223","89","59","309","432","107","124","56","38","70","52","132","58","68","47","138","140","88","76",
"1400000US18097361602","Census Tract 3616.02; Marion County; Indiana","3482","771","1559","328","125","119","142","128","198","136","85","74","21","5","8","14","0","13","16","27","44","42","57","45","65","61","97","61","32","41","142","86","44","58","53","59","40","34","57","56","94","62","125","68","61","60","10","16","43","33","1923","546","202","219","147","117","209","170","98","78","15","13","36","53","15","26","0","13","62","63","326","217","65","59","94","66","87","73","51","49","57","49","14","22","51","43","22","29","175","77","166","84","11","17","10","16","10","16",
"1400000US18097370201","Census Tract 3702.01; Marion County; Indiana","3356","402","1792","273","124","104","131","111","117","77","33","32","49","46","13","20","40","56","35","40","166","83","118","79","68","58","170","61","107","61","127","76","95","78","13","22","69","53","32","36","110","61","55","43","90","41","30","29","0","13","1564","222","109","63","58","53","74","63","53","51","0","13","12","19","16","29","60","50","146","70","121","81","104","70","142","73","36","38","38","37","212","93","34","30","12","16","108","53","69","53","72","67","28","32","11","16","49","43",
"1400000US18097370203","Census Tract 3702.03; Marion County; Indiana","4965","1102","2235","602","282","244","153","83","268","140","277","240","35","42","15","24","59","70","75","62","74","59","137","86","35","37","233","180","234","209","34","33","69","64","46","64","52","47","24","39","29","28","32","37","12","20","60","76","0","13","2730","633","310","143","252","161","133","92","110","86","47","52","197","252","0","13","269","299","133","85","236","125","90","69","198","123","257","299","49","50","66","52","141","152","90","63","9","14","33","30","82","66","27","32","0","13","1","2",
"1400000US18097370204","Census Tract 3702.04; Marion County; Indiana","3490","474","1682","286","122","112","196","104","72","57","50","51","6","19","36","58","55","45","72","79","245","156","116","95","91","67","96","58","37","51","64","58","119","73","87","88","73","55","69","58","13","19","31","32","32","30","0","13","0","13","1808","274","277","151","14","22","39","43","50","50","2","9","39","41","0","13","99","89","165","103","113","73","109","78","53","88","144","125","81","62","44","45","79","62","175","113","54","64","20","21","85","49","68","66","32","32","66","70",
"1400000US18097370303","Census Tract 3703.03; Marion County; Indiana","7934","706","4085","427","303","208","443","159","297","163","370","159","88","80","19","32","73","94","79","66","223","140","596","219","321","104","303","186","172","100","208","121","189","140","79","77","31","50","27","34","45","41","161","137","11","18","24","31","23","27","3849","491","474","357","285","161","202","121","159","116","123","110","130","97","22","34","46","55","487","196","231","114","395","215","307","139","257","142","67","75","193","110","91","144","118","79","41","55","35","33","77","52","37","41","60","58","12","18",
"1400000US18097370304","Census Tract 3703.04; Marion County; Indiana","3668","787","2232","562","208","157","300","154","202","147","26","28","92","115","11","18","2","3","37","38","112","111","185","200","158","100","70","62","187","201","55","47","334","161","11","14","37","35","60","77","56","45","27","33","19","33","0","13","43","40","1436","360","71","54","53","48","232","197","15","25","0","13","0","13","0","13","30","29","33","32","137","61","174","103","57","55","190","207","71","64","52","46","83","76","66","58","35","35","27","31","45","39","54","54","11","18","0","13",
"1400000US18097370305","Census Tract 3703.05; Marion County; Indiana","3878","937","1664","434","434","268","0","13","49","62","63","70","24","37","0","13","16","25","163","106","132","99","161","101","23","28","85","75","198","127","32","45","65","53","18","30","17","27","12","19","29","35","12","18","64","35","67","68","0","13","2214","731","243","108","84","70","29","45","77","59","16","22","22","40","16","29","726","666","177","127","129","132","17","30","38","42","47","50","120","85","96","65","42","46","89","61","54","72","67","65","22","23","56","39","0","13","47","65",
"1400000US18097370306","Census Tract 3703.06; Marion County; Indiana","5395","875","2755","423","175","87","184","99","262","148","56","66","72","66","70","56","29","46","59","41","194","101","188","90","219","127","155","71","284","138","112","71","232","120","30","35","248","248","83","53","49","33","21","23","14","22","19","32","0","18","2640","517","246","143","192","129","200","124","109","80","89","87","0","18","12","19","48","36","82","49","259","145","189","84","176","68","139","98","251","117","134","68","43","37","90","62","37","37","173","238","91","40","80","48","0","18","0","18",
"1400000US18097380101","Census Tract 3801.01; Marion County; Indiana","7110","818","3547","509","199","176","214","148","157","115","122","117","87","79","17","34","70","101","42","64","108","93","281","209","200","106","203","117","208","149","403","353","349","156","0","18","99","82","76","72","320","284","226","122","95","89","0","18","71","88","3563","480","176","145","146","116","101","86","157","128","100","106","52","58","0","18","45","61","210","207","299","137","177","109","108","86","226","145","204","118","338","155","236","251","195","192","85","111","281","220","285","272","56","58","86","97","0","18",
"1400000US18097380102","Census Tract 3801.02; Marion County; Indiana","3258","739","1455","388","83","114","96","116","47","63","91","82","0","13","0","13","0","13","46","62","73","62","79","73","53","75","100","113","180","147","427","333","63","93","50","81","12","24","19","22","36","45","0","13","0","13","0","13","0","13","1803","489","190","113","116","157","141","116","59","51","0","13","58","73","0","13","116","141","140","123","70","79","139","104","410","369","11","22","65","103","65","73","10","21","10","17","0","13","32","41","0","13","23","38","135","144","13","26",
"1400000US18097380103","Census Tract 3801.03; Marion County; Indiana","9556","1989","4895","1077","223","134","408","297","848","569","226","158","92","112","111","148","53","64","144","113","546","296","362","374","475","271","114","98","314","148","577","387","99","88","63","71","0","18","95","113","43","67","26","37","76","87","0","18","0","18","4661","1069","270","215","692","565","287","172","63","76","19","33","19","36","36","62","134","106","532","369","299","136","106","83","344","285","839","537","218","124","104","137","76","87","115","104","150","97","156","118","82","77","0","18","14","26","106","125",
"1400000US18097380200","Census Tract 3802; Marion County; Indiana","3244","745","1670","384","201","173","126","90","81","79","17","27","40","42","0","13","0","13","100","169","182","116","195","120","114","53","40","42","61","45","27","30","143","73","7","13","117","116","74","45","25","31","59","47","17","17","19","27","25","34","1574","479","200","142","33","42","50","49","44","51","39","42","65","131","0","13","73","73","138","121","31","29","159","85","56","61","0","13","146","74","110","91","27","23","53","50","33","38","18","20","99","57","91","74","46","56","63","43",
"1400000US18097380301","Census Tract 3803.01; Marion County; Indiana","2287","560","1191","392","51","66","135","119","140","122","48","67","20","27","0","13","0","13","63","51","76","45","23","29","83","89","50","53","99","122","45","43","52","49","133","114","58","38","6","10","17","18","4","7","29","36","23","28","36","48","1096","258","28","28","122","96","74","72","55","50","6","12","0","13","69","62","29","34","75","47","46","56","78","63","27","27","16","32","84","51","188","110","6","12","62","49","0","13","0","13","32","32","9","20","61","61","29","31",
"1400000US18097380302","Census Tract 3803.02; Marion County; Indiana","3634","743","1307","345","12","19","18","40","99","114","14","25","194","68","62","49","69","73","234","200","90","91","12","19","32","43","79","109","75","100","66","64","13","25","22","38","25","25","0","13","0","13","82","84","43","50","66","90","0","13","2327","521","375","241","165","106","81","110","14","21","428","135","130","85","88","62","107","89","176","94","191","153","91","84","95","61","33","44","7","11","46","51","62","88","74","69","51","61","20","33","45","48","15","24","12","20","21","26",
"1400000US18097380402","Census Tract 3804.02; Marion County; Indiana","4703","826","2016","410","279","280","195","91","128","87","8","16","16","26","16","25","51","65","59","53","300","158","117","56","237","183","88","64","63","50","70","43","63","40","97","82","1","3","43","35","32","36","49","38","21","21","20","25","63","85","2687","515","159","92","241","218","265","190","89","71","22","37","16","26","7","14","98","72","450","227","291","148","261","204","60","45","102","65","49","33","162","76","84","75","56","50","39","35","0","13","167","173","31","25","38","31","0","13",
"1400000US18097380403","Census Tract 3804.03; Marion County; Indiana","3664","532","1659","316","60","65","102","80","121","99","133","101","5","12","14","23","4","8","71","62","50","36","108","67","135","68","115","76","91","69","109","69","100","78","72","63","64","53","81","48","38","30","97","75","77","59","12","20","0","13","2005","316","82","67","129","87","226","97","29","31","47","61","4","8","14","22","79","69","131","76","165","95","72","41","202","98","71","72","116","68","125","112","86","61","115","66","63","56","76","57","77","49","26","26","49","38","21","25",
"1400000US18097380404","Census Tract 3804.04; Marion County; Indiana","4004","535","1886","338","132","84","173","89","153","62","77","70","25","27","0","13","0","13","53","46","97","54","72","47","103","57","132","66","83","60","95","66","131","83","51","42","162","131","61","37","35","31","98","95","72","36","76","36","5","12","2118","303","133","93","71","47","165","94","163","72","0","13","0","13","25","29","49","32","39","34","110","55","211","82","111","55","100","49","122","60","145","71","146","87","60","46","36","28","105","113","46","26","149","86","75","59","57","59",
"1400000US18097380501","Census Tract 3805.01; Marion County; Indiana","2550","591","1233","298","77","101","64","106","183","61","108","70","97","109","0","13","64","99","27","33","33","36","76","84","54","60","31","55","54","62","124","88","35","35","21","24","13","16","80","60","48","41","16","21","0","13","28","28","0","13","1317","345","119","112","62","65","35","40","91","80","104","94","82","133","0","13","4","13","100","91","27","31","43","54","158","128","122","93","49","45","109","57","3","8","66","74","37","41","49","55","21","29","7","13","9","14","20","31",
"1400000US18097380502","Census Tract 3805.02; Marion County; Indiana","3780","670","1934","464","320","242","32","57","26","26","43","37","146","74","11","23","86","65","181","132","411","203","163","119","155","78","19","33","49","42","61","52","95","57","22","31","12","18","22","30","11","17","50","41","0","13","19","26","0","13","1846","306","67","69","99","62","51","45","48","39","262","40","116","77","46","58","132","73","317","228","78","50","188","149","0","13","107","75","64","52","44","35","46","47","24","28","0","13","12","20","68","43","44","26","12","21","21","21",
"1400000US18097380600","Census Tract 3806; Marion County; Indiana","5880","1203","2823","606","212","152","390","140","229","139","53","84","16","53","0","18","24","36","147","222","201","128","147","114","272","146","529","400","73","60","130","100","109","76","43","45","86","95","67","51","38","40","43","39","0","18","0","18","14","23","3057","698","262","171","78","66","186","125","202","259","136","192","55","81","0","18","154","156","321","190","240","148","250","144","228","254","133","124","223","260","156","89","55","46","148","81","59","48","103","79","3","5","49","46","3","6","13","23",
"1400000US18097380700","Census Tract 3807; Marion County; Indiana","7141","1038","4028","624","125","139","617","332","335","159","372","312","155","110","18","30","0","18","166","185","398","204","245","156","196","118","320","162","413","199","98","67","193","191","53","53","25","36","85","61","82","57","54","95","36","38","29","38","13","24","3113","653","316","218","123","115","139","122","54","57","113","74","154","140","35","43","236","143","130","157","284","127","286","259","88","66","389","178","44","50","116","75","71","64","95","92","123","56","0","18","111","67","75","61","46","44","85","79",
"1400000US18097380800","Census Tract 3808; Marion County; Indiana","2764","535","1425","298","77","64","128","142","18","23","36","36","5","11","0","13","12","21","103","69","60","63","65","44","72","50","71","50","77","69","108","85","142","101","175","222","97","66","50","46","43","28","22","25","64","47","0","13","0","13","1339","291","50","60","59","44","66","45","19","22","42","28","0","13","17","30","83","69","75","52","63","49","81","69","88","42","51","41","60","39","297","243","92","52","11","18","19","30","87","43","46","34","0","13","21","25","12","20",
"1400000US18097380901","Census Tract 3809.01; Marion County; Indiana","5214","746","2540","414","104","66","196","168","135","57","96","60","24","21","68","66","23","26","59","43","142","86","143","85","305","213","177","98","229","120","56","40","222","91","42","34","98","49","101","55","60","62","123","52","92","51","36","30","9","15","2674","388","169","159","229","101","166","77","143","71","26","26","13","20","66","51","62","52","91","45","309","199","197","83","98","58","180","93","192","72","150","62","46","37","102","64","45","32","73","45","125","53","123","57","51","33","18","21",
"1400000US18097380902","Census Tract 3809.02; Marion County; Indiana","5985","732","2999","482","80","62","283","107","91","90","120","86","0","18","0","18","47","67","133","106","241","189","195","100","195","89","97","80","102","94","241","109","190","136","115","101","167","83","70","62","141","103","133","88","87","52","53","43","218","197","2986","372","15","24","93","62","197","101","36","41","51","46","41","64","130","100","28","47","173","149","319","153","129","75","159","111","211","129","288","116","220","156","64","55","143","80","93","54","114","81","137","65","55","46","199","189","91","75",
"1400000US18097381002","Census Tract 3810.02; Marion County; Indiana","3707","879","1678","242","15","14","122","79","120","67","25","23","31","23","0","13","35","32","127","109","78","42","78","40","194","176","110","51","121","75","115","55","141","58","52","38","38","23","30","22","75","46","83","34","53","48","23","19","12","11","2029","681","230","242","194","227","112","62","19","23","35","39","0","13","8","11","175","203","86","53","223","214","52","21","151","56","101","54","74","36","147","56","9","11","92","41","40","24","89","46","92","43","61","51","34","23","5","8",
"1400000US18097381003","Census Tract 3810.03; Marion County; Indiana","3624","367","1818","250","217","106","60","40","137","65","100","114","47","30","0","13","87","61","95","54","196","123","142","74","88","45","62","31","115","52","90","36","52","32","9","8","56","32","37","23","55","50","55","22","48","34","26","22","44","27","1806","258","89","53","166","79","97","44","76","56","8","10","52","38","40","35","125","143","154","79","189","110","55","35","146","106","85","44","31","16","68","32","62","73","44","26","44","27","64","49","98","43","9","8","55","32","49","25",
"1400000US18097381004","Census Tract 3810.04; Marion County; Indiana","3749","633","1703","286","51","73","149","86","160","73","166","111","16","28","11","22","166","67","191","153","27","50","150","100","46","71","36","39","261","153","34","47","26","29","12","19","32","43","0","13","16","27","52","46","16","26","37","55","48","67","2046","490","277","223","48","67","39","60","0","13","38","47","228","298","5","19","136","104","145","118","161","129","143","118","199","96","57","54","72","61","51","47","151","200","16","25","28","26","19","23","126","73","18","22","74","71","15","26",
"1400000US18097381101","Census Tract 3811.01; Marion County; Indiana","5844","776","2648","481","270","167","49","60","158","143","215","159","66","76","23","28","36","46","160","105","162","129","100","77","255","117","123","92","102","83","112","60","375","275","36","43","122","72","8","15","68","59","83","65","80","49","12","19","33","38","3196","463","122","87","322","143","102","115","151","109","32","50","95","87","0","18","12","20","141","104","310","168","108","77","219","137","144","83","90","69","224","107","71","48","161","92","0","18","76","47","209","84","158","136","62","76","387","188",
"1400000US18097381102","Census Tract 3811.02; Marion County; Indiana","7441","897","3943","688","456","341","483","253","402","300","285","265","91","93","23","35","43","61","97","69","263","137","194","119","97","76","338","129","268","159","141","93","176","143","176","137","59","62","175","73","51","50","89","71","24","39","12","20","0","18","3498","538","223","120","224","145","170","101","172","125","30","41","71","91","38","52","35","40","211","106","180","108","394","208","212","114","241","144","317","322","155","98","36","41","234","100","112","66","29","34","210","122","52","83","47","45","105","77",
"1400000US18097381203","Census Tract 3812.03; Marion County; Indiana","3249","523","1718","362","80","72","194","101","162","92","202","105","33","35","7","11","27","43","49","39","218","158","240","183","97","73","90","67","69","57","26","26","118","99","7","12","2","8","16","21","10","14","47","54","0","13","13","15","11","17","1531","283","138","80","134","55","117","79","81","63","28","26","8","12","9","13","32","33","91","71","215","125","151","102","17","20","150","114","171","87","32","30","48","74","29","35","7","13","0","13","21","18","0","13","16","18","36","40",
"1400000US18097381204","Census Tract 3812.04; Marion County; Indiana","2835","550","1135","377","79","49","89","71","0","13","0","13","3","21","0","13","16","17","80","64","82","49","292","229","95","94","13","14","24","34","37","39","39","40","10","16","54","40","5","12","60","51","36","29","40","29","14","17","67","37","1700","255","90","63","53","34","14","23","0","13","0","13","57","89","34","32","89","125","87","59","168","104","35","38","45","44","0","13","72","95","28","33","58","63","101","74","34","30","62","35","128","75","90","51","218","94","237","89",
"1400000US18097381205","Census Tract 3812.05; Marion County; Indiana","7302","846","3207","465","303","174","209","137","146","66","72","67","299","203","91","111","93","108","121","104","240","120","330","185","177","95","344","205","257","148","102","95","134","79","18","28","38","37","101","48","7","12","55","44","39","43","22","26","9","16","4095","573","469","326","387","212","328","224","72","64","55","55","53","57","0","18","344","195","500","203","329","196","200","77","265","147","139","112","161","103","218","93","51","40","87","73","96","79","16","19","123","86","120","63","42","36","40","47",
"1400000US18097381206","Census Tract 3812.06; Marion County; Indiana","4267","673","2035","457","95","79","62","71","163","80","55","58","68","84","0","13","0","13","120","89","146","130","144","99","207","141","203","201","116","74","212","105","79","60","38","43","76","67","32","26","11","16","96","51","98","100","0","13","14","23","2232","395","63","66","188","144","190","147","63","66","52","54","0","13","11","18","94","65","316","135","63","69","144","134","67","58","181","129","153","88","155","100","71","57","32","38","52","34","49","38","142","76","50","34","71","52","25","28",
"1400000US18097381207","Census Tract 3812.07; Marion County; Indiana","4194","1408","1968","577","54","66","184","94","67","47","81","68","31","36","0","13","17","28","99","125","91","70","160","117","318","368","98","56","1","2","111","77","254","247","101","100","55","40","23","30","30","30","78","48","66","55","30","29","19","32","2226","916","214","212","255","178","329","203","96","95","73","69","0","13","13","20","49","70","76","54","77","67","312","307","47","45","15","20","233","140","113","54","20","24","26","26","52","46","24","28","98","49","40","32","33","32","31","32",
"1400000US18097390102","Census Tract 3901.02; Marion County; Indiana","5535","1007","2135","507","175","151","180","200","227","170","13","26","102","97","21","37","0","18","126","108","144","96","61","70","281","117","64","83","91","114","189","137","68","58","45","48","21","25","90","103","41","48","53","42","110","144","33","38","0","18","3400","790","180","193","370","274","200","125","75","80","35","57","6","18","0","18","22","37","336","167","270","135","529","601","92","97","107","103","116","88","187","118","38","46","112","78","159","209","122","107","230","113","191","143","4","23","19","31",
"1400000US18097390103","Census Tract 3901.03; Marion County; Indiana","3273","407","1730","360","154","134","267","173","135","86","0","13","0","13","0","13","0","13","15","22","109","88","227","96","91","66","131","87","96","114","11","18","48","43","131","200","72","45","31","31","43","35","87","66","57","44","7","11","18","29","1543","297","118","169","33","42","25","41","117","120","0","13","0","13","51","73","19","27","144","86","23","36","237","86","29","31","113","101","25","31","83","56","40","36","22","24","43","42","101","76","133","75","141","173","14","22","32","35",
"1400000US18097390104","Census Tract 3901.04; Marion County; Indiana","7350","869","3569","456","223","163","423","113","166","108","261","121","186","119","17","26","82","63","212","114","110","65","209","123","236","114","167","109","272","142","116","85","370","218","181","181","24","38","118","84","21","36","175","113","0","18","0","18","0","18","3781","581","60","61","297","188","376","155","297","143","98","93","66","72","26","43","87","85","250","123","191","100","233","126","383","126","208","115","111","78","378","320","77","63","195","106","70","60","67","67","236","215","0","18","30","49","45","48",
"1400000US18097390200","Census Tract 3902; Marion County; Indiana","6487","757","3148","412","254","110","396","170","307","110","85","65","76","64","33","37","16","26","88","90","247","267","206","132","215","101","327","134","128","86","85","55","171","105","185","114","39","39","44","38","71","53","141","84","34","41","0","18","0","18","3339","460","273","157","316","150","262","123","110","74","45","48","63","65","0","18","13","21","307","257","249","153","336","118","203","106","178","110","120","66","299","177","198","148","46","55","46","38","43","32","164","83","15","23","34","36","19","28",
"1400000US18097390300","Census Tract 3903; Marion County; Indiana","6961","1027","3768","617","524","261","252","111","395","211","131","79","86","108","21","40","221","217","134","129","132","110","202","110","283","170","180","154","267","164","198","116","163","83","110","106","144","86","100","76","60","58","22","36","100","69","0","18","43","49","3193","500","153","110","189","146","361","169","56","61","67","103","0","18","0","18","89","128","53","55","227","134","343","156","334","165","141","130","195","92","229","102","49","49","193","120","135","73","29","38","157","119","74","72","29","36","90","115",
"1400000US18097390405","Census Tract 3904.05; Marion County; Indiana","4004","469","1894","433","183","153","159","137","44","66","0","13","0","13","0","13","8","14","147","138","125","79","390","256","164","93","180","152","37","46","101","92","65","54","21","28","27","35","18","21","6","13","100","69","74","78","0","13","45","52","2110","284","97","99","23","36","27","55","4","16","11","18","14","27","27","45","131","122","339","172","281","131","118","92","124","108","70","57","88","71","122","90","22","30","42","46","61","73","41","52","193","90","139","119","9","19","127","91",
"1400000US18097390406","Census Tract 3904.06; Marion County; Indiana","6716","1183","3800","730","228","165","457","275","449","326","406","176","270","173","0","18","12","21","16","25","146","77","194","154","208","102","347","118","320","155","153","95","128","77","146","135","109","66","13","22","53","45","65","51","36","47","20","31","24","29","2916","607","326","225","239","117","175","126","132","85","20","33","12","19","0","18","12","21","163","89","296","237","342","213","158","97","254","202","186","88","241","111","14","23","73","63","22","26","75","70","71","51","24","27","24","28","57","66",
"1400000US18097390407","Census Tract 3904.07; Marion County; Indiana","6710","861","3356","464","363","213","258","89","232","121","147","115","130","104","92","147","25","27","64","47","60","58","111","72","265","89","195","114","344","149","274","125","214","95","83","48","129","70","39","31","61","45","216","143","40","37","14","21","0","18","3354","486","181","129","329","208","246","122","249","157","88","97","8","13","29","35","15","25","56","54","109","66","276","135","295","118","275","166","238","95","254","155","102","64","47","43","69","58","86","52","149","146","49","39","141","124","63","52",
"1400000US18097390408","Census Tract 3904.08; Marion County; Indiana","5478","663","2601","344","194","123","199","146","187","135","167","97","36","56","45","66","0","18","54","78","196","108","161","102","57","43","274","126","96","69","241","114","156","123","162","197","129","94","19","22","36","37","49","61","97","93","26","25","20","33","2877","472","202","113","250","168","258","203","377","227","51","47","93","110","12","21","34","38","135","94","96","75","194","131","142","100","91","62","353","182","170","162","98","88","27","35","132","80","27","30","49","36","72","62","14","17","0","18",
"1400000US18097390409","Census Tract 3904.09; Marion County; Indiana","7453","576","3433","366","324","183","319","163","257","139","49","76","24","41","0","18","0","18","124","126","204","124","200","113","320","157","304","148","184","128","180","137","231","149","143","123","168","99","86","74","94","89","156","94","66","64","0","18","0","18","4020","614","544","229","157","124","247","156","117","92","102","91","0","18","0","18","50","60","304","201","397","158","87","66","800","535","219","150","96","93","333","116","31","49","143","94","67","59","93","75","52","54","106","78","31","51","44","52",
"1400000US18097390410","Census Tract 3904.10; Marion County; Indiana","1958","244","1006","177","50","31","82","45","30","28","33","30","55","64","6","10","6","10","67","42","90","60","26","26","63","35","27","28","20","20","149","88","88","46","61","68","6","8","6","9","54","59","35","23","30","23","5","8","17","21","952","118","26","31","77","39","18","19","64","64","37","34","6","10","0","13","91","61","69","55","34","32","51","31","6","11","54","41","102","50","67","39","6","10","52","70","70","59","46","30","44","27","14","18","18","20","0","13",
"1400000US18097390411","Census Tract 3904.11; Marion County; Indiana","3875","581","1702","378","38","42","128","118","203","124","119","87","21","28","0","13","0","13","56","59","139","113","78","52","308","184","82","55","47","47","57","45","79","55","36","36","112","71","32","38","46","42","64","51","23","23","5","9","29","36","2173","325","181","149","142","132","204","99","114","84","61","57","0","13","0","13","14","18","237","128","91","65","273","124","52","47","126","69","83","54","123","60","30","31","25","29","64","52","109","125","94","60","53","52","53","40","44","45",
"1400000US18097390500","Census Tract 3905; Marion County; Indiana","2830","614","1361","449","125","146","133","92","29","42","145","183","0","13","0","13","0","13","0","13","147","135","85","59","186","139","99","79","56","50","62","67","55","62","20","28","75","47","24","26","59","65","22","22","0","13","39","31","0","13","1469","278","102","68","161","100","238","103","38","41","28","41","0","13","0","13","30","33","122","121","139","97","78","37","12","19","71","63","22","22","127","88","59","41","9","14","16","18","80","73","59","44","40","39","19","22","19","22",
"1400000US18097390601","Census Tract 3906.01; Marion County; Indiana","1741","657","668","239","53","77","23","35","0","13","41","39","0","13","0","13","0","13","173","131","89","114","0","13","51","58","37","46","62","57","21","28","0","13","0","13","20","24","59","57","12","21","0","13","13","21","14","22","0","13","1073","579","13","20","0","13","21","28","27","45","24","26","9","15","65","58","306","275","283","318","10","17","45","56","63","57","87","70","23","25","21","25","0","13","43","52","0","13","25","28","8","11","0","13","0","13","0","13",
"1400000US18097390602","Census Tract 3906.02; Marion County; Indiana","3232","421","1296","352","73","71","25","33","0","13","8","11","8","13","21","42","33","61","43","84","123","110","393","223","97","69","0","13","7","11","132","88","51","53","10","16","24","32","28","25","39","54","57","42","36","48","60","57","28","35","1936","271","26","43","144","149","78","92","17","25","0","13","14","19","21","33","160","223","209","149","289","146","94","86","106","103","0","13","34","37","177","71","52","60","86","81","58","45","73","55","41","32","68","73","114","69","75","50",
"1400000US18097390700","Census Tract 3907; Marion County; Indiana","4154","971","2433","794","60","66","133","138","628","594","126","117","82","71","39","39","1","3","70","74","101","69","32","35","129","106","103","83","110","112","184","105","358","289","37","42","34","36","73","75","15","22","35","38","70","98","13","19","0","13","1721","347","118","95","129","89","164","104","63","63","99","97","3","44","0","13","106","91","52","50","180","165","41","43","250","142","135","103","99","72","34","42","36","39","59","52","41","40","28","32","49","73","13","21","9","16","13","22",
"1400000US18097390801","Census Tract 3908.01; Marion County; Indiana","0","13","0","13","0","13","0","13","0","13","0","13","0","13","0","13","0","13","0","13","0","13","0","13","0","13","0","13","0","13","0","13","0","13","0","13","0","13","0","13","0","13","0","13","0","13","0","13","0","13","0","13","0","13","0","13","0","13","0","13","0","13","0","13","0","13","0","13","0","13","0","13","0","13","0","13","0","13","0","13","0","13","0","13","0","13","0","13","0","13","0","13","0","13","0","13","0","13",
"1400000US18097390802","Census Tract 3908.02; Marion County; Indiana","4056","806","2349","452","273","157","182","96","219","113","191","137","27","32","16","23","18","30","99","86","192","103","152","111","180","136","362","243","31","34","166","98","113","75","27","35","13","18","0","13","21","36","30","37","25","26","12","16","0","13","1707","445","86","61","65","60","211","167","96","91","17","21","18","21","0","13","12","16","196","116","123","88","205","132","130","83","78","57","103","54","192","174","0","13","26","33","0","13","31","32","53","45","17","17","10","17","38","42",
"1400000US18097390900","Census Tract 3909; Marion County; Indiana","3148","607","1469","343","66","41","107","71","42","46","23","36","29","32","10","16","25","40","44","35","354","241","169","73","129","64","110","47","47","35","46","33","18","21","28","27","32","29","59","50","69","44","45","30","8","13","0","13","9","14","1679","365","133","83","133","122","27","33","0","13","9","16","14","22","0","13","89","93","290","120","168","75","288","176","89","59","65","40","111","58","72","38","0","13","16","18","36","40","21","19","10","15","66","49","19","24","23","27",
"1400000US18097391001","Census Tract 3910.01; Marion County; Indiana","1991","278","747","182","42","51","0","13","0","13","1","3","269","92","58","86","20","29","102","48","82","58","59","50","78","45","10","18","15","26","0","13","1","3","1","3","0","13","0","13","0","13","9","15","0","13","0","13","0","13","1244","251","16","22","0","13","0","13","0","13","626","180","193","96","83","57","134","111","78","67","19","25","52","42","0","13","0","13","0","13","15","23","20","32","0","13","0","13","8","14","0","13","0","13","0","13","0","13",
"1400000US18097391002","Census Tract 3910.02; Marion County; Indiana","5797","810","2942","540","39","4","0","18","0","18","6","11","57","70","81","79","145","195","541","219","756","222","543","399","171","93","110","91","38","47","52","51","173","136","129","128","33","40","32","36","17","27","0","18","19","31","0","18","0","18","2855","617","80","76","40","3","0","18","0","18","23","38","64","58","76","82","626","261","941","476","554","249","78","69","49","50","99","117","26","37","94","120","0","18","48","57","8","14","25","30","24","39","0","18","0","18","0","18",
