year,tract_geoid,census_full_code,degree_sum,betweenness_sum,closeness_sum,eigen_or_katz_sum,pagerank_sum,degree_mean,betweenness_mean,closeness_mean,eigen_or_katz_mean,pagerank_mean,degree,betweenness,closeness,eigen_or_katz,pagerank,B25070_001E,B25070_001M,B25070_002E,B25070_002M,B25070_003E,B25070_003M,B25070_004E,B25070_004M,B25070_005E,B25070_005M,B25070_006E,B25070_006M,B25070_007E,B25070_007M,B25070_008E,B25070_008M,B25070_009E,B25070_009M,B25070_010E,B25070_010M,B25070_011E,B25070_011M,B01003_001E,B01003_001M,B19013_001E,B19013_001M,B25001_001E,B25001_001M
2016,18081610201,1400000US18081610201,0.0027464982147761604,0.0023711937609218574,0.0008456084742873511,0.0,0.0013731915073634407,0.0005492996429552321,0.00047423875218437147,0.00016912169485747022,0.0,0.00027463830147268813,0.0005492996429552321,0.0011129354029656144,0.0001702019596305594,0.0,0.00027463850706507565,,,,,,,,,,,,,,,,,,,,,,,,,,,,
2016,18081610300,1400000US18081610300,0.014556440538313651,0.11201932508579035,0.004462061946822183,0.0,0.006535586771534259,0.0006328887190571152,0.004870405438512624,0.00019400269334009492,0.0,0.00028415594658844605,0.0013732491073880802,0.03404043086822543,0.00020402291642242066,0.0,0.00046373050750024195,,,,,,,,,,,,,,,,,,,,,,,,,,,,
2016,18081610404,1400000US18081610404,0.0005492996429552321,6.639885793964344e-06,0.00018119654414298133,0.0,0.0002745862843139965,0.0005492996429552321,6.639885793964344e-06,0.00018119654414298133,0.0,0.0002745862843139965,0.0005492996429552321,6.639885793964344e-06,0.00018119654414298133,0.0,0.0002745862843139965,,,,,,,,,,,,,,,,,,,,,,,,,,,,
2016,18097310104,1400000US18097310104,0.014831090359791266,0.2530105091283339,0.003238076963992817,0.0,0.007339481634966274,0.0005704265522996641,0.009731173428012841,0.00012454142169203143,0.0,0.0002822877551910105,0.0008239494644328481,0.019311504205764024,0.00012953330583138044,0.0,0.0005331396243752682,914,133,37,38,145,81,113,77,145,80,57,38,79,75,39,50,94,84,194,111,11,23,3157,277,46801,4702,2065,74
2016,18097310105,1400000US18097310105,0.01922548750343312,0.45048750343312277,0.004040670110583806,0.0,0.008778705243061513,0.0005825905304070643,0.013651136467670386,0.00012244454880556987,0.0,0.000266021371001864,0.0010985992859104642,0.029342258949509703,0.000128147376255734,0.0,0.0005589029066418628,730,90,9,14,43,35,156,86,49,32,152,81,51,57,51,39,64,54,135,74,20,23,3619,258,51039,3867,1633,57
2016,18097310106,1400000US18097310106,0.007964844822850866,0.19560379197841432,0.001826453627747995,0.0,0.0038208853865147317,0.0005689174873464905,0.013971699427029595,0.00013046097341057108,0.0,0.00027292038475105226,0.0008239494644328481,0.03155500089034832,0.00013460725053447367,0.0,0.0003715794324114348,1810,150,43,44,179,86,146,101,320,136,266,132,187,129,81,58,302,154,243,123,43,41,3976,405,36507,2538,2205,92
2016,18097310110,1400000US18097310110,0.0021971985718209283,0.0306548436457802,0.0005620607915399449,0.0,0.0010592980375821524,0.0005492996429552321,0.00766371091144505,0.00014051519788498622,0.0,0.0002648245093955381,0.0005492996429552321,0.00820282436596636,0.0001409983751536712,0.0,0.0002685275908912689,703,89,16,13,84,61,154,77,55,36,118,56,66,43,35,40,60,51,115,65,0,11,2841,256,49934,6795,1499,52
2016,18097310111,1400000US18097310111,0.01043669321614941,0.12074451228529778,0.002390826254884085,0.0,0.005082225577255502,0.0006139231303617299,0.007102618369723399,0.00014063683852259324,0.0,0.0002989544457209119,0.0008239494644328481,0.014766728739538408,0.00014560647692490915,0.0,0.0004032857411093943,1035,120,84,67,151,73,130,80,156,100,90,71,95,64,31,22,32,39,243,119,23,26,3805,338,47370,6737,1799,76
2016,18097310112,1400000US18097310112,0.0032957978577313925,0.006017094687789552,0.0006616446529405815,0.0,0.0016520565277839926,0.0005492996429552321,0.0010028491146315919,0.00011027410882343024,0.0,0.00027534275463066545,0.0005492996429552321,0.002132157872339141,0.00011238870151897446,0.0,0.0002786626526017803,,,,,,,,,,,,,,,,,,,,,,,,,,,,
2016,18097310201,1400000US18097310201,0.018950837681955508,0.2998968554104506,0.004114038871989988,0.0,0.00938757850096676,0.0005573775788810443,0.008820495747366194,0.00012100114329382317,0.0,0.0002761052500284341,0.0008239494644328481,0.01997307828123538,0.00013408739183423768,0.0,0.0003023101392070188,534,106,23,36,12,18,47,38,9,12,22,36,66,73,142,71,11,19,181,87,21,19,3633,413,59063,10723,1551,54
2016,18097310203,1400000US18097310203,0.006591595715462785,0.19151347142283698,0.0014764560845326909,0.0,0.003295644043237438,0.0005492996429552321,0.01595945595190308,0.0001230380070443909,0.0,0.0002746370036031198,0.0005492996429552321,0.02200699602512291,0.00013260235786760345,0.0,0.00027463850706507565,947,166,18,28,59,70,156,125,124,110,78,70,58,46,67,76,140,89,209,86,38,62,5642,482,42009,6778,2470,81
2016,18097310204,1400000US18097310204,0.006591595715462785,0.13503332015416608,0.0016083646103363688,0.0,0.0032956620847809075,0.0005492996429552321,0.01125277667951384,0.0001340303841946974,0.0,0.00027463850706507565,0.0005492996429552321,0.014390971566198152,0.00014121262225183325,0.0,0.00027463850706507565,735,124,38,40,25,39,29,29,74,60,71,43,129,83,33,52,158,87,129,70,49,58,5886,532,57152,4314,1904,57
2016,18097310305,1400000US18097310305,0.007140895358418017,0.09220786766103986,0.0015747782244472759,0.0,0.0032623835599541544,0.0006491723053107288,0.008382533423730897,0.00014316165676793417,0.0,0.00029658032363219587,0.0010985992859104642,0.017875628902819234,0.00014598466870849238,0.0,0.0003950381732846151,1589,177,15,25,28,32,235,97,172,96,255,112,206,117,44,40,132,96,396,165,106,71,7013,722,34070,6448,2696,86
2016,18097310306,1400000US18097310306,0.023619884647074978,0.3619216131300724,0.005802727290729803,0.0,0.011442041606093072,0.0005760947474896336,0.008827356417806643,0.0001415299339202391,0.0,0.00027907418551446515,0.0010985992859104642,0.050288080499560864,0.0001573980369689345,0.0,0.0005125662184433133,1586,164,51,48,125,78,137,77,96,69,223,120,163,105,22,27,339,157,387,176,43,49,7484,903,29215,2621,2459,73
2016,18097310308,1400000US18097310308,0.0021971985718209283,0.09168535392100347,0.0005401172449360067,0.0,0.001098428398076777,0.0005492996429552321,0.022921338480250866,0.00013502931123400168,0.0,0.00027460709951919427,0.0005492996429552321,0.023476221663532842,0.00013652913310309428,0.0,0.0002746372577762869,421,99,27,36,28,46,81,59,35,43,23,36,24,39,70,64,53,42,80,69,0,11,3779,480,54762,9340,1269,39
2016,18097310309,1400000US18097310309,0.0021971985718209283,0.04331989762503358,0.00046322424487097477,0.0,0.0010985540282603026,0.0005492996429552321,0.010829974406258394,0.00011580606121774369,0.0,0.00027463850706507565,0.0005492996429552321,0.01092691296618789,0.0001160074440702403,0.0,0.00027463850706507565,1230,112,9,14,117,82,176,70,141,71,220,114,115,73,84,70,131,84,207,80,30,38,3931,467,35387,3095,1687,69
2016,18097310312,1400000US18097310312,0.006591595715462785,0.21630937038792022,0.0015419448938226348,0.0,0.0032781253162071475,0.0005492996429552321,0.018025780865660018,0.0001284954078185529,0.0,0.000273177109683929,0.0005492996429552321,0.025770754924833474,0.0001431440824205321,0.0,0.00027463850706507565,1595,250,144,90,61,47,190,128,299,157,71,70,235,175,123,147,70,59,385,146,17,29,5547,540,41250,3387,2935,95
2016,18097320105,1400000US18097320105,0.0019225487503433123,0.026772774053740823,0.00025947811457940667,0.0,0.0008839727337195476,0.0009612743751716561,0.013386387026870412,0.00012973905728970334,0.0,0.0004419863668597738,0.0010985992859104642,0.015428604628000398,0.00013066655827398866,0.0,0.0005225204637017632,960,143,19,32,126,71,120,79,177,101,103,59,129,99,64,61,105,66,76,44,41,42,4578,457,53469,6599,2187,52
2016,18097320106,1400000US18097320106,0.0005492996429552321,0.009150969876045405,0.00012970635590501138,0.0,0.00022659117225514992,0.0005492996429552321,0.009150969876045405,0.00012970635590501138,0.0,0.00022659117225514992,0.0005492996429552321,0.009150969876045405,0.00012970635590501138,0.0,0.00022659117225514992,374,85,0,11,21,21,9,15,39,42,96,62,42,45,17,26,60,49,46,43,44,36,2515,356,67125,20610,1122,48
2016,18097320107,1400000US18097320107,0.0010985992859104642,0.020814683805620363,0.00026685610010536106,0.0,0.00045164677956841963,0.0005492996429552321,0.010407341902810181,0.00013342805005268053,0.0,0.00022582338978420981,0.0005492996429552321,0.010592579625812254,0.0001339913480644206,0.0,0.00023709030603522483,138,54,27,24,12,10,32,25,23,27,7,12,5,8,5,7,27,34,0,11,0,11,1766,141,87031,14640,857,27
2016,18097320108,1400000US18097320108,0.015655039824224115,0.26868094141508037,0.0035807344733085307,0.0,0.007321853839409628,0.0005798162897860783,0.00995114597833631,0.00013261979530772335,0.0,0.00027117977182998624,0.0008239494644328481,0.03901906250848849,0.0001460158256686662,0.0,0.00041951814910883104,1930,210,13,20,205,111,166,105,343,152,135,100,144,100,116,75,296,182,512,188,0,11,4899,612,27624,7560,2714,84
2016,18097320109,1400000US18097320109,0.0016478989288656962,0.08792717856161966,0.00042702476883457405,0.0,0.0007181453422921978,0.0005492996429552321,0.029309059520539887,0.00014234158961152468,0.0,0.00023938178076406594,0.0005492996429552321,0.039405986762482234,0.00014889265137898444,0.0,0.00024592247255573866,250,56,8,12,26,26,14,18,31,37,41,38,22,21,24,40,0,11,16,17,68,63,2651,171,51211,12106,1234,42
2016,18097320202,1400000US18097320202,0.015380390002746498,0.8620150997039214,0.004269024775352932,0.0,0.006879923306992852,0.0005696440741757963,0.03192648517421931,0.00015811202871677526,0.0,0.00025481197433306857,0.0008239494644328481,0.05872247088259173,0.0001769424108000418,0.0,0.00037021991933059676,596,139,41,49,57,47,98,46,64,66,65,43,6,10,8,12,69,59,69,34,119,83,4030,317,80913,10714,2156,51
2016,18097320205,1400000US18097320205,0.006316945893985169,0.11434471872538338,0.0011426949220913623,0.0,0.002696312541555819,0.0009024208419978813,0.01633495981791191,0.00016324213172733747,0.0,0.0003851875059365456,0.0013732491073880802,0.06791931633321362,0.0001730523456746652,0.0,0.0005387603525120392,,,,,,,,,,,,,,,,,,,,,,,,,,,,
2016,18097320206,1400000US18097320206,0.004669046965119473,0.09599750702469736,0.00113659833127753,0.0,0.002445082477326436,0.0005836308706399341,0.01199968837808717,0.00014207479140969126,0.0,0.0003056353096658045,0.0008239494644328481,0.014939290316933822,0.00015004907105859268,0.0,0.00037202060976763626,,,,,,,,,,,,,,,,,,,,,,,,,,,,
2016,18097320301,1400000US18097320301,0.0010985992859104642,0.06393644120230223,0.0003284862615897142,0.0,0.0004960006987664792,0.0005492996429552321,0.031968220601151114,0.0001642431307948571,0.0,0.0002480003493832396,0.0005492996429552321,0.05901998303810992,0.00017853796574229184,0.0,0.00026758889946039877,520,79,5,8,140,78,98,52,60,41,29,26,37,43,8,13,7,11,76,45,60,58,3567,192,71447,12167,1953,76
2016,18097320305,1400000US18097320305,0.007140895358418017,0.046148715333005366,0.0020481817719885382,0.0,0.0032368528155042103,0.0005492996429552321,0.003549901179461951,0.00015755244399911833,0.0,0.0002489886781157085,0.0005492996429552321,0.018489818338760938,0.0001650206223453606,0.0,0.00027430562414083404,,,,,,,,,,,,,,,,,,,,,,,,,,,,
2016,18097320306,1400000US18097320306,0.007690195001373249,0.10336438485985314,0.002158243436405548,0.0,0.003543566002050454,0.0005492996429552321,0.007383170347132367,0.00015416024545753917,0.0,0.00025311185728931813,0.0005492996429552321,0.02027504217836544,0.00016825176281273934,0.0,0.00027338797468639316,,,,,,,,,,,,,,,,,,,,,,,,,,,,
2016,18097320400,1400000US18097320400,0.0032957978577313925,0.019555142742453922,0.0009772792989408698,0.0,0.0016222084664312536,0.0005492996429552321,0.0032591904570756537,0.00016287988315681165,0.0,0.00027036807773854227,0.0005492996429552321,0.004263410305706378,0.00017271685561416934,0.0,0.00027457318993202195,768,101,9,18,140,58,81,60,68,47,66,49,99,75,45,38,77,58,119,76,64,65,3178,253,41292,5582,1485,49
2016,18097320500,1400000US18097320500,0.006866245536940401,0.45895999770622126,0.002174331465207283,0.0,0.002783451599027744,0.0005721871280783667,0.038246666475518436,0.0001811942887672736,0.0,0.00023195429991897866,0.0008239494644328481,0.07572948199836417,0.00019194480021627266,0.0,0.00027018297356617483,656,105,19,22,20,22,70,52,127,82,152,74,59,38,41,33,41,39,69,38,58,48,3025,197,51277,4058,1495,39
2016,18097320600,1400000US18097320600,0.007690195001373249,0.15648686660771252,0.0022716093219719686,0.0,0.0034934225121241846,0.0005492996429552321,0.011177633329122322,0.00016225780871228346,0.0,0.00024953017943744177,0.0005492996429552321,0.013235329625057721,0.00018566112905987373,0.0,0.00027385953785016636,319,70,7,12,56,49,36,28,32,33,42,31,28,23,21,31,6,11,91,55,0,11,2301,226,51094,11152,1272,28
2016,18097320700,1400000US18097320700,0.005767646251029937,0.1330489751939903,0.001423710573703745,0.0,0.002678293435965322,0.0005767646251029937,0.01330489751939903,0.0001423710573703745,0.0,0.0002678293435965322,0.0008239494644328481,0.018267306711415472,0.00014852533110350076,0.0,0.00027443419240382014,455,84,7,11,49,46,82,51,149,74,26,29,17,19,0,11,76,57,49,38,0,11,1955,182,71786,10289,1139,25
2016,18097320800,1400000US18097320800,0.007140895358418017,0.17981203086943268,0.0017819694749903144,0.0,0.003358283402678086,0.0005492996429552321,0.013831694682264053,0.00013707457499925497,0.0,0.0002583294925136989,0.0005492996429552321,0.040211374727991044,0.00015204696711865803,0.0,0.0002740011722086921,117,49,2,5,32,26,13,17,30,36,6,6,0,11,3,5,0,11,31,34,0,11,3023,166,123958,13700,1277,58
2016,18097320901,1400000US18097320901,0.010985992859104642,0.10838179946941276,0.0026204304837759737,0.0,0.005488812498847272,0.0005492996429552321,0.005419089973470638,0.0001310215241887987,0.0,0.0002744406249423636,0.0005492996429552321,0.008654412053203595,0.00013930427928817018,0.0,0.0002746383377164112,789,139,0,16,24,29,145,104,52,49,91,99,92,73,47,41,120,91,218,112,0,16,6168,493,50168,9561,2690,56
2016,18097320902,1400000US18097320902,0.006591595715462785,0.04608193920882743,0.0015240609153728483,0.0,0.0032893813087076953,0.0005492996429552321,0.003840161600735619,0.0001270050762810707,0.0,0.0002741151090589746,0.0005492996429552321,0.004503351633260998,0.00012876725670951387,0.0,0.00027463811389195984,1144,141,9,14,78,61,103,77,70,51,156,96,163,86,137,86,222,105,206,107,0,11,4416,450,35332,5235,2020,63
2016,18097320903,1400000US18097320903,0.0021971985718209283,0.04441479970180876,0.0005409186637223914,0.0,0.0010984880322631617,0.0005492996429552321,0.01110369992545219,0.00013522966593059786,0.0,0.0002746220080657904,0.0005492996429552321,0.014750883557530084,0.0001427003306086744,0.0,0.00027463850706507565,1160,173,15,23,106,66,61,53,197,90,165,97,127,72,19,21,101,64,313,118,56,43,4889,493,34943,4052,1996,76
2016,18097321001,1400000US18097321001,0.007140895358418017,0.1844048700544169,0.0018839723287683069,0.0,0.0035703005918459835,0.0005492996429552321,0.014184990004185914,0.00014492094836679283,0.0,0.00027463850706507565,0.0005492996429552321,0.017082238003688154,0.00015318339075639636,0.0,0.00027463850706507565,251,77,0,11,30,25,23,23,7,12,11,19,41,42,22,35,0,11,28,29,89,45,2846,267,41471,10006,1186,38
2016,18097321002,1400000US18097321002,0.0038450975006866246,0.11311535896128042,0.0011111829178762115,0.0,0.0018477001187510954,0.0005492996429552321,0.016159336994468632,0.0001587404168394588,0.0,0.00026395715982158505,0.0005492996429552321,0.017752941922126213,0.0001677908564664291,0.0,0.0002746328687230988,511,127,0,11,13,21,83,64,83,54,112,87,78,68,27,34,13,20,86,56,16,25,4198,313,61563,15293,2102,48
2016,18097321100,1400000US18097321100,0.009887393573194177,0.22194557708152873,0.002644146844685668,0.0,0.004879190878233999,0.0005492996429552321,0.012330309837862707,0.00014689704692698156,0.0,0.0002710661599018888,0.0005492996429552321,0.01922329935925102,0.00016425917715817297,0.0,0.00027463850706507565,447,101,0,11,13,13,36,49,102,77,116,73,17,18,33,33,11,14,106,53,13,15,3698,247,57146,8040,1682,45
2016,18097321200,1400000US18097321200,0.016478989288656962,0.27462643097084183,0.0037694364750399043,0.0,0.0077316186513438495,0.0005682410099536884,0.009469876930029028,0.00012998056810482428,0.0,0.00026660753970151203,0.0008239494644328481,0.02044850919473276,0.00014857158676401683,0.0,0.0003605241084025479,401,126,0,16,71,53,72,72,83,77,28,34,15,26,16,25,0,16,43,40,73,49,5085,340,112311,12434,2314,45
2016,18097321300,1400000US18097321300,0.004943696786597089,0.046927166489100024,0.0012538185037344585,0.0,0.0025874783384829915,0.0005492996429552321,0.0052141296099000025,0.0001393131670816065,0.0,0.00028749759316477685,0.0005492996429552321,0.006647053852491919,0.0001536565300367805,0.0,0.00030389590966979385,541,102,16,20,107,56,112,66,65,49,32,27,42,46,39,36,8,14,88,60,32,35,2423,244,68810,11985,1373,77
2016,18097321400,1400000US18097321400,0.008514144465806096,0.35052696548164824,0.0023649698638603194,0.0,0.00463101265458434,0.000654934189677392,0.02696361272935756,0.0001819207587584861,0.0,0.0003562317426603339,0.0010985992859104642,0.08655672122439494,0.00019628575355787838,0.0,0.0005188860795166348,921,132,75,76,79,72,189,113,257,174,0,16,76,84,50,63,47,45,81,60,67,89,5612,392,65596,10321,2605,60
2016,18097321600,1400000US18097321600,0.005492996429552321,0.12530452930755046,0.0019891088028830294,0.0,0.0025078634519165146,0.0005492996429552321,0.012530452930755045,0.00019891088028830295,0.0,0.00025078634519165143,0.0005492996429552321,0.04297130362085045,0.0002038450857373162,0.0,0.0002723778527989313,1188,224,51,82,40,41,195,133,123,83,84,66,64,61,168,112,233,150,211,116,19,31,5558,502,49800,18761,2589,55
2016,18097321700,1400000US18097321700,0.008788794287283713,0.6517468935897939,0.002795554203685409,0.0,0.004295369648740839,0.0006277710205202652,0.046553349542128135,0.00019968244312038635,0.0,0.0003068121177672028,0.0010985992859104642,0.09255117993788689,0.00020517235432974365,0.0,0.0004750871385919295,757,143,16,25,138,88,84,53,104,64,126,115,69,54,0,11,48,33,110,61,62,59,3724,343,50460,5409,2159,82
2016,18097321800,1400000US18097321800,0.00906344410876133,0.25385890544500817,0.002243396358500539,0.0,0.00459541890733022,0.0005664652567975831,0.01586618159031301,0.0001402122724062837,0.0,0.00028721368170813875,0.0008239494644328481,0.029870054416882213,0.00019522326289934374,0.0,0.00037305373586856745,508,116,73,68,42,32,80,49,99,74,62,45,57,44,60,65,0,11,21,23,14,18,3586,242,98621,18038,1643,38
2016,18097321900,1400000US18097321900,0.01043669321614941,0.4575617735738582,0.002711074639158333,0.0,0.0050391693815165246,0.0005798162897860783,0.02542009853188101,0.0001506152577310185,0.0,0.0002799538545286958,0.0010985992859104642,0.047285720321974097,0.0001583336270119419,0.0,0.00047611059419418346,323,82,10,14,18,20,16,19,39,30,43,51,30,27,24,38,22,33,71,46,50,45,6175,513,102557,19659,1391,34
2016,18097322000,1400000US18097322000,0.009887393573194177,0.3719250537981656,0.002745740207473532,0.0,0.00475169320624702,0.0005492996429552321,0.02066250298878698,0.00015254112263741844,0.0,0.00026398295590261223,0.0005492996429552321,0.042891172271836926,0.00016930245183568096,0.0,0.0002746146400709096,755,124,13,19,40,36,102,64,97,54,97,46,0,11,62,52,50,45,179,71,115,67,3667,357,39732,10193,1830,67
2016,18097322100,1400000US18097322100,0.012084592145015106,0.4360016871346176,0.003392956855444135,0.0,0.005874576786186063,0.0005754567688102431,0.020761985101648457,0.00016156937406876834,0.0,0.0002797417517231458,0.0008239494644328481,0.06599095768280058,0.00021659134030209943,0.0,0.0003753597057389611,441,111,7,11,36,29,67,50,29,30,42,41,43,47,23,37,8,13,157,91,29,43,2950,423,42880,9238,1162,53
2016,18097322200,1400000US18097322200,0.007690195001373249,0.1293817209980352,0.0018369009543935768,0.0,0.0038125287991089564,0.0005915534616440961,0.009952440076771938,0.00014130007341489053,0.0,0.00029327144608530433,0.0008239494644328481,0.033229383909142214,0.0001974814991840157,0.0,0.0003668478527240076,238,58,3,4,6,8,41,30,46,28,22,27,9,11,0,11,12,13,90,43,9,9,2145,206,61321,4734,914,51
2016,18097322300,1400000US18097322300,0.010985992859104642,0.20829872544374056,0.0031370850862048813,0.0,0.005128999961445455,0.0005492996429552321,0.010414936272187028,0.00015685425431024406,0.0,0.00025644999807227273,0.0005492996429552321,0.02963599844264497,0.00019460901904707267,0.0,0.0002746384260811277,331,76,0,11,56,38,74,49,69,42,36,37,23,23,22,22,7,10,32,33,12,18,2499,167,74194,6645,1183,32
2016,18097322400,1400000US18097322400,0.011535292502059874,0.5011821260310686,0.00411354481118915,0.0,0.005323935690004741,0.0005492996429552321,0.02386581552528898,0.0001958830862471024,0.0,0.0002535207471430829,0.0005492996429552321,0.06940491532636547,0.00020689973168136247,0.0,0.00027408260728258894,725,132,52,49,70,51,99,59,76,61,99,72,82,59,35,29,68,54,109,56,35,36,3125,299,39444,5923,1692,51
2016,18097322500,1400000US18097322500,0.006042296072507553,0.113380728033296,0.00206131181442528,0.0,0.002999248002757986,0.0005492996429552321,0.010307338912117818,0.0001873919831295709,0.0,0.0002726589093416351,0.0005492996429552321,0.06956563074387848,0.00020739226415228813,0.0,0.00028345917523239344,539,78,0,11,32,25,79,47,58,29,68,37,20,15,11,12,8,8,221,61,42,31,1391,192,25644,6807,952,28
2016,18097322601,1400000US18097322601,0.014556440538313651,0.3659646244993677,0.0039064771508172174,0.0,0.006918150624714904,0.0005598630976274481,0.01407556248074491,0.00015024912118527758,0.0,0.0002660827163351886,0.0008239494644328481,0.07008776721767658,0.00020895389926377613,0.0,0.00037383396184932004,,,,,,,,,,,,,,,,,,,,,,,,,,,,
2016,18097322602,1400000US18097322602,0.0038450975006866246,0.23643614693463635,0.0012726657386390354,0.0,0.0018752616266255132,0.0005492996429552321,0.03377659241923377,0.00018180939123414792,0.0,0.00026789451808935903,0.0005492996429552321,0.06973479692512925,0.0002078971592217792,0.0,0.00027201958100656857,,,,,,,,,,,,,,,,,,,,,,,,,,,,
2016,18097322700,1400000US18097322700,0.009338093930238945,0.16575795805403057,0.00235260042615186,0.0,0.004656684193439391,0.0005492996429552321,0.009750468120825327,0.00013838826036187413,0.0,0.0002739225996140818,0.0005492996429552321,0.014795023707410414,0.00015792894945270707,0.0,0.0002753788270717477,275,96,9,14,6,9,32,38,0,11,56,54,47,48,0,11,22,34,103,70,0,11,1994,262,40521,12111,1204,29
2016,18097330105,1400000US18097330105,0.011809942323537489,0.13332483226743044,0.002843330695644741,0.0,0.005699982526310262,0.000621575911765131,0.007017096435127918,0.00014964898398130215,0.0,0.00029999908033211906,0.0016478989288656962,0.023780071891854368,0.00015823475403041243,0.0,0.0006710978478862229,1650,195,0,16,191,112,491,187,249,120,209,109,178,108,45,45,53,52,189,95,45,40,5071,422,51809,4900,2623,91
2016,18097330106,1400000US18097330106,0.011260642680582258,0.11817457467004294,0.0024835061619887127,0.0,0.0048528321176030936,0.0006623907459166034,0.006951445568826055,0.00014608859776404193,0.0,0.00028546071280018196,0.0008239494644328481,0.018073542771427968,0.000152585134328362,0.0,0.000372110555447463,2098,186,103,74,120,71,190,119,264,127,189,99,150,96,281,157,142,108,578,183,81,96,3933,441,29394,3314,2721,114
2016,18097330211,1400000US18097330211,0.0021971985718209283,0.026827100392055075,0.0005808225049812889,0.0,0.001003439434620051,0.0005492996429552321,0.006706775098013769,0.00014520562624532223,0.0,0.00025085985865501274,0.0005492996429552321,0.007522688791570966,0.00014875122455685182,0.0,0.0002673342206238553,,,,,,,,,,,,,,,,,,,,,,,,,,,,
2016,18097330401,1400000US18097330401,0.0027464982147761604,0.06657300403523969,0.000766570101871895,0.0,0.0009510090308207956,0.0005492996429552321,0.013314600807047938,0.00015331402037437899,0.0,0.00019020180616415911,0.0005492996429552321,0.019408461629005436,0.00015407247844254887,0.0,0.00021421427181755214,604,150,0,16,41,67,56,61,74,72,56,76,0,16,75,62,138,116,124,121,40,62,5890,399,82690,21294,2435,77
2016,18097330500,1400000US18097330500,0.005218346608074705,0.13039498266084368,0.0014011868032212794,0.0,0.002400163045395961,0.0005798162897860783,0.014488331406760408,0.00015568742258014216,0.0,0.00026668478282177344,0.0008239494644328481,0.026512988522051965,0.00015747442521405622,0.0,0.00033999980975495147,1059,198,0,16,13,21,134,116,148,160,140,99,26,31,78,91,52,66,386,200,82,95,6645,730,44583,10529,2900,83
2016,18097330600,1400000US18097330600,0.0008239494644328481,0.012338869589624877,0.0001533296990945889,0.0,0.00032905135210209283,0.0008239494644328481,0.012338869589624877,0.0001533296990945889,0.0,0.00032905135210209283,0.0008239494644328481,0.012338869589624877,0.0001533296990945889,0.0,0.00032905135210209283,820,173,0,16,126,103,32,39,112,67,63,56,47,49,0,16,90,78,283,132,67,83,5369,782,39368,4153,2297,132
2016,18097330803,1400000US18097330803,0.010162043394671794,0.3006613477157284,0.003363919001095285,0.0,0.004905154407538433,0.0005645579663706552,0.016703408206429356,0.00018688438894973804,0.0,0.0002725085781965796,0.0008239494644328481,0.033827350896837305,0.00023544148280955888,0.0,0.0003745728027203799,963,181,0,11,24,28,101,55,79,60,105,75,60,57,46,32,30,36,483,143,35,39,4050,654,25000,6118,2130,67
2016,18097330804,1400000US18097330804,0.004394397143641857,0.027975197008429636,0.0010616570539388197,0.0,0.0021862274454382325,0.0005492996429552321,0.0034968996260537045,0.00013270713174235246,0.0,0.00027327843067977907,0.0005492996429552321,0.005358840555215178,0.0001395899444862387,0.0,0.000274265469223153,1048,138,38,38,26,40,96,57,97,61,160,94,67,48,83,66,47,46,273,100,161,88,3392,472,24500,4971,1505,69
2016,18097330805,1400000US18097330805,0.007964844822850866,0.10633905369554916,0.002006098532542063,0.0,0.003800903100530324,0.0005689174873464905,0.007595646692539226,0.00014329275232443308,0.0,0.0002714930786093089,0.0008239494644328481,0.015481723714352113,0.00020044678172221955,0.0,0.00037381293852231494,1146,120,38,45,77,68,130,70,140,70,87,64,69,51,34,38,142,80,255,98,174,85,2843,390,22917,4312,1542,57
2016,18097330806,1400000US18097330806,0.006042296072507553,0.10908321285964791,0.0017574124305258943,0.0,0.0029329316249118256,0.0005492996429552321,0.009916655714513447,0.00015976476641144493,0.0,0.00026663014771925687,0.0005492996429552321,0.01752695944538845,0.0002202359395885311,0.0,0.0002725843687849655,991,144,9,15,90,58,53,47,106,62,70,54,142,79,23,33,64,56,325,137,109,91,3831,419,27158,4626,1934,56
2016,18097330900,1400000US18097330900,0.008788794287283713,0.16302594686280486,0.0021819697522883546,0.0,0.004383184403421471,0.0005859196191522476,0.010868396457520324,0.00014546465015255697,0.0,0.0002922122935614314,0.0008239494644328481,0.02486275054250885,0.00016559083180422282,0.0,0.0004041466504524642,1424,251,34,29,19,28,208,147,206,146,149,112,121,105,113,107,197,141,297,133,80,84,5147,610,31668,3678,2657,75
2016,18097331000,1400000US18097331000,0.017577588574567427,0.4810968487705648,0.004563281402710189,0.0,0.00857566829827835,0.0005670189862763686,0.015519253186147252,0.00014720262589387707,0.0,0.0002766344612347855,0.0008239494644328481,0.03631617627085905,0.00017280613274386872,0.0,0.0003834165703681558,584,120,46,50,53,42,56,44,46,38,40,42,38,31,26,29,53,40,178,86,48,54,4469,356,36466,3231,1945,65
2016,18097340101,1400000US18097340101,0.007140895358418017,0.055757233702853036,0.0015752129104100274,0.0,0.0030440681020163247,0.0005950746132015014,0.00464643614190442,0.00013126774253416896,0.0,0.0002536723418346937,0.0008239494644328481,0.008575563409400267,0.00013178404969311488,0.0,0.00038108491215575003,255,94,0,11,55,61,23,25,20,21,18,21,14,23,0,11,47,44,55,51,23,25,3808,307,61811,9925,1585,55
2016,18097340102,1400000US18097340102,0.007140895358418017,0.05992164934763122,0.0017004703300761762,0.0,0.00381030368396293,0.0005492996429552321,0.004609357642125478,0.0001308054100058597,0.0,0.0002931002833817638,0.0005492996429552321,0.010550023994132756,0.0001349866222536288,0.0,0.00033285662188722897,1273,156,0,11,24,21,75,56,187,80,117,63,152,98,125,62,147,82,430,136,16,19,3592,525,30427,3278,2309,44
2016,18097340108,1400000US18097340108,0.005492996429552321,0.04513243554029052,0.0015154299622372547,0.0,0.002711166306845023,0.0005492996429552321,0.004513243554029052,0.00015154299622372548,0.0,0.0002711166306845023,0.0005492996429552321,0.00945897003298816,0.00015768868679089424,0.0,0.00027900106728371676,670,74,11,13,16,18,55,29,108,57,45,30,59,35,97,42,60,36,182,55,37,26,2255,320,24740,4555,1376,45
2016,18097340115,1400000US18097340115,0.007140895358418017,0.1087990559289653,0.0019045397229140307,0.0,0.0032200546444027017,0.0005492996429552321,0.008369158148381945,0.0001465030556087716,0.0,0.00024769651110790014,0.0005492996429552321,0.01205335450048441,0.00014898664420812197,0.0,0.0002710944878583344,,,,,,,,,,,,,,,,,,,,,,,,,,,,
2016,18097340201,1400000US18097340201,0.013732491073880802,0.26264860517126376,0.0036225406021800923,0.0,0.006527760715749356,0.0005721871280783667,0.01094369188213599,0.00015093919175750384,0.0,0.0002719900298228898,0.0008239494644328481,0.019517340665376918,0.00015641799780205957,0.0,0.0002756637630912572,345,84,0,11,7,11,24,28,83,65,46,38,11,17,0,11,48,50,80,41,46,35,3619,542,39213,6453,1165,43
2016,18097340202,1400000US18097340202,0.021697335896731666,0.8293258101415201,0.005928136169243655,0.0,0.00982569079555666,0.000602703774909213,0.023036828059486668,0.0001646704491456571,0.0,0.00027293585543212946,0.0010985992859104642,0.0572441154012151,0.00017277351969685972,0.0,0.0004660402108143379,1199,133,0,11,129,84,138,67,104,72,169,81,192,84,65,39,116,83,252,90,34,43,4189,334,34384,4615,2018,137
2016,18097340301,1400000US18097340301,0.007690195001373249,0.08401470131077382,0.0021336924949023105,0.0,0.0037663206337332157,0.0005492996429552321,0.006001050093626702,0.00015240660677873647,0.0,0.0002690229024095154,0.0005492996429552321,0.013786666505699739,0.0001565896133652483,0.0,0.0002749828456009962,,,,,,,,,,,,,,,,,,,,,,,,,,,,
2016,18097340302,1400000US18097340302,0.007140895358418017,0.19480949564031136,0.0020545042841697532,0.0,0.0035598374377597184,0.0005492996429552321,0.014985345818485488,0.000158038791089981,0.0,0.0002738336490584399,0.0005492996429552321,0.02057421430533213,0.00016404700618743523,0.0,0.00027588661273288145,,,,,,,,,,,,,,,,,,,,,,,,,,,,
2016,18097340400,1400000US18097340400,0.008788794287283713,0.18818032420751454,0.002284705207135041,0.0,0.00407614958262318,0.0005859196191522476,0.012545354947167636,0.00015231368047566941,0.0,0.000271743305508212,0.0010985992859104642,0.044933691685957546,0.00016785442187047567,0.0,0.00041274412937530506,662,97,10,16,58,41,121,69,60,50,4,10,29,45,29,36,95,65,203,85,53,42,3644,416,36803,10982,1402,57
2016,18097340500,1400000US18097340500,0.007140895358418017,0.17909047146207266,0.0021911919247168243,0.0,0.0034813357633711457,0.0005492996429552321,0.013776190112467128,0.00016855322497821726,0.0,0.00026779505872085737,0.0005492996429552321,0.0338903543586323,0.00018597176472778834,0.0,0.00027468444175095003,1210,148,43,54,34,55,170,101,185,85,102,76,160,117,67,75,89,64,360,121,0,11,4625,467,31536,9096,2054,64
2016,18097340600,1400000US18097340600,0.019500137324910738,0.5784182584786814,0.005659091271544353,0.0,0.00909683398490887,0.0005571467807117354,0.016526235956533755,0.00016168832204412436,0.0,0.0002599095424259677,0.0008239494644328481,0.02613398685906239,0.00019310158180641613,0.0,0.0002995619538192283,871,122,21,20,15,16,50,36,109,72,63,43,77,60,44,37,160,83,324,102,8,13,5525,577,30836,2032,2147,57
2016,18097340700,1400000US18097340700,0.012359241966492723,0.5802480751876522,0.003507326143558517,0.0,0.00558421283485524,0.0005885353317377487,0.027630860723221535,0.00016701553064564365,0.0,0.0002659148968978686,0.0010985992859104642,0.11040575738460935,0.00018770509899391938,0.0,0.0002995619538192283,760,143,24,40,32,41,111,88,89,73,66,60,8,12,38,62,89,69,235,130,68,66,4245,429,29071,9374,1476,56
2016,18097340800,1400000US18097340800,0.0010985992859104642,0.057419317842278564,0.00035164323234885447,0.0,0.0005464491580162651,0.0005492996429552321,0.028709658921139282,0.00017582161617442723,0.0,0.00027322457900813253,0.0005492996429552321,0.02990129206141291,0.00017910721505970273,0.0,0.00027535825247606205,152,56,0,11,10,12,31,34,17,14,5,9,20,25,8,12,11,13,45,42,5,8,1631,188,52639,10685,787,60
2016,18097340901,1400000US18097340901,0.0021971985718209283,0.01822256293555387,0.0005322512866590256,0.0,0.0010698420739149134,0.0005492996429552321,0.004555640733888468,0.0001330628216647564,0.0,0.00026746051847872834,0.0005492996429552321,0.005311757728676158,0.00013426201296817543,0.0,0.00027237172347146767,187,105,0,11,0,11,22,24,51,60,60,66,18,23,0,11,0,11,19,21,17,20,3676,346,62633,10517,1434,36
2016,18097340903,1400000US18097340903,0.0005492996429552321,0.005816087236026813,0.0001350783573066091,0.0,0.00024710713647477494,0.0005492996429552321,0.005816087236026813,0.0001350783573066091,0.0,0.00024710713647477494,0.0005492996429552321,0.005816087236026813,0.0001350783573066091,0.0,0.00024710713647477494,,,,,,,,,,,,,,,,,,,,,,,,,,,,
2016,18097340904,1400000US18097340904,0.012908541609447953,0.5260902239754204,0.00354248933007588,0.0,0.006224029648595632,0.0005612409395412153,0.02287348799893132,0.00015402127522069043,0.0,0.0002706099847215492,0.0008239494644328481,0.057997516079087076,0.00017475892009511906,0.0,0.00030358802800149547,,,,,,,,,,,,,,,,,,,,,,,,,,,,
2016,18097341000,1400000US18097341000,0.012359241966492723,0.7065316858368218,0.0035308100037867037,0.0,0.006242343313847761,0.0005617837257496692,0.03211507662894644,0.00016049136380848653,0.0,0.00028374287790217096,0.0008239494644328481,0.061210617177384546,0.00018379388916677896,0.0,0.00037381736566664733,186,59,14,19,16,16,36,27,24,17,21,14,5,8,32,42,15,13,13,12,10,12,1755,166,64770,5749,830,63
2016,18097341100,1400000US18097341100,0.007140895358418017,0.4284909199561767,0.001856307468933871,0.0,0.0033882725020354014,0.0005950746132015014,0.035707576663014724,0.00015469228907782258,0.0,0.00028235604183628345,0.0008239494644328481,0.1070751755797073,0.00018886706212920484,0.0,0.00029757151004313506,373,79,5,8,17,28,34,32,35,28,16,15,33,34,24,24,36,39,150,51,23,26,1944,303,27222,2865,1007,29
2016,18097341200,1400000US18097341200,0.008239494644328481,0.6122397240222014,0.002213017437517113,0.0,0.0040935461004000485,0.0005492996429552321,0.040815981601480096,0.0001475344958344742,0.0,0.00027290307336000325,0.0005492996429552321,0.10894973606453968,0.0001948990688897096,0.0,0.00028227222579765604,454,83,0,11,18,19,26,20,64,31,9,12,23,23,4,7,52,37,191,61,67,40,2120,307,20540,3764,1168,42
2016,18097341600,1400000US18097341600,0.008788794287283713,0.1273144529186825,0.002000547764173011,0.0,0.004368880774064823,0.0005492996429552321,0.007957153307417657,0.0001250342352608132,0.0,0.00027305504837905144,0.0005492996429552321,0.011997896363455276,0.00013304016513540048,0.0,0.00027517136987502275,539,84,0,11,19,26,32,34,143,75,61,40,24,26,38,32,33,26,125,59,64,39,2149,279,22228,4640,1035,59
2016,18097341701,1400000US18097341701,0.008788794287283713,0.15888582716377278,0.002033795262348482,0.0,0.004395835539266401,0.0005492996429552321,0.009930364197735799,0.00012711220389678013,0.0,0.0002747397212041501,0.0005492996429552321,0.018880817068128247,0.00015049126045125629,0.0,0.00027555436644847764,,,,,,,,,,,,,,,,,,,,,,,,,,,,
2016,18097341702,1400000US18097341702,0.012359241966492723,0.15522340197566784,0.002661836902661971,0.0,0.006257777894223477,0.0005617837257496692,0.007055609180712174,0.00012099258648463505,0.0,0.0002844444497374308,0.0008239494644328481,0.02329830290555366,0.00014215035282112652,0.0,0.00037384249594406136,,,,,,,,,,,,,,,,,,,,,,,,,,,,
2016,18097341902,1400000US18097341902,0.0021971985718209283,0.04728126858036224,0.0005485363897667947,0.0,0.0010795552762913473,0.0005492996429552321,0.01182031714509056,0.00013713409744169866,0.0,0.0002698888190728368,0.0005492996429552321,0.012585299896478145,0.00013844935722065167,0.0,0.00027696678449165444,280,83,0,11,14,16,64,44,22,27,40,45,27,30,0,11,8,15,105,57,0,11,3365,446,55919,3242,1671,63
2016,18097341903,1400000US18097341903,0.0027464982147761604,0.02204577899441948,0.0005605942742035066,0.0,0.0013731925353253783,0.0005492996429552321,0.004409155798883896,0.00011211885484070132,0.0,0.00027463850706507565,0.0005492996429552321,0.004587632910895751,0.00011254910606664754,0.0,0.00027463850706507565,1788,152,17,26,135,72,267,142,329,156,81,81,117,94,248,131,127,96,458,160,9,15,5118,591,27321,7833,2466,71
2016,18097341904,1400000US18097341904,0.0027464982147761604,0.049439533276391286,0.0006444835954104563,0.0,0.0012114638396260456,0.0005492996429552321,0.009887906655278257,0.00012889671908209127,0.0,0.00024229276792520912,0.0005492996429552321,0.014134204164415645,0.00014120616733895083,0.0,0.00027463850706507565,651,77,18,18,16,13,111,55,130,59,49,30,56,42,74,48,84,33,105,51,8,12,2458,242,35267,4470,988,36
2016,18097342000,1400000US18097342000,0.008239494644328481,0.061390573173050515,0.0012721555866031067,0.0,0.004064081098880478,0.0005492996429552321,0.004092704878203368,8.481037244020712e-05,0.0,0.0002709387399253652,0.0005492996429552321,0.006595821097331671,9.001705214855948e-05,0.0,0.00027457235034300423,246,133,0,16,33,42,11,20,37,58,33,41,0,16,55,81,51,81,12,22,14,23,6931,603,63359,6510,2272,54
2016,18097342101,1400000US18097342101,0.005492996429552321,0.07390192888682315,0.0009373283661147332,0.0,0.002746173810928158,0.0005492996429552321,0.007390192888682315,9.373283661147333e-05,0.0,0.00027461738109281584,0.0005492996429552321,0.009269884194355493,9.805502852770107e-05,0.0,0.0002746381678588974,446,123,13,21,17,19,19,24,62,45,45,43,60,36,13,21,14,24,194,96,9,14,5518,432,52695,7987,1945,49
2016,18097342200,1400000US18097342200,0.004943696786597089,0.09031874469940936,0.0009194276964733084,0.0,0.00247174622526177,0.0005492996429552321,0.010035416077712151,0.00010215863294147871,0.0,0.00027463846947353,0.0005492996429552321,0.011943947291379316,0.00010766955652394829,0.0,0.00027463850706507565,1037,137,25,38,86,68,145,89,99,58,145,77,131,68,91,58,86,80,181,84,48,41,5885,630,27378,3421,2173,66
2016,18097342300,1400000US18097342300,0.008788794287283713,0.1891366941215884,0.003062294264802299,0.0,0.004385674219210129,0.0005492996429552321,0.011821043382599275,0.0001913933915501437,0.0,0.0002741046387006331,0.0005492996429552321,0.01589475479203576,0.00020235506324692501,0.0,0.00027463850706507565,1157,201,0,16,44,70,69,53,92,89,229,159,117,88,27,44,123,83,447,197,9,16,7006,842,28496,3858,2683,91
2016,18097342400,1400000US18097342400,0.01318319143092557,0.32132701135722286,0.004859846450189014,0.0,0.006591317332243242,0.0005492996429552321,0.013388625473217619,0.0002024936020912089,0.0,0.00027463822217680176,0.0005492996429552321,0.020139150879332147,0.00021621851928707795,0.0,0.00027463850706507565,340,76,42,42,36,37,41,47,27,23,15,16,54,47,7,10,44,36,56,42,18,16,1831,275,35656,6313,701,23
2016,18097342500,1400000US18097342500,0.014281790716836034,0.3798642445168125,0.0031832900577430387,0.0,0.007140607690267111,0.0005492996429552321,0.014610163250646634,0.00012243423299011688,0.0,0.00027463875731796583,0.0005492996429552321,0.018896511343641252,0.0001445131978445027,0.0,0.0002746454708228122,604,144,32,39,11,17,50,44,57,46,0,11,38,32,95,85,18,22,271,110,32,41,4754,371,35536,5084,1972,62
2016,18097342600,1400000US18097342600,0.008239494644328481,0.3042266645740966,0.002848723683003794,0.0,0.004124870986850245,0.0005492996429552321,0.020281777638273105,0.00018991491220025295,0.0,0.00027499139912334964,0.0005492996429552321,0.023175012298879367,0.00022388616485426893,0.0,0.00027747331678579235,585,147,5,10,29,30,21,26,52,45,88,61,61,51,66,48,44,38,199,86,20,20,3350,442,29023,5573,1505,69
2016,18097350100,1400000US18097350100,0.008514144465806096,0.19022012730471946,0.002723115345994289,0.0,0.00410525228756065,0.0006081531761290068,0.013587151950337105,0.0001945082389995921,0.0,0.00029323230625433216,0.0008239494644328481,0.046439889415720234,0.00020559267831645551,0.0,0.0004436824203139298,296,70,6,10,35,27,20,21,10,16,25,30,44,39,17,15,40,33,74,35,25,21,1266,188,26328,5685,833,32
2016,18097350300,1400000US18097350300,0.010985992859104642,0.28384613875550435,0.0027840653881205457,0.0,0.005328552514326512,0.0006103329366169245,0.015769229930861352,0.0001546702993400303,0.0,0.0002960306952403618,0.0010985992859104642,0.043561800737027326,0.00018719278765378636,0.0,0.00040798877066759785,1219,141,32,36,33,28,62,54,114,53,169,73,82,54,59,52,133,68,461,129,74,61,2170,346,16833,2559,1990,51
2016,18097350400,1400000US18097350400,0.014281790716836034,0.4630903839363054,0.0038359780561533392,0.0,0.006654189799647816,0.0005712716286734414,0.018523615357452217,0.00015343912224613358,0.0,0.00026616759198591264,0.0008239494644328481,0.06237908617062696,0.00022199451685479493,0.0,0.00038999653684822466,560,118,0,11,61,49,36,28,47,47,25,23,55,53,6,10,51,38,268,104,11,13,2728,294,34750,7417,1383,55
2016,18097350500,1400000US18097350500,0.013457841252403187,0.3595560783627249,0.003930967009286593,0.0,0.006826011222372396,0.0005607433855167994,0.014981503265113537,0.00016379029205360803,0.0,0.00028441713426551654,0.0008239494644328481,0.07045522453377438,0.00021007176410275155,0.0,0.0003738298928683972,506,87,0,11,55,43,19,24,62,41,61,43,25,25,39,22,51,37,154,63,40,38,2133,263,21069,3949,1271,35
2016,18097350600,1400000US18097350600,0.02032408678934359,0.15409039600882501,0.004997935675077514,0.0,0.010169391281304284,0.0005492996429552321,0.004164605297535811,0.00013507934256966255,0.0,0.0002748484130082239,0.0005492996429552321,0.014520600245675775,0.00017657201850720242,0.0,0.0002783709644991862,779,160,35,52,50,47,0,11,26,45,17,21,22,36,42,52,77,67,378,139,132,83,3912,512,27083,6332,2175,111
2016,18097350700,1400000US18097350700,0.01867618786047789,1.0772437532256263,0.005717812915906037,0.0,0.00933662956901209,0.0005492996429552321,0.03168363980075371,0.00016817096811488344,0.0,0.00027460675202976734,0.0005492996429552321,0.08022023293926617,0.0002465569783817734,0.0,0.0002746930852663663,220,71,11,17,7,11,11,12,18,22,9,14,6,9,6,8,4,6,116,53,32,33,1330,238,22702,4554,832,30
2016,18097350800,1400000US18097350800,0.017028288931612193,0.940636931044786,0.005524955423605964,0.0,0.008181880016636084,0.000549299642955232,0.03034312680789632,0.0001782243685034182,0.0,0.0002639316134398737,0.0005492996429552321,0.07778264032040468,0.00024024954489581802,0.0,0.0003115536245812144,695,68,0,11,23,24,29,28,82,42,29,22,21,24,48,33,114,51,219,72,130,49,2133,238,15354,4630,1202,38
2016,18097350900,1400000US18097350900,0.009887393573194177,0.5800254126538115,0.0028121172240346435,0.0,0.004936152466022313,0.0005816113866584811,0.03411914192081244,0.00016541866023733198,0.0,0.00029036190976601843,0.0008239494644328481,0.09766675922265046,0.00023573146351136477,0.0,0.00040092349847412707,285,68,0,11,17,16,31,24,18,14,49,31,42,33,35,29,36,36,39,27,18,17,1362,266,33967,5604,865,46
2016,18097351000,1400000US18097351000,0.01043669321614941,0.5178901913796173,0.003188194440628159,0.0,0.004885402825252526,0.0005492996429552321,0.02725737849366407,0.00016779970740148206,0.0,0.000257126464486975,0.0005492996429552321,0.06267327838324817,0.0002280757014878395,0.0,0.0002866504815462888,714,146,0,11,0,11,120,87,110,68,31,26,29,49,41,47,42,47,294,119,47,50,2579,409,27169,5328,1565,83
2016,18097351200,1400000US18097351200,0.020049436967865972,1.0808552474715616,0.006630082061311002,0.0,0.009115164177216816,0.0006075586959959385,0.03275318931732005,0.00020091157761548492,0.0,0.00027621709627929746,0.0010985992859104642,0.09261863514129375,0.00022021982612800751,0.0,0.0004933786487429545,552,84,30,36,23,27,18,18,35,26,54,38,69,51,27,30,92,45,187,65,17,27,2345,356,21169,6389,1524,55
2016,18097351500,1400000US18097351500,0.014556440538313651,0.8859421545222149,0.004437170983401722,0.0,0.007375333589659539,0.0005598630976274481,0.03407469825085442,0.00017066042243852776,0.0,0.0002836666765253669,0.0008239494644328481,0.07578863734452858,0.00022495225867132917,0.0,0.0004071413739656426,589,81,8,12,34,18,77,32,92,58,49,32,41,33,3,6,60,37,158,58,67,41,1914,254,35921,10059,1169,31
2016,18097351600,1400000US18097351600,0.009338093930238945,0.21812983089418134,0.002411189076346729,0.0,0.004650993386914964,0.0005492996429552321,0.012831166523187137,0.0001418346515498076,0.0,0.0002735878462891155,0.0005492996429552321,0.046238278337976224,0.00019200946648545043,0.0,0.00027541848245350524,511,74,32,23,46,34,72,41,87,40,21,16,14,14,26,23,15,13,143,53,55,40,2205,242,52500,9401,1256,33
2016,18097351700,1400000US18097351700,0.02142268607525405,0.7001303832119542,0.006128720969177717,0.0,0.010767278825165932,0.0005637548967172118,0.018424483768735636,0.00016128213076783466,0.0,0.00028334944276752454,0.0008239494644328481,0.07738749166241614,0.0002274711118054386,0.0,0.00037635276430741086,519,120,18,29,6,10,16,15,45,46,71,63,35,32,57,40,57,48,157,80,57,61,2613,422,33542,11897,1538,77
2016,18097351900,1400000US18097351900,0.01318319143092557,1.114645022651065,0.004457016332830235,0.0,0.00659076397724486,0.0005492996429552321,0.04644354261046104,0.00018570901386792647,0.0,0.0002746151657185358,0.0005492996429552321,0.07930309871397484,0.00023188393509938234,0.0,0.00027469895627196963,490,81,28,39,75,55,21,17,15,14,44,30,30,29,25,32,27,26,108,62,117,52,2424,240,24375,13146,1159,46
2016,18097352100,1400000US18097352100,0.016478989288656962,0.8275334936966358,0.0048926907431162524,0.0,0.008238544411861946,0.0005492996429552321,0.027584449789887857,0.0001630896914372084,0.0,0.00027461814706206486,0.0005492996429552321,0.08058006947735044,0.00023492166629297974,0.0,0.00027470954083515047,419,94,4,9,11,12,17,19,27,25,0,11,49,43,40,36,61,40,146,56,64,37,2018,281,24115,2551,1137,47
2016,18097352300,1400000US18097352300,0.007690195001373249,0.751184917801232,0.00270277336526825,0.0,0.0038447771577031207,0.0005492996429552321,0.053656065557230855,0.00019305524037630358,0.0,0.0002746269398359372,0.0005492996429552321,0.08192841901301116,0.00024934406035632023,0.0,0.00027463850706507565,291,65,0,11,5,8,12,19,25,21,15,25,7,9,24,25,34,34,86,38,83,53,1213,169,20000,3901,772,33
2016,18097352400,1400000US18097352400,0.012084592145015106,0.594611959037941,0.004660256507265377,0.0,0.005991058449507336,0.0005492996429552321,0.027027816319906407,0.00021182984123933532,0.0,0.0002723208386139698,0.0005492996429552321,0.03792151956804525,0.00021800153857014375,0.0,0.00027463850706507565,780,108,0,11,32,28,24,24,57,41,85,56,38,41,80,65,153,84,254,110,57,47,3198,474,30757,2180,1498,52
2016,18097352500,1400000US18097352500,0.009338093930238945,0.16291533240173725,0.003114358297504805,0.0,0.0046165129167826035,0.0005492996429552321,0.009583254847161014,0.00018319754691204735,0.0,0.00027155958334015314,0.0005492996429552321,0.022267988808774307,0.0002182166106213507,0.0,0.00027477453138865246,528,118,36,29,9,14,23,22,65,54,22,23,62,62,32,29,131,68,115,66,33,39,2772,333,41056,5906,1671,39
2016,18097352600,1400000US18097352600,0.021971985718209283,1.0499945673661686,0.008420829449082462,0.0,0.010467894841164945,0.0005633842491848534,0.026922937624773553,0.00021591870382262722,0.0,0.00026840756002987037,0.0008239494644328481,0.06312894054585898,0.00023421124299159252,0.0,0.0003690978377578038,694,150,9,14,16,21,79,51,39,37,47,45,17,26,41,39,93,54,241,94,112,63,3243,424,21775,4198,1978,58
2016,18097352700,1400000US18097352700,0.02032408678934359,1.4178102863903468,0.008072731879206528,0.0,0.009739524973978817,0.0005806881939812453,0.04050886532543848,0.00023064948226304366,0.0,0.0002782721421136805,0.0008239494644328481,0.08782833480718677,0.0002533361510555722,0.0,0.00036901688932223804,668,124,0,11,59,51,42,35,72,56,48,32,26,26,41,45,19,28,174,86,187,94,2446,392,27976,7696,1506,78
2016,18097352800,1400000US18097352800,0.009338093930238945,0.33535271375150527,0.0025971849176991734,0.0,0.004643644598694724,0.0005492996429552321,0.01972663022067678,0.00015277558339406902,0.0,0.0002731555646291014,0.0005492996429552321,0.07183330264901262,0.0002143702313613564,0.0,0.000274837744409281,261,56,16,19,0,11,0,11,25,22,44,37,41,32,37,30,20,25,61,37,17,16,1017,163,26315,2345,688,39
2016,18097353300,1400000US18097353300,0.0222466355396869,1.1583834594408613,0.006161891051068189,0.0,0.010305839932991688,0.0005854377773601816,0.030483775248443718,0.0001621550276596892,0.0,0.00027120631402609703,0.0010985992859104642,0.15121630635225802,0.00021446963735183953,0.0,0.00040783042241568026,1481,103,23,35,93,57,265,101,187,73,209,87,100,57,71,46,82,49,345,101,106,60,2847,224,29654,3946,1917,47
2016,18097353500,1400000US18097353500,0.016478989288656962,0.43502079491505474,0.0049730236613774,0.0,0.007854603964564359,0.0005492996429552321,0.014500693163835158,0.00016576745537924667,0.0,0.0002618201321521453,0.0005492996429552321,0.11248230621342403,0.0002073919923016954,0.0,0.00028349604039737533,964,98,8,13,12,18,48,36,42,35,213,99,97,57,27,33,39,36,308,97,170,87,2355,287,13252,2534,1212,52
2016,18097353600,1400000US18097353600,0.02499313375446306,1.0024701129686024,0.007585143064995125,0.0,0.01213908258640327,0.0005554029723214013,0.0222771136215245,0.00016855873477766945,0.0,0.00026975739080896155,0.0008239494644328481,0.11128803220948236,0.0002029824911103728,0.0,0.00030741695087751456,532,82,3,5,0,11,26,20,56,32,41,36,15,23,61,35,33,29,235,82,62,45,2360,350,21580,3102,1199,50
2016,18097354201,1400000US18097354201,0.025542433397418293,1.5854517838656812,0.007784729316516203,0.0,0.010161149609444555,0.0007982010436693216,0.04954536824580254,0.00024327279114113134,0.0,0.00031753592529514235,0.0032957978577313925,0.3683167285886319,0.00027835476167508983,0.0,0.0010410039434699972,,,,,,,,,,,,,,,,,,,,,,,,,,,,
2016,18097354202,1400000US18097354202,0.02142268607525405,0.9688467876534341,0.007606422830563893,0.0,0.009651396430700234,0.0006120767450072586,0.027681336790098116,0.00021732636658753978,0.0,0.0002757541837342924,0.0008239494644328481,0.08891946422157902,0.0002638351414497607,0.0,0.0004014983662938674,,,,,,,,,,,,,,,,,,,,,,,,,,,,
2016,18097354400,1400000US18097354400,0.008514144465806096,0.2676908438993031,0.0032589995675195564,0.0,0.004150011277077762,0.0005676096310537397,0.01784605625995354,0.00021726663783463708,0.0,0.0002766674184718508,0.0008239494644328481,0.05646385336717663,0.0002554335445111218,0.0,0.00031299340112270766,340,67,4,6,47,38,31,21,41,23,54,40,22,27,11,11,16,19,110,41,4,6,1462,151,56000,20788,860,45
2016,18097354500,1400000US18097354500,0.006042296072507553,0.09188009875321054,0.0021360449299667413,0.0,0.003034666660609793,0.0005492996429552321,0.008352736250291868,0.0001941859027242492,0.0,0.000275878787328163,0.0005492996429552321,0.0365628329374553,0.00023240154146584254,0.0,0.0002820618312355406,598,78,12,20,37,28,90,45,59,39,52,36,44,31,21,22,66,29,144,53,73,35,2562,270,32292,4058,1294,37
2016,18097354700,1400000US18097354700,0.0032957978577313925,0.07172397089315519,0.0011757130434087864,0.0,0.0016824883152760774,0.0005492996429552321,0.011953995148859198,0.0001959521739014644,0.0,0.0002804147192126796,0.0005492996429552321,0.035971883101792466,0.00022304005935536348,0.0,0.0003023087881454006,337,61,8,13,10,16,13,15,0,11,40,26,13,17,30,27,78,35,92,42,53,36,1507,201,22207,8464,786,50
2016,18097354800,1400000US18097354800,0.006316945893985169,0.33925236395024916,0.0023256372285070117,0.0,0.002740373954282179,0.0005742678085441063,0.030841123995477195,0.00021142156622791015,0.0,0.00024912490493474355,0.0008239494644328481,0.06407640697670909,0.0002237306086105243,0.0,0.00032417961445346653,477,77,20,23,24,20,13,12,15,19,14,15,35,27,3,5,63,38,209,69,81,43,1552,236,15409,3073,934,50
2016,18097354900,1400000US18097354900,0.004943696786597089,0.04296315467010331,0.001577393032327245,0.0,0.0024719879031470816,0.0005492996429552321,0.004773683852233701,0.000175265892480805,0.0,0.00027466532257189796,0.0005492996429552321,0.006503692681940416,0.00018011163231263918,0.0,0.0002747605774062869,650,83,19,21,21,21,41,28,8,8,44,32,79,47,16,16,62,38,262,76,98,53,2705,335,20442,2698,1383,45
2016,18097355000,1400000US18097355000,0.008514144465806096,0.28631776078905985,0.0030548925701311793,0.0,0.0040933579632051395,0.0005676096310537397,0.019087850719270657,0.00020365950467541194,0.0,0.00027289053088034264,0.0008239494644328481,0.06436471383601293,0.00023965119029711223,0.0,0.0003764579772441356,511,90,0,11,17,20,6,11,61,39,35,29,34,33,43,38,11,16,227,71,77,41,2237,300,18864,7497,1220,48
2016,18097355100,1400000US18097355100,0.00906344410876133,0.14351584970920317,0.0034276489877989886,0.0,0.004543694167658329,0.0005664652567975831,0.008969740606825198,0.0002142280617374368,0.0,0.00028398088547864557,0.0008239494644328481,0.027827836815752224,0.00026427241790288425,0.0,0.0003774051881163631,483,92,24,20,4,6,64,39,23,19,30,26,85,54,8,14,18,17,193,64,34,26,1764,265,24815,5451,1041,45
2016,18097355300,1400000US18097355300,0.005492996429552321,0.025018787858667013,0.001625875218977176,0.0,0.0027428993474554503,0.0005492996429552321,0.0025018787858667015,0.0001625875218977176,0.0,0.000274289934745545,0.0005492996429552321,0.0046855712263567245,0.000170472876200434,0.0,0.0002759840714394882,560,109,28,35,12,19,51,47,47,33,77,50,38,31,31,35,44,39,177,82,55,44,2264,378,36138,3891,1410,31
2016,18097355400,1400000US18097355400,0.008239494644328481,0.041214299295870296,0.002646131299133578,0.0,0.0041295297153364635,0.0005492996429552321,0.00274761995305802,0.00017640875327557188,0.0,0.0002753019810224309,0.0005492996429552321,0.004627019506173584,0.00020105742576731781,0.0,0.0002764244978958808,906,176,0,11,73,62,42,53,120,84,104,73,181,122,38,64,100,89,189,103,59,63,2930,522,26953,11012,1638,33
2016,18097355500,1400000US18097355500,0.012084592145015106,2.268567610637097,0.0057217913969605455,0.0,0.005593123955486736,0.0005492996429552321,0.10311670957441349,0.00026008142713457023,0.0,0.0002542329070675789,0.0005492996429552321,0.22030635527614378,0.0002723295040557427,0.0,0.00027466678210766933,649,129,0,11,26,25,46,33,104,70,171,83,52,54,31,28,43,39,126,84,50,47,3619,465,36984,7336,1627,47
2016,18097355600,1400000US18097355600,0.01867618786047789,3.074873766716667,0.00770620648847588,0.0,0.009391450024301405,0.0006024576729186416,0.09918947634569893,0.0002485873060798671,0.0,0.0003029500007839163,0.0008239494644328481,0.2768197059737845,0.00027523758051207814,0.0,0.00038240710399319245,357,98,0,11,26,26,13,15,17,24,10,11,15,18,67,56,49,36,117,70,43,42,1862,287,22475,4930,1032,30
2016,18097355700,1400000US18097355700,0.01812688821752266,2.667182590823074,0.008287906032299256,0.0,0.008690952108611656,0.0005492996429552321,0.08082371487342649,0.000251148667645432,0.0,0.0002633621851094441,0.0005492996429552321,0.22119021461921765,0.0002759221839333854,0.0,0.0002997029392743843,536,93,20,16,63,42,21,27,74,44,45,34,13,12,51,34,45,36,182,64,22,22,2571,431,26098,4121,1219,49
2016,18097355900,1400000US18097355900,0.007690195001373249,1.2433613969112458,0.0031485635900142597,0.0,0.0037564193099769508,0.0005915534616440961,0.09564318437778814,0.00024219719923186612,0.0,0.00028895533153668854,0.0008239494644328481,0.22182379553980763,0.00027716428998875815,0.0,0.0003917186840177626,478,80,26,23,27,20,33,23,67,30,46,27,25,20,6,9,56,33,159,45,33,28,2262,239,28490,8920,1258,40
2016,18097356200,1400000US18097356200,0.03350727822026916,2.0351544980699057,0.012290173774788166,0.0,0.011029271160343336,0.0007129208131972162,0.04330115953340225,0.00026149305903804606,0.0,0.00023466534383709227,0.0016478989288656962,0.3214141598582686,0.00027805072585062555,0.0,0.00046654482345999144,538,84,12,14,73,43,106,47,82,38,44,30,33,21,53,43,63,35,65,33,7,11,3540,421,65505,7383,982,53
2016,18097356400,1400000US18097356400,0.02142268607525405,0.7606785963281432,0.007438529215169612,0.0,0.010133814952837146,0.0005637548967172118,0.02001785779810903,0.00019575076882025295,0.0,0.0002666793408641354,0.0008239494644328481,0.05114598392544012,0.0002480710770721685,0.0,0.0003436132502996795,915,165,19,23,75,55,28,27,86,61,134,83,42,39,38,35,65,52,365,134,63,49,4049,572,24939,3015,1911,97
2016,18097356900,1400000US18097356900,0.009338093930238945,0.1852854849078414,0.00397045320853089,0.0,0.004518268690367941,0.0005492996429552321,0.010899146171049494,0.00023355607109005235,0.0,0.0002657805111981142,0.0005492996429552321,0.015160141972830795,0.0002454768101434209,0.0,0.0002738756272779456,546,84,0,11,4,8,110,42,67,45,48,31,27,25,28,24,87,50,139,54,36,27,2984,297,26959,4162,1221,69
2016,18097357000,1400000US18097357000,0.008239494644328481,0.13145525169694353,0.0032135679554717027,0.0,0.0036648552119702108,0.0005885353317377487,0.009389660835495967,0.00022954056824797876,0.0,0.0002617753722835865,0.0008239494644328481,0.013671600303020243,0.0002550793146357772,0.0,0.00036320489392546235,479,84,4,8,14,11,21,27,37,25,41,32,56,40,38,32,61,47,163,59,44,32,2570,285,26098,3016,1197,51
2016,18097357100,1400000US18097357100,0.009887393573194177,0.10841092442300901,0.003831399988590603,0.0,0.004839302203711448,0.0005492996429552321,0.006022829134611611,0.00021285555492170016,0.0,0.00026885012242841376,0.0005492996429552321,0.007881544437435675,0.00022509776656824107,0.0,0.0003075336820397815,504,87,0,11,33,25,8,8,66,36,60,31,61,37,55,39,49,37,160,62,12,14,2169,249,25938,7534,1139,38
2016,18097357200,1400000US18097357200,0.009887393573194177,0.3507774702638751,0.003830726025782441,0.0,0.004934365504731783,0.0005492996429552321,0.01948763723688195,0.00021281811254346894,0.0,0.0002741314169295435,0.0005492996429552321,0.06108000760568737,0.00026220550876870355,0.0,0.0002748632122039028,453,117,0,11,3,6,16,19,48,45,38,34,73,60,23,27,81,64,137,82,34,35,2834,613,27500,7569,1530,78
2016,18097357300,1400000US18097357300,0.014831090359791266,0.7388646851637788,0.005916343966996596,0.0,0.007401986278835587,0.0005492996429552321,0.027365358709769586,0.00021912385062950354,0.0,0.0002741476399568736,0.0005492996429552321,0.10759142670018802,0.00026422513712803065,0.0,0.00027470530042394563,607,78,0,11,40,33,57,43,10,11,38,21,56,47,33,20,23,28,292,82,58,42,2072,245,16563,2180,1042,38
2016,18097357400,1400000US18097357400,0.012084592145015106,0.04510783778155379,0.003992352837136124,0.0,0.00599743284483736,0.0005492996429552321,0.0020503562627978995,0.00018147058350618744,0.0,0.00027261058385624363,0.0005492996429552321,0.004890049527511763,0.0002104476082448857,0.0,0.0002760568929758956,843,151,41,40,47,42,78,65,80,68,33,41,52,61,56,49,94,63,271,111,91,61,3940,406,22048,3964,1868,60
2016,18097357500,1400000US18097357500,0.01675363911013458,0.1657549399241242,0.005651565261297056,0.0,0.008164860996472042,0.0005983442539333778,0.0059198192830044365,0.00020184161647489486,0.0,0.00029160217844543005,0.0008239494644328481,0.021061415925464264,0.0002279436660761359,0.0,0.00040474075689441504,415,113,18,29,0,11,64,52,65,59,17,18,26,32,9,14,22,34,139,67,55,45,4261,288,38887,4514,1721,156
2016,18097357601,1400000US18097357601,0.009338093930238945,0.46252765361526693,0.003810487261973598,0.0,0.004364975101160242,0.0005492996429552321,0.027207509036192172,0.0002241463095278587,0.0,0.0002567632412447201,0.0005492996429552321,0.05732492582945755,0.0002454599871684821,0.0,0.0002784748132101093,,,,,,,,,,,,,,,,,,,,,,,,,,,,
2016,18097357602,1400000US18097357602,0.007415545179895633,0.7960995952687796,0.0029611486657268814,0.0,0.003470844295729975,0.0005704265522996641,0.06123843040529074,0.0002277806665943755,0.0,0.0002669880227484596,0.0008239494644328481,0.10591500644370735,0.000256364447688928,0.0,0.0003731343533878176,,,,,,,,,,,,,,,,,,,,,,,,,,,,
2016,18097357800,1400000US18097357800,0.009338093930238945,0.12792917052735783,0.003802494248050204,0.0,0.004542193812992075,0.0005492996429552321,0.007525245325138696,0.0002236761322382473,0.0,0.000267187871352475,0.0005492996429552321,0.01057786624251881,0.00023732510397563678,0.0,0.0002746370372366001,400,82,0,11,9,10,54,28,58,45,52,29,14,13,5,9,29,38,134,61,45,39,1873,264,33581,9915,969,38
2016,18097357900,1400000US18097357900,0.025817083218895906,0.4232704606571676,0.009957587422565051,0.0,0.012560279162088394,0.0005612409395412153,0.009201531753416687,0.00021646929179489242,0.0,0.0002730495470019216,0.0010985992859104642,0.03394415252421295,0.00023039482190049954,0.0,0.0004696921876436815,652,136,0,11,42,35,88,49,28,23,52,52,113,76,76,57,47,38,174,100,32,26,4413,597,41359,5235,2030,59
2016,18097358000,1400000US18097358000,0.007690195001373249,0.06982375630411884,0.003206862905236457,0.0,0.0037939349126708305,0.0005492996429552321,0.004987411164579917,0.00022906163608831835,0.0,0.0002709953509050593,0.0005492996429552321,0.00780322396636596,0.00024182402114772647,0.0,0.00027471168113903945,158,57,0,11,9,11,31,28,40,30,20,32,18,29,0,11,17,15,10,13,13,14,1411,255,40500,11173,637,40
2016,18097358100,1400000US18097358100,0.006591595715462785,0.2549073283212256,0.002737064308314659,0.0,0.00329459994785303,0.0005492996429552321,0.021242277360102133,0.0002280886923595549,0.0,0.00027454999565441917,0.0005492996429552321,0.025442005124784582,0.00023646183173300786,0.0,0.00027463850706507565,608,126,0,11,37,37,22,24,33,37,8,11,67,72,64,49,75,47,251,116,51,69,2858,408,25964,3410,1330,54
2016,18097360101,1400000US18097360101,0.010985992859104642,0.8471433400436421,0.004158132981450066,0.0,0.005443062868822532,0.0005492996429552321,0.0423571670021821,0.00020790664907250332,0.0,0.0002721531434411266,0.0005492996429552321,0.08352410429449704,0.0002422703045768127,0.0,0.00027463850706507565,668,91,0,11,9,13,69,41,64,44,47,39,37,26,8,11,61,43,311,85,62,35,2088,218,14935,2410,1245,37
2016,18097360102,1400000US18097360102,0.017577588574567427,0.936861325985193,0.005960230029143882,0.0,0.008777848246333332,0.0005492996429552321,0.02927691643703728,0.00018625718841074632,0.0,0.0002743077576979166,0.0005492996429552321,0.08317452939809435,0.00025468142600940493,0.0,0.0002777122312229935,617,101,42,66,0,11,43,40,44,39,99,65,108,78,47,54,35,32,113,51,86,79,2574,290,20147,5735,1321,55
2016,18097360201,1400000US18097360201,0.0222466355396869,1.2131758724659027,0.008162355703684301,0.0,0.010984102898437419,0.0005704265522996641,0.031107073652971867,0.00020929117188934107,0.0,0.0002816436640624979,0.0008239494644328481,0.08502328487222748,0.0002600100113242476,0.0,0.0004162953428722751,914,152,23,25,22,21,185,99,121,79,21,36,99,72,34,42,91,84,183,93,135,77,3672,506,28980,3591,1842,46
2016,18097360202,1400000US18097360202,0.007140895358418017,0.5322654686703024,0.0029077250002970743,0.0,0.003111051466811793,0.0005492996429552321,0.04094349759002326,0.00022367115386900572,0.0,0.00023931165129321483,0.0005492996429552321,0.06556615589848218,0.00025413750525610804,0.0,0.00026544219257782783,398,128,0,11,0,11,19,25,65,69,13,21,28,29,45,60,0,11,215,108,13,14,3560,442,32832,5578,1282,40
2016,18097360301,1400000US18097360301,0.007140895358418017,0.29399173334218653,0.0027492119405709337,0.0,0.0032634410825940524,0.0005492996429552321,0.022614748718629733,0.00021147784158237953,0.0,0.00025103392943031175,0.0005492996429552321,0.035819467541521925,0.00025269724425654215,0.0,0.0002800164097437975,639,103,8,14,39,34,148,71,79,57,7,17,38,34,31,33,95,53,105,52,89,73,3195,291,38684,6019,1431,36
2016,18097360302,1400000US18097360302,0.02032408678934359,1.6114330533514825,0.007449052902953912,0.0,0.009557439064103302,0.0005977672585101056,0.047395089804455365,0.00021908979126335034,0.0,0.0002811011489442148,0.0013732491073880802,0.21265320781937097,0.0002630644127985506,0.0,0.000544719006468272,657,87,7,10,39,34,81,47,14,17,97,49,36,29,41,29,63,33,240,67,39,26,2467,296,27800,5373,1216,35
2016,18097360401,1400000US18097360401,0.007690195001373249,0.18871581590614822,0.0026129802789132367,0.0,0.00390010248771338,0.0005492996429552321,0.013479701136153445,0.00018664144849380262,0.0,0.00027857874912238427,0.0005492996429552321,0.019711632778098034,0.00024905988453517697,0.0,0.0003651523050422869,1635,231,40,47,54,59,238,122,169,121,184,130,95,80,70,93,158,140,562,212,65,79,6391,655,31014,7114,2646,69
2016,18097360402,1400000US18097360402,0.009887393573194177,0.34629698096465467,0.003021024923124757,0.0,0.0048933134321193575,0.0006179620983246361,0.021643561310290917,0.0001888140576952973,0.0,0.00030583208950745984,0.0010985992859104642,0.07625712655924136,0.0002528798013993669,0.0,0.00047209170797305947,337,71,0,11,14,23,22,25,59,43,9,11,59,39,12,14,57,40,105,54,0,11,2005,276,40682,9234,787,25
2016,18097360406,1400000US18097360406,0.0008239494644328481,0.022075809386987635,0.00015125093008091993,0.0,0.0003855411067725597,0.0008239494644328481,0.022075809386987635,0.00015125093008091993,0.0,0.0003855411067725597,0.0008239494644328481,0.022075809386987635,0.00015125093008091993,0.0,0.0003855411067725597,,,,,,,,,,,,,,,,,,,,,,,,,,,,
2016,18097360501,1400000US18097360501,0.0021971985718209283,0.0010995047248823684,0.0004953212685116668,0.0,0.0010182255472878567,0.0005492996429552321,0.0002748761812205921,0.0001238303171279167,0.0,0.0002545563868219642,0.0005492996429552321,0.00054884692346928,0.0001263779861667626,0.0,0.00025852279648564026,894,187,115,124,17,28,143,121,141,93,55,53,130,80,29,35,62,82,116,95,86,90,6064,662,45798,6049,2494,180
2016,18097360502,1400000US18097360502,0.034331227684702,0.5364774953143533,0.010430624870885807,0.0,0.016190986654883194,0.0005919177187017587,0.009249611988178506,0.00017983835984285875,0.0,0.0002791549423255723,0.0016478989288656962,0.023187160271752418,0.0002383649095077933,0.0,0.000759267693339248,882,203,0,16,158,111,12,22,39,54,144,123,0,16,61,76,79,91,366,167,23,28,6328,667,48284,5235,2427,91
2016,18097360601,1400000US18097360601,0.013732491073880802,0.19607929834515936,0.004858895258512304,0.0,0.006947082882139264,0.0005492996429552321,0.007843171933806374,0.00019435581034049214,0.0,0.00027788331528557053,0.0005492996429552321,0.025414691049132136,0.00022543050934095135,0.0,0.00030646482272423303,513,113,43,47,18,27,44,44,128,74,90,61,46,48,0,11,0,11,119,72,25,24,4749,337,52205,3575,2042,73
2016,18097360602,1400000US18097360602,0.02416918429003021,0.9424131004946714,0.008866458312316503,0.0,0.010695658206359817,0.0006360311655271108,0.024800344749859773,0.00023332785032411852,0.0,0.0002814646896410478,0.0019225487503433123,0.282015114794571,0.0002676593186735736,0.0,0.0006178275668440887,1275,183,98,107,62,81,65,48,44,51,172,123,79,77,110,112,260,176,353,151,32,49,5954,541,37857,7581,2677,64
2016,18097360700,1400000US18097360700,0.008788794287283713,0.12950976515931198,0.003389940658302962,0.0,0.004668900479543338,0.0005492996429552321,0.008094360322456999,0.00021187129114393514,0.0,0.00029180627997145865,0.0005492996429552321,0.026445005145911492,0.00025725830496763145,0.0,0.00038642488202323403,156,56,0,11,23,19,21,25,13,22,20,23,24,18,5,8,0,11,27,24,23,24,1867,167,59583,17112,897,46
2016,18097360800,1400000US18097360800,0.020049436967865972,1.7312589977997834,0.008078537600396722,0.0,0.008895080373828588,0.0005569288046629436,0.04809052771666065,0.0002244038222332423,0.0,0.000247085565939683,0.0008239494644328481,0.21250343312276848,0.0002663629690831465,0.0,0.00029823749053504815,795,107,19,27,25,25,53,27,33,27,81,44,77,39,137,72,53,28,288,89,29,40,2367,252,28187,4260,1452,116
2016,18097360900,1400000US18097360900,0.02636638286185114,0.8872631899822232,0.008752170630020014,0.0,0.013162534641110987,0.0005992359741329805,0.020165072499595982,0.00019891296886409123,0.0,0.00029914851457070425,0.0010985992859104642,0.057472889648116234,0.00022768201919397577,0.0,0.0005046732026285452,961,244,0,16,39,42,32,35,66,87,27,31,14,23,29,34,108,109,484,165,162,156,5066,830,33636,11628,2519,100
2016,18097361000,1400000US18097361000,0.012084592145015106,0.07701844982811751,0.003606324125695232,0.0,0.005824078200021411,0.0005492996429552321,0.0035008386285507957,0.00016392382389523782,0.0,0.00026473082727370047,0.0005492996429552321,0.0063257739239612355,0.00017952517615443196,0.0,0.00027707474146979836,165,56,0,11,19,17,30,32,52,38,5,8,5,7,14,14,15,24,20,25,5,8,2034,145,64718,7230,992,40
2016,18097361100,1400000US18097361100,0.008788794287283713,0.022208908915857556,0.0026623826005508756,0.0,0.004397437892206432,0.0005492996429552321,0.0013880568072410972,0.00016639891253442972,0.0,0.000274839868262902,0.0005492996429552321,0.0035791248026897575,0.00019631664230106076,0.0,0.00027707486608870096,746,135,22,36,62,43,129,71,83,50,64,52,34,38,68,42,62,52,184,80,38,35,3320,340,40167,7548,1777,56
2016,18097361200,1400000US18097361200,0.010985992859104642,2.8164680485677462,0.005351924822657602,0.0,0.005491693249459421,0.0005492996429552321,0.1408234024283873,0.0002675962411328801,0.0,0.00027458466247297104,0.0005492996429552321,0.2191385653621303,0.00027013921668020245,0.0,0.0002746374452474524,660,137,12,21,102,90,88,64,27,33,40,38,44,40,54,69,109,44,160,89,24,26,3482,332,41912,15641,1552,58
2016,18097361300,1400000US18097361300,0.014007140895358417,1.5962022116855954,0.006272041004674419,0.0,0.006326505023264061,0.0005602856358143367,0.06384808846742382,0.0002508816401869767,0.0,0.00025306020093056244,0.0008239494644328481,0.2180022394523905,0.0002680737436742131,0.0,0.00027990762494137814,214,98,0,11,14,17,25,21,78,72,7,12,0,11,7,10,0,11,74,61,9,15,2358,356,46855,7283,1092,80
2016,18097361402,1400000US18097361402,0.0038450975006866246,0.8827639882775835,0.0016309000714640706,0.0,0.0018987541592830521,0.0005492996429552321,0.12610914118251193,0.00023298572449486724,0.0,0.0002712505941832932,0.0005492996429552321,0.21804803957371932,0.0002681532535630757,0.0,0.00027884586255938167,,,,,,,,,,,,,,,,,,,,,,,,,,,,
2016,18097361601,1400000US18097361601,0.004669046965119473,0.011218841581379346,0.0011518121704172212,0.0,0.0021114887892047943,0.0005836308706399341,0.0014023551976724182,0.00014397652130215265,0.0,0.0002639360986505993,0.0008239494644328481,0.0032844798705825894,0.00016262138115056212,0.0,0.00035531600969742006,,,,,,,,,,,,,,,,,,,,,,,,,,,,
2016,18097370201,1400000US18097370201,0.0019225487503433123,0.014227690738264756,0.0005255385283344817,0.0,0.0010138919368020095,0.0006408495834477708,0.004742563579421585,0.00017517950944482725,0.0,0.0003379639789340032,0.0008239494644328481,0.006342222731950829,0.00017683412297934332,0.0,0.0004044562454624965,867,112,24,27,140,74,106,51,82,50,85,42,93,59,48,41,77,53,143,85,69,51,4107,382,42275,6187,1702,90
2016,18097370203,1400000US18097370203,0.007690195001373249,0.058113789533729115,0.002484515448818341,0.0,0.0037156738615103557,0.0005492996429552321,0.004150984966694937,0.00017746538920131007,0.0,0.00026540527582216824,0.0005492996429552321,0.007933682631567828,0.00018372381202040445,0.0,0.0002745886158773748,,,,,,,,,,,,,,,,,,,,,,,,,,,,
2016,18097370204,1400000US18097370204,0.0008239494644328481,0.0019421665947345706,0.00017078364129608309,0.0,0.00040366910020228646,0.0008239494644328481,0.0019421665947345706,0.00017078364129608309,0.0,0.00040366910020228646,0.0008239494644328481,0.0019421665947345706,0.00017078364129608309,0.0,0.00040366910020228646,,,,,,,,,,,,,,,,,,,,,,,,,,,,
2016,18097370303,1400000US18097370303,0.0005492996429552321,0.0021611319194400763,0.00017294052161261257,0.0,0.00025519109827016625,0.0005492996429552321,0.0021611319194400763,0.00017294052161261257,0.0,0.00025519109827016625,0.0005492996429552321,0.0021611319194400763,0.00017294052161261257,0.0,0.00025519109827016625,,,,,,,,,,,,,,,,,,,,,,,,,,,,
2016,18097380200,1400000US18097380200,0.012633891787970338,0.20471877065532654,0.0046497974553926635,0.0,0.0063860742887073465,0.0005492996429552321,0.008900816115448979,0.00020216510675620275,0.0,0.00027765540385684117,0.0005492996429552321,0.039117679903178396,0.00022524167827690694,0.0,0.0003041135085842822,795,122,0,11,62,51,106,73,121,77,118,85,52,45,0,11,70,56,244,111,22,21,3235,350,33333,11699,1630,66
2016,18097380301,1400000US18097380301,0.008514144465806096,0.5894846090465425,0.0032731559492664673,0.0,0.004325439024240579,0.0006081531761290068,0.04210604350332447,0.00023379685351903337,0.0,0.0003089599303028985,0.0008239494644328481,0.10574599116895189,0.00024395294883717926,0.0,0.0003685680812758608,,,,,,,,,,,,,,,,,,,,,,,,,,,,
2016,18097380302,1400000US18097380302,0.017577588574567427,0.8954013509149461,0.0064427255873980415,0.0,0.007968482274401835,0.000606123743950601,0.03087590865223952,0.00022216295128958764,0.0,0.0002747752508414426,0.0013732491073880802,0.057488282110638604,0.00022948767398713719,0.0,0.0004973610140237179,,,,,,,,,,,,,,,,,,,,,,,,,,,,
2016,18097380402,1400000US18097380402,0.010985992859104642,0.2083682178848342,0.0040524488658237505,0.0,0.005393245148696901,0.0005492996429552321,0.01041841089424171,0.00020262244329118752,0.0,0.00026966225743484503,0.0005492996429552321,0.026567616673356855,0.00021108563641240418,0.0,0.00035399378450359694,1388,148,22,21,48,34,166,84,314,104,130,66,88,50,126,72,220,98,253,82,21,21,5042,464,36262,2877,2052,103
2016,18097380403,1400000US18097380403,0.00961274375171656,0.10502903440969906,0.003299448576732462,0.0,0.0044785793787151165,0.0005654555148068565,0.00617817849468818,0.0001940852103960272,0.0,0.0002634458458067716,0.0008239494644328481,0.009688272452622906,0.00020471802581459913,0.0,0.00037505322085478707,519,124,18,20,39,44,26,41,74,68,44,52,95,63,82,58,3,6,65,53,73,62,3687,363,41889,7630,1623,106
2016,18097380404,1400000US18097380404,0.011260642680582258,0.2589027286912483,0.004237453462532727,0.0,0.005141767118980145,0.0005630321340291129,0.012945136434562415,0.00021187267312663635,0.0,0.0002570883559490073,0.0008239494644328481,0.028654502597100784,0.00021943441490249738,0.0,0.00037430273847418477,544,120,0,11,19,21,42,38,97,52,44,54,52,56,37,51,52,50,156,90,45,37,3983,429,45940,2372,1822,64
2016,18097380501,1400000US18097380501,0.0005492996429552321,0.0034451198348479316,0.00016671089573358134,0.0,0.00028014862544920775,0.0005492996429552321,0.0034451198348479316,0.00016671089573358134,0.0,0.00028014862544920775,0.0005492996429552321,0.0034451198348479316,0.00016671089573358134,0.0,0.00028014862544920775,311,80,0,11,10,16,43,40,18,20,35,42,39,53,37,32,10,17,77,51,42,53,2430,339,42038,5528,1104,61
2016,18097380502,1400000US18097380502,0.004119747322164241,0.14289645399917303,0.0014753695591727951,0.0,0.0018102420445483892,0.0005885353317377487,0.020413779142739005,0.00021076707988182787,0.0,0.0002586060063640556,0.0008239494644328481,0.0307673444380393,0.00022488209756025014,0.0,0.000284920576644087,1035,116,44,39,76,58,117,63,98,63,161,82,74,55,141,75,123,73,151,55,50,41,4012,354,34496,3317,1844,67
2016,18097380600,1400000US18097380600,0.00961274375171656,0.1867684430373252,0.0032020194918408644,0.0,0.004644343759158606,0.0005654555148068565,0.0109863790021956,0.00018835408775534496,0.0,0.00027319669171521215,0.0008239494644328481,0.038157688233216934,0.000215203634407068,0.0,0.000284920576644087,1198,186,75,63,0,16,124,85,159,110,99,68,60,75,131,89,319,143,205,119,26,41,5020,570,31786,2987,2393,68
2016,18097380700,1400000US18097380700,0.004943696786597089,0.23268732777796222,0.0018920552430308855,0.0,0.0024675240512993094,0.0005492996429552321,0.02585414753088469,0.00021022836033676506,0.0,0.0002741693390332566,0.0005492996429552321,0.03719920562820865,0.00021367901894443284,0.0,0.0002746379101176678,1266,178,88,117,68,53,38,30,196,136,84,69,66,62,43,48,181,111,462,186,40,40,5801,804,33510,8473,2501,84
2016,18097380800,1400000US18097380800,0.004943696786597089,0.022130890257778476,0.0014773249153779157,0.0,0.0024785199052743674,0.0005492996429552321,0.002458987806419831,0.0001641472128197684,0.0,0.00027539110058604085,0.0005492996429552321,0.0033868699276554263,0.0001699654046234146,0.0,0.0002779624040142739,168,66,6,11,25,40,20,22,17,19,17,18,0,11,10,16,0,11,58,42,15,18,2379,178,47150,8790,1209,32
2016,18097380902,1400000US18097380902,0.007690195001373249,0.12744227072021636,0.0026091463348328374,0.0,0.0034938294149566753,0.0005492996429552321,0.00910301933715831,0.00018636759534520266,0.0,0.0002495592439254768,0.0005492996429552321,0.022945106253263355,0.0002004786516778625,0.0,0.000274559328750903,593,155,0,16,79,59,93,74,141,84,45,44,66,82,29,33,21,32,85,78,34,38,5696,374,68024,12434,2624,64
2016,18097381002,1400000US18097381002,0.006591595715462785,0.01880762741789932,0.0019344076660932196,0.0,0.003295885805357485,0.0005492996429552321,0.0015673022848249434,0.00016120063884110164,0.0,0.0002746571504464571,0.0005492996429552321,0.0027987873154036295,0.00016480204755998432,0.0,0.0002747306834637684,154,56,22,30,7,6,22,18,22,16,11,15,19,19,0,11,15,18,34,22,2,3,3037,230,60980,7150,1291,37
2016,18097381003,1400000US18097381003,0.0032957978577313925,0.028097129456646074,0.0010393520053185857,0.0,0.001648796953978456,0.0005492996429552321,0.004682854909441012,0.0001732253342197643,0.0,0.00027479949232974267,0.0005492996429552321,0.006028940847671966,0.00017959706764994227,0.0,0.00027531728498767026,,,,,,,,,,,,,,,,,,,,,,,,,,,,
2016,18097381004,1400000US18097381004,0.0038450975006866246,0.05734243098291437,0.0012594865719081855,0.0,0.0019055694074292734,0.0005492996429552321,0.008191775854702052,0.0001799266531297408,0.0,0.00027222420106132476,0.0005492996429552321,0.03225792334553664,0.00020614251831871678,0.0,0.00027472255445764264,,,,,,,,,,,,,,,,,,,,,,,,,,,,
2016,18097381101,1400000US18097381101,0.0038450975006866246,0.14720309901578782,0.0014475872671016376,0.0,0.0019204451730364784,0.0005492996429552321,0.021029014145112546,0.00020679818101451965,0.0,0.00027434931043378264,0.0005492996429552321,0.034827710054296156,0.0002100003361303457,0.0,0.00027465421098967597,1008,143,57,53,75,54,20,32,131,95,129,77,75,61,108,92,207,117,164,109,42,42,5738,373,55784,7394,2605,81
2016,18097381102,1400000US18097381102,0.0032957978577313925,0.1275605059592975,0.0012296842161981043,0.0,0.0016307422553338937,0.0005492996429552321,0.02126008432654958,0.0002049473693663507,0.0,0.00027179037588898226,0.0005492996429552321,0.03345483821314637,0.000207926179335306,0.0,0.00027471178083752655,707,185,0,16,63,47,90,76,44,41,33,38,122,124,86,91,204,136,53,51,12,19,5789,526,42929,3253,2550,127
2016,18097381203,1400000US18097381203,0.006591595715462785,0.13186413284600595,0.0022953333987648216,0.0,0.003205293552570014,0.0005492996429552321,0.010988677737167163,0.0001912777832304018,0.0,0.0002671077960475012,0.0005492996429552321,0.03188895696448567,0.00020560157607804779,0.0,0.00027906255150983504,795,87,11,16,54,32,79,41,152,72,55,42,39,36,74,54,120,65,189,64,22,35,3197,352,31687,4249,1108,54
2016,18097381204,1400000US18097381204,0.008514144465806096,0.14435013626856527,0.002971797923864712,0.0,0.004025960563005817,0.0005676096310537397,0.009623342417904352,0.00019811986159098082,0.0,0.00026839737086705443,0.0008239494644328481,0.031158116807663637,0.00020453829205816608,0.0,0.000337886245167846,1316,105,44,48,94,57,116,68,133,60,103,50,97,57,144,70,153,65,358,113,74,54,3030,340,25500,4856,1824,54
2016,18097381205,1400000US18097381205,0.0016478989288656962,0.004984441540332779,0.000518155210391688,0.0,0.0008238871414078381,0.0005492996429552321,0.0016614805134442599,0.00017271840346389598,0.0,0.000274629047135946,0.0005492996429552321,0.0022050457095774316,0.00017408034611752165,0.0,0.0002746374516083329,1589,176,0,16,120,69,214,126,182,113,143,130,179,95,138,90,173,121,440,175,0,16,6559,525,34038,7665,2518,83
2016,18097390102,1400000US18097390102,0.005767646251029937,0.03442795874820044,0.0016798924667075306,0.0,0.0030970316745155186,0.0006408495834477708,0.003825328749800049,0.00018665471852305894,0.0,0.0003441146305017243,0.0008239494644328481,0.010976712109642623,0.0001942466109013187,0.0,0.00041491240095911425,1242,164,0,16,73,69,78,69,76,50,254,137,130,97,148,115,128,98,286,115,69,91,5025,410,38465,10549,2239,65
2016,18097390405,1400000US18097390405,0.0038450975006866246,0.022975513912069805,0.00122978092891025,0.0,0.0019209028339791491,0.0005492996429552321,0.003282216273152829,0.00017568298984432142,0.0,0.00027441469056844987,0.0005492996429552321,0.004912911861552345,0.00017995579757055347,0.0,0.0002746374659963752,1263,118,134,79,150,76,176,85,275,122,137,73,16,18,33,35,23,22,276,95,43,57,3722,289,60750,2734,1955,63
2016,18097390410,1400000US18097390410,0.0016478989288656962,0.018000126761456067,0.0005488880361498535,0.0,0.0008106611790191099,0.0005492996429552321,0.006000042253818689,0.00018296267871661782,0.0,0.00027022039300636996,0.0005492996429552321,0.00654360744995186,0.00018449120481213362,0.0,0.0002726335222442789,,,,,,,,,,,,,,,,,,,,,,,,,,,,
2016,18097390411,1400000US18097390411,0.0032957978577313925,0.05346058775061796,0.0009502305037155899,0.0,0.0013734492253409366,0.0006591595715462785,0.010692117550123592,0.00019004610074311798,0.0,0.0002746898450681873,0.0010985992859104642,0.0218505059894788,0.00019636474728278866,0.0,0.00044501508744572736,,,,,,,,,,,,,,,,,,,,,,,,,,,,
2016,18097390500,1400000US18097390500,0.0222466355396869,0.7648730423654895,0.007485177478389006,0.0,0.010831790424820452,0.0005704265522996641,0.01961212929142281,0.00019192762765100015,0.0,0.00027773821602103724,0.0010985992859104642,0.05364627819310599,0.00022272745785299812,0.0,0.0004571495335666302,490,89,18,21,29,25,30,20,68,38,58,41,13,21,18,23,35,32,165,65,56,36,2404,292,27010,2613,1378,48
2016,18097390602,1400000US18097390602,0.0038450975006866246,0.01629020526301493,0.0009163502544767995,0.0,0.0016394467371401323,0.0006408495834477708,0.0027150342105024886,0.0001527250424127999,0.0,0.0002732411228566887,0.0010985992859104642,0.014094515756147176,0.00015384827283447354,0.0,0.0004167485585554655,,,,,,,,,,,,,,,,,,,,,,,,,,,,
2016,18097390700,1400000US18097390700,0.006591595715462785,0.1696775279101563,0.001700410513614911,0.0,0.0032945982981496943,0.0005492996429552321,0.014139793992513026,0.00014170087613457592,0.0,0.0002745498581791412,0.0005492996429552321,0.021554880165152068,0.00017409420426849973,0.0,0.00027558328327435133,501,119,0,11,54,64,17,27,41,41,44,47,51,53,52,41,34,44,194,66,14,20,2916,474,29875,8176,1331,68
2016,18097390801,1400000US18097390801,0.0016478989288656962,0.004246508778230833,0.00023729714625705129,0.0,0.000733259163746512,0.0005492996429552321,0.0014155029260769442,7.909904875235043e-05,0.0,0.00024441972124883735,0.0005492996429552321,0.002317320142093556,7.957987503292201e-05,0.0,0.0002521829141348636,,,,,,,,,,,,,,,,,,,,,,,,,,,,
2016,18097390802,1400000US18097390802,0.008239494644328481,0.01095618882627946,0.0017443299427166348,0.0,0.003554919423038133,0.0006338072803329601,0.0008427837558676507,0.00013417922636281806,0.0,0.0002734553402337025,0.0010985992859104642,0.0027085452312038414,0.00017426222649595042,0.0,0.0003754878431465613,,,,,,,,,,,,,,,,,,,,,,,,,,,,
2016,18097390900,1400000US18097390900,0.01675363911013458,0.40506706284651905,0.005351449197971322,0.0,0.008079974500418577,0.000558454637004486,0.013502235428217301,0.0001783816399323774,0.0,0.00026933248334728586,0.0008239494644328481,0.025557825859940663,0.00021891093620060047,0.0,0.00036832832877559834,767,126,25,23,103,83,66,36,175,83,75,45,100,66,0,11,46,36,131,66,46,41,2149,351,49623,6941,1535,88
2016,18097391001,1400000US18097391001,0.028014281790716834,1.0836962886056543,0.008261193669499945,0.0,0.011661793370506488,0.0006670067093027818,0.025802292585848912,0.0001966950873690463,0.0,0.00027766174691682115,0.0024718483932985444,0.21399272932505561,0.00027528917651775344,0.0,0.0005218341346562401,,,,,,,,,,,,,,,,,,,,,,,,,,,,
2016,18097391002,1400000US18097391002,0.03240867893435869,1.8192474443985018,0.009275706732734658,1.0,0.015200658841931985,0.0006751808111324728,0.037900988424968786,0.00019324389026530536,0.020833333333333332,0.00031668039254024966,0.0035704476792090085,0.1437722398447474,0.00027645671364707086,1.0,0.0008770578728349615,,,,,,,,,,,,,,,,,,,,,,,,,,,,
2017,18081610201,1400000US18081610201,0.0027329871549603714,0.0023586769951366576,0.0004902471434829311,0.0,0.001366436535065396,0.0005465974309920743,0.0004717353990273315,9.804942869658623e-05,0.0,0.0002732873070130792,0.0005465974309920743,0.001106941981626377,9.867776056002971e-05,0.0,0.0002732875121271334,,,,,,,,,,,,,,,,,,,,,,,,,,,,
2017,18081610300,1400000US18081610300,0.017764416507242413,0.11333185203138348,0.0029002662166571556,0.0,0.007088242251434253,0.0006832467887400928,0.004358917385822441,0.00011154870064065983,0.0,0.0002726247019782405,0.00191309100847226,0.03506045968276131,0.00011590403822375807,0.0,0.0005475873078475368,,,,,,,,,,,,,,,,,,,,,,,,,,,,
2017,18081610404,1400000US18081610404,0.0005465974309920743,5.379307686089305e-06,0.00010392793492874728,0.0,0.0002733222761282038,0.0005465974309920743,5.379307686089305e-06,0.00010392793492874728,0.0,0.0002733222761282038,0.0005465974309920743,5.379307686089305e-06,0.00010392793492874728,0.0,0.0002733222761282038,,,,,,,,,,,,,,,,,,,,,,,,,,,,
2017,18097310104,1400000US18097310104,0.014758130636786005,0.26559846068122056,0.001967132002157666,0.0,0.007296791559111894,0.0005676204091071541,0.010215325410816175,7.565892315991022e-05,0.0,0.0002806458291966113,0.0008198961464881114,0.026135291680258133,7.949897072641848e-05,0.0,0.0005301999862615253,943,151,44,43,104,62,99,55,131,68,116,89,71,71,51,63,94,91,182,110,51,48,3038,269,50083,5501,2018,88
2017,18097310105,1400000US18097310105,0.0191309100847226,0.5259358090202323,0.0025344699102533216,0.0,0.008749226715172118,0.0005797245480218971,0.01593744875818886,7.68021184925249e-05,0.0,0.000265128082277943,0.0010931948619841486,0.039619124096294984,8.109057824227338e-05,0.0,0.0005557153560070491,665,105,9,15,33,24,137,75,37,25,130,69,73,66,22,23,61,52,154,82,9,15,3676,263,54972,5612,1614,51
2017,18097310106,1400000US18097310106,0.007925662749385077,0.16875202004210504,0.0011026926930487024,0.0,0.0038025318087273915,0.0005661187678132198,0.012053715717293217,7.876376378919303e-05,0.0,0.0002716094149090994,0.0008198961464881114,0.0266029925985209,8.184213571431898e-05,0.0,0.000369409902198568,1878,138,47,50,203,98,181,119,253,113,247,133,255,151,63,51,306,164,265,125,58,70,3931,426,37525,3244,2193,66
2017,18097310110,1400000US18097310110,0.002186389723968297,0.03026891607398401,0.0003304712643939353,0.0,0.001054226135604571,0.0005465974309920743,0.0075672290184960024,8.261781609848382e-05,0.0,0.0002635565339011428,0.0005465974309920743,0.008261197066304899,8.28078969992729e-05,0.0,0.00026719666889858147,712,85,41,39,115,58,116,68,53,35,113,58,58,39,35,36,79,54,102,64,0,11,2891,254,50885,7829,1479,50
2017,18097310111,1400000US18097310111,0.010385351188849411,0.11305549009901064,0.0013891693337711288,0.0,0.005056499956601021,0.0006109030111087889,0.006650322947000626,8.171584316300758e-05,0.0,0.0002974411739177071,0.0008198961464881114,0.012254660609765445,8.327336088114083e-05,0.0,0.0004012298277278815,1069,148,62,55,125,71,87,54,144,91,140,78,154,89,31,29,44,44,260,113,22,24,3787,321,44340,6014,1801,55
2017,18097310112,1400000US18097310112,0.005465974309920743,0.009998041035450982,0.0006240554408834283,0.0,0.0023081825540558656,0.0006073304788800825,0.0011108934483834423,6.933949343149203e-05,0.0,0.0002564647282284295,0.0008198961464881114,0.003374170746099516,7.052031266005965e-05,0.0,0.00036161572014586224,,,,,,,,,,,,,,,,,,,,,,,,,,,,
2017,18097310201,1400000US18097310201,0.018857611369226562,0.3841386779544465,0.0025582842668137023,0.0,0.009491387593260988,0.0005546356285066636,0.011298196410424897,7.524365490628536e-05,0.0,0.00027915845862532316,0.0008198961464881114,0.03240465065057496,8.250948748026841e-05,0.0,0.00031604753686782766,532,108,32,46,0,11,30,27,9,14,29,45,63,72,181,75,28,40,139,83,21,20,3578,405,51610,12114,1549,57
2017,18097310203,1400000US18097310203,0.0065591691719048915,0.27806978785056463,0.0009551163619412101,0.0,0.003279426677014299,0.0005465974309920743,0.023172482320880386,7.95930301617675e-05,0.0,0.00027328555641785825,0.0005465974309920743,0.03361783395900161,8.484082239631238e-05,0.0,0.00027329177018788975,923,173,0,16,91,79,143,112,125,113,76,69,48,43,83,76,129,104,181,85,47,73,6120,467,50625,12751,2453,64
2017,18097310204,1400000US18097310204,0.0065591691719048915,0.11023008344949899,0.0009283973650525592,0.0,0.0032794501455256,0.0005465974309920743,0.009185840287458249,7.736644708771326e-05,0.0,0.00027328751212713333,0.0005465974309920743,0.011062023268195395,8.137572525355848e-05,0.0,0.0002732875121271334,776,138,91,69,29,44,33,31,124,65,66,45,72,41,25,37,175,99,101,52,60,61,5886,508,59738,7710,1877,42
2017,18097310305,1400000US18097310305,0.007105766602896966,0.09918621534474413,0.0009350191144419935,0.0,0.003246192045206765,0.0006459787820815424,0.009016928667704012,8.500173767654486e-05,0.0,0.0002951083677460696,0.0010931948619841486,0.01883445046113368,8.716478648951905e-05,0.0,0.0003930558887950084,1611,188,20,31,44,45,272,127,200,132,245,142,217,132,61,51,110,92,309,122,133,89,6760,675,38048,4882,2647,96
2017,18097310306,1400000US18097310306,0.025143481825635416,0.5025094470355607,0.0035537175339580875,0.0,0.011342584669973187,0.0006132556542837906,0.01225632797647709,8.667603741361189e-05,0.0,0.00027664840658471186,0.0010931948619841486,0.04667005164583654,9.383909255984392e-05,0.0,0.0005102079888924465,1664,177,56,56,173,89,110,77,165,124,182,124,78,62,83,83,310,150,415,159,92,91,6948,864,30696,3744,2435,71
2017,18097310308,1400000US18097310308,0.002186389723968297,0.05880330426963122,0.00031038689612482935,0.0,0.001093026262482822,0.0005465974309920743,0.014700826067407805,7.759672403120734e-05,0.0,0.0002732565656207055,0.0005465974309920743,0.015159860323287425,7.832770078526493e-05,0.0,0.0002732862823936773,449,95,18,29,34,51,74,60,42,45,17,28,31,48,42,68,42,44,149,98,0,11,3651,509,54167,7120,1277,33
2017,18097310309,1400000US18097310309,0.002186389723968297,0.13717324254655827,0.0003448171397226518,0.0,0.0010936271158251576,0.0005465974309920743,0.03429331063663957,8.620428493066296e-05,0.0,0.0002734067789562894,0.0005465974309920743,0.03472417823977397,8.708773499960827e-05,0.0,0.00027350940129292924,1222,130,0,11,129,100,149,73,171,77,233,134,118,84,105,84,100,68,194,96,23,28,3966,490,37185,5915,1714,47
2017,18097310312,1400000US18097310312,0.0065591691719048915,0.3128619545624822,0.0010183541869646117,0.0,0.0033080959140881702,0.0005465974309920743,0.02607182954687352,8.486284891371764e-05,0.0,0.0002756746595073475,0.0005465974309920743,0.036716464611402544,9.144084667313284e-05,0.0,0.0002947456356254953,1465,242,121,105,63,53,127,103,330,172,55,73,215,143,101,110,71,80,332,165,50,86,5892,723,42743,5504,2900,84
2017,18097320105,1400000US18097320105,0.00191309100847226,0.030216318398831134,0.0001580600032321015,0.0,0.0008776951564648991,0.00095654550423613,0.015108159199415567,7.903000161605075e-05,0.0,0.0004388475782324496,0.0010931948619841486,0.016054394363920026,7.915101020984573e-05,0.0,0.0005201989965142407,905,190,0,11,137,81,64,60,161,118,90,66,92,98,75,72,92,63,178,94,16,27,4343,430,53250,7504,2173,88
2017,18097320106,1400000US18097320106,0.0005465974309920743,0.012409315705740514,7.969986548221348e-05,0.0,0.00022267413041991414,0.0005465974309920743,0.012409315705740514,7.969986548221348e-05,0.0,0.00022267413041991414,0.0005465974309920743,0.012409315705740514,7.969986548221348e-05,0.0,0.00022267413041991414,290,68,0,11,25,23,17,17,48,44,57,53,16,19,18,29,44,35,41,42,24,28,2232,238,78913,13571,1114,49
2017,18097320107,1400000US18097320107,0.0010931948619841486,0.02704954984907306,0.00016357470030557545,0.0,0.00044742919346242875,0.0005465974309920743,0.01352477492453653,8.178735015278773e-05,0.0,0.00022371459673121438,0.0005465974309920743,0.01368974036024327,8.210454045256314e-05,0.0,0.00023507230142098722,149,50,21,20,19,14,25,24,33,30,14,16,5,8,9,12,23,28,0,11,0,11,1890,162,91071,11445,868,27
2017,18097320108,1400000US18097320108,0.015578026783274117,0.21784305899710876,0.0021732296208231217,0.0,0.00729345895683731,0.0005769639549360785,0.008068261444337362,8.048998595641191e-05,0.0,0.00027012810951249295,0.0008198961464881114,0.028934847767833862,8.806969246120395e-05,0.0,0.0004167183060635944,1973,210,24,29,259,131,168,95,324,130,181,118,154,94,107,80,243,140,500,156,13,20,5024,572,33608,7446,2728,56
2017,18097320109,1400000US18097320109,0.0016397922929762229,0.0701897296763405,0.00025873450503723484,0.0,0.0007112036286121091,0.0005465974309920743,0.023396576558780167,8.624483501241161e-05,0.0,0.00023706787620403637,0.0005465974309920743,0.02890832479243717,8.962910838770347e-05,0.0,0.00024397661497035917,265,60,12,15,44,25,20,26,36,41,41,41,19,22,27,46,0,11,18,20,48,58,2583,181,62647,14657,1235,39
2017,18097320202,1400000US18097320202,0.016944520360754303,0.7611560490837919,0.002730035524102382,0.0,0.007293914535569156,0.0005842938055432518,0.026246760313234203,9.413915600353042e-05,0.0,0.0002515142943299709,0.0008198961464881114,0.050387227969531004,0.00010354673075498262,0.0,0.0003698907655001265,637,135,115,87,80,61,51,38,69,67,60,46,6,9,0,11,73,56,62,34,121,89,4155,367,89438,9940,2159,84
2017,18097320205,1400000US18097320205,0.006285870456408854,0.10877002478416399,0.0006697509026853969,0.0,0.002817879179770198,0.0008979814937726935,0.015538574969166285,9.567870038362813e-05,0.0,0.0004025541685385997,0.0013664935774801857,0.059402798226203174,0.00010133540977059809,0.0,0.0005617858584206206,,,,,,,,,,,,,,,,,,,,,,,,,,,,
2017,18097320206,1400000US18097320206,0.00573927302541678,0.1153785540849292,0.0007745472620493711,0.0,0.002652585150682973,0.0006376970028240867,0.012819839342769911,8.606080689437457e-05,0.0,0.0002947316834092192,0.0008198961464881114,0.017913966241756146,8.870893226833903e-05,0.0,0.0003766826815802311,,,,,,,,,,,,,,,,,,,,,,,,,,,,
2017,18097320301,1400000US18097320301,0.0010931948619841486,0.05716067289759845,0.0001926775364077844,0.0,0.0004966474430742162,0.0005465974309920743,0.028580336448799225,9.63387682038922e-05,0.0,0.0002483237215371081,0.0005465974309920743,0.05065574507819496,0.00010444986296415252,0.0,0.00026705906441749504,562,115,6,10,147,80,104,55,50,36,34,29,32,40,0,11,15,17,77,54,97,70,3448,219,73625,13815,2044,50
2017,18097320305,1400000US18097320305,0.007105766602896966,0.04854511393747242,0.0011949365439362656,0.0,0.0032250823035666868,0.0005465974309920743,0.0037342395336517247,9.191819568740504e-05,0.0,0.00024808325412051436,0.0005465974309920743,0.01859723793469849,9.539584704107162e-05,0.0,0.00027297448227664906,,,,,,,,,,,,,,,,,,,,,,,,,,,,
2017,18097320306,1400000US18097320306,0.00765236403388904,0.10915295179796634,0.0012638167727202338,0.0,0.003528504473383534,0.0005465974309920743,0.007796639414140453,9.027262662287385e-05,0.0,0.00025203603381310956,0.0005465974309920743,0.02035970832796025,9.858547440323418e-05,0.0,0.0002720680991981105,,,,,,,,,,,,,,,,,,,,,,,,,,,,
2017,18097320400,1400000US18097320400,0.0032795845859524457,0.018551065543726226,0.0005653746925124733,0.0,0.001614556705616191,0.0005465974309920743,0.0030918442572877044,9.422911541874555e-05,0.0,0.0002690927842693652,0.0005465974309920743,0.004082446258101275,9.976668927986721e-05,0.0,0.0002732626483991611,757,109,35,36,127,54,85,52,58,51,56,45,93,56,39,36,61,51,136,92,67,59,3260,251,41375,9037,1490,44
2017,18097320500,1400000US18097320500,0.006832467887400929,0.4026313182396933,0.001260863705886852,0.0,0.0027702361881137626,0.0005693723239500774,0.033552609853307776,0.00010507197549057101,0.0,0.00023085301567614687,0.0008198961464881114,0.06606858228794209,0.00011109405009228568,0.0,0.0002693662460188002,627,80,18,20,20,21,38,26,142,83,142,66,43,33,41,33,11,17,116,65,56,50,3104,201,55948,5035,1506,40
2017,18097320600,1400000US18097320600,0.00765236403388904,0.1572541732345274,0.0013241299591665926,0.0,0.003474379843467914,0.0005465974309920743,0.011232440945323385,9.458071136904233e-05,0.0,0.0002481699888191367,0.0005465974309920743,0.01321875208728345,0.00010744249662435254,0.0,0.00027246882486834105,326,74,10,16,59,47,18,22,67,48,43,31,37,29,0,11,0,11,92,55,0,11,2197,187,58162,11363,1277,33
2017,18097320700,1400000US18097320700,0.00573927302541678,0.14360064358435623,0.000866169856479426,0.0,0.0026719618423262535,0.000573927302541678,0.014360064358435624,8.66169856479426e-05,0.0,0.00026719618423262534,0.0008198961464881114,0.019723381056259936,9.089280220770113e-05,0.0,0.0002730745891468988,393,95,8,13,49,44,43,36,137,62,32,37,40,33,0,11,32,29,52,35,0,11,1959,184,75080,10108,1096,49
2017,18097320800,1400000US18097320800,0.007105766602896966,0.16972998316027652,0.0010921399695274134,0.0,0.0033489262904236768,0.0005465974309920743,0.013056152550790501,8.40107668867241e-05,0.0,0.00025760971464797514,0.0005465974309920743,0.029610175020258322,9.152190335960227e-05,0.0,0.0002728369939469331,84,47,2,5,10,15,11,14,22,34,5,6,0,11,4,5,0,11,28,29,2,3,3039,145,133438,19853,1262,63
2017,18097320901,1400000US18097320901,0.010931948619841486,0.11294528900405255,0.001627506490501098,0.0,0.005479213800525409,0.0005465974309920743,0.005647264450202628,8.13753245250549e-05,0.0,0.00027396069002627046,0.0005465974309920743,0.008567518753984983,8.64597590446539e-05,0.0,0.00027642874816962375,730,139,15,25,14,24,138,98,18,27,145,109,85,71,49,40,84,69,182,114,0,16,6400,607,55634,8072,2671,75
2017,18097320902,1400000US18097320902,0.0065591691719048915,0.04360915085984497,0.000936118069192902,0.0,0.003273119007227684,0.0005465974309920743,0.003634095904987081,7.800983909940849e-05,0.0,0.00027275991726897364,0.0005465974309920743,0.004327130045211586,7.900095348329836e-05,0.0,0.00027328736520228556,1099,136,8,14,36,38,78,61,113,76,114,78,118,73,146,89,263,120,212,109,11,17,4275,482,35988,5114,2007,55
2017,18097320903,1400000US18097320903,0.002186389723968297,0.035434695129978266,0.0003189087235693686,0.0,0.0010930839385586352,0.0005465974309920743,0.008858673782494567,7.972718089234215e-05,0.0,0.0002732709846396588,0.0005465974309920743,0.011322844978363975,8.19917825563452e-05,0.0,0.0002732875121271332,1130,153,0,16,59,52,93,65,197,111,125,85,111,66,24,23,119,96,334,119,68,50,5127,584,35192,4322,1950,65
2017,18097321001,1400000US18097321001,0.007105766602896966,0.1473266110914451,0.0010704232469830148,0.0,0.003552737657652733,0.0005465974309920743,0.011332816237803469,8.234024976792421e-05,0.0,0.0002732875121271333,0.0005465974309920743,0.01321509116955264,8.682128229252222e-05,0.0,0.0002732875121271334,239,76,0,11,44,41,18,19,14,20,10,15,45,41,19,29,0,11,53,53,36,35,2889,263,54938,11186,1165,34
2017,18097321002,1400000US18097321002,0.00382618201694452,0.10174489798815387,0.0006263834794463634,0.0,0.001837661457591584,0.0005465974309920743,0.014534985426879124,8.948335420662334e-05,0.0,0.0002625230653702263,0.0005465974309920743,0.015183843070054574,9.369267884639073e-05,0.0,0.00027328205677614625,471,106,0,11,28,32,53,53,110,86,57,28,65,68,24,29,13,20,76,52,45,39,4458,471,71546,4622,2084,38
2017,18097321100,1400000US18097321100,0.010385351188849411,0.18833845289018994,0.0015581947123227313,0.0,0.004848364092822934,0.0005769639549360783,0.01046324738278833,8.65663729068184e-05,0.0,0.0002693535607123852,0.0008198961464881114,0.015068785655657665,9.215123226369158e-05,0.0,0.00029234077048470917,476,99,0,11,32,44,63,60,103,73,117,76,16,16,32,34,10,12,95,60,8,10,3787,248,58210,9823,1671,45
2017,18097321200,1400000US18097321200,0.01721781907625034,0.28419826374875085,0.0022809195399385346,0.0,0.0077041818740397686,0.0005937178991810463,0.00979994012926727,7.865239792891499e-05,0.0,0.0002656614439324058,0.0010931948619841486,0.025825782254689993,9.116926564617217e-05,0.0,0.00040640060990443274,348,136,0,16,60,47,135,107,14,22,18,29,16,28,16,28,0,16,29,34,60,51,5174,348,127383,21191,2303,63
2017,18097321300,1400000US18097321300,0.004919376878928669,0.025760533244793913,0.0007408673111817263,0.0,0.002574983565707773,0.0005465974309920743,0.0028622814716437683,8.231859013130292e-05,0.0,0.00028610928507864146,0.0005465974309920743,0.004153199096694699,8.980517517198514e-05,0.0,0.00030242688967558663,546,101,20,22,97,48,147,71,64,60,24,22,63,54,23,21,10,16,91,61,7,13,2455,224,74757,7855,1370,94
2017,18097321400,1400000US18097321400,0.008472260180377151,0.3188356259394799,0.0013684461689768704,0.0,0.004608975326041471,0.0006517123215674732,0.024525817379959992,0.00010526508992129772,0.0,0.0003545365635416516,0.0010931948619841486,0.07533889762943374,0.00011317894863352649,0.0,0.0005169949650845004,824,140,79,64,55,46,162,103,220,136,0,16,83,92,55,68,45,44,44,41,81,81,5654,465,66391,9682,2596,59
2017,18097321600,1400000US18097321600,0.005465974309920743,0.11916533765391357,0.001147093020412418,0.0,0.0024953798870714985,0.0005465974309920743,0.011916533765391358,0.00011470930204124179,0.0,0.0002495379887071499,0.0005465974309920743,0.03894036006395997,0.00011749017215180215,0.0,0.000271053954253435,1263,199,44,72,29,35,140,107,188,112,166,124,54,53,142,97,186,122,297,166,17,29,5633,510,42056,7982,2594,63
2017,18097321700,1400000US18097321700,0.008745558895873189,0.6169898310663287,0.0016125077044970757,0.0,0.004278424111398746,0.0006246827782766563,0.044070702219023476,0.00011517912174979112,0.0,0.0003056017222427676,0.0010931948619841486,0.08350281888174853,0.00011838427244821425,0.0,0.00047274645046611457,726,143,0,11,133,69,61,47,92,65,132,94,84,58,0,11,33,31,127,80,64,58,3644,329,52056,6143,2168,84
2017,18097321800,1400000US18097321800,0.0095654550423613,0.25983742138303695,0.001336350485696411,0.0,0.004593899401859397,0.0005978409401475813,0.01623983883643981,8.352190535602569e-05,0.0,0.0002871187126162123,0.0008198961464881114,0.03170078318237153,0.00011238835762724792,0.0,0.0003936917796841028,552,102,69,57,48,32,100,61,103,84,69,55,54,45,47,50,0,11,53,50,9,12,3714,209,100152,17869,1648,36
2017,18097321900,1400000US18097321900,0.01147854605083356,0.4216986977044751,0.0016613335555002902,0.0,0.004972253571770255,0.0006376970028240867,0.023427705428026396,9.229630863890501e-05,0.0,0.0002762363095427919,0.0010931948619841486,0.05371689490620903,9.64686024214149e-05,0.0,0.000495977179102928,313,79,13,15,18,19,23,17,26,23,77,63,18,19,21,33,28,45,54,36,35,28,6416,559,107537,8183,1413,45
2017,18097322000,1400000US18097322000,0.011205247335337523,0.33347421640546393,0.0016213955843820665,0.0,0.004684818982200914,0.0006225137408520846,0.018526345355859106,9.007753246567036e-05,0.0,0.0002602677212333841,0.0010931948619841486,0.047003967189610085,9.971277904644257e-05,0.0,0.0003267961404639903,635,123,9,16,28,31,100,59,78,54,98,52,7,12,20,23,49,38,163,78,83,60,3643,401,43715,10158,1810,61
2017,18097322100,1400000US18097322100,0.012025143481825634,0.4220369465794402,0.0019366860009154732,0.0,0.005849855493780073,0.000572625880086935,0.020096997456163817,9.222314290073682e-05,0.0,0.0002785645473228606,0.0008198961464881114,0.06439419805804004,0.00012196436564022666,0.0,0.00037458459730302845,443,121,8,13,25,29,50,39,22,28,73,62,46,53,0,11,5,9,169,97,45,51,2655,409,49766,20735,1136,66
2017,18097322200,1400000US18097322200,0.008745558895873189,0.1276567989742258,0.0012644673596155776,0.0,0.004262680799491371,0.0005830372597248792,0.008510453264948387,8.429782397437184e-05,0.0,0.0002841787199660914,0.0008198961464881114,0.033889488997149116,0.00011185094033689351,0.0,0.00036505708221163925,215,55,5,7,22,15,62,29,30,18,22,31,10,11,0,11,5,8,50,32,9,10,2238,165,77273,18114,894,32
2017,18097322300,1400000US18097322300,0.009838753757857338,0.1967469832170083,0.0016077686846051582,0.0,0.004634942621526899,0.0005465974309920743,0.01093038795650046,8.932048247806434e-05,0.0,0.00025749681230704993,0.0005465974309920743,0.031018134094485447,0.00011065822190372116,0.0,0.00027328742456396654,306,76,0,11,74,34,67,48,46,34,40,38,20,20,14,19,16,19,17,17,12,17,2613,171,86667,13242,1179,43
2017,18097322400,1400000US18097322400,0.01147854605083356,0.443982180943673,0.0023694931598410222,0.0,0.005296110378350962,0.0005465974309920743,0.02114200861636538,0.00011283300761147725,0.0,0.0002521957323024268,0.0005465974309920743,0.05930579635843781,0.00011936838472256858,0.0,0.000272732608330734,792,123,78,61,91,59,116,62,104,63,80,57,84,61,37,30,55,52,130,61,17,20,3215,342,42656,9000,1668,67
2017,18097322500,1400000US18097322500,0.006012571740912817,0.10295051041909638,0.0011840609917678382,0.0,0.0029844358053960547,0.0005465974309920743,0.009359137310826944,0.00010764190834253074,0.0,0.0002713123459450959,0.0005465974309920743,0.059461646856120896,0.00011963312880547379,0.0,0.000282069945969347,559,81,6,10,42,29,78,46,54,28,51,34,19,15,11,15,32,23,195,58,71,33,1418,206,23125,7633,956,34
2017,18097322601,1400000US18097322601,0.014484831921289968,0.34195603979950523,0.002246585806744893,0.0,0.00688179534049236,0.0005571089200496141,0.013152155376904047,8.640714641326511e-05,0.0,0.00026468443617278306,0.0008198961464881114,0.05997686499227745,0.00012052266802492381,0.0,0.00037199501043138516,,,,,,,,,,,,,,,,,,,,,,,,,,,,
2017,18097322602,1400000US18097322602,0.00382618201694452,0.213851363652008,0.0007330932561889443,0.0,0.0018654947068706147,0.0005465974309920743,0.030550194807429713,0.00010472760802699204,0.0,0.00026649924383865924,0.0005465974309920743,0.05962631344140063,0.00011991765043068747,0.0,0.00027066425613309596,,,,,,,,,,,,,,,,,,,,,,,,,,,,
2017,18097322700,1400000US18097322700,0.009292156326865263,0.16584622262772905,0.0013556561143480026,0.0,0.004633748884509749,0.0005465974309920743,0.009755660154572297,7.97444773145884e-05,0.0,0.00027257346379469115,0.0005465974309920743,0.014582929573954347,9.12719711184935e-05,0.0,0.0002740622917665323,205,79,8,13,4,7,9,14,0,11,46,41,52,51,0,11,24,37,62,41,0,11,2065,284,43125,7852,1130,68
2017,18097330105,1400000US18097330105,0.011751844766329598,0.13942493108882717,0.0016563386658165397,0.0,0.005671970146560624,0.0006185181455962947,0.007338154267833009,8.717571925350209e-05,0.0,0.0002985247445558223,0.0016397922929762229,0.025384878258048676,9.288523234891711e-05,0.0,0.0006680111780381636,1742,181,41,46,136,70,521,195,310,132,217,108,171,108,57,49,46,44,179,96,64,51,5043,527,51948,3220,2675,81
2017,18097330106,1400000US18097330106,0.011205247335337523,0.1220343017531612,0.001445827098819984,0.0,0.004829465749814573,0.0006591321961963249,0.007178488338421247,8.504865287176377e-05,0.0,0.00028408622057732785,0.0008198961464881114,0.018204025485366714,8.834074007210834e-05,0.0,0.00037086552819403555,2146,204,85,67,163,108,214,99,224,127,292,154,213,127,283,177,136,125,463,169,73,95,3910,381,30575,3522,2746,109
2017,18097330211,1400000US18097330211,0.002186389723968297,0.026695262667858682,0.00033246602770559445,0.0,0.0009989610770760643,0.0005465974309920743,0.006673815666964671,8.311650692639861e-05,0.0,0.0002497402692690161,0.0005465974309920743,0.0074857549208337745,8.516032981330457e-05,0.0,0.0002660565219268596,,,,,,,,,,,,,,,,,,,,,,,,,,,,
2017,18097330401,1400000US18097330401,0.0027329871549603714,0.066153306383998,0.00044338246416288486,0.0,0.0009372995361445529,0.0005465974309920743,0.013230661276799598,8.867649283257697e-05,0.0,0.00018745990722891058,0.0005465974309920743,0.019350341010750994,8.910690625982707e-05,0.0,0.00021211947199822816,609,160,0,16,48,74,42,63,85,73,113,116,0,16,54,49,124,109,105,103,38,61,6114,389,88370,12574,2445,97
2017,18097330500,1400000US18097330500,0.0051926755944247055,0.12846347098931893,0.0008090026605795427,0.0,0.0023879910316517727,0.0005769639549360783,0.014273718998813214,8.988918450883808e-05,0.0,0.00026533233685019695,0.0008198961464881114,0.026456406464074964,9.092954085729059e-05,0.0,0.00033726631671252347,1155,251,0,16,15,26,110,106,134,132,108,104,14,24,112,106,80,66,428,187,154,122,6352,911,40330,10610,2875,105
2017,18097330600,1400000US18097330600,0.0008198961464881114,0.012619407555925001,8.86522524942678e-05,0.0,0.0003281885900843718,0.0008198961464881114,0.012619407555925001,8.86522524942678e-05,0.0,0.0003281885900843718,0.0008198961464881114,0.012619407555925001,8.86522524942678e-05,0.0,0.0003281885900843718,885,203,0,16,66,58,31,38,149,95,40,39,39,39,16,25,116,94,322,134,106,101,5574,744,39748,3453,2335,109
2017,18097330803,1400000US18097330803,0.010112052473353374,0.28835196092949056,0.0019147092939428042,0.0,0.004879850160012694,0.0005617806929640763,0.0160195533849717,0.00010637273855237802,0.0,0.0002711027866673719,0.0008198961464881114,0.032813851597751506,0.0001337226467201412,0.0,0.0003727098199025698,961,142,20,32,75,62,55,48,67,54,113,79,64,56,75,68,35,32,417,144,40,41,4107,639,27115,6744,2032,90
2017,18097330804,1400000US18097330804,0.004372779447936594,0.027837618425085146,0.000607328364424933,0.0,0.002175515400192078,0.0005465974309920743,0.003479702303135643,7.591604555311663e-05,0.0,0.00027193942502400976,0.0005465974309920743,0.005332537594263028,7.987965832868384e-05,0.0,0.00027291751657816714,1039,131,42,40,7,11,92,59,136,67,88,61,62,44,68,62,55,48,326,124,163,91,3289,427,20793,8237,1494,70
2017,18097330805,1400000US18097330805,0.007925662749385077,0.1051804824970029,0.0011447379990847382,0.0,0.0037827815697802124,0.0005661187678132198,0.007512891606928779,8.176699993462416e-05,0.0,0.00027019868355572947,0.0008198961464881114,0.015353141836952884,0.00011388706693017279,0.0,0.0003719740478534466,1126,122,29,36,72,79,91,67,163,83,85,54,135,86,19,24,123,71,288,98,121,65,2730,361,22169,4725,1547,47
2017,18097330806,1400000US18097330806,0.006012571740912817,0.10809330289641352,0.0010020810818431156,0.0,0.002919216407035712,0.0005465974309920743,0.009826663899673956,9.109828016755596e-05,0.0,0.0002653833097305193,0.0005465974309920743,0.017388313244856672,0.000125128700805895,0.0,0.00027125216979560963,1150,138,9,15,76,66,23,29,142,89,87,54,147,94,41,46,62,57,409,125,154,92,4133,488,26473,4203,1936,61
2017,18097330900,1400000US18097330900,0.008745558895873189,0.15899731796684283,0.0012527941790849721,0.0,0.004363221703619918,0.0005830372597248792,0.010599821197789521,8.351961193899814e-05,0.0,0.00029088144690799455,0.0008198961464881114,0.024228177680325973,9.501327089509678e-05,0.0,0.0004022678607046769,1586,207,32,37,48,62,230,156,149,101,141,101,84,85,145,106,131,107,402,147,224,130,5452,614,30783,4112,2656,82
2017,18097331000,1400000US18097331000,0.017491117791746377,0.47694727576169127,0.002627122179935794,0.0,0.008530756157601823,0.0005642296061853671,0.015385395992312622,8.47458767721224e-05,0.0,0.0002751856825032846,0.0008198961464881114,0.03586190181538186,9.951993062121673e-05,0.0,0.00038145437953071836,535,114,41,47,34,36,40,31,40,39,46,47,41,37,25,27,46,40,163,80,59,56,4224,371,36409,2605,1905,68
2017,18097340101,1400000US18097340101,0.007105766602896966,0.05426257088171784,0.0009438682956494374,0.0,0.003031657488510878,0.0005921472169080805,0.00452188090680982,7.865569130411978e-05,0.0,0.00025263812404257316,0.0008198961464881114,0.008413311933650424,7.900500694029261e-05,0.0,0.00037800142278430256,313,108,0,11,50,56,32,29,27,23,17,20,26,25,0,11,84,63,61,43,16,20,3857,252,63477,8778,1566,54
2017,18097340102,1400000US18097340102,0.007105766602896966,0.05739101186421253,0.0010178203349585756,0.0,0.0037888786497421246,0.0005465974309920743,0.00441469322032404,7.829387191989043e-05,0.0,0.00029145220382631725,0.0005465974309920743,0.010323414437852634,8.092665132177786e-05,0.0,0.0003305175153487475,1259,182,0,11,33,28,100,71,184,83,135,77,130,83,132,67,102,64,425,151,18,20,3671,519,33099,4995,2315,41
2017,18097340108,1400000US18097340108,0.005465974309920743,0.17628379792869758,0.0009030031395469528,0.0,0.0026980268520879857,0.0005465974309920743,0.01762837979286976,9.030031395469528e-05,0.0,0.0002698026852087986,0.0005465974309920743,0.021292794073676492,9.565389419081193e-05,0.0,0.0002777318346107571,680,76,19,19,28,23,88,42,117,47,21,19,55,34,87,44,64,38,179,61,22,18,2397,277,26627,3493,1383,38
2017,18097340115,1400000US18097340115,0.007105766602896966,0.10394301759138211,0.00108572343518375,0.0,0.003205555103361555,0.0005465974309920743,0.007995616737798623,8.351718732182692e-05,0.0,0.0002465811617970427,0.0005465974309920743,0.009582190666273579,8.47703617732826e-05,0.0,0.00026975302569944406,,,,,,,,,,,,,,,,,,,,,,,,,,,,
2017,18097340201,1400000US18097340201,0.013664935774801858,0.38432553418393134,0.0021405164988073503,0.0,0.006489296342093542,0.0005693723239500774,0.01601356392433047,8.918818745030627e-05,0.0,0.00027038734758723094,0.0008198961464881114,0.042668668566060365,9.6865734785842e-05,0.0,0.00027449951543991486,374,99,0,11,7,11,29,25,155,82,20,23,13,21,0,11,26,40,90,62,34,38,3825,449,45873,5102,1181,33
2017,18097340202,1400000US18097340202,0.021590598524186936,1.314257959619629,0.003624499122117517,0.0,0.009776647733210334,0.0005997388478940816,0.0365071655449897,0.00010068053116993103,0.0,0.0002715735481447315,0.0010931948619841486,0.08950996150657074,0.00010516778022088728,0.0,0.00046397780064309085,1114,123,0,11,152,86,132,68,92,61,128,62,174,88,58,35,113,75,234,77,31,43,4105,429,35897,8133,1976,142
2017,18097340301,1400000US18097340301,0.00765236403388904,0.08109067256438023,0.0012369975619017412,0.0,0.0037480655403982787,0.0005465974309920743,0.00579219089745573,8.835696870726723e-05,0.0,0.0002677189671713056,0.0005465974309920743,0.01121944273062026,9.516700932682723e-05,0.0,0.0002736891212889609,,,,,,,,,,,,,,,,,,,,,,,,,,,,
2017,18097340302,1400000US18097340302,0.007105766602896966,0.19826402269709223,0.0011977559331123855,0.0,0.0035428932689012178,0.0005465974309920743,0.015251078669007094,9.213507177787581e-05,0.0,0.0002725302514539398,0.0005465974309920743,0.019934518882938942,9.728903792318741e-05,0.0,0.0002747192147475702,,,,,,,,,,,,,,,,,,,,,,,,,,,,
2017,18097340400,1400000US18097340400,0.008745558895873189,0.17685064247611923,0.0013407602093490339,0.0,0.004058955426018078,0.0005830372597248792,0.011790042831741282,8.938401395660226e-05,0.0,0.0002705970284012052,0.0010931948619841486,0.0403216467375769,9.434635199289343e-05,0.0,0.00040926875368279755,653,104,8,11,63,42,66,48,81,58,6,15,48,62,50,44,136,67,122,57,73,38,3706,472,39306,10081,1360,66
2017,18097340500,1400000US18097340500,0.007105766602896966,0.1677230033093202,0.0012453811179514165,0.0,0.003454374738321463,0.0005465974309920743,0.012901769485332322,9.579854753472434e-05,0.0,0.0002657211337170356,0.0005465974309920743,0.03190467388619567,0.00010363393406339515,0.0,0.0002732909315335418,1226,158,11,17,41,50,212,107,242,85,150,94,91,81,88,84,70,45,321,119,0,16,5005,553,40678,3521,2036,63
2017,18097340600,1400000US18097340600,0.019404208800218637,0.48801886224355084,0.0032913115157738692,0.0,0.009085306823482454,0.0005544059657205325,0.013943396064101452,9.403747187925341e-05,0.0,0.0002595801949566415,0.0008198961464881114,0.025149458834175516,0.0001135582191643878,0.0,0.0002978746004622457,978,154,33,24,83,57,67,62,116,78,50,39,66,56,57,42,145,75,351,99,10,15,5540,570,32061,3798,2121,64
2017,18097340700,1400000US18097340700,0.01229844219732167,0.5782695245334534,0.002067475120423888,0.0,0.005557936723909932,0.0005856401046343653,0.02753664402540254,9.845119621066134e-05,0.0,0.00026466365351952056,0.0010931948619841486,0.13401700847435213,0.00011358256250623789,0.0,0.0002978746004622457,677,119,26,41,25,25,108,88,89,55,53,55,12,22,0,11,120,88,210,108,34,47,4061,540,35036,13926,1468,63
2017,18097340800,1400000US18097340800,0.0010931948619841486,0.05678501791085321,0.00021405410535654622,0.0,0.000543719720431456,0.0005465974309920743,0.028392508955426606,0.00010702705267827311,0.0,0.000271859860215728,0.0005465974309920743,0.02943489924481991,0.00010886429375563494,0.0,0.0002739977544404928,126,46,0,11,10,11,26,26,15,15,6,10,17,19,5,8,9,11,38,33,0,11,1631,171,54917,11070,789,65
2017,18097340901,1400000US18097340901,0.002186389723968297,0.017556341897440212,0.0003187209893341967,0.0,0.001065443841268212,0.0005465974309920743,0.004389085474360053,7.968024733354917e-05,0.0,0.000266360960317053,0.0005465974309920743,0.005167348020736036,8.045035018775852e-05,0.0,0.0002711462890485869,194,99,0,11,0,11,18,25,21,26,75,75,20,24,0,11,0,11,40,30,20,21,3597,282,62042,8563,1418,45
2017,18097340903,1400000US18097340903,0.0005465974309920743,0.005693324772264767,8.098349684673087e-05,0.0,0.00024629182648054713,0.0005465974309920743,0.005693324772264767,8.098349684673087e-05,0.0,0.00024629182648054713,0.0005465974309920743,0.005693324772264767,8.098349684673087e-05,0.0,0.00024629182648054713,,,,,,,,,,,,,,,,,,,,,,,,,,,,
2017,18097340904,1400000US18097340904,0.012845039628313746,0.5858240150524983,0.002147505719023935,0.0,0.006205693000451623,0.0005584799838397281,0.02547060935010862,9.336981387060587e-05,0.0,0.00026981273915007055,0.0008198961464881114,0.08456271682532386,0.0001063108763314685,0.0,0.00030192941807913456,,,,,,,,,,,,,,,,,,,,,,,,,,,,
2017,18097341000,1400000US18097341000,0.013938234490297895,0.9314808442106172,0.002297525776702638,0.0,0.006656453151066268,0.000580759770429079,0.038811701842109046,9.573024069594325e-05,0.0,0.00027735221462776117,0.0008198961464881114,0.08737579589472157,0.00011136651155646626,0.0,0.0003873807146454892,164,60,23,31,8,12,25,18,18,17,9,10,5,7,32,31,13,15,18,13,13,15,1749,172,68643,6561,821,65
2017,18097341100,1400000US18097341100,0.008198961464881114,0.5569188281895446,0.0011962792386748832,0.0,0.0036599141067488903,0.0006306893434523934,0.0428399098607342,9.202147989806795e-05,0.0,0.0002815318543652993,0.0008198961464881114,0.12906513161148667,0.00011422864910837988,0.0,0.00029858898700364724,380,75,6,10,6,9,24,20,37,31,58,45,41,44,30,31,13,15,160,56,5,8,2130,326,28787,4963,989,29
2017,18097341200,1400000US18097341200,0.008198961464881114,0.7147479398372251,0.001320065299378395,0.0,0.004120510510835222,0.0005465974309920743,0.04764986265581501,8.8004353291893e-05,0.0,0.00027470070072234816,0.0005465974309920743,0.13069476298994473,0.00011755060158609132,0.0,0.00028088730885992294,501,69,5,8,19,20,19,17,85,41,10,12,13,14,21,23,64,32,185,61,80,46,2360,345,22051,3638,1164,47
2017,18097341600,1400000US18097341600,0.008745558895873189,0.0955765504621647,0.0011697737896238841,0.0,0.004361503945341804,0.0005465974309920743,0.005973534403885294,7.311086185149276e-05,0.0,0.00027259399658386275,0.0005465974309920743,0.012745522436121095,7.85503796644083e-05,0.0,0.00027609092269765206,554,104,0,11,19,24,26,32,107,64,30,23,49,38,28,32,35,29,169,92,91,44,2137,333,18348,7414,992,95
2017,18097341701,1400000US18097341701,0.008745558895873189,0.14438667001578379,0.0011850822710705695,0.0,0.004402317317860554,0.0005465974309920743,0.009024166875986487,7.406764194191059e-05,0.0,0.00027514483236628463,0.0005465974309920743,0.018789473471869433,8.694226164832377e-05,0.0,0.00028943345416041074,,,,,,,,,,,,,,,,,,,,,,,,,,,,
2017,18097341702,1400000US18097341702,0.012845039628313746,0.1386529257232666,0.0015626892269695848,0.0,0.00625947845850675,0.0005838654376506248,0.0063024057146939365,7.103132849861749e-05,0.0,0.00028452174811394317,0.0008198961464881114,0.021478604326666827,8.52822758770814e-05,0.0,0.0003781779350566466,,,,,,,,,,,,,,,,,,,,,,,,,,,,
2017,18097341902,1400000US18097341902,0.002186389723968297,0.04620556336966408,0.0003288608054940022,0.0,0.0010743515070515926,0.0005465974309920743,0.01155139084241602,8.221520137350055e-05,0.0,0.00026858787676289816,0.0005465974309920743,0.01230016058727695,8.301473994581853e-05,0.0,0.0002755849206273559,297,91,0,11,10,16,77,58,10,15,30,38,22,25,0,11,6,10,126,63,16,27,3377,482,54547,2419,1717,39
2017,18097341903,1400000US18097341903,0.0027329871549603714,0.023709597476865615,0.00032660479671906315,0.0,0.0013668041898528675,0.0005465974309920743,0.004741919495373123,6.532095934381263e-05,0.0,0.0002733608379705735,0.0005465974309920743,0.004993641210039402,6.567403651236798e-05,0.0,0.0002737170894639367,1659,169,13,22,85,65,293,140,287,126,82,89,191,123,183,117,152,110,346,126,27,32,5418,820,30800,3643,2427,64
2017,18097341904,1400000US18097341904,0.0027329871549603714,0.04887751032490869,0.00038231337639802284,0.0,0.0012076004186508523,0.0005465974309920743,0.009775502064981737,7.646267527960457e-05,0.0,0.00024152008373017048,0.0005465974309920743,0.013819516158170174,8.470052029783349e-05,0.0,0.0002733569143099174,655,64,18,19,25,15,79,42,90,55,76,39,66,40,71,44,108,48,122,50,0,11,2519,282,34250,4576,977,34
2017,18097342000,1400000US18097342000,0.008198961464881114,0.07398894044224782,0.0007372832946769876,0.0,0.004083008288913771,0.0005465974309920743,0.0049325960294831885,4.9152219645132506e-05,0.0,0.00027220055259425145,0.0005465974309920743,0.008159363783302958,5.219456169100883e-05,0.0,0.00027328456691845396,195,96,0,16,34,39,14,23,53,56,34,39,0,16,0,16,31,49,14,24,15,24,6929,632,62832,6735,2263,49
2017,18097342101,1400000US18097342101,0.005465974309920743,0.08157869531167933,0.0005429553192945827,0.0,0.0027328166130583956,0.0005465974309920743,0.008157869531167932,5.4295531929458266e-05,0.0,0.00027328166130583957,0.0005465974309920743,0.010817638331512088,5.682498777258613e-05,0.0,0.0002732877937407601,526,164,0,16,12,18,30,30,50,34,43,46,120,89,30,28,18,28,214,118,9,13,5779,457,47500,9525,1937,44
2017,18097342200,1400000US18097342200,0.004919376878928669,0.09787844587617042,0.0005323900630366673,0.0,0.0024595876091442004,0.0005465974309920743,0.010875382875130048,5.915445144851859e-05,0.0,0.0002732875121271334,0.0005465974309920743,0.013475912879721219,6.23570753312754e-05,0.0,0.0002732875121271334,1044,135,24,38,51,43,131,68,84,44,120,54,162,100,96,52,90,85,195,84,91,56,5809,674,29504,4902,2162,54
2017,18097342300,1400000US18097342300,0.008745558895873189,0.19837317781555577,0.0017843920566659515,0.0,0.0043792273706984705,0.0005465974309920743,0.012398323613472236,0.00011152450354162197,0.0,0.0002737017106686544,0.0005465974309920743,0.01654495733984867,0.000118028596396701,0.0,0.00027946198221515215,1009,205,15,24,70,86,71,75,129,105,181,149,45,46,29,48,103,78,355,191,11,23,6992,645,31679,4616,2702,89
2017,18097342400,1400000US18097342400,0.014211533205793932,0.316101194340789,0.0029396657172008306,0.0,0.006807682132145058,0.0005684613282317573,0.01264404777363156,0.00011758662868803323,0.0,0.0002723072852858023,0.0008198961464881114,0.021295932003160045,0.00012495244318905247,0.0,0.00031903693587136616,327,74,35,37,42,35,42,47,26,18,20,18,56,47,7,10,15,15,66,40,18,16,1630,255,35893,6011,697,21
2017,18097342500,1400000US18097342500,0.014211533205793932,0.3987154810946473,0.001841136049621835,0.0,0.00710548078431039,0.0005465974309920743,0.015335210811332588,7.081292498545519e-05,0.0,0.00027328772247347654,0.0005465974309920743,0.02038742670506496,8.349075513578183e-05,0.0,0.0002732937455426267,568,145,0,11,10,15,56,44,51,41,9,14,42,34,79,75,40,35,252,124,29,35,4464,358,34412,5609,1932,62
2017,18097342600,1400000US18097342600,0.008198961464881114,0.3182244519120525,0.0016470793205140626,0.0,0.00411219272932598,0.0005465974309920743,0.0212149634608035,0.00010980528803427084,0.0,0.0002741461819550653,0.0005465974309920743,0.02464066598219957,0.00012938373239026202,0.0,0.00027841474938681274,548,133,0,11,27,28,29,30,24,27,102,66,51,41,66,55,27,26,213,95,9,15,3386,428,26479,3568,1493,73
2017,18097350100,1400000US18097350100,0.008472260180377151,0.17681037238108033,0.001517979476832081,0.0,0.004082318534967193,0.0006051614414555108,0.012629312312934309,0.00010842710548800579,0.0,0.0002915941810690852,0.0008198961464881114,0.04489727091284311,0.00011449582012951318,0.0,0.0004407117308057171,285,80,7,10,40,28,7,12,0,11,31,29,46,37,20,18,41,37,67,41,26,20,1182,182,27833,11727,817,40
2017,18097350300,1400000US18097350300,0.010931948619841486,0.2857960924609351,0.0016224192672476775,0.0,0.005331520614980857,0.0006073304788800825,0.015877560692274174,9.013440373598208e-05,0.0,0.00029619558972115875,0.0010931948619841486,0.04760958757993564,0.00010612474910505575,0.0,0.0004061172642310028,1153,154,63,54,35,29,44,55,129,52,125,74,79,53,92,70,128,76,355,106,103,57,2377,452,19076,2441,1957,60
2017,18097350400,1400000US18097350400,0.014211533205793932,0.46181065105910346,0.0022116649707114226,0.0,0.006619487963018063,0.0005684613282317573,0.01847242604236414,8.84665988284569e-05,0.0,0.00026477951852072254,0.0008198961464881114,0.060211113918644844,0.00012480905864894684,0.0,0.0003891268333580074,434,105,0,11,50,44,42,32,31,24,0,11,59,55,6,9,43,35,199,79,4,8,2853,296,41429,9929,1395,56
2017,18097350500,1400000US18097350500,0.01339163705930582,0.32282400902568137,0.002249281649378095,0.0,0.006793597800819569,0.0005579848774710758,0.013451000376070056,9.372006872408728e-05,0.0,0.0002830665750341487,0.0008198961464881114,0.06034549699398807,0.00012116280613232565,0.0,0.0003719909588344394,494,96,6,8,60,47,24,25,68,48,43,35,27,29,37,26,35,26,146,71,48,43,2196,315,23545,1706,1256,39
2017,18097350600,1400000US18097350600,0.020224104946706747,0.1583541171353214,0.0028733091576689657,0.0,0.010120503162561335,0.0005465974309920743,0.004279841003657335,7.76570042613234e-05,0.0,0.0002735271125016577,0.0005465974309920743,0.014248889509169553,0.00010128680130596304,0.0,0.0002772451842072927,783,184,35,56,57,50,24,26,0,11,35,43,28,47,74,73,64,57,385,140,81,68,4035,547,25000,5520,2225,98
2017,18097350700,1400000US18097350700,0.018584312653730527,0.9787608495779709,0.0032593473215223358,0.0,0.009290703499426449,0.0005465974309920743,0.028787083811116793,9.586315651536282e-05,0.0,0.0002732559852772485,0.0005465974309920743,0.07189616561453883,0.0001389411610365821,0.0,0.0002732875121271334,209,79,13,19,18,18,5,8,5,8,14,15,0,11,5,7,8,9,107,55,34,34,1401,265,22120,5134,822,28
2017,18097350800,1400000US18097350800,0.016944520360754303,0.8401661996879702,0.0031374938783447787,0.0,0.008141419021212824,0.0005465974309920743,0.02710213547380549,0.00010120947994660576,0.0,0.00026262642003912335,0.0005465974309920743,0.06940853466014954,0.0001348508709993402,0.0,0.00030567362692120653,597,83,0,11,21,24,15,18,33,28,42,34,23,29,53,38,136,66,168,66,106,57,2060,226,16760,2785,1163,49
2017,18097350900,1400000US18097350900,0.009838753757857338,0.5363588153628843,0.00160225315413111,0.0,0.004913059769605684,0.0005787502210504317,0.031550518550757904,9.425018553712412e-05,0.0,0.0002890035158591579,0.0008198961464881114,0.09031035766269678,0.00013195577361308034,0.0,0.0003991285189553304,256,60,0,11,12,13,16,14,30,23,48,42,23,25,24,22,43,34,36,22,24,23,1515,262,36023,4117,864,41
2017,18097351000,1400000US18097351000,0.010931948619841486,0.5549351088634902,0.0019520940272834558,0.0,0.005150245592643585,0.0005465974309920743,0.02774675544317451,9.760470136417279e-05,0.0,0.0002575122796321792,0.0005465974309920743,0.06049591837558057,0.0001278134652366349,0.0,0.00028525937280611703,609,150,0,11,8,14,78,59,28,25,78,59,20,30,44,40,21,27,284,114,48,55,2303,300,25665,5193,1517,92
2017,18097351200,1400000US18097351200,0.019950806231210712,0.9677844469571124,0.0036900921844261344,0.0,0.009069350825189827,0.000604569885794264,0.029326801422942802,0.00011182097528564044,0.0,0.0002748288128845402,0.0010931948619841486,0.08631420446539319,0.00012241776689385025,0.0,0.0004917497259119279,542,89,30,31,6,11,9,14,39,35,61,44,92,67,13,9,66,41,208,68,18,28,2396,419,23088,7537,1482,74
2017,18097351500,1400000US18097351500,0.012845039628313746,0.7981893698604263,0.0022226027416816924,0.0,0.006506334451355238,0.0005584799838397281,0.03470388564610549,9.663490181224749e-05,0.0,0.0002828841065806625,0.0008198961464881114,0.06905350035286764,0.00012636381509014365,0.0,0.00040055128284380564,566,98,8,13,36,33,67,31,87,47,39,28,33,30,5,7,76,45,177,55,38,23,1772,290,33317,8418,1116,42
2017,18097351600,1400000US18097351600,0.009838753757857338,0.22341778995825706,0.001411525461599801,0.0,0.004571403116137458,0.0005787502210504317,0.013142222938721004,8.303090950587065e-05,0.0,0.0002689060656551446,0.0008198961464881114,0.05012934495522797,0.00011409725176334264,0.0,0.00030117123153372907,486,101,29,24,50,42,114,58,78,49,25,22,8,10,33,26,14,13,104,56,31,29,2337,236,60625,11453,1283,32
2017,18097351700,1400000US18097351700,0.020770702377698822,0.6777775270754751,0.003437248467403449,0.0,0.010475414524367191,0.0005613703345324006,0.018318311542580408,9.289860722712023e-05,0.0,0.0002831193114693835,0.0008198961464881114,0.0706897064407198,0.00012703647489957154,0.0,0.00037450142282105607,493,137,0,11,0,11,29,28,51,47,70,59,38,41,34,31,55,56,145,76,71,67,2614,479,41490,5482,1577,62
2017,18097351900,1400000US18097351900,0.013118338343809783,1.0202487601069345,0.0025467378080604413,0.0,0.006557887310503165,0.0005465974309920743,0.042510365004455604,0.00010611407533585173,0.0,0.0002732453046042985,0.0005465974309920743,0.07268871694695599,0.00012993084401317356,0.0,0.0002732875121271334,517,83,26,39,49,51,19,19,31,32,39,23,40,37,48,46,29,27,84,55,152,66,2484,276,24698,12678,1153,43
2017,18097352100,1400000US18097352100,0.016397922929762228,0.787916311719524,0.0028040793249344727,0.0,0.00819717861602286,0.0005465974309920743,0.026263877057317468,9.346931083114909e-05,0.0,0.000273239287200762,0.0005465974309920743,0.07402144042618461,0.00013193334661801555,0.0,0.0002732875121271334,442,99,3,7,19,17,19,20,28,23,15,23,52,38,25,26,58,41,150,54,73,47,2058,247,24917,4182,1145,54
2017,18097352300,1400000US18097352300,0.00765236403388904,0.6850333165927286,0.0015294553582581474,0.0,0.00382587979667311,0.0005465974309920743,0.0489309511851949,0.00010924681130415339,0.0,0.00027327712833379356,0.0005465974309920743,0.07543246271728854,0.0001407676944169818,0.0,0.0002732875121271334,280,61,0,11,0,11,13,20,27,23,33,37,19,27,19,23,33,30,76,43,60,43,1166,202,24028,5242,767,40
2017,18097352400,1400000US18097352400,0.01147854605083356,0.5752238651192391,0.0025600061184314063,0.0,0.005689312568047758,0.0005465974309920743,0.02739161262472567,0.00012190505325863839,0.0,0.0002709196460975123,0.0005465974309920743,0.038581291275913504,0.00012543261810674466,0.0,0.0002732875121271334,883,133,0,11,23,23,57,48,42,36,106,77,87,66,108,85,140,76,255,95,65,53,2976,432,31190,2509,1504,54
2017,18097352500,1400000US18097352500,0.009292156326865263,0.1604346390955232,0.0017905341155255384,0.0,0.0045946489693355075,0.0005465974309920743,0.009437331711501365,0.00010532553620738462,0.0,0.0002702734687844416,0.0005465974309920743,0.021839914492915825,0.00012517036871206223,0.0,0.0002734274053778907,595,128,28,27,10,16,69,58,77,57,17,21,62,62,35,30,108,65,140,72,49,54,2815,337,37841,7169,1706,35
2017,18097352600,1400000US18097352600,0.02186389723968297,1.013829154084441,0.0048412102517476786,0.0,0.010431022855273595,0.0005606127497354608,0.025995619335498488,0.00012413359619865843,0.0,0.00026746212449419473,0.0008198961464881114,0.05858604000919861,0.00013466539034543548,0.0,0.0003670858384284287,696,150,11,18,9,13,73,51,52,40,53,58,18,28,35,34,78,60,240,103,127,59,3414,417,23667,3858,1974,59
2017,18097352700,1400000US18097352700,0.019677507515714676,1.275278699191754,0.004512390230620465,0.0,0.00939977982468003,0.0005787502210504317,0.03750819703505159,0.00013271735972413134,0.0,0.0002764641124905891,0.0008198961464881114,0.0768333739022788,0.00014556042424108734,0.0,0.0003669826577981753,676,141,0,11,37,31,41,38,97,72,64,35,30,25,25,35,38,32,129,78,215,109,2531,373,29229,6741,1496,79
2017,18097352800,1400000US18097352800,0.009292156326865263,0.3225239881011706,0.0015053496833184897,0.0,0.004620957854501727,0.0005465974309920743,0.01897199930006886,8.854998137167587e-05,0.0,0.0002718210502648075,0.0005465974309920743,0.06172364573812145,0.00012361920613349693,0.0,0.0002732875121271334,285,59,17,20,0,11,0,11,19,20,51,43,56,33,36,33,37,31,47,37,22,20,1048,195,26206,2269,678,44
2017,18097353300,1400000US18097353300,0.022410494670675046,1.310312860036939,0.0036305690423395973,0.0,0.01033068311412393,0.0005897498597546065,0.03448191736939313,9.554129058788414e-05,0.0,0.00027186008195062973,0.0010931948619841486,0.17833490802604163,0.00012806131651361288,0.0,0.00040580406659866707,1383,139,29,38,94,53,318,130,171,82,227,101,74,52,54,36,54,30,291,117,71,51,2655,245,34946,4105,1899,92
2017,18097353500,1400000US18097353500,0.016397922929762228,0.4936457675084137,0.002862556736272106,0.0,0.007815332364351281,0.0005465974309920743,0.016454858916947125,9.541855787573686e-05,0.0,0.0002605110788117094,0.0005465974309920743,0.13373631321078772,0.00012430342832700262,0.0,0.00028209570818688094,1000,101,25,29,11,17,40,36,82,45,209,96,66,50,11,19,35,31,368,110,153,83,2514,306,16719,5542,1246,51
2017,18097353600,1400000US18097353600,0.02487018311013938,1.0851730441098748,0.004297854602205954,0.0,0.011968504708069264,0.0005652314343213495,0.024663023729769883,9.767851368649895e-05,0.0,0.0002720114706379378,0.0008198961464881114,0.13270617578890162,0.00012193162191513237,0.0,0.000307080071424024,533,90,0,11,5,7,16,14,65,37,29,28,6,9,53,38,60,40,247,89,52,35,2378,383,24630,5515,1210,48
2017,18097354201,1400000US18097354201,0.02487018311013938,1.5008075187579697,0.004369891263567523,0.0,0.009869061215732267,0.0008022639712948188,0.04841314576638612,0.00014096423430862978,0.0,0.0003183568134107183,0.0032795845859524457,0.32161852111575007,0.00016137563666252593,0.0,0.0010340963922213034,,,,,,,,,,,,,,,,,,,,,,,,,,,,
2017,18097354202,1400000US18097354202,0.021317299808690897,0.9597561290860511,0.004392591976220277,0.0,0.009603129063856639,0.0006090657088197399,0.02742160368817289,0.0001255026278920079,0.0,0.0002743751161101897,0.0008198961464881114,0.08866018031738214,0.00015219879055444952,0.0,0.00039928063545810347,,,,,,,,,,,,,,,,,,,,,,,,,,,,
2017,18097354400,1400000US18097354400,0.008472260180377151,0.2626434276589955,0.0018878200202338304,0.0,0.004106981691511766,0.0005648173453584767,0.017509561843933034,0.00012585466801558868,0.0,0.00027379877943411774,0.0008198961464881114,0.05491010504443084,0.0001466917159017986,0.0,0.00031568428951685536,332,69,4,6,50,40,21,22,42,20,58,35,28,28,13,14,0,11,111,47,5,7,1430,161,52222,20996,855,51
2017,18097354500,1400000US18097354500,0.0065591691719048915,0.1253864322802691,0.001364732664985207,0.0,0.003302351927875097,0.0005465974309920743,0.010448869356689093,0.00011372772208210059,0.0,0.0002751959939895914,0.0005465974309920743,0.03473329317779762,0.0001330083185403404,0.0,0.00028368824834968694,625,88,14,23,30,24,78,41,36,22,47,34,72,44,18,21,99,47,143,53,88,38,2454,252,30684,5947,1335,43
2017,18097354700,1400000US18097354700,0.0032795845859524457,0.07142853940888282,0.0006844535792397261,0.0,0.001676758798290714,0.0005465974309920743,0.011904756568147136,0.00011407559653995435,0.0,0.00027945979971511896,0.0005465974309920743,0.03413902910369826,0.00012799668312208685,0.0,0.0003037952323256978,326,50,7,12,10,16,21,20,0,11,25,23,17,19,23,26,81,36,100,40,42,28,1496,210,27222,10952,791,40
2017,18097354800,1400000US18097354800,0.006285870456408854,0.30197490821929823,0.0013443836538096195,0.0,0.0027112222724812733,0.0005714427687644412,0.027452264383572567,0.0001222166958008745,0.0,0.00024647475204375214,0.0008198961464881114,0.05486629855267236,0.00012845819835646986,0.0,0.00032787055467879884,385,57,17,20,12,13,14,9,19,22,16,18,21,23,1,5,77,42,142,49,66,38,1473,202,17798,2957,923,44
2017,18097354900,1400000US18097354900,0.004919376878928669,0.045827517579502805,0.000920410217771836,0.0,0.0024607401015780466,0.0005465974309920743,0.005091946397722534,0.00010226780197464845,0.0,0.0002734155668420052,0.0005465974309920743,0.006977410344498335,0.00010594592943424286,0.0,0.00027375139853562445,665,92,13,14,21,22,49,37,15,18,50,37,54,39,13,14,54,40,247,77,149,62,2784,313,21265,2215,1385,55
2017,18097355000,1400000US18097355000,0.008472260180377151,0.25576040424102625,0.0017576353158641619,0.0,0.004070270280734808,0.0005648173453584767,0.017050693616068417,0.00011717568772427746,0.0,0.0002713513520489872,0.0008198961464881114,0.05509170648724085,0.00013738092520650583,0.0,0.00037436975871132754,524,105,0,11,43,34,21,24,61,39,25,23,16,17,48,42,20,23,193,76,97,55,2298,331,23542,8839,1241,53
2017,18097355100,1400000US18097355100,0.009018857611369226,0.13602222012694867,0.0019698423386249496,0.0,0.004520500769909366,0.0005636786007105766,0.008501388757934292,0.00012311514616405935,0.0,0.00028253129811933535,0.0008198961464881114,0.02555268277281196,0.0001519342438155441,0.0,0.00037499800511416596,523,70,18,18,10,14,83,41,41,24,66,44,70,44,11,18,19,18,154,68,51,39,1794,301,28164,5324,1044,39
2017,18097355300,1400000US18097355300,0.005465974309920743,0.02734272211796493,0.000944840058428986,0.0,0.0027594515268453365,0.0005465974309920743,0.002734272211796493,9.44840058428986e-05,0.0,0.0002759451526845336,0.0005465974309920743,0.005153227338060051,0.00010016240916564899,0.0,0.00029005689054876046,524,121,0,11,10,15,65,56,50,37,78,51,57,40,29,35,45,39,142,67,48,47,2273,321,39226,6259,1429,36
2017,18097355400,1400000US18097355400,0.008198961464881114,0.040609738549209684,0.0015188774892095868,0.0,0.00410925575967913,0.0005465974309920743,0.0027073159032806457,0.00010125849928063912,0.0,0.0002739503839786087,0.0005465974309920743,0.004468112734151177,0.00011530323070985183,0.0,0.00027509618643773023,928,168,0,11,125,81,44,54,131,78,34,52,177,112,37,59,87,68,138,79,155,107,2827,446,28237,8149,1637,42
2017,18097355500,1400000US18097355500,0.012025143481825634,2.146388395080065,0.0032870199905144335,0.0,0.005575016255245269,0.0005465974309920743,0.09756310886727569,0.0001494099995688379,0.0,0.00025340982978387585,0.0005465974309920743,0.20838172842435643,0.00015645896188261726,0.0,0.00027331595258906947,635,142,0,11,21,24,45,36,127,74,163,90,67,60,24,28,40,36,94,64,54,53,3619,426,38519,6898,1684,34
2017,18097355600,1400000US18097355600,0.018584312653730527,2.8584506159382013,0.004437751888852193,0.0,0.009322877702160568,0.0005994939565719525,0.09220808438510326,0.00014315328673716754,0.0,0.00030073799039227636,0.0008198961464881114,0.2679387583750964,0.00015879853106804727,0.0,0.0003805239046245927,438,90,0,11,33,25,14,16,72,47,4,6,4,7,59,47,55,45,133,75,64,51,1876,260,22169,7252,1039,33
2017,18097355700,1400000US18097355700,0.018037715222738452,2.569517565257602,0.004785054365969481,0.0,0.008664972566203657,0.0005465974309920743,0.07786416864416976,0.00014500164745362063,0.0,0.0002625749262485957,0.0005465974309920743,0.21610848131036747,0.0001594773483876704,0.0,0.0002987370425162566,579,93,16,14,64,43,19,25,55,37,35,30,15,17,44,34,49,36,221,76,61,44,2272,329,23241,2324,1204,50
2017,18097355900,1400000US18097355900,0.00765236403388904,1.2184260414675887,0.0018274152015052686,0.0,0.003735418325558102,0.0005886433872222339,0.09372508011289143,0.00014057040011578988,0.0,0.0002873398711967771,0.0008198961464881114,0.21684783726677775,0.00016047022614051957,0.0,0.0003900369058656279,445,80,13,14,25,23,42,23,73,39,35,24,29,26,20,14,31,22,149,53,28,25,2225,251,36488,9086,1273,41
2017,18097356200,1400000US18097356200,0.03443563815250068,1.9405969776359764,0.007194983775017879,0.0,0.01098160217016632,0.0007326731521808655,0.04128929739651013,0.00015308476117059316,0.0,0.00023365111000353872,0.0016397922929762229,0.28314511484398536,0.00016132288609130448,0.0,0.0004632807379286557,562,80,12,13,64,38,134,51,96,34,38,20,44,19,51,36,56,28,61,37,6,8,3847,263,65599,4577,1086,43
2017,18097356400,1400000US18097356400,0.021317299808690897,0.760566716041738,0.004319779753019351,0.0,0.010198953582603488,0.0005609815739129184,0.020014913580045736,0.00011367841455314082,0.0,0.00026839351533167075,0.0008198961464881114,0.05245631890089985,0.00014335981732811642,0.0,0.0003427887251910875,964,150,16,20,98,58,31,30,94,67,191,108,41,43,80,56,49,46,307,111,57,42,4026,404,29228,4287,2007,83
2017,18097356900,1400000US18097356900,0.009292156326865263,0.1941924097669699,0.002360354183275082,0.0,0.004496001202772353,0.0005465974309920743,0.011423082927468816,0.00013884436372206364,0.0,0.000264470658986609,0.0005465974309920743,0.015384122664552398,0.00014978863597484154,0.0,0.0002725054896280693,534,91,0,11,28,29,68,44,78,53,39,29,40,32,36,31,85,46,149,61,11,13,2722,336,28145,3714,1211,76
2017,18097357000,1400000US18097357000,0.008198961464881114,0.12976842628303836,0.0018698428857093726,0.0,0.003653926045337733,0.0005856401046343653,0.009269173305931312,0.00013356020612209806,0.0,0.0002609947175241238,0.0008198961464881114,0.013463585299607264,0.0001481754415451053,0.0,0.0003617245544858178,438,86,5,7,22,14,37,33,25,17,37,30,32,27,44,34,45,39,151,55,40,31,2483,332,28859,4103,1208,50
2017,18097357100,1400000US18097357100,0.009838753757857338,0.11850824027753641,0.0022631393278823415,0.0,0.004807277382912311,0.0005465974309920743,0.006583791126529801,0.0001257299626601301,0.0,0.0002670709657173506,0.0005465974309920743,0.010146245943043194,0.00013580284834286617,0.0,0.0003065807541349546,409,79,0,11,20,18,41,34,72,40,32,25,47,31,49,37,23,19,114,51,11,17,2058,235,32222,7487,1167,29
2017,18097357200,1400000US18097357200,0.009838753757857338,0.337799902006945,0.0022359814891384755,0.0,0.004907341201659394,0.0005465974309920743,0.018766661222608054,0.00012422119384102642,0.0,0.0002726300667588552,0.0005465974309920743,0.05788217254099518,0.0001513536078711285,0.0,0.00027329363966874573,505,140,0,11,5,9,21,21,76,71,46,38,75,59,39,40,46,42,153,103,44,45,2570,482,26504,6184,1531,79
2017,18097357300,1400000US18097357300,0.014758130636786005,0.7244135097726331,0.003439607732828936,0.0,0.007364422816941744,0.0005465974309920743,0.026830129991579004,0.0001273928789936643,0.0,0.000272756400627472,0.0005465974309920743,0.10699263677375423,0.0001525417140572921,0.0,0.00027329526145646244,606,83,0,11,57,43,39,33,38,32,42,25,50,46,37,23,38,34,278,78,27,23,2051,317,19073,3211,1060,30
2017,18097357400,1400000US18097357400,0.012571740912817708,0.04740340568950446,0.002426386138073932,0.0,0.006242966116485552,0.0005465974309920743,0.002061017638674107,0.0001054950494814753,0.0,0.0002714333094124153,0.0005465974309920743,0.004734164326792344,0.00012189017257303053,0.0,0.00027473854173770896,849,140,40,48,79,63,83,59,72,70,58,59,54,67,60,59,62,57,254,120,87,71,4478,548,27961,12374,1902,40
2017,18097357500,1400000US18097357500,0.016671221645258267,0.15748177273889394,0.0032993252013157133,0.0,0.008122021124435467,0.0005954007730449381,0.00562434902638907,0.00011783304290413262,0.0,0.0002900721830155524,0.0008198961464881114,0.01917125489236827,0.00013175420947097305,0.0,0.0004030817152882484,388,87,0,11,5,9,58,46,44,43,28,24,20,22,14,17,30,30,142,63,47,34,4358,292,38582,4725,1732,140
2017,18097357601,1400000US18097357601,0.009838753757857338,0.5570477821487974,0.0023942583986411308,0.0,0.004606707476174385,0.0005465974309920743,0.030947099008266518,0.00013301435548006282,0.0,0.0002559281931207992,0.0005465974309920743,0.10531391921266062,0.00014803551675376616,0.0,0.0002732869488701182,,,,,,,,,,,,,,,,,,,,,,,,,,,,
2017,18097357602,1400000US18097357602,0.006832467887400929,0.6857598219807777,0.0015779278306589006,0.0,0.003182248569718974,0.0005693723239500774,0.057146651831731475,0.00013149398588824173,0.0,0.00026518738080991453,0.0008198961464881114,0.1049003849342925,0.00014696603663367166,0.0,0.00037045968071422523,,,,,,,,,,,,,,,,,,,,,,,,,,,,
2017,18097357800,1400000US18097357800,0.009292156326865263,0.12559216589505975,0.0022253884882865705,0.0,0.004526871463544711,0.0005465974309920743,0.007387774464415279,0.00013090520519332767,0.0,0.0002662865566791007,0.0005465974309920743,0.01114898874245384,0.00013913756756270626,0.0,0.0002732860502752889,345,84,0,11,4,7,44,32,63,50,32,22,6,10,6,9,63,49,101,45,26,27,1698,203,34245,7697,968,40
2017,18097357900,1400000US18097357900,0.02569007925662749,0.40910337251212625,0.0058004893699390506,0.0,0.01250861229417101,0.0005584799838397281,0.008893551576350571,0.000126097594998675,0.0,0.0002719263542211089,0.0010931948619841486,0.032696478092545306,0.00013752185978046274,0.0,0.0004674039306045779,587,130,0,11,34,34,103,55,42,29,57,56,115,73,87,72,40,34,75,47,34,26,4019,504,44786,3475,2031,82
2017,18097358000,1400000US18097358000,0.00765236403388904,0.07009985041041876,0.0018537912065985447,0.0,0.0037737640129015255,0.0005465974309920743,0.005007132172172768,0.00013241365761418176,0.0,0.00026955457235010896,0.0005465974309920743,0.007791254769839597,0.00013974039520043232,0.0,0.0002733450717411913,208,59,0,11,11,12,37,33,44,34,24,37,0,11,0,11,7,9,71,52,14,14,1624,296,38281,13382,643,35
2017,18097358100,1400000US18097358100,0.0065591691719048915,0.25682690179819795,0.001587131506794531,0.0,0.00327897740265729,0.0005465974309920743,0.021402241816516496,0.00013226095889954425,0.0,0.0002732481168881075,0.0005465974309920743,0.026569147787662586,0.00013665130320376155,0.0,0.00027372018195329626,581,137,0,11,66,56,30,31,61,61,27,34,24,34,76,69,92,60,145,79,60,70,2970,537,28852,3371,1365,82
2017,18097360101,1400000US18097360101,0.010931948619841486,0.8113673288644236,0.002377919245466497,0.0,0.005415994769126175,0.0005465974309920743,0.040568366443221184,0.00011889596227332484,0.0,0.00027079973845630875,0.0005465974309920743,0.0771106572901349,0.0001368632141273184,0.0,0.0002732875121271334,617,93,10,15,8,11,54,43,56,37,43,36,33,29,7,11,86,51,264,81,56,40,2065,271,16101,2489,1251,34
2017,18097360102,1400000US18097360102,0.017491117791746377,0.8757162510827724,0.0033986904989382794,0.0,0.008734959836698563,0.0005465974309920743,0.027366132846336638,0.00010620907809182123,0.0,0.0002729674948968301,0.0005465974309920743,0.07492680779479614,0.00014427253933965928,0.0,0.000276249653449497,601,127,0,11,0,11,5,21,37,34,45,53,113,147,66,93,24,41,146,69,165,111,2386,377,18611,6928,1332,57
2017,18097360201,1400000US18097360201,0.022137195955179007,1.163627631770251,0.0046456779341318985,0.0,0.01091936184134881,0.000567620409107154,0.029836605942826947,0.00011911994702902304,0.0,0.00027998363695766183,0.0008198961464881114,0.0773217951168139,0.0001476659861581103,0.0,0.0004090431104574736,881,164,13,20,46,55,114,90,121,85,23,36,101,65,10,17,77,72,204,99,172,97,3713,498,30633,2496,1852,61
2017,18097360202,1400000US18097360202,0.007105766602896966,0.5314530361783844,0.0016515407259161887,0.0,0.0030999633503319985,0.0005465974309920743,0.04088100278295264,0.00012704159430124528,0.0,0.00023845871925630758,0.0005465974309920743,0.06550457681957697,0.0001443685938483712,0.0,0.00026425072171489504,407,135,0,11,0,11,8,15,28,32,7,11,30,31,47,60,0,11,255,116,32,40,3573,484,31552,5647,1298,41
2017,18097360301,1400000US18097360301,0.007105766602896966,0.2887687825625557,0.001573584895501062,0.0,0.0032539159329852832,0.0005465974309920743,0.02221298327404275,0.00012104499196162016,0.0,0.00025030122561425257,0.0005465974309920743,0.034396712884383285,0.00014341467746165824,0.0,0.00027951873930104527,702,110,2,8,38,35,164,86,55,49,25,29,51,42,40,41,102,67,146,62,79,64,3134,365,40731,6901,1468,47
2017,18097360302,1400000US18097360302,0.020224104946706747,1.5209779551488267,0.004251218051604081,0.0,0.00950969516439247,0.0005948266160796102,0.044734645739671376,0.00012503582504717884,0.0,0.00027969691659977857,0.0013664935774801857,0.19770240803214315,0.00014958948685405132,0.0,0.0005447770118579187,660,81,7,10,39,32,73,43,30,29,77,49,40,28,22,19,87,44,240,67,45,37,2571,294,27986,5456,1218,36
2017,18097360401,1400000US18097360401,0.008198961464881114,0.2120213032538386,0.0015977448295487436,0.0,0.004141492777378777,0.0005465974309920743,0.014134753550255907,0.00010651632196991624,0.0,0.0002760995184919185,0.0005465974309920743,0.020064369393472597,0.00014139101503657627,0.0,0.000361273760644698,1590,205,86,76,39,52,178,105,138,111,197,139,47,46,63,78,220,158,605,199,17,26,6178,618,30775,7267,2671,79
2017,18097360402,1400000US18097360402,0.009838753757857338,0.3384118729688444,0.001720786664412438,0.0,0.004869557582367833,0.0006149221098660836,0.021150742060552775,0.00010754916652577738,0.0,0.00030434734889798955,0.0010931948619841486,0.07478365844026078,0.0001435351368375548,0.0,0.00046976637590901885,320,73,5,9,10,15,41,32,59,39,21,20,64,43,23,23,29,28,68,38,0,11,1967,309,45875,7687,777,32
2017,18097360406,1400000US18097360406,0.0008198961464881114,0.021907305264205444,8.660166435027279e-05,0.0,0.00038385112477364383,0.0008198961464881114,0.021907305264205444,8.660166435027279e-05,0.0,0.00038385112477364383,0.0008198961464881114,0.021907305264205444,8.660166435027279e-05,0.0,0.00038385112477364383,,,,,,,,,,,,,,,,,,,,,,,,,,,,
2017,18097360501,1400000US18097360501,0.002186389723968297,0.0010940914132651636,0.00028480071669101045,0.0,0.00101399211997355,0.0005465974309920743,0.0002735228533162909,7.120017917275261e-05,0.0,0.0002534980299933875,0.0005465974309920743,0.0005461491553515669,7.264250744235474e-05,0.0,0.0002573353187515385,881,182,108,80,17,28,108,106,135,92,42,48,87,55,36,41,69,85,197,124,82,80,6544,623,48717,7189,2582,186
2017,18097360502,1400000US18097360502,0.03416233943700464,0.5490769929849345,0.005980041765197555,0.0,0.016109828628533912,0.0005890058523621489,0.009466844706636801,0.00010310416836547508,0.0,0.0002777556660092054,0.0016397922929762229,0.024129332901594084,0.00013538879472878616,0.0,0.0007555068520237655,910,218,0,16,102,91,12,20,66,79,121,117,0,16,64,78,116,103,401,186,28,37,6241,673,48742,4474,2452,110
2017,18097360601,1400000US18097360601,0.013664935774801858,0.20149272799784707,0.0027794472246751092,0.0,0.006910009493095079,0.0005465974309920743,0.008059709119913883,0.00011117788898700437,0.0,0.0002764003797238031,0.0005465974309920743,0.026161366380014317,0.0001286957042664687,0.0,0.0003036854993492646,448,113,42,46,16,25,18,20,79,61,91,61,22,28,0,11,0,11,154,74,26,25,4684,309,52407,9655,2081,80
2017,18097360602,1400000US18097360602,0.024050286963651267,0.9119704937004073,0.005062060691176097,0.0,0.010658873768757151,0.0006329022885171386,0.02399922351843177,0.00013321212345200257,0.0,0.0002804966781251882,0.00191309100847226,0.26688827421997174,0.00015269437166578545,0.0,0.0006125437396902531,1282,245,96,104,139,116,27,32,34,54,147,131,130,105,119,117,214,156,376,170,0,16,5981,640,36706,6970,2708,79
2017,18097360700,1400000US18097360700,0.008745558895873189,0.12774159778288846,0.0019355916790476276,0.0,0.004629385773070336,0.0005465974309920743,0.007983849861430529,0.00012097447994047672,0.0,0.000289336610816896,0.0005465974309920743,0.026015377946422395,0.00014675401465897594,0.0,0.0003802529010614461,153,42,0,11,32,23,4,7,14,21,28,27,9,11,5,9,9,11,41,23,11,12,1936,187,64432,14470,937,45
2017,18097360800,1400000US18097360800,0.019950806231210712,1.6634772352928606,0.004616910765664438,0.0,0.008862467089614507,0.0005541890619780753,0.04620770098035724,0.00012824752126845663,0.0,0.0002461796413781808,0.0008198961464881114,0.19750053456870129,0.00015179236902829543,0.0,0.0002949151011406628,829,121,24,26,37,30,42,22,49,32,71,36,81,44,116,66,105,44,268,67,36,24,2703,275,28444,2515,1484,125
2017,18097360900,1400000US18097360900,0.026236676687619566,0.8835490460619657,0.005022886705814208,0.0,0.013093050646126578,0.0005962881065368083,0.020080660137771947,0.000114156516041232,0.0,0.00029756933286651313,0.0010931948619841486,0.05671060415452898,0.0001299823506692781,0.0,0.000502187910335226,925,199,0,16,22,29,35,43,42,68,30,34,62,71,26,36,140,122,415,183,153,137,5283,934,31151,6074,2574,105
2017,18097361000,1400000US18097361000,0.013118338343809783,0.0806129601568128,0.002189006598677575,0.0,0.006036773908546522,0.0005703625366873819,0.0035049113111657736,9.517419994250325e-05,0.0,0.0002624684308063705,0.0008198961464881114,0.006267341729934547,0.00010347859449930004,0.0,0.0003190219104534861,173,62,0,11,18,16,25,32,52,39,6,9,12,14,6,9,17,28,32,33,5,8,2196,182,75069,16223,1015,42
2017,18097361100,1400000US18097361100,0.008745558895873189,0.021726052480226934,0.001524109737021989,0.0,0.00437565883836398,0.0005465974309920743,0.0013578782800141834,9.525685856387432e-05,0.0,0.00027347867739774875,0.0005465974309920743,0.0034186994597232554,0.00011198785231380957,0.0,0.000275612086969225,795,115,40,43,66,38,116,70,114,54,76,50,39,40,49,43,37,40,219,91,39,38,3493,291,42067,7250,1812,63
2017,18097361200,1400000US18097361200,0.010931948619841486,2.661708738082654,0.003064580201254339,0.0,0.005464722569357923,0.0005465974309920743,0.13308543690413271,0.00015322901006271694,0.0,0.00027323612846789615,0.0005465974309920743,0.207090395729268,0.00015485589312796072,0.0,0.00027328653331587846,664,141,12,21,89,65,119,68,25,30,29,31,18,21,96,78,80,46,175,89,21,24,3442,453,40139,14510,1585,62
2017,18097361300,1400000US18097361300,0.013938234490297895,1.5081528637865154,0.003580675620193817,0.0,0.006304237395684158,0.0005575293796119158,0.06032611455146061,0.00014322702480775267,0.0,0.0002521694958273663,0.0008198961464881114,0.20566525275548808,0.00015314315191358637,0.0,0.00027796600960700854,252,99,0,11,14,16,33,29,86,73,8,13,22,37,6,9,12,20,64,58,7,12,2455,288,44087,10477,1112,79
2017,18097361402,1400000US18097361402,0.00382618201694452,0.8329347415763154,0.0009358423432104336,0.0,0.001890136422457023,0.0005465974309920743,0.11899067736804506,0.00013369176331577622,0.0,0.00027001948892243187,0.0005465974309920743,0.20572913203426038,0.00015321810036881338,0.0,0.00027760854708825007,,,,,,,,,,,,,,,,,,,,,,,,,,,,
2017,18097361601,1400000US18097361601,0.004646078163432632,0.011183580679379664,0.000662731862866817,0.0,0.0021026416118733607,0.000580759770429079,0.001397947584922458,8.284148285835213e-05,0.0,0.0002628302014841701,0.0008198961464881114,0.00326837769493976,9.36237776343722e-05,0.0,0.00035366783773330514,,,,,,,,,,,,,,,,,,,,,,,,,,,,
2017,18097370201,1400000US18097370201,0.00191309100847226,0.016319474692673426,0.00030607046470229404,0.0,0.0010075067762536274,0.0006376970028240867,0.005439824897557809,0.00010202348823409802,0.0,0.00033583559208454246,0.0008198961464881114,0.007031950547426741,0.00010300163045903926,0.0,0.00040246472304530744,792,122,9,15,142,75,106,60,94,50,85,56,84,49,48,54,76,48,111,68,37,30,4163,471,46966,4826,1725,87
2017,18097370203,1400000US18097370203,0.00765236403388904,0.0525947613612099,0.0014388652421921248,0.0,0.0036987379289730535,0.0005465974309920743,0.0037567686686578497,0.00010277608872800891,0.0,0.0002641955663552181,0.0005465974309920743,0.008617501487901563,0.00010629837359136762,0.0,0.0002732386873956307,,,,,,,,,,,,,,,,,,,,,,,,,,,,
2017,18097370204,1400000US18097370204,0.0008198961464881114,0.002291659786880795,9.93447747599505e-05,0.0,0.0004014225850379851,0.0008198961464881114,0.002291659786880795,9.93447747599505e-05,0.0,0.0004014225850379851,0.0008198961464881114,0.002291659786880795,9.93447747599505e-05,0.0,0.0004014225850379851,,,,,,,,,,,,,,,,,,,,,,,,,,,,
2017,18097370303,1400000US18097370303,0.0005465974309920743,0.002150826523154707,0.0001006778000456647,0.0,0.00025490616357871665,0.0005465974309920743,0.002150826523154707,0.0001006778000456647,0.0,0.00025490616357871665,0.0005465974309920743,0.002150826523154707,0.0001006778000456647,0.0,0.00025490616357871665,,,,,,,,,,,,,,,,,,,,,,,,,,,,
2017,18097380200,1400000US18097380200,0.012571740912817708,0.2094826435890382,0.0026909988568545253,0.0,0.006337059044763931,0.0005465974309920743,0.009107941025610357,0.00011699995029802283,0.0,0.000275524306294084,0.0005465974309920743,0.04023488049693646,0.0001300901881483442,0.0,0.0002943198813155411,708,143,0,11,65,57,86,51,116,76,87,62,56,51,0,11,61,55,215,102,22,20,3239,357,35651,7632,1646,69
2017,18097380301,1400000US18097380301,0.008472260180377151,0.5823905474008405,0.001892142639054357,0.0,0.004291404454008111,0.0006051614414555108,0.04159932481434575,0.00013515304564673978,0.0,0.00030652888957200794,0.0008198961464881114,0.10517674686666534,0.00014094337061126735,0.0,0.00036608526791760384,,,,,,,,,,,,,,,,,,,,,,,,,,,,
2017,18097380302,1400000US18097380302,0.017491117791746377,0.9029145537318873,0.003715130134723229,0.0,0.007957469296582302,0.0006031419928188406,0.031134984611444393,0.00012810793568011135,0.0,0.0002743954929855966,0.0013664935774801857,0.05613778259856723,0.00013256910434292349,0.0,0.0004949291862245787,,,,,,,,,,,,,,,,,,,,,,,,,,,,
2017,18097380402,1400000US18097380402,0.010931948619841486,0.2075236790400207,0.002347470225229018,0.0,0.0053665372988705995,0.0005465974309920743,0.010376183952001034,0.0001173735112614509,0.0,0.00026832686494353,0.0005465974309920743,0.026467389217267396,0.00012224242235922762,0.0,0.0003529785039013334,1446,138,64,52,49,35,120,69,301,95,132,70,90,57,164,64,247,97,263,94,16,18,5103,452,35996,3972,2069,113
2017,18097380403,1400000US18097380403,0.0095654550423613,0.10232474252915023,0.0019105593437929533,0.0,0.004455383770932431,0.000562673826021253,0.006019102501714719,0.00011238584375252667,0.0,0.000262081398290143,0.0008198961464881114,0.009510317138578885,0.00011848872273212344,0.0,0.00037322110245381385,530,131,20,23,40,49,49,50,84,73,52,62,89,73,79,62,1,4,39,53,77,63,3993,390,42632,10429,1650,123
2017,18097380404,1400000US18097380404,0.011205247335337523,0.25720076368238115,0.002453218846310312,0.0,0.005119331553589501,0.0005602623667668762,0.012860038184119058,0.0001226609423155156,0.0,0.00025596657767947505,0.0008198961464881114,0.02854395140931137,0.0001270324062631076,0.0,0.0003696495493408387,557,114,0,11,25,22,38,38,81,55,51,64,89,60,62,59,46,44,126,71,39,30,3915,407,45342,7163,1843,75
2017,18097380501,1400000US18097380501,0.0005465974309920743,0.003598806650398245,9.70044043046375e-05,0.0,0.00027959809885415505,0.0005465974309920743,0.003598806650398245,9.70044043046375e-05,0.0,0.00027959809885415505,0.0005465974309920743,0.003598806650398245,9.70044043046375e-05,0.0,0.00027959809885415505,334,80,0,11,9,16,41,39,38,35,23,37,34,50,16,21,11,17,121,57,41,48,2610,339,43484,4245,1122,44
2017,18097380502,1400000US18097380502,0.004099480732440557,0.14143497415666026,0.0008517056108720015,0.0,0.0018033470296490107,0.0005856401046343653,0.020204996308094324,0.00012167223012457164,0.0,0.00025762100423557297,0.0008198961464881114,0.03064666301371828,0.00013015516093108643,0.0,0.0002849981640300505,983,145,31,24,77,53,117,65,118,72,129,68,52,39,121,61,122,64,165,72,51,40,3868,361,33827,3765,1843,73
2017,18097380600,1400000US18097380600,0.0095654550423613,0.18751140923765597,0.001842645922074926,0.0,0.004617638779699915,0.000562673826021253,0.011030082896332704,0.0001083909365926427,0.0,0.00027162581057058326,0.0008198961464881114,0.03926929476728343,0.0001232097534308781,0.0,0.0002849981640300505,1080,205,80,66,23,36,84,59,153,105,91,67,52,70,78,98,274,127,219,125,26,42,5230,652,40053,11231,2399,68
2017,18097380700,1400000US18097380700,0.004919376878928669,0.2365163045570755,0.0010814373225534993,0.0,0.0024553978277101307,0.0005465974309920743,0.02627958939523061,0.00012015970250594437,0.0,0.00027282198085668116,0.0005465974309920743,0.03831192742437303,0.00012220727894498453,0.0,0.0002732869325628193,1162,221,17,28,83,67,39,32,142,99,118,114,95,89,73,69,168,91,387,173,40,38,5312,818,38730,8712,2507,90
2017,18097380800,1400000US18097380800,0.004919376878928669,0.022448847142140682,0.0008531944587273021,0.0,0.002467306649920726,0.0005465974309920743,0.0024943163491267426,9.479938430303357e-05,0.0,0.0002741451833245251,0.0005465974309920743,0.0032896707878638633,9.741248987580681e-05,0.0,0.00027706213287149263,218,90,7,11,24,37,16,17,8,12,54,40,0,11,11,19,0,11,83,71,15,18,2605,192,43214,7926,1212,33
2017,18097380902,1400000US18097380902,0.00765236403388904,0.12691355796226444,0.001511946349978927,0.0,0.003474865600427562,0.0005465974309920743,0.009065254140161747,0.00010799616785563765,0.0,0.00024820468574482586,0.0005465974309920743,0.022862954217160558,0.00011615476594844093,0.0,0.0002732084134821808,582,156,0,16,85,65,149,113,47,43,69,56,78,99,15,25,16,26,87,80,36,40,5817,467,70917,11433,2637,70
2017,18097381002,1400000US18097381002,0.0065591691719048915,0.018656036756211716,0.0011072986586893887,0.0,0.003279708268316146,0.0005465974309920743,0.0015546697296843096,9.227488822411572e-05,0.0,0.00027330902235967884,0.0005465974309920743,0.002488776547692817,9.36998494345435e-05,0.0,0.00027339517439689613,158,64,21,29,5,6,14,15,47,38,9,14,16,17,0,11,12,14,27,25,7,10,3017,227,60679,5272,1252,65
2017,18097381003,1400000US18097381003,0.0032795845859524457,0.02617302154666751,0.0005908258804223898,0.0,0.0016413430179649468,0.0005465974309920743,0.004362170257777918,9.84709800703983e-05,0.0,0.00027355716966082446,0.0005465974309920743,0.005700970362355644,0.00010207970348315114,0.0,0.00027441397422104904,,,,,,,,,,,,,,,,,,,,,,,,,,,,
2017,18097381004,1400000US18097381004,0.00382618201694452,0.05831159570039905,0.0007190170591992856,0.0,0.0018990394850908828,0.0005465974309920743,0.008330227957199865,0.00010271672274275509,0.0,0.00027129135501298326,0.0005465974309920743,0.03338776893861228,0.0001172978250347897,0.0,0.0002734112427287221,,,,,,,,,,,,,,,,,,,,,,,,,,,,
2017,18097381101,1400000US18097381101,0.00382618201694452,0.14880240921260232,0.0008258023361474197,0.0,0.0019112725399480254,0.0005465974309920743,0.02125748703037176,0.00011797176230677425,0.0,0.00027303893427828936,0.0005465974309920743,0.03593621595489709,0.00011978925848779766,0.0,0.00027330507766823225,985,144,17,26,55,42,16,27,183,132,134,72,99,70,55,53,155,96,233,134,38,38,5697,408,55193,4363,2649,75
2017,18097381102,1400000US18097381102,0.0032795845859524457,0.12973776921006808,0.0007005185183432149,0.0,0.001625069666590089,0.0005465974309920743,0.021622961535011347,0.00011675308639053582,0.0,0.00027084494443168147,0.0005465974309920743,0.03460065339661192,0.00011846953035820251,0.0,0.0002733788482508958,692,177,0,16,75,60,45,69,45,46,9,15,189,129,70,88,166,127,79,60,14,22,5776,488,43901,2132,2648,77
2017,18097381203,1400000US18097381203,0.0065591691719048915,0.13198995583638196,0.0013076203900925806,0.0,0.0032129459992086004,0.0005465974309920743,0.010999162986365163,0.00010896836584104839,0.0,0.00026774549993405006,0.0005465974309920743,0.03300568866768644,0.00011693705622154545,0.0,0.0002801141230014227,815,80,0,11,53,30,64,37,160,82,80,56,45,35,96,64,122,72,167,69,28,36,3192,329,31771,4693,1119,43
2017,18097381204,1400000US18097381204,0.009018857611369226,0.1429748756944101,0.0016936594901575729,0.0,0.0042115695006287,0.0006012571740912818,0.009531658379627338,0.00011291063267717152,0.0,0.0002807713000419133,0.0010931948619841486,0.03227021776682724,0.00011624181108919825,0.0,0.00036679629324138665,1300,116,31,41,125,72,136,64,125,64,91,51,91,54,108,50,202,71,317,99,74,52,2944,277,28223,5446,1830,53
2017,18097381205,1400000US18097381205,0.0016397922929762229,0.0049610665134958605,0.00030035100548221665,0.0,0.0008198341766508833,0.0005465974309920743,0.0016536888378319535,0.00010011700182740555,0.0,0.0002732780588836278,0.0005465974309920743,0.0021946081107109337,0.0001009029216925432,0.0,0.00027328645717147865,1547,170,0,16,174,92,317,132,231,104,140,114,162,92,91,83,168,102,264,125,0,16,6329,424,42737,7610,2549,68
2017,18097390102,1400000US18097390102,0.00573927302541678,0.03407253488368966,0.0009730632329452323,0.0,0.0030832145134865358,0.0006376970028240867,0.003785837209298851,0.00010811813699391469,0.0,0.00034257939038739285,0.0008198961464881114,0.010932396895481995,0.00011246059184646056,0.0,0.00041418806711343017,1172,141,0,16,51,55,107,89,62,45,177,114,198,113,69,76,162,113,299,112,47,61,5504,455,39425,5530,2163,85
2017,18097390405,1400000US18097390405,0.00382618201694452,0.022859816287677005,0.00071288829828814,0.0,0.0019114496542741157,0.0005465974309920743,0.003265688041096715,0.00010184118546973429,0.0,0.0002730642363248737,0.0005465974309920743,0.004888445859733656,0.0001043070054513089,0.0,0.0002732864736532049,1098,125,71,55,126,51,125,61,215,100,160,80,45,40,36,29,10,13,275,85,35,46,4084,320,61111,6453,1961,83
2017,18097390410,1400000US18097390410,0.0016397922929762229,0.017910853216474846,0.00031812553282244344,0.0,0.0008066381062066727,0.0005465974309920743,0.005970284405491615,0.00010604184427414781,0.0,0.0002688793687355576,0.0005465974309920743,0.006511203678370596,0.00010692367037264359,0.0,0.00027128735334333494,,,,,,,,,,,,,,,,,,,,,,,,,,,,
2017,18097390411,1400000US18097390411,0.0032795845859524457,0.053226605876505136,0.0005506522755530862,0.0,0.0013668250797145916,0.0006559169171904891,0.010645321175301026,0.00011013045511061725,0.0,0.00027336501594291834,0.0010931948619841486,0.021772598434232956,0.00011378583147453748,0.0,0.0004434372410406564,,,,,,,,,,,,,,,,,,,,,,,,,,,,
2017,18097390500,1400000US18097390500,0.022137195955179007,0.6956806101808478,0.004176993715549287,0.0,0.010780662096888901,0.000567620409107154,0.017837964363611482,0.00010710240296280222,0.0,0.0002764272332535616,0.0010931948619841486,0.0500708200799395,0.00012383209105517275,0.0,0.0004544137548498125,417,83,22,24,26,24,37,30,37,26,55,38,9,13,34,30,29,28,133,56,35,30,2245,276,28344,2230,1365,37
2017,18097390602,1400000US18097390602,0.00382618201694452,0.01658769295091038,0.0005298707605406017,0.0,0.0016405497016998161,0.0006376970028240867,0.0027646154918183966,8.831179342343362e-05,0.0,0.0002734249502833027,0.0010931948619841486,0.014402797479077108,8.896123001525685e-05,0.0,0.0004189957278582603,,,,,,,,,,,,,,,,,,,,,,,,,,,,
2017,18097390700,1400000US18097390700,0.0065591691719048915,0.168658928134093,0.000982668998095116,0.0,0.003278648030508711,0.0005465974309920743,0.014054910677841084,8.1889083174593e-05,0.0,0.0002732206692090592,0.0005465974309920743,0.021447748020078563,0.00010049793254576841,0.0,0.00027410032320585904,502,117,0,11,53,64,33,39,37,35,15,21,33,34,57,46,29,40,220,93,25,30,2763,478,35673,8468,1345,65
2017,18097390801,1400000US18097390801,0.0027329871549603714,0.00942021373483689,0.0002277507970691588,0.0,0.0012947777237114718,0.0005465974309920743,0.001884042746967378,4.555015941383176e-05,0.0,0.00025895554474229435,0.0005465974309920743,0.0039061245061683472,4.61745863542569e-05,0.0,0.00026847138897691193,,,,,,,,,,,,,,,,,,,,,,,,,,,,
2017,18097390802,1400000US18097390802,0.010385351188849411,0.012518620249417578,0.0010576811632849008,0.0,0.003752653428633972,0.0007418107992035294,0.0008941871606726841,7.554865452035006e-05,0.0,0.00026804667347385516,0.0010931948619841486,0.002842814686884695,0.00010147207116159834,0.0,0.00040236932892158997,,,,,,,,,,,,,,,,,,,,,,,,,,,,
2017,18097390900,1400000US18097390900,0.016671221645258267,0.40594377637261625,0.0031066259036121595,0.0,0.008042104601157283,0.0005557073881752756,0.013531459212420542,0.00010355419678707198,0.0,0.00026807015337190944,0.0008198961464881114,0.02641262487651874,0.00012625418778580122,0.0,0.00036660755153228487,731,135,34,28,102,94,62,33,149,99,75,46,96,67,0,11,50,37,150,76,13,24,2593,308,56108,15957,1558,84
2017,18097391001,1400000US18097391001,0.032249248428532384,1.0647344890775896,0.005198314267347599,0.0,0.012648256411438715,0.0006861542218836677,0.022653925299523182,0.00011060243122016168,0.0,0.00026911183854124923,0.0030062858704564084,0.29161692674872197,0.00016122957861542712,0.0,0.0005433788245398467,,,,,,,,,,,,,,,,,,,,,,,,,,,,
2017,18097391002,1400000US18097391002,0.03252254714402842,1.991100284092197,0.005411392105545195,1.0,0.015039558731776122,0.000677553065500592,0.04148125591858744,0.00011273733553219156,0.020833333333333332,0.0003133241402453359,0.003552883301448483,0.17264053727728235,0.00015984982218724612,1.0,0.0008739751122841207,,,,,,,,,,,,,,,,,,,,,,,,,,,,
2018,18081610201,1400000US18081610201,0.0027586206896551726,0.002385171652584304,0.0004817818557524381,0.0,0.0013792522620689755,0.0005517241379310345,0.00047703433051686083,9.635637115048762e-05,0.0,0.00027585045241379513,0.0005517241379310345,0.0011179112430539698,9.695976629947122e-05,0.0,0.00027585065445567776,,,,,,,,,,,,,,,,,,,,,,,,,,,,
2018,18081610300,1400000US18081610300,0.014620689655172414,0.11234863363020477,0.0024663763718720585,0.0,0.006565415276559119,0.0006356821589205397,0.0048847232013132505,0.00010723375529878515,0.0,0.00028545283811126605,0.0013793103448275863,0.03464040496308138,0.00011366713640071232,0.0,0.0004646757455559095,,,,,,,,,,,,,,,,,,,,,,,,,,,,
2018,18081610404,1400000US18081610404,0.0005517241379310345,6.546395676334019e-06,9.932106874566516e-05,0.0,0.0002758102818837764,0.0005517241379310345,6.546395676334019e-06,9.932106874566516e-05,0.0,0.0002758102818837764,0.0005517241379310345,6.546395676334019e-06,9.932106874566516e-05,0.0,0.0002758102818837764,,,,,,,,,,,,,,,,,,,,,,,,,,,,
2018,18097310104,1400000US18097310104,0.016,0.27213298317728557,0.0019693127776569228,0.0,0.007605580088516607,0.0005925925925925926,0.010078999376936503,7.293751028358973e-05,0.0,0.000281688151426541,0.0008275862068965517,0.02446555530181929,7.65051317320302e-05,0.0,0.0005354782537183548,830,160,18,26,78,56,119,75,135,76,146,84,76,75,56,64,17,26,129,72,56,46,3021,331,53885,4173,1977,81
2018,18097310105,1400000US18097310105,0.019310344827586208,0.4814441653345513,0.002429389049721383,0.0,0.008866062346802154,0.0005851619644723094,0.01458921713135004,7.361784999155706e-05,0.0,0.0002686685559637016,0.001103448275862069,0.0370144629671919,7.829458365895714e-05,0.0,0.0005614037185406499,654,91,22,23,49,34,87,42,35,27,159,94,91,67,14,19,78,66,119,69,0,11,3746,295,60219,3581,1584,49
2018,18097310106,1400000US18097310106,0.008,0.1626541067214737,0.0010553516170579728,0.0,0.003832451462282473,0.0005714285714285715,0.011618150480105265,7.538225836128377e-05,0.0,0.0002737465330201766,0.0008275862068965517,0.025211159321001753,7.723146258754262e-05,0.0,0.0003723673484931312,1794,146,44,45,197,96,223,122,229,110,267,117,168,88,103,64,267,161,241,105,55,69,4014,385,40398,4756,2162,79
2018,18097310110,1400000US18097310110,0.002206896551724138,0.033557280962167924,0.00033227462047611685,0.0,0.0010639717812981706,0.0005517241379310345,0.008389320240541981,8.306865511902921e-05,0.0,0.00026599294532454265,0.0005517241379310345,0.00897914287889168,8.322324823832428e-05,0.0,0.00026959711929578766,788,99,36,42,84,44,110,69,66,32,126,69,73,43,50,40,61,38,174,85,8,12,2963,217,50143,5485,1469,50
2018,18097310111,1400000US18097310111,0.010482758620689656,0.12451077110451397,0.0013948626482496182,0.0,0.005102075199114161,0.000616632860040568,0.007324163006147881,8.205074401468343e-05,0.0,0.0003001220705361271,0.0008275862068965517,0.013165867397427115,8.30822316785134e-05,0.0,0.00040492679479248086,1056,122,13,20,59,40,145,86,179,97,126,75,98,63,70,71,74,64,269,129,23,24,3967,419,43712,3432,1799,55
2018,18097310112,1400000US18097310112,0.003310344827586207,0.00512978610032732,0.00039044145951764545,0.0,0.0016575724586148286,0.0005517241379310345,0.0008549643500545533,6.507357658627424e-05,0.0,0.0002762620764358048,0.0005517241379310345,0.001917789449646038,6.66061569024751e-05,0.0,0.0002794745856206652,,,,,,,,,,,,,,,,,,,,,,,,,,,,
2018,18097310201,1400000US18097310201,0.01903448275862069,0.3569113191748497,0.002450526921981272,0.0,0.009436505397423172,0.0005598377281947262,0.010497391740436755,7.207432123474329e-05,0.0,0.0002775442763947992,0.0008275862068965517,0.030425515718961713,8.008235276545737e-05,0.0,0.0003055975020953245,478,128,29,43,0,11,54,45,10,15,29,47,20,22,158,84,34,38,121,78,23,21,3634,370,53425,10839,1597,65
2018,18097310203,1400000US18097310203,0.006620689655172414,0.24565677095227223,0.0009097074352639922,0.0,0.003310182560448555,0.0005517241379310345,0.02047139757935602,7.580895293866602e-05,0.0,0.0002758485467040462,0.0005517241379310345,0.03181289487706478,8.309212863399186e-05,0.0,0.0002758586090461706,928,178,0,16,70,73,110,105,165,143,113,93,93,70,66,59,100,89,211,112,0,16,5770,540,59113,10165,2452,75
2018,18097310204,1400000US18097310204,0.006620689655172414,0.12143061581791886,0.0009072014497587683,0.0,0.003310208848557496,0.0005517241379310345,0.010119217984826573,7.560012081323068e-05,0.0,0.0002758507373797913,0.0005517241379310345,0.01122478495851412,7.907942467599307e-05,0.0,0.0002758513896567825,818,161,91,86,27,41,59,62,135,64,65,40,73,46,26,42,137,86,158,68,47,58,5740,466,62451,10341,1879,55
2018,18097310305,1400000US18097310305,0.007172413793103448,0.1071476745071173,0.0009372251019076963,0.0,0.0032716992750523744,0.000652037617554859,0.009740697682465209,8.520228199160876e-05,0.0,0.0002974272068229431,0.001103448275862069,0.020281266651442493,8.709958118307977e-05,0.0,0.00039738484158443417,1529,168,20,32,41,38,278,129,199,129,271,156,163,116,70,55,94,82,242,126,151,115,6421,732,39573,3214,2644,98
2018,18097310306,1400000US18097310306,0.023724137931034485,0.45074621298622214,0.003406000905367089,0.0,0.0111665308770778,0.0005931034482758622,0.011268655324655553,8.515002263417723e-05,0.0,0.000279163271926945,0.001103448275862069,0.04197221587881556,9.4252727101176e-05,0.0,0.0005163396853063919,1622,209,67,66,189,123,122,89,192,131,173,147,68,62,127,112,344,175,225,141,115,116,6532,1001,32276,2619,2427,99
2018,18097310308,1400000US18097310308,0.002206896551724138,0.044448656466468756,0.0002882798593114157,0.0,0.0011032881285911026,0.0005517241379310345,0.011112164116617189,7.206996482785393e-05,0.0,0.00027582203214777566,0.0005517241379310345,0.01159937580878435,7.288870187509378e-05,0.0,0.00027584952753445475,385,125,24,35,44,66,39,60,43,46,20,31,58,73,0,11,18,29,139,97,0,11,3526,589,57177,11923,1289,39
2018,18097310309,1400000US18097310309,0.002206896551724138,0.13025622288193653,0.000339285175814637,0.0,0.0011039736665299556,0.0005517241379310345,0.03256405572048413,8.482129395365924e-05,0.0,0.0002759934166324889,0.0005517241379310345,0.03303905001141813,8.593976000113073e-05,0.0,0.0002762007854253213,1204,141,0,11,114,83,164,82,120,83,167,92,181,88,94,80,114,81,226,112,24,27,4124,531,40000,4328,1744,48
2018,18097310312,1400000US18097310312,0.006620689655172414,0.28300723148359597,0.0009850514073841998,0.0,0.0033518656319492857,0.0005517241379310345,0.02358393595696633,8.208761728201664e-05,0.0,0.0002793221359957738,0.0005517241379310345,0.03516738981502626,9.139538097572795e-05,0.0,0.0003017993695127746,1460,217,98,86,85,77,92,80,324,152,54,66,125,114,50,50,164,131,409,179,59,96,6421,645,42302,6066,2908,94
2018,18097320105,1400000US18097320105,0.0019310344827586207,0.0299391032960341,0.00014949780884217337,0.0,0.00088539484579751,0.0009655172413793104,0.01496955164801705,7.474890442108668e-05,0.0,0.000442697422898755,0.001103448275862069,0.016089670396589786,7.483579659780897e-05,0.0,0.0005254874395026643,969,207,0,11,135,89,53,62,106,113,149,91,113,94,91,75,81,71,241,120,0,11,4283,409,50076,13793,2219,100
2018,18097320106,1400000US18097320106,0.0005517241379310345,0.011883991778944966,7.51437713214901e-05,0.0,0.0002275968100708716,0.0005517241379310345,0.011883991778944966,7.51437713214901e-05,0.0,0.0002275968100708716,0.0005517241379310345,0.011883991778944966,7.51437713214901e-05,0.0,0.0002275968100708716,294,82,0,11,24,21,7,10,44,43,29,34,54,41,22,36,43,31,71,54,0,11,2156,268,79375,20868,1097,38
2018,18097320107,1400000US18097320107,0.001103448275862069,0.02598995204384563,0.0001539448692391028,0.0,0.0004564858370783274,0.0005517241379310345,0.012994976021922814,7.69724346195514e-05,0.0,0.0002282429185391637,0.0005517241379310345,0.01315764634239172,7.724647356148642e-05,0.0,0.00023915063832819324,141,53,21,19,13,13,34,24,17,20,14,17,0,11,11,11,26,29,5,8,0,11,1915,204,97569,11194,871,39
2018,18097320108,1400000US18097320108,0.015724137931034485,0.21332062114638045,0.0020500007160063408,0.0,0.007351161344698751,0.0005823754789272031,0.00790076374616224,7.59259524446793e-05,0.0,0.0002722652349888426,0.0008275862068965517,0.027708685392403138,8.23224713849808e-05,0.0,0.00042137367174536827,2098,200,52,51,216,131,183,112,269,132,117,102,170,107,95,72,367,181,493,176,136,105,5381,652,29011,7703,2758,69
2018,18097320109,1400000US18097320109,0.0016551724137931034,0.06723468067290858,0.0002422859680708462,0.0,0.0007205467867997277,0.0005517241379310345,0.02241156022430286,8.076198935694874e-05,0.0,0.0002401822622665759,0.0005517241379310345,0.027694374666971153,8.366452233016021e-05,0.0,0.00024653969109473156,232,58,14,16,48,27,14,26,8,12,37,29,21,25,28,46,0,11,10,15,52,60,2540,167,62031,14592,1236,42
2018,18097320202,1400000US18097320202,0.016,0.6996010504681435,0.0024640267059251033,0.0,0.00720274057706888,0.0005714285714285715,0.024985751802433696,8.80009537830394e-05,0.0,0.0002572407348953171,0.0008275862068965517,0.050251427266499206,9.74711649178643e-05,0.0,0.00037182826501956,792,141,117,93,162,89,63,52,88,78,84,78,5,9,0,11,74,58,59,30,140,103,4572,401,91477,17713,2409,72
2018,18097320205,1400000US18097320205,0.006344827586206896,0.10805457867092944,0.0006346225095007827,0.0,0.0027053276613957337,0.0009064039408866995,0.015436368381561347,9.06603585001118e-05,0.0,0.00038647538019939053,0.0013793103448275863,0.05856230494024511,9.558940230645281e-05,0.0,0.0005385825186459041,,,,,,,,,,,,,,,,,,,,,,,,,,,,
2018,18097320206,1400000US18097320206,0.004137931034482759,0.08977468219532618,0.000560449077531602,0.0,0.002167247087519928,0.0005911330049261084,0.01282495459933231,8.0064153933086e-05,0.0,0.00030960672678856117,0.0008275862068965517,0.01714219380376037,8.424203602085177e-05,0.0,0.0003736390390952437,,,,,,,,,,,,,,,,,,,,,,,,,,,,
2018,18097320301,1400000US18097320301,0.001103448275862069,0.05690812209789145,0.00018209460185079023,0.0,0.0004981011634240219,0.0005517241379310345,0.028454061048945725,9.104730092539511e-05,0.0,0.0002490505817120109,0.0005517241379310345,0.050537032808099264,9.825064444911613e-05,0.0,0.0002683721861610846,510,85,0,11,122,79,125,57,53,30,47,35,8,14,0,11,15,17,91,63,49,51,3339,241,78582,8622,1946,41
2018,18097320305,1400000US18097320305,0.007172413793103448,0.05076136104133364,0.001140567287497911,0.0,0.0032491936205094212,0.0005517241379310345,0.0039047200801025877,8.7735945192147e-05,0.0,0.00024993797080841704,0.0005517241379310345,0.02137086092715232,9.141081251974476e-05,0.0,0.00027548629871368397,,,,,,,,,,,,,,,,,,,,,,,,,,,,
2018,18097320306,1400000US18097320306,0.007724137931034483,0.11918801857349472,0.0012038144102718854,0.0,0.0035615321120418715,0.0005517241379310345,0.008513429898106765,8.598674359084896e-05,0.0,0.00025439515086013366,0.0005517241379310345,0.02314341173783969,9.313653640034355e-05,0.0,0.0002745911569378011,,,,,,,,,,,,,,,,,,,,,,,,,,,,
2018,18097320400,1400000US18097320400,0.003310344827586207,0.019606150567100557,0.0005419035563338406,0.0,0.001629269936783224,0.0005517241379310345,0.0032676917611834263,9.031725938897343e-05,0.0,0.0002715449894638707,0.0005517241379310345,0.004266423079850803,9.523648273221985e-05,0.0,0.0002756769351910257,798,92,49,45,104,57,132,84,73,49,67,56,96,70,40,33,55,52,117,81,65,61,3208,267,46406,8499,1473,60
2018,18097320500,1400000US18097320500,0.006896551724137931,0.4107989647560326,0.0011915694144843739,0.0,0.002807096297882314,0.0005747126436781609,0.034233247063002716,9.929745120703115e-05,0.0,0.00023392469149019284,0.0008275862068965517,0.0685171652584304,0.00010434367676393703,0.0,0.00027120258506681255,656,98,17,19,18,21,40,26,128,77,88,63,49,28,48,32,82,62,141,61,45,47,3153,243,54542,7411,1493,42
2018,18097320600,1400000US18097320600,0.007724137931034483,0.14304201872573646,0.0012626832234715712,0.0,0.0035092485788474404,0.0005517241379310345,0.010217287051838319,9.019165881939794e-05,0.0,0.00025066061277481715,0.0005517241379310345,0.012772855294207202,0.00010135059450279421,0.0,0.00027495829343455287,379,92,21,25,64,54,15,22,75,47,73,48,39,30,0,11,0,11,80,45,12,13,2224,215,58424,17130,1275,34
2018,18097320700,1400000US18097320700,0.005793103448275863,0.1339498363401081,0.0008205831205151731,0.0,0.0026934732501383207,0.0005793103448275863,0.01339498363401081,8.205831205151731e-05,0.0,0.00026934732501383206,0.0008275862068965517,0.02055568242368882,8.478275108193521e-05,0.0,0.0002756161650794877,418,95,9,15,80,64,36,33,138,78,42,44,39,32,0,11,27,26,47,35,0,11,1994,166,74091,11873,1122,62
2018,18097320800,1400000US18097320800,0.007172413793103448,0.16982309507497909,0.0010294975095173208,0.0,0.0033686995220675174,0.0005517241379310345,0.013063315005767621,7.919211611671699e-05,0.0,0.0002591307324667321,0.0005517241379310345,0.028405343685773007,8.531445570481258e-05,0.0,0.00027528679291935086,81,48,5,4,10,13,10,12,24,37,2,3,0,11,4,5,0,11,24,27,2,3,3061,159,152500,19138,1234,65
2018,18097320901,1400000US18097320901,0.01103448275862069,0.11834185887188857,0.001536995792033604,0.0,0.005507748246757447,0.0005517241379310345,0.005917092943594429,7.68497896016802e-05,0.0,0.0002753874123378723,0.0005517241379310345,0.008843799954327472,8.087696509160412e-05,0.0,0.0002758504636505577,665,134,17,28,18,29,158,124,16,26,87,70,35,37,106,66,64,54,164,99,0,16,6538,545,62250,7094,2656,82
2018,18097320902,1400000US18097320902,0.006620689655172414,0.04646388064246023,0.000887897074721624,0.0,0.0033036187427633416,0.0005517241379310345,0.0038719900535383526,7.399142289346866e-05,0.0,0.00027530156189694514,0.0005517241379310345,0.0045237877749866795,7.473334915863764e-05,0.0,0.00027584998030114033,1086,149,36,49,49,43,67,61,72,58,97,64,143,88,125,81,274,117,213,107,10,14,4216,552,36639,6381,2010,51
2018,18097320903,1400000US18097320903,0.002206896551724138,0.03608677780315141,0.0003080981214121576,0.0,0.0011033339923147843,0.0005517241379310345,0.009021694450787852,7.70245303530394e-05,0.0,0.0002758334980786961,0.0005517241379310345,0.011513435335312476,7.972091116884311e-05,0.0,0.00027585065445567743,1153,147,0,16,104,77,87,74,238,108,129,108,111,71,30,31,96,68,288,128,70,47,5184,659,38204,6425,1961,64
2018,18097321001,1400000US18097321001,0.007172413793103448,0.1602610946182538,0.001049082110765671,0.0,0.003586058507923809,0.0005517241379310345,0.012327776509096446,8.069862390505161e-05,0.0,0.0002758506544556776,0.0005517241379310345,0.013572505138159397,8.467697212050214e-05,0.0,0.00027585065445567776,247,86,0,11,45,36,31,29,9,16,8,14,21,22,40,46,0,11,38,39,55,53,2883,248,60743,6610,1164,41
2018,18097321002,1400000US18097321002,0.0038620689655172414,0.09545033112582782,0.0006104707725100776,0.0,0.0018425319298450685,0.0005517241379310345,0.013635761589403975,8.721011035858252e-05,0.0,0.00026321884712072406,0.0005517241379310345,0.017085027022912386,9.27032154723745e-05,0.0,0.0002758455478516803,515,130,16,25,17,26,56,53,126,78,40,38,54,67,14,21,66,78,69,50,57,48,4648,617,70567,11150,2065,48
2018,18097321100,1400000US18097321100,0.009379310344827587,0.20067328918322297,0.0014230261452375691,0.0,0.004614068441786249,0.0005517241379310345,0.01180431112842488,8.37074203080923e-05,0.0,0.00027141579069330874,0.0005517241379310345,0.015633097358605467,9.030922909306157e-05,0.0,0.00027585065445567776,424,81,0,11,36,42,38,43,71,61,114,62,43,51,24,34,11,13,78,52,9,11,3504,226,57906,10480,1636,58
2018,18097321200,1400000US18097321200,0.016,0.2788941158559793,0.002113351523885159,0.0,0.00750345103754548,0.0005714285714285715,0.009960504137713546,7.547684013875568e-05,0.0,0.00026798039419805285,0.0008275862068965517,0.024996726802161834,8.501397300305745e-05,0.0,0.00036245822195556105,340,130,24,39,42,38,144,106,14,23,17,28,15,24,13,22,14,22,14,22,43,41,5190,387,133750,21477,2309,62
2018,18097321300,1400000US18097321300,0.004965517241379311,0.051224404354114336,0.0007203030438432512,0.0,0.002587692392741129,0.0005517241379310345,0.005691600483790481,8.003367153813903e-05,0.0,0.00028752137697123656,0.0005517241379310345,0.006960721625941997,8.639612153370032e-05,0.0,0.0003017487856115736,628,95,15,17,101,45,136,62,65,64,33,25,65,57,14,15,48,43,143,64,8,13,2523,258,74565,14662,1385,78
2018,18097321400,1400000US18097321400,0.008551724137931035,0.34070495546928525,0.0012954773916461148,0.0,0.004640320533621637,0.0006578249336870027,0.026208073497637326,9.965210704970114e-05,0.0,0.0003569477333555106,0.001103448275862069,0.07753931643449799,0.00010628272787176668,0.0,0.0005164567326717798,940,178,77,62,93,57,160,88,172,121,15,23,101,98,83,101,152,111,57,72,30,38,5559,505,62911,7223,2642,54
2018,18097321600,1400000US18097321600,0.005517241379310345,0.11670830478800336,0.001073587245995114,0.0,0.00251672693247173,0.0005517241379310345,0.011670830478800336,0.0001073587245995114,0.0,0.000251672693247173,0.0005517241379310345,0.038635380985004186,0.00010967658867456166,0.0,0.0002734894429518444,1243,201,44,70,13,21,150,114,160,116,201,137,48,46,114,76,195,124,253,123,65,77,5714,591,44653,11081,2592,65
2018,18097321700,1400000US18097321700,0.008827586206896552,0.658408921367131,0.0015080237973419512,0.0,0.004317040846176597,0.0006305418719211823,0.04702920866908079,0.00010771598552442508,0.0,0.0003083600604411855,0.001103448275862069,0.08269330897465176,0.0001100857692310775,0.0,0.0004772115936966115,786,161,0,11,104,77,27,32,149,89,106,93,110,66,0,11,91,97,144,87,55,55,3937,263,57400,9588,2149,101
2018,18097321800,1400000US18097321800,0.008551724137931035,0.27135540838852096,0.0012055975346705623,0.0,0.004325470862888641,0.0005701149425287357,0.01809036055923473,8.037316897803748e-05,0.0,0.00028836472419257607,0.0008275862068965517,0.03687485727335008,0.00010554041014293861,0.0,0.00037469246572744,465,101,41,41,52,37,46,28,107,72,70,62,53,43,53,58,0,11,43,45,0,11,3633,173,94063,16344,1647,46
2018,18097321900,1400000US18097321900,0.009379310344827587,0.39934909035548455,0.0014035671799353354,0.0,0.004528898020536415,0.0005862068965517242,0.024959318147217784,8.772294874595846e-05,0.0,0.00028305612628352596,0.001103448275862069,0.047541904544416536,9.021562618347786e-05,0.0,0.00048004889362480383,285,79,18,23,16,18,18,22,20,21,73,60,18,21,26,40,16,23,52,41,28,32,6022,471,96250,31355,1398,38
2018,18097322000,1400000US18097322000,0.008827586206896552,0.2656008982263835,0.0013910728429522086,0.0,0.0041655955954006335,0.0005517241379310345,0.01660005613914897,8.694205268451304e-05,0.0,0.0002603497247125396,0.0005517241379310345,0.02717561087006166,9.311422243081788e-05,0.0,0.0002758041991653736,563,110,17,19,25,28,33,28,65,54,73,51,36,29,21,23,50,40,181,77,62,46,3248,341,43750,12563,1795,60
2018,18097322100,1400000US18097322100,0.01213793103448276,0.39096429930730003,0.0018775612101254657,0.0,0.005927905747908267,0.0005779967159277505,0.018617347586061907,8.940767667264123e-05,0.0,0.0002822812260908699,0.0008275862068965517,0.05337207886123164,0.00011796791077257185,0.0,0.0003946881370683738,363,107,8,12,39,35,23,22,40,31,66,61,35,43,0,11,17,19,127,85,8,13,2781,436,64089,4783,1153,54
2018,18097322200,1400000US18097322200,0.008827586206896552,0.14595105427418742,0.0012395881256866332,0.0,0.004291946786481569,0.0005885057471264368,0.009730070284945828,8.263920837910888e-05,0.0,0.0002861297857654379,0.0008275862068965517,0.04060980436933851,0.00010672004168243761,0.0,0.00036649846067591705,205,56,4,6,28,19,55,31,16,16,21,28,16,19,0,11,20,24,40,26,5,8,2252,164,86750,9736,878,38
2018,18097322300,1400000US18097322300,0.009931034482758621,0.21109888102306465,0.0015576133288967761,0.0,0.0046746308745455704,0.0005517241379310345,0.01172771561239248,8.653407382759868e-05,0.0,0.00025970171525253167,0.0005517241379310345,0.03689206059222045,0.00010543888768827101,0.0,0.0002758505703041865,271,65,8,13,81,44,25,24,42,28,26,24,18,19,14,17,27,24,20,22,10,16,2550,169,96136,16049,1158,52
2018,18097322400,1400000US18097322400,0.011586206896551725,0.4103827357844257,0.002222596687816886,0.0,0.005352747045232819,0.0005517241379310345,0.019542035037353606,0.00010583793751508982,0.0,0.00025489271643965803,0.0005517241379310345,0.05214485803455888,0.00011063161750197762,0.0,0.00027528401753909386,710,127,46,53,91,64,80,46,109,67,84,51,62,54,33,27,45,49,131,64,29,21,3057,317,47962,10879,1666,81
2018,18097322500,1400000US18097322500,0.00606896551724138,0.09239948237801629,0.001103174418404967,0.0,0.003013871672493631,0.0005517241379310345,0.008399952943456026,0.00010028858349136064,0.0,0.0002739883338630574,0.0005517241379310345,0.05227669939864505,0.00011082610271924253,0.0,0.00028586305081497926,598,75,6,11,51,31,80,48,59,34,50,34,27,16,28,28,49,26,188,64,60,42,1513,203,27622,7856,957,32
2018,18097322601,1400000US18097322601,0.014620689655172414,0.3069719875161757,0.0020100209141160025,0.0,0.006921014144323768,0.0005623342175066312,0.011806614904468297,7.730849669676933e-05,0.0,0.0002661928517047603,0.0008275862068965517,0.05270297632640634,0.0001114658227096096,0.0,0.00037548419443314546,,,,,,,,,,,,,,,,,,,,,,,,,,,,
2018,18097322602,1400000US18097322602,0.0038620689655172414,0.203755347491817,0.0006734139401371614,0.0,0.001882729704731701,0.0005517241379310345,0.029107906784545286,9.620199144816591e-05,0.0,0.000268961386390243,0.0005517241379310345,0.052415391641927385,0.0001110333618255216,0.0,0.00027292721696177603,,,,,,,,,,,,,,,,,,,,,,,,,,,,
2018,18097322700,1400000US18097322700,0.009379310344827587,0.1595119890385933,0.0011751931545214186,0.0,0.004676894180776197,0.0005517241379310345,0.009383058178740782,6.912900908949521e-05,0.0,0.0002751114223985998,0.0005517241379310345,0.014132907056405573,8.205543146017842e-05,0.0,0.00027721547775681467,158,69,7,13,5,9,0,11,0,11,38,27,29,36,0,11,24,39,55,47,0,11,2050,268,49438,9519,1101,82
2018,18097330105,1400000US18097330105,0.011862068965517242,0.15465380223795389,0.0015462030536352886,0.0,0.005722555484120221,0.0006243194192377496,0.008139673801997573,8.137910808606783e-05,0.0,0.00030118713074316956,0.0016551724137931034,0.028058156352287433,8.803007075552024e-05,0.0,0.0006740880341323222,2010,170,53,61,176,109,473,243,441,189,236,124,222,144,77,80,34,42,231,112,67,55,5323,478,52378,4659,2908,101
2018,18097330106,1400000US18097330106,0.011310344827586208,0.133633934688285,0.0013463857953323372,0.0,0.004873857395424638,0.0006653144016227181,0.007860819687546176,7.919916443131395e-05,0.0,0.00028669749384850813,0.0008275862068965517,0.019317347948542285,8.120877278517981e-05,0.0,0.00037372997727038766,2215,205,15,25,174,139,204,107,282,198,402,188,216,157,413,185,133,107,362,148,14,23,3993,403,33620,4378,2827,126
2018,18097330211,1400000US18097330211,0.002206896551724138,0.024968105351297863,0.00028077776314392675,0.0,0.0010182392056645902,0.0005517241379310345,0.006242026337824466,7.019444078598169e-05,0.0,0.00025455980141614754,0.0005517241379310345,0.007062266879805131,7.268761661239678e-05,0.0,0.00026936907461983087,,,,,,,,,,,,,,,,,,,,,,,,,,,,
2018,18097330401,1400000US18097330401,0.0027586206896551726,0.06747362411509478,0.00040644442485674684,0.0,0.0009482837934957684,0.0005517241379310345,0.013494724823018955,8.128888497134937e-05,0.0,0.00018965675869915367,0.0005517241379310345,0.019838699855370328,8.166750000410408e-05,0.0,0.00021464267621746762,607,193,0,16,56,88,10,17,39,59,139,140,0,16,66,59,95,110,159,140,43,68,6173,425,89000,14295,2399,126
2018,18097330500,1400000US18097330500,0.005241379310344828,0.1265162518078709,0.0007382879394652949,0.0,0.0024189923672720487,0.0005823754789272031,0.014057361311985657,8.203199327392165e-05,0.0,0.0002687769296968943,0.0008275862068965517,0.027014006241912157,8.292025088516888e-05,0.0,0.00034036384768412466,1039,197,0,16,0,16,113,91,87,92,103,90,20,33,58,69,133,132,478,207,47,60,6635,850,41493,10929,2942,76
2018,18097330600,1400000US18097330600,0.0008275862068965517,0.012987896780086779,8.118372439801687e-05,0.0,0.0003313394605836282,0.0008275862068965517,0.012987896780086779,8.118372439801687e-05,0.0,0.0003313394605836282,0.0008275862068965517,0.012987896780086779,8.118372439801687e-05,0.0,0.0003313394605836282,779,164,0,16,56,48,29,34,115,84,81,73,13,22,73,97,71,66,284,135,57,70,6110,822,44778,6039,2222,112
2018,18097330803,1400000US18097330803,0.010206896551724139,0.20711905305625333,0.0016434408228501434,0.0,0.004918325427569737,0.0005670498084291188,0.011506614058680741,9.130226793611908e-05,0.0,0.00027324030153165203,0.0008275862068965517,0.026035548450940093,0.00012287846516438407,0.0,0.0003762466179578216,830,140,22,36,75,58,20,33,65,56,156,95,47,47,77,63,40,39,271,101,57,54,3890,556,29821,6606,1977,91
2018,18097330804,1400000US18097330804,0.0038620689655172414,0.02287721702062876,0.0004365257573339319,0.0,0.0019211248125117937,0.0005517241379310345,0.003268173860089823,6.236082247627599e-05,0.0,0.0002744464017873991,0.0005517241379310345,0.00488383953718505,6.63083746933159e-05,0.0,0.0002753980386317841,981,139,41,40,3,8,96,64,119,83,117,87,57,49,38,40,53,50,254,112,203,99,3084,482,21625,7762,1461,89
2018,18097330805,1400000US18097330805,0.008,0.09441470655400777,0.0009411278219375243,0.0,0.003810616419349531,0.0005714285714285715,0.006743907611000555,6.722341585268031e-05,0.0,0.0002721868870963951,0.0008275862068965517,0.014104057242901728,9.732749873054028e-05,0.0,0.00037546152244937917,1040,134,27,42,29,26,113,82,157,74,106,71,79,66,23,27,106,74,253,103,147,71,2571,408,23233,5018,1540,73
2018,18097330806,1400000US18097330806,0.00606896551724138,0.10065905457867093,0.0008477229556261198,0.0,0.0029328354593903087,0.0005517241379310345,0.009150823143515539,7.706572323873817e-05,0.0,0.000266621405399119,0.0005517241379310345,0.01618565882621603,0.00011092893919217923,0.0,0.00027404377660264614,1084,148,8,13,70,57,35,37,145,86,36,35,117,71,9,15,93,68,385,133,186,87,4003,575,25327,6634,1872,78
2018,18097330900,1400000US18097330900,0.008827586206896552,0.15089388749333943,0.0010987688946311983,0.0,0.004405308456709239,0.0005885057471264368,0.010059592499555962,7.325125964207988e-05,0.0,0.0002936872304472826,0.0008275862068965517,0.023697115018649618,8.545739506590004e-05,0.0,0.0004063161942224583,1709,233,17,26,67,72,160,114,149,106,179,97,173,137,203,151,137,115,395,165,229,142,5907,645,31327,3089,2720,98
2018,18097331000,1400000US18097331000,0.016551724137931035,0.4786272360508488,0.0022228817054898847,0.0,0.008047591934943494,0.0005707491082045184,0.01650438745002927,7.665109329275465e-05,0.0,0.0002775031701704653,0.0008275862068965517,0.037099337748344376,9.053101787496627e-05,0.0,0.00038498677550614013,586,165,29,28,47,51,93,75,28,38,53,55,57,48,44,45,70,60,114,65,51,55,4194,433,38570,3012,1940,65
2018,18097340101,1400000US18097340101,0.007172413793103448,0.04975945801933471,0.0008547574809569874,0.0,0.0030499053311254156,0.0005977011494252873,0.004146621501611225,7.122979007974894e-05,0.0,0.00025415877759378465,0.0008275862068965517,0.007819441272741113,7.16370023826285e-05,0.0,0.0003861191669806954,264,88,0,11,45,51,6,10,27,23,19,20,23,24,0,11,72,55,61,52,11,13,3795,273,62733,6740,1527,58
2018,18097340102,1400000US18097340102,0.007172413793103448,0.048760295349014236,0.0009232513241689133,0.0,0.0038358732707118423,0.0005517241379310345,0.003750791949924172,7.101933262837794e-05,0.0,0.0002950671746701417,0.0005517241379310345,0.009904544416533455,7.544233926336317e-05,0.0,0.00033608391578099627,1241,139,9,13,36,28,121,68,168,90,181,99,73,41,128,68,120,78,387,116,18,19,3633,492,34699,3458,2253,46
2018,18097340108,1400000US18097340108,0.005517241379310345,0.0578419730532085,0.0009028831283390201,0.0,0.002730678899393258,0.0005517241379310345,0.00578419730532085,9.028831283390201e-05,0.0,0.0002730678899393258,0.0005517241379310345,0.009350308289563828,9.59162850739279e-05,0.0,0.0002807616326520316,717,89,27,24,15,18,115,49,141,60,43,25,60,30,85,46,49,36,167,60,15,18,2375,326,30883,2434,1390,33
2018,18097340115,1400000US18097340115,0.007172413793103448,0.10280710969018803,0.001080106625996273,0.0,0.0032398307437396952,0.0005517241379310345,0.007908239206937541,8.308512507663638e-05,0.0,0.0002492177495184381,0.0005517241379310345,0.010479257060211617,8.414980531299646e-05,0.0,0.0002723369346681607,,,,,,,,,,,,,,,,,,,,,,,,,,,,
2018,18097340201,1400000US18097340201,0.013793103448275862,0.4537111212605618,0.0021354901159802513,0.0,0.006546002240016811,0.0005747126436781609,0.018904630052523408,8.897875483251048e-05,0.0,0.0002727500933340338,0.0008275862068965517,0.037813047118824696,9.728366143618407e-05,0.0,0.0002771328867623203,341,110,0,11,8,12,65,62,79,69,7,11,0,11,0,11,30,45,138,75,14,19,3480,398,50208,6918,1139,59
2018,18097340202,1400000US18097340202,0.021793103448275862,1.2534264291695212,0.0036405503214284396,0.0,0.009861168582933582,0.0006053639846743295,0.03481740081026448,0.00010112639781745665,0.0,0.0002739213495259328,0.001103448275862069,0.08104148587957677,0.00010575421932775609,0.0,0.0004684957252795377,1200,131,0,11,139,86,124,71,95,59,154,74,167,89,59,38,117,78,297,105,48,55,4349,420,33233,3151,2006,129
2018,18097340301,1400000US18097340301,0.007724137931034483,0.08061383877597625,0.0012123913198318788,0.0,0.003774914070749599,0.0005517241379310345,0.005758131341141161,8.659937998799134e-05,0.0,0.00026963671933925707,0.0005517241379310345,0.010926391109081222,9.545751563500898e-05,0.0,0.0002762741305783194,,,,,,,,,,,,,,,,,,,,,,,,,,,,
2018,18097340302,1400000US18097340302,0.007172413793103448,0.20671294816168076,0.0011948881007562704,0.0,0.0035756629812618347,0.0005517241379310345,0.015900996012436983,9.191446928894387e-05,0.0,0.00027505099855860266,0.0005517241379310345,0.020588871127350233,9.762242858991483e-05,0.0,0.00027737470634454377,,,,,,,,,,,,,,,,,,,,,,,,,,,,
2018,18097340400,1400000US18097340400,0.008827586206896552,0.13703098119814267,0.0013185190172532862,0.0,0.0041141338168285205,0.0005885057471264368,0.009135398746542844,8.790126781688574e-05,0.0,0.000274275587788568,0.001103448275862069,0.02573205450255005,9.304432178288801e-05,0.0,0.0004049721030962087,680,132,36,45,56,43,101,70,76,61,29,30,10,16,37,45,153,87,113,68,69,41,3781,590,41225,7968,1360,48
2018,18097340500,1400000US18097340500,0.007172413793103448,0.13109941386922433,0.0012232759875955433,0.0,0.0034810281225797976,0.0005517241379310345,0.01008457029763264,9.409815289196487e-05,0.0,0.00026777139404459983,0.0005517241379310345,0.016636827281723377,0.00010220413297521367,0.0,0.0002758315559952597,1164,138,9,14,47,48,177,87,256,103,139,84,108,87,12,19,63,43,353,113,0,16,5040,640,40783,4466,1972,70
2018,18097340600,1400000US18097340600,0.020137931034482758,1.010787698865799,0.0034644929951252357,0.0,0.009149734578846005,0.0005753694581280788,0.028879648539022824,9.898551414643531e-05,0.0,0.0002614209879670287,0.0008275862068965517,0.11130364619014996,0.00011814158558263423,0.0,0.00030001410014461616,922,131,32,27,81,63,93,48,120,71,52,35,74,47,44,37,93,64,312,85,21,24,5529,509,38661,6911,2075,65
2018,18097340700,1400000US18097340700,0.012413793103448277,0.5584865646646876,0.002092280329831045,0.0,0.005623177824930447,0.0005911330049261084,0.026594598317366075,9.963239665862119e-05,0.0,0.00026777037261573554,0.001103448275862069,0.11829078176143717,0.00011457806987490937,0.0,0.00030001410014461616,659,139,31,41,48,47,73,71,86,70,80,76,58,55,10,17,93,72,135,71,45,59,4189,583,36250,7383,1446,58
2018,18097340800,1400000US18097340800,0.001103448275862069,0.055496840983481774,0.00021523208627023232,0.0,0.0005487370111342116,0.0005517241379310345,0.027748420491740887,0.00010761604313511616,0.0,0.0002743685055671058,0.0005517241379310345,0.028843495470807643,0.00010954713242675209,0.0,0.0002765484842574578,135,62,5,8,0,11,28,32,31,20,5,8,19,21,18,22,4,7,7,9,18,28,1656,186,53542,8702,807,67
2018,18097340901,1400000US18097340901,0.002206896551724138,0.016762731217172873,0.0002975760347025018,0.0,0.001094215132507959,0.0005517241379310345,0.004190682804293218,7.439400867562545e-05,0.0,0.00027355378312698974,0.0005517241379310345,0.004991398340564817,7.588539483708464e-05,0.0,0.00027538517580385716,177,94,0,11,0,11,18,26,26,31,78,76,8,14,0,11,0,11,27,26,20,23,3745,279,70100,11965,1396,39
2018,18097340903,1400000US18097340903,0.001103448275862069,0.011585141204232322,0.00015492007194965626,0.0,0.0005261763716900307,0.0005517241379310345,0.005792570602116161,7.746003597482813e-05,0.0,0.00026308818584501535,0.0005517241379310345,0.0060596787698865805,7.79945653929608e-05,0.0,0.0002672729829737588,,,,,,,,,,,,,,,,,,,,,,,,,,,,
2018,18097340904,1400000US18097340904,0.012965517241379312,0.5466020400395829,0.002142923663713306,0.0,0.006225998351291538,0.0005637181409295352,0.023765306088677517,9.317059407449156e-05,0.0,0.00027069558049093646,0.0008275862068965517,0.07928682347567938,0.000106948476397954,0.0,0.0003070176601673678,,,,,,,,,,,,,,,,,,,,,,,,,,,,
2018,18097341000,1400000US18097341000,0.012965517241379312,0.8656656770952272,0.0021999377148731445,0.0,0.006488647172249404,0.0005637181409295352,0.037637638134575095,9.564946586404976e-05,0.0,0.0002821150944456263,0.0008275862068965517,0.08222935221131157,0.00011226739071831878,0.0,0.00037546856725240255,184,69,24,31,13,15,11,12,8,9,4,7,12,12,47,43,18,16,31,22,16,14,1755,161,75000,6792,814,68
2018,18097341100,1400000US18097341100,0.007724137931034483,0.2838080992616275,0.001146220363447221,0.0,0.003675249506673703,0.0005941644562334218,0.02183139225089442,8.817079718824776e-05,0.0,0.00028271150051336177,0.0008275862068965517,0.08362548527060973,0.00011454965739480803,0.0,0.00029887056951539195,347,88,6,9,18,21,46,31,31,27,65,60,24,36,7,10,18,20,124,56,8,12,2210,349,32244,8745,983,34
2018,18097341200,1400000US18097341200,0.008275862068965517,0.10324906751922053,0.0013157171887339255,0.0,0.004108706519556575,0.0005517241379310345,0.0068832711679480355,8.771447924892836e-05,0.0,0.00027391376797043836,0.0005517241379310345,0.016697419502169446,0.00011275803633161595,0.0,0.0002835105271692329,478,86,5,8,23,25,19,19,85,42,6,10,7,10,24,27,66,44,179,70,64,41,2493,386,24250,7509,1149,37
2018,18097341600,1400000US18097341600,0.008827586206896552,0.10990553398797291,0.0012985072732769627,0.0,0.004384329283663817,0.0005517241379310345,0.006869095874248307,8.115670457981017e-05,0.0,0.00027402058022898854,0.0005517241379310345,0.01378769886579889,9.19066865334104e-05,0.0,0.00027705555985751675,498,87,34,51,88,71,3,6,54,42,29,26,35,27,38,40,22,27,136,67,59,35,2058,245,26887,7666,1032,44
2018,18097341701,1400000US18097341701,0.008827586206896552,0.14576798355788995,0.0011987099615970442,0.0,0.004415148240448212,0.0005517241379310345,0.009110498972368122,7.491937259981526e-05,0.0,0.0002759467650280133,0.0005517241379310345,0.021085331506432214,8.182288352722476e-05,0.0,0.00027676824876877266,,,,,,,,,,,,,,,,,,,,,,,,,,,,
2018,18097341702,1400000US18097341702,0.011862068965517242,0.10662297328157114,0.0015525695179452474,0.0,0.0060008990935854125,0.0005648604269293925,0.0050772844419795776,7.393188180691654e-05,0.0,0.00028575709969454345,0.0008275862068965517,0.018739285986146,8.452647019498593e-05,0.0,0.00037549299317969626,,,,,,,,,,,,,,,,,,,,,,,,,,,,
2018,18097341902,1400000US18097341902,0.002206896551724138,0.04489624724061811,0.0003122635233656671,0.0,0.0010955498637357439,0.0005517241379310345,0.011224061810154527,7.806588084141678e-05,0.0,0.00027388746593393597,0.0005517241379310345,0.012019791428788918,7.970609980333889e-05,0.0,0.0002790447301747027,277,81,0,11,11,17,47,37,39,49,30,36,20,24,0,11,5,13,107,56,18,29,3641,322,56050,5863,1674,39
2018,18097341903,1400000US18097341903,0.0027586206896551726,0.018584684478952576,0.00035147340489119483,0.0,0.0013785355034143672,0.0005517241379310345,0.0037169368957905152,7.029468097823897e-05,0.0,0.0002757071006828734,0.0005517241379310345,0.00432967953109538,7.130505613156163e-05,0.0,0.0002766916600956604,1709,210,18,32,65,73,326,187,214,102,97,77,271,156,98,75,138,116,332,160,150,122,5703,908,31548,2543,2481,70
2018,18097341904,1400000US18097341904,0.0027586206896551726,0.04484433280048718,0.00038379792585476087,0.0,0.0012818368030631552,0.0005517241379310345,0.008968866560097436,7.675958517095217e-05,0.0,0.00025636736061263103,0.0005517241379310345,0.013617416457334247,8.326192853691197e-05,0.0,0.0002757774619409672,697,64,30,24,19,15,65,29,143,63,75,37,65,39,86,53,79,53,135,60,0,11,2388,239,35994,2563,960,43
2018,18097342000,1400000US18097342000,0.008275862068965517,0.06824632716754206,0.0006775262590943035,0.0,0.004110485817393188,0.0005517241379310345,0.004549755144502804,4.516841727295357e-05,0.0,0.00027403238782621256,0.0005517241379310345,0.007133135419045445,4.762849769189227e-05,0.0,0.00027580625767673273,223,119,0,16,33,38,17,28,53,59,48,58,0,16,0,16,42,62,16,27,14,23,6810,620,64345,3551,2212,56
2018,18097342101,1400000US18097342101,0.005517241379310345,0.07964603790819821,0.0004973279252425731,0.0,0.002758432826557031,0.0005517241379310345,0.007964603790819822,4.973279252425731e-05,0.0,0.0002758432826557031,0.0005517241379310345,0.009817157646342393,5.155934306118554e-05,0.0,0.00027585065445567776,536,164,0,16,0,16,47,39,23,25,68,45,103,78,22,22,61,69,204,105,8,13,5682,497,47377,14597,1897,40
2018,18097342200,1400000US18097342200,0.004965517241379311,0.09397746821953262,0.0004848715602649969,0.0,0.0024826558901011,0.0005517241379310345,0.010441940913281402,5.387461780722188e-05,0.0,0.00027585065445567776,0.0005517241379310345,0.011964375428179951,5.588850750904492e-05,0.0,0.00027585065445567776,1094,134,25,39,61,45,147,81,104,56,95,51,226,133,87,50,61,81,186,97,102,75,5738,581,33647,3104,2054,98
2018,18097342300,1400000US18097342300,0.008827586206896552,0.19610139301210325,0.001700299932918735,0.0,0.004404819243183101,0.0005517241379310345,0.012256337063256453,0.00010626874580742094,0.0,0.0002753012026989438,0.0005517241379310345,0.016396818147217784,0.00011211083728507456,0.0,0.00027585065445567776,813,215,18,29,50,72,93,83,85,69,118,122,44,44,26,42,97,80,267,156,15,23,6781,676,36188,5188,2611,98
2018,18097342400,1400000US18097342400,0.013241379310344827,0.31938920605922205,0.0026936795232852884,0.0,0.006620408943592838,0.0005517241379310345,0.01330788358580092,0.00011223664680355368,0.0,0.0002758503726497016,0.0005517241379310345,0.020653954479713788,0.00011944895480893505,0.0,0.00027585065445567776,304,63,47,43,31,32,32,36,45,37,22,18,51,44,6,10,16,17,50,28,4,6,1435,220,35000,9727,644,34
2018,18097342500,1400000US18097342500,0.014344827586206896,0.39543046357615896,0.0016631346813548301,0.0,0.007172106692778598,0.0005517241379310345,0.015208863983698421,6.39667185136473e-05,0.0,0.00027585025741456146,0.0005517241379310345,0.018939331658673977,7.350288801329822e-05,0.0,0.00027585065445567776,630,130,0,11,25,28,73,51,37,33,77,63,59,40,64,63,66,51,193,99,36,41,4681,439,35460,4189,1842,75
2018,18097342600,1400000US18097342600,0.008275862068965517,0.29746083580726196,0.001509012437043057,0.0,0.004126679932208719,0.0005517241379310345,0.019830722387150796,0.0001006008291362038,0.0,0.0002751119954805813,0.0005517241379310345,0.022781685316282257,0.00012348917586139127,0.0,0.00027585065445567776,664,104,0,11,28,22,69,72,18,21,129,85,59,48,91,60,65,65,205,95,0,11,3495,317,28546,5129,1455,74
2018,18097350100,1400000US18097350100,0.008551724137931035,0.18748938113724595,0.0014963059708394191,0.0,0.004114668605791949,0.0006108374384236453,0.013392098652660426,0.00010687899791710137,0.0,0.00029390490041371066,0.0008275862068965517,0.0474599984775824,0.00011240431210154935,0.0,0.0004446765684945474,259,76,10,15,33,28,10,13,0,11,58,48,37,34,12,11,22,29,65,45,12,15,1296,200,31800,6904,789,48
2018,18097350300,1400000US18097350300,0.01103448275862069,0.24160828195173936,0.0015884887539917769,0.0,0.0053603678506337306,0.0006130268199233717,0.013422682330652186,8.824937522176538e-05,0.0,0.00029779821392409615,0.001103448275862069,0.028351221740123316,9.752925745224065e-05,0.0,0.0004128294873676776,1259,128,47,47,28,24,70,61,111,60,154,77,86,55,115,86,150,88,355,118,143,78,2525,420,19972,2391,1984,64
2018,18097350400,1400000US18097350400,0.014344827586206896,0.3905787470503159,0.00214958614712642,0.0,0.006725595056041358,0.0005737931034482758,0.015623149882012638,8.59834458850568e-05,0.0,0.0002690238022416543,0.0008275862068965517,0.05053444469818071,0.00012097056368245148,0.0,0.00040840938491238326,437,109,0,11,54,52,43,33,34,25,34,52,37,43,6,10,41,39,179,82,9,15,2876,355,47000,2648,1373,56
2018,18097350500,1400000US18097350500,0.013517241379310345,0.29435997564131844,0.002121176771630479,0.0,0.006878132027783964,0.0005632183908045977,0.012264998985054934,8.838236548460328e-05,0.0,0.0002865888344909985,0.0008275862068965517,0.05302237953870747,0.00011195370277070001,0.0,0.00037548152343886006,480,92,6,9,65,45,30,26,53,36,55,39,5,7,16,14,48,33,120,59,82,53,2262,341,24939,4393,1239,51
2018,18097350600,1400000US18097350600,0.020413793103448277,0.16292677171348102,0.0027252855739584116,0.0,0.010223271444872246,0.0005517241379310345,0.004403426262526514,7.365636686374086e-05,0.0,0.00027630463364519583,0.0005517241379310345,0.015021009362868236,0.00010048716093870669,0.0,0.00028375314182904756,836,197,50,71,24,30,54,54,24,35,16,24,78,73,48,61,44,51,435,174,63,57,4728,653,29107,7156,2293,80
2018,18097350700,1400000US18097350700,0.018758620689655173,0.9161002511989039,0.003211481343190259,0.0,0.009377865422882261,0.0005517241379310345,0.02694412503526188,9.445533362324291e-05,0.0,0.00027581957126124296,0.0005517241379310345,0.06465106188627541,0.00013446479252756115,0.0,0.0002758842087067539,205,73,0,11,18,20,0,11,6,12,19,21,4,8,5,7,10,12,119,50,24,27,1366,298,22708,3844,805,37
2018,18097350800,1400000US18097350800,0.01710344827586207,0.7685248534673061,0.003069862177244605,0.0,0.008219260531899562,0.0005517241379310345,0.024791124305396973,9.90278121691808e-05,0.0,0.0002651374365128891,0.0005517241379310345,0.06197312932937505,0.0001303775340079882,0.0,0.0003064686888974106,507,91,0,11,9,14,15,19,48,31,29,27,0,11,27,25,117,56,181,71,81,47,1941,285,19089,2255,1164,59
2018,18097350900,1400000US18097350900,0.009931034482758621,0.5150084494176753,0.001589294152664228,0.0,0.004950546055854181,0.0005841784989858012,0.03029461467162796,9.348789133318988e-05,0.0,0.00029120859152083415,0.0008275862068965517,0.08278792722843877,0.00012781897714986593,0.0,0.0004021271030080567,273,66,0,11,18,16,13,14,31,23,32,25,13,21,24,22,57,42,56,29,29,28,1464,312,38036,9417,867,47
2018,18097351000,1400000US18097351000,0.011310344827586208,0.5566710816777042,0.002073993663216744,0.0,0.005357840345250687,0.0005655172413793104,0.027833554083885208,0.00010369968316083721,0.0,0.0002678920172625344,0.0008275862068965517,0.05276265509629292,0.00012417605358942008,0.0,0.0003750292602249509,568,141,0,11,8,12,72,54,51,33,96,78,56,63,63,60,54,53,136,88,32,41,2554,289,27609,4919,1520,93
2018,18097351200,1400000US18097351200,0.020137931034482758,0.9812850726954404,0.0036213559876898758,0.0,0.009157819262800255,0.0006102403343782654,0.029735911293801223,0.00010973806023302653,0.0,0.00027750967463031076,0.001103448275862069,0.0866210702595722,0.00011948796347217513,0.0,0.0004963365326091262,589,95,6,11,12,12,25,23,42,34,32,29,70,54,38,33,116,54,222,79,26,32,2523,444,23712,5029,1509,70
2018,18097351500,1400000US18097351500,0.013793103448275862,0.7855483748192129,0.002449058827475882,0.0,0.0063720520345367055,0.0005997001499250374,0.03415427716605274,0.00010648081858590792,0.0,0.00027704574063203065,0.0008275862068965517,0.06831316130014463,0.00012262948726364653,0.0,0.0004022850032398305,617,84,6,8,45,38,79,37,104,54,43,27,41,35,0,11,82,50,177,57,40,24,1940,344,37419,8992,1111,44
2018,18097351600,1400000US18097351600,0.009379310344827587,0.24741782751008604,0.0015168819632375998,0.0,0.004056270360719438,0.0006252873563218391,0.016494521834005734,0.00010112546421583998,0.0,0.0002704180240479625,0.0008275862068965517,0.03658902336911015,0.00011301243323398977,0.0,0.00037588309918499266,439,84,22,22,71,49,117,51,46,32,8,9,4,6,18,17,12,11,110,53,31,28,2340,234,56420,10323,1279,47
2018,18097351700,1400000US18097351700,0.020965517241379312,0.6700736088909188,0.0034081344177103634,0.0,0.010573510497387554,0.0005666356011183597,0.0181100975375924,9.211174101919902e-05,0.0,0.0002857705539834474,0.0008275862068965517,0.06996955164801706,0.00012364512193623224,0.0,0.00037801383545332795,438,150,0,11,0,11,27,28,67,52,58,56,59,55,19,23,33,45,110,64,65,79,2352,469,43733,8159,1573,66
2018,18097351900,1400000US18097351900,0.013241379310344827,0.9943793864657076,0.002476204826481182,0.0,0.006619469716950867,0.0005517241379310345,0.04143247443607115,0.00010317520110338259,0.0,0.0002758112382062861,0.0005517241379310345,0.0720041105275177,0.00012641401552962981,0.0,0.00027585811618964815,557,86,23,32,22,29,17,17,28,27,59,39,48,38,43,42,20,24,116,64,181,73,2424,277,23299,8319,1156,33
2018,18097352100,1400000US18097352100,0.016551724137931035,0.8305696125447211,0.002777501792890209,0.0,0.008274183406718809,0.0005517241379310345,0.0276856537514907,9.25833930963403e-05,0.0,0.00027580611355729364,0.0005517241379310345,0.07335175458628303,0.00012831668867537019,0.0,0.0002758513126385615,431,89,0,11,13,14,17,18,30,25,28,29,67,37,24,24,56,43,123,53,73,51,2104,330,24800,5087,1172,45
2018,18097352300,1400000US18097352300,0.007724137931034483,0.6528353505366522,0.0014990156139997066,0.0,0.0038617579902915106,0.0005517241379310345,0.04663109646690373,0.0001070725438571219,0.0,0.0002758398564493936,0.0005517241379310345,0.07482530258049784,0.0001362398077594438,0.0,0.00027585065445567776,272,69,0,11,0,11,15,22,29,22,50,35,15,20,34,37,14,19,67,38,48,38,1112,167,27697,4279,762,41
2018,18097352400,1400000US18097352400,0.011586206896551725,0.6798763796909493,0.0024785824316307693,0.0,0.005741817062052557,0.0005517241379310345,0.032375065699569015,0.00011802773483956044,0.0,0.0002734198600977408,0.0005517241379310345,0.04655385552256985,0.00012361614334114958,0.0,0.00027585065445567776,874,147,8,13,23,27,47,51,53,41,136,85,61,47,62,71,166,95,174,79,144,96,3145,468,32238,2972,1521,45
2018,18097352500,1400000US18097352500,0.009379310344827587,0.1648310877673746,0.0015977603209342528,0.0,0.004637984211811262,0.0005517241379310345,0.00969594633925733,9.398590123142663e-05,0.0,0.0002728226006947801,0.0005517241379310345,0.02314021466088148,0.00011582505398547071,0.0,0.00027607518107399085,569,113,25,25,10,14,77,59,65,49,13,17,27,37,19,18,85,64,167,77,81,68,2685,319,31667,11108,1690,36
2018,18097352600,1400000US18097352600,0.02206896551724138,1.0939326330212378,0.004528798338151804,0.0,0.01052848747947909,0.000565870910698497,0.028049554692852252,0.00011612303431158471,0.0,0.0002699612174225408,0.0008275862068965517,0.05969460302961103,0.0001327243379403195,0.0,0.00036903490762054596,760,129,9,14,17,19,55,47,88,63,79,57,20,32,30,37,64,42,278,83,120,70,3436,445,23576,5089,1975,62
2018,18097352700,1400000US18097352700,0.019862068965517243,1.560805587272589,0.004329425171203671,0.0,0.009488729298371065,0.0005841784989858012,0.04590604668448791,0.00012733603444716677,0.0,0.0002790802734815019,0.0008275862068965517,0.06874362487630357,0.0001433857150582166,0.0,0.0003691447013416301,669,144,0,11,38,38,49,53,86,79,121,61,4,9,22,35,68,58,110,72,171,96,2545,393,31647,6970,1492,85
2018,18097352800,1400000US18097352800,0.008827586206896552,0.2938157874705032,0.0013894365313859194,0.0,0.004388281625448731,0.0005517241379310345,0.01836348671690645,8.683978321161996e-05,0.0,0.0002742676015905457,0.0005517241379310345,0.054342087234528436,0.00011399497893097539,0.0,0.00027585065445567776,249,57,25,28,5,8,0,11,11,14,65,44,53,41,26,29,25,26,28,26,11,12,999,194,29441,2530,683,49
2018,18097353300,1400000US18097353300,0.022344827586206897,1.274873030372231,0.003963640073812339,0.0,0.010410688884851813,0.000588021778584392,0.03354929027295345,0.00010430631773190365,0.0,0.00027396549696978454,0.001103448275862069,0.15164816929283703,0.000130434296342381,0.0,0.0004051362765836939,1295,116,29,37,93,45,263,103,192,76,215,86,111,68,60,35,49,31,206,85,77,58,2404,244,36179,3179,1918,57
2018,18097353500,1400000US18097353500,0.016551724137931035,0.33911692167161456,0.0029311850610628915,0.0,0.007870697486920139,0.0005517241379310345,0.011303897389053819,9.770616870209639e-05,0.0,0.000262356582897338,0.0005517241379310345,0.11393834208723454,0.0001240214620394422,0.0,0.0002847371638709036,901,98,31,32,38,44,49,45,82,45,203,96,69,47,0,11,32,29,305,105,92,74,2510,329,23773,7852,1199,62
2018,18097353600,1400000US18097353600,0.024551724137931035,0.8435560630280887,0.004391007346232896,0.0,0.011936074263687684,0.0005579937304075235,0.019171728705183834,9.97956215052931e-05,0.0,0.000271274415083811,0.0008275862068965517,0.11317652432062116,0.00012226229833132624,0.0,0.000311916207269538,774,110,0,11,7,10,55,52,57,34,38,37,7,10,51,42,67,41,414,103,78,42,3128,409,21717,2422,1533,63
2018,18097354201,1400000US18097354201,0.024551724137931035,1.6195826292151938,0.004119702088109321,0.0,0.009766133859084269,0.0008183908045977012,0.05398608764050646,0.0001373234029369774,0.0,0.00032553779530280894,0.003310344827586207,0.3850812970997945,0.00015792338462270388,0.0,0.0010662167079741967,,,,,,,,,,,,,,,,,,,,,,,,,,,,
2018,18097354202,1400000US18097354202,0.021517241379310346,1.0801502626170358,0.004249635941610436,0.0,0.009733131471922722,0.0006147783251231528,0.03086143607477245,0.00012141816976029818,0.0,0.0002780894706263635,0.0008275862068965517,0.11500784045063561,0.00015079666566921118,0.0,0.00040060996384545995,,,,,,,,,,,,,,,,,,,,,,,,,,,,
2018,18097354400,1400000US18097354400,0.008551724137931035,0.27986930044911323,0.0018143155953032049,0.0,0.0041498919187386955,0.0005701149425287357,0.018657953363274214,0.00012095437302021366,0.0,0.0002766594612492464,0.0008275862068965517,0.05417256603486337,0.0001444811927558447,0.0,0.00032170000140163886,297,50,4,6,44,29,25,25,40,22,34,24,26,27,6,9,7,10,106,41,5,7,1411,120,77250,15138,801,54
2018,18097354500,1400000US18097354500,0.006620689655172414,0.13658704422623127,0.0012698454285806368,0.0,0.0033355854063226473,0.0005517241379310345,0.011382253685519273,0.00010582045238171973,0.0,0.00027796545052688725,0.0005517241379310345,0.03654776585217325,0.0001263001462913974,0.0,0.00028655228311757146,641,86,17,27,11,12,87,35,42,28,65,38,62,42,24,21,91,43,153,54,89,44,2276,270,30408,3542,1295,49
2018,18097354700,1400000US18097354700,0.003310344827586207,0.07949775443404127,0.0006567939230674962,0.0,0.0016948215694850834,0.0005517241379310345,0.013249625739006878,0.0001094656538445827,0.0,0.00028247026158084726,0.0005517241379310345,0.03593544949379615,0.00011884696071349073,0.0,0.0003070901883560428,324,48,9,15,10,16,11,15,0,11,33,29,15,19,32,35,55,37,109,45,50,38,1485,267,21420,13176,778,42
2018,18097354800,1400000US18097354800,0.006344827586206896,0.21178587196467993,0.001261155519286441,0.0,0.0027235765024327683,0.0005768025078369906,0.019253261087698176,0.00011465050175331282,0.0,0.00024759786385752437,0.0008275862068965517,0.039862982416076734,0.00011894587227361648,0.0,0.0003317601679717326,333,69,12,18,16,15,20,14,5,7,7,11,28,26,2,4,62,38,133,62,48,32,1499,243,23068,6927,934,49
2018,18097354900,1400000US18097354900,0.004965517241379311,0.05324762122250134,0.0008711497710908534,0.0,0.002482995949973287,0.0005517241379310345,0.005916402358055704,9.679441901009482e-05,0.0,0.0002758884388859208,0.0005517241379310345,0.008308289563827358,0.0001045539451669883,0.0,0.0002760773858924318,738,90,13,14,63,38,49,37,25,25,39,32,53,39,28,20,54,39,243,68,171,77,2955,360,21722,4769,1403,59
2018,18097355000,1400000US18097355000,0.008551724137931035,0.20339316434497984,0.0016510047910883716,0.0,0.004099491502172572,0.0005701149425287357,0.013559544289665323,0.0001100669860725581,0.0,0.00027329943347817145,0.0008275862068965517,0.023563446753444472,0.00013016437916273842,0.0,0.0003778587141893249,516,87,0,11,50,36,13,19,48,33,29,26,7,8,66,50,37,28,169,63,97,55,2234,359,19797,6576,1200,62
2018,18097355100,1400000US18097355100,0.00910344827586207,0.1457007688208876,0.0018615383843409998,0.0,0.00458571794204088,0.0005689655172413793,0.009106298051305474,0.00011634614902131249,0.0,0.000286607371377555,0.0008275862068965517,0.025711349623201644,0.00014774685154509505,0.0,0.00037862850220148097,534,77,14,14,13,15,80,43,56,33,47,32,88,52,14,23,26,20,132,54,64,36,1797,294,25066,4074,1042,58
2018,18097355300,1400000US18097355300,0.005517241379310345,0.03270883763416305,0.0008685107055950442,0.0,0.002755682045639512,0.0005517241379310345,0.0032708837634163055,8.685107055950442e-05,0.0,0.0002755682045639512,0.0005517241379310345,0.0062942833219152014,9.815645438274817e-05,0.0,0.00027585065445567776,609,120,7,14,8,14,64,70,90,48,63,46,54,42,28,35,54,52,170,74,71,63,2353,326,38861,4220,1430,31
2018,18097355400,1400000US18097355400,0.008275862068965517,0.04785049859176373,0.0013549230870846076,0.0,0.00414755091961538,0.0005517241379310345,0.003190033239450915,9.032820580564051e-05,0.0,0.00027650339464102536,0.0005517241379310345,0.006126969627768897,0.00010316374025912317,0.0,0.0002782269432313597,775,134,0,11,126,83,50,49,80,53,37,50,68,71,32,52,84,62,125,65,173,105,2840,440,31042,11760,1606,61
2018,18097355500,1400000US18097355500,0.01213793103448276,2.099509248686915,0.0031973174737850497,0.0,0.005618715456564429,0.0005517241379310345,0.09543223857667794,0.00014533261244477499,0.0,0.00025539615711656495,0.0005517241379310345,0.21036941463043313,0.00015215724885024563,0.0,0.00027587375394823874,615,153,0,11,49,43,91,61,123,84,130,80,62,56,27,31,41,37,38,40,54,48,3726,460,43780,6754,1676,55
2018,18097355600,1400000US18097355600,0.018758620689655173,2.360759229656695,0.0043101996354062335,0.0,0.009396115864431065,0.0006051167964404895,0.07615352353731274,0.0001390386979163301,0.0,0.0003031005117558408,0.0008275862068965517,0.26533318109157344,0.00015506149820134534,0.0,0.00038406528512013275,426,95,9,16,19,21,22,19,71,53,3,6,5,8,63,49,64,47,86,47,84,57,1946,262,25846,7238,1047,26
2018,18097355700,1400000US18097355700,0.01820689655172414,2.280545329984015,0.004567846663500372,0.0,0.00877002071749179,0.0005517241379310345,0.06910743424193984,0.00013841959586364765,0.0,0.00026575820356035726,0.0005517241379310345,0.216689274568014,0.0001558609510426322,0.0,0.0003094562647030044,546,91,15,16,63,45,8,10,48,35,32,30,23,16,16,22,56,39,198,74,87,55,2199,315,23817,2831,1199,56
2018,18097355900,1400000US18097355900,0.007724137931034483,1.2098833066910255,0.0018068227608378192,0.0,0.0037649160621431622,0.0005941644562334218,0.09306794666854043,0.0001389863662182938,0.0,0.0002896089278571663,0.0008275862068965517,0.21757562609423767,0.0001569630513797722,0.0,0.00039246713200852566,410,87,33,23,33,26,42,30,55,30,33,27,25,24,14,13,29,18,108,48,38,26,2160,266,43083,8948,1290,38
2018,18097356200,1400000US18097356200,0.03310344827586207,2.2482010352439676,0.0068715351721075615,0.0,0.010853276644839259,0.000719640179910045,0.0488739355487819,0.00014938119939364265,0.0,0.0002359407966269404,0.0013793103448275863,0.28785049859176376,0.00015767806493132905,0.0,0.00044820685453229994,674,81,32,23,71,46,141,55,129,42,41,25,58,30,36,37,44,25,106,46,16,16,4041,308,70893,5198,1178,46
2018,18097356400,1400000US18097356400,0.020413793103448277,0.713005404582477,0.003961699408080473,0.0,0.009793990679489165,0.0005670498084291188,0.01980570568284658,0.00011004720578001315,0.0,0.00027205529665247683,0.0008275862068965517,0.028630965973966662,0.000136148133812902,0.0,0.00036099547898938496,874,154,15,16,63,40,30,28,91,65,165,80,48,48,105,65,27,21,267,112,63,42,3474,503,28626,2938,1807,105
2018,18097356900,1400000US18097356900,0.009379310344827587,0.1900844941767527,0.002276448884285885,0.0,0.004548051836753091,0.0005517241379310345,0.011181440833926628,0.0001339087578991697,0.0,0.00026753246098547593,0.0005517241379310345,0.01488094694374667,0.00014537831909298979,0.0,0.0002749909726192417,478,87,6,9,39,27,66,41,42,33,30,20,57,40,69,41,65,45,93,53,11,12,2424,302,29962,5292,1222,73
2018,18097357000,1400000US18097357000,0.008275862068965517,0.17908578823171195,0.0018570477215899511,0.0,0.00369127839949189,0.0005911330049261084,0.012791842016550854,0.00013264626582785364,0.0,0.0002636627428208493,0.0008275862068965517,0.01872741112887265,0.00014718773840763878,0.0,0.0003653127633462856,412,90,5,8,25,18,49,33,14,12,53,35,28,26,21,25,51,34,133,57,33,29,2353,338,31250,8541,1207,37
2018,18097357100,1400000US18097357100,0.009931034482758621,0.14179287508563598,0.002241567561120282,0.0,0.004846341523732701,0.0005517241379310345,0.007877381949202,0.000124531531173349,0.0,0.0002692411957629278,0.0005517241379310345,0.017049630813732206,0.00013308838933975194,0.0,0.00030980194217171024,340,75,0,11,9,10,50,38,64,39,30,22,43,27,25,30,22,21,81,43,16,15,2014,309,41395,3593,1136,42
2018,18097357200,1400000US18097357200,0.009931034482758621,0.3236075968638198,0.00221571928735766,0.0,0.004952610491645442,0.0005517241379310345,0.017978199825767767,0.00012309551596431445,0.0,0.00027514502731363564,0.0005517241379310345,0.05505762350612774,0.0001471631183769826,0.0,0.00027582226810591855,460,111,0,11,7,11,26,26,64,51,79,49,55,50,45,43,29,32,103,66,52,54,2430,398,28646,5390,1506,91
2018,18097357300,1400000US18097357300,0.014896551724137931,0.7120670624952424,0.003418777498743873,0.0,0.007434079001046347,0.0005517241379310345,0.02637285416649046,0.00012662138884236566,0.0,0.00027533625929801285,0.0005517241379310345,0.09771469894191977,0.00014894468712993306,0.0,0.00027584942995995717,586,77,0,11,58,42,57,46,34,28,48,35,41,40,34,21,41,38,271,82,2,5,2298,309,20709,2638,1053,30
2018,18097357400,1400000US18097357400,0.012689655172413794,0.06598774453832687,0.0024350846037011604,0.0,0.006291892788053938,0.0005517241379310345,0.002869032371231603,0.00010587324363918089,0.0,0.00027356055600234513,0.0005517241379310345,0.00943487858719647,0.00012330761421437754,0.0,0.0002767760342086174,946,137,45,36,58,53,89,52,61,65,111,90,44,55,42,47,63,53,354,140,79,68,4801,537,23424,10935,1897,37
2018,18097357500,1400000US18097357500,0.016275862068965516,0.17129999238791202,0.003184863683203707,0.0,0.007891495276891395,0.000602809706257982,0.00634444416251526,0.0001179579141927299,0.0,0.00029227760284782946,0.0008275862068965517,0.018388444850422472,0.0001286787687634912,0.0,0.000404934836550362,334,82,9,14,6,10,28,25,59,52,15,16,17,25,16,18,14,16,122,53,48,34,4187,204,41250,2860,1654,138
2018,18097357601,1400000US18097357601,0.009931034482758621,0.5262467077719418,0.002347966769604914,0.0,0.004666594166264871,0.0005517241379310345,0.029235928209552325,0.00013044259831138412,0.0,0.0002592552314591595,0.0005517241379310345,0.09603166628606227,0.00014454801382993114,0.0,0.00027585008686862146,,,,,,,,,,,,,,,,,,,,,,,,,,,,
2018,18097357602,1400000US18097357602,0.006896551724137931,0.6277634163050925,0.001554650462303821,0.0,0.003217772884425046,0.0005747126436781609,0.05231361802542437,0.00012955420519198508,0.0,0.0002681477403687538,0.0008275862068965517,0.09561619852325494,0.0001435017715461504,0.0,0.0003691866404230212,,,,,,,,,,,,,,,,,,,,,,,,,,,,
2018,18097357800,1400000US18097357800,0.009379310344827587,0.17488954860318187,0.0021965276979417745,0.0,0.00457294711706157,0.0005517241379310345,0.010287620506069522,0.0001292075116436338,0.0,0.00026899688923891587,0.0005517241379310345,0.015082743396513665,0.00013777942690007414,0.0,0.0002758491590370426,337,77,0,11,4,6,36,29,67,52,31,23,4,8,8,12,82,53,82,38,23,26,1803,220,41810,5817,981,31
2018,18097357900,1400000US18097357900,0.025931034482758623,0.42598211159321003,0.0056099250439120545,0.0,0.012630725199099387,0.0005637181409295352,0.009260480686808913,0.00012195489225895771,0.0,0.00027458098258911713,0.001103448275862069,0.031144477430159093,0.00013475622741144052,0.0,0.0004719309646932321,573,137,0,11,35,33,71,59,49,32,86,69,113,77,103,70,25,23,68,53,23,21,3511,490,45125,3805,2036,67
2018,18097358000,1400000US18097358000,0.007724137931034483,0.07277635685468524,0.0018202848999662356,0.0,0.0038056679723568578,0.0005517241379310345,0.005198311203906089,0.00013002034999758826,0.0,0.0002718334265969184,0.0005517241379310345,0.008004262769277614,0.0001370460624097836,0.0,0.0002759087357640448,224,54,0,11,13,12,31,30,44,30,0,11,0,11,0,11,0,11,123,54,13,13,1442,251,33047,7668,664,19
2018,18097358100,1400000US18097358100,0.006620689655172414,0.255944583999391,0.0015112402708927343,0.0,0.0033090551128168904,0.0005517241379310345,0.021328715333282584,0.0001259366892410612,0.0,0.00027575459273474086,0.0005517241379310345,0.025972824845855218,0.00013008749706152614,0.0,0.00027585065445567776,565,148,0,11,71,68,50,40,74,72,28,27,8,32,71,66,79,66,175,83,9,14,2934,437,30595,8931,1394,69
2018,18097360101,1400000US18097360101,0.011586206896551725,0.8952550049478573,0.0023743925954023415,0.0,0.0057353365514020965,0.0005517241379310345,0.04263119071180273,0.00011306631406677816,0.0,0.0002731112643524808,0.0005517241379310345,0.07633112582781457,0.0001327322394847743,0.0,0.00027585065445567776,735,91,16,25,9,13,69,49,64,45,67,42,30,27,8,14,83,51,298,102,91,59,2402,331,16464,1933,1286,42
2018,18097360102,1400000US18097360102,0.016551724137931035,0.8263150643221436,0.003048098899475029,0.0,0.008266522237499125,0.0005517241379310345,0.02754383547740479,0.00010160329664916764,0.0,0.0002755507412499708,0.0005517241379310345,0.06782005023978077,0.00013964080655807094,0.0,0.00027880448417864174,586,125,11,24,0,11,13,16,81,89,25,40,14,23,56,74,30,36,193,137,163,101,2200,453,19039,6408,1372,46
2018,18097360201,1400000US18097360201,0.022344827586206897,1.086471797213976,0.0043140022252027765,0.0,0.011020119224491559,0.0005729442970822281,0.027858251210614766,0.00011061544167186607,0.0,0.0002825671596023477,0.0008275862068965517,0.0698766080535891,0.00014248035972933804,0.0,0.0004109382200922401,1029,184,14,22,62,75,107,81,124,92,0,11,163,117,11,18,102,78,283,143,163,109,3827,425,30777,2956,1892,64
2018,18097360202,1400000US18097360202,0.007172413793103448,0.46767115779858415,0.0015184135417923251,0.0,0.0031250994233022336,0.0005517241379310345,0.03597470444604493,0.0001168010416763327,0.0,0.00024039226333094106,0.0005517241379310345,0.05786998553703281,0.00013937158905034364,0.0,0.0002664825719908086,409,126,0,11,0,11,6,11,14,20,9,14,26,26,31,46,0,11,236,104,87,77,3247,585,32799,3081,1344,46
2018,18097360301,1400000US18097360301,0.007172413793103448,0.3209622440435412,0.0015238352435113381,0.0,0.0032715527214056714,0.0005517241379310345,0.024689403387964708,0.00011721809565471832,0.0,0.0002516579016465901,0.0005517241379310345,0.033031818527822186,0.00013834982224787432,0.0,0.00028214028269681654,684,114,0,11,45,42,140,78,44,48,24,30,76,56,47,47,92,45,160,72,56,56,3471,316,40411,5278,1492,50
2018,18097360302,1400000US18097360302,0.019862068965517243,1.5174219380376037,0.003970458763406418,0.0,0.00931590257502406,0.0006018808777429467,0.04598248297083648,0.00012031693222443689,0.0,0.00028230007803103213,0.0013793103448275863,0.18373296795310956,0.00014411918683140046,0.0,0.0005491931227889073,641,91,0,11,34,30,67,39,67,48,60,47,49,41,20,19,73,35,219,76,52,35,2509,314,31379,6838,1231,36
2018,18097360401,1400000US18097360401,0.008275862068965517,0.24610847225393928,0.001510257162318447,0.0,0.004243706769607769,0.0005517241379310345,0.016407231483595953,0.0001006838108212298,0.0,0.0002829137846405179,0.0005517241379310345,0.024760143107254322,0.00013494676999779566,0.0,0.0003707732100755571,1622,227,84,75,38,53,135,102,194,137,220,155,33,42,72,89,203,137,633,199,10,21,6175,712,30771,5653,2745,88
2018,18097360402,1400000US18097360402,0.009931034482758621,0.29968288041409763,0.0015286606467359138,0.0,0.004943483383987265,0.0006206896551724138,0.018730180025881102,9.554129042099461e-05,0.0,0.00030896771149920406,0.001103448275862069,0.0644087691253711,0.00013847497577594212,0.0,0.00047422807933201235,397,75,32,33,25,27,43,33,77,53,26,22,44,40,27,30,36,28,55,37,32,33,2194,329,46196,7770,805,32
2018,18097360406,1400000US18097360406,0.0008275862068965517,0.020939407779553932,7.448799940158918e-05,0.0,0.00038436605745234233,0.0008275862068965517,0.020939407779553932,7.448799940158918e-05,0.0,0.00038436605745234233,0.0008275862068965517,0.020939407779553932,7.448799940158918e-05,0.0,0.00038436605745234233,,,,,,,,,,,,,,,,,,,,,,,,,,,,
2018,18097360501,1400000US18097360501,0.002206896551724138,0.0011043617264215573,0.00023875313542930644,0.0,0.0010369512887787112,0.0005517241379310345,0.00027609043160538933,5.968828385732661e-05,0.0,0.0002592378221946778,0.0005517241379310345,0.0005512674126512902,6.117848799484251e-05,0.0,0.0002622422844119781,749,169,59,90,58,52,42,40,94,63,46,49,48,45,12,21,62,76,240,154,88,85,6264,649,50344,9292,2545,193
2018,18097360502,1400000US18097360502,0.034482758620689655,0.5227230722387151,0.005393218309484762,0.0,0.016206423560799446,0.0005945303210463733,0.009012466762736466,9.298652257732348e-05,0.0,0.0002794210958758525,0.0016551724137931034,0.03134612164116617,0.00012539922416070334,0.0,0.0007624515075822831,985,221,0,16,62,62,14,22,167,151,110,112,13,20,63,79,108,144,433,198,15,25,6255,635,50236,7498,2544,93
2018,18097360601,1400000US18097360601,0.013793103448275862,0.21994839004338892,0.0024984712688308707,0.0,0.006964216173977476,0.0005517241379310345,0.008797935601735557,9.993885075323483e-05,0.0,0.00027856864695909907,0.0005517241379310345,0.03376493872269164,0.00011778028604131967,0.0,0.00030950754055820377,401,122,0,11,15,25,19,21,41,54,54,33,24,32,0,11,0,11,225,109,23,24,4848,398,54531,10904,2138,65
2018,18097360602,1400000US18097360602,0.02703448275862069,1.2279403973509935,0.005316434030943586,0.0,0.012124677331732961,0.0006287089013632718,0.02855675342676729,0.0001236380007196183,0.0,0.0002819692402728596,0.0019310344827586207,0.26440313618025424,0.000147148600127185,0.0,0.0006112404046600986,1292,185,104,110,134,95,11,18,87,78,142,134,157,111,147,117,134,104,376,174,0,16,5784,598,35655,3482,2721,80
2018,18097360700,1400000US18097360700,0.008827586206896552,0.05949166476364467,0.0017595730462121068,0.0,0.00471016916009588,0.0005517241379310345,0.0037182290477277917,0.00010997331538825667,0.0,0.0002943855725059925,0.0005517241379310345,0.0058232473167389815,0.00013931568647067015,0.0,0.00039393869771906404,153,43,0,11,37,26,5,8,0,11,38,37,0,11,7,10,13,14,41,23,12,13,1872,172,60625,21382,962,31
2018,18097360800,1400000US18097360800,0.020137931034482758,2.0288924411966205,0.004307475175928689,0.0,0.008927336236776095,0.0005593869731800766,0.05635812336657279,0.00011965208822024136,0.0,0.0002479815621326693,0.0008275862068965517,0.18341828423536577,0.00014621383385606164,0.0,0.0003029317732802158,935,129,20,26,55,31,130,55,59,47,75,35,67,41,112,74,93,44,276,91,48,32,2371,339,29925,4877,1463,133
2018,18097360900,1400000US18097360900,0.026482758620689655,0.8219782294283322,0.00460959181149617,0.0,0.01323567490608912,0.0006018808777429467,0.01868132339609846,0.0001047634502612766,0.0,0.00030081079332020726,0.001103448275862069,0.0784248306310421,0.00011842892829385765,0.0,0.0005068531637808576,1001,231,0,16,54,66,40,48,48,63,32,37,75,85,7,24,161,138,403,173,181,160,5187,856,30845,5887,2591,107
2018,18097361000,1400000US18097361000,0.01213793103448276,0.0821069498363401,0.0019479689407170611,0.0,0.005853642412061643,0.0005517241379310345,0.003732134083470005,8.854404275986642e-05,0.0,0.00026607465509371104,0.0005517241379310345,0.004966887417218543,9.435216955966601e-05,0.0,0.00027584145158680693,154,58,6,10,14,15,14,14,43,40,6,9,13,15,6,10,20,32,26,31,6,8,2249,215,80000,12729,1023,56
2018,18097361100,1400000US18097361100,0.008827586206896552,0.02456055416000609,0.0013072981326230214,0.0,0.004414484433894914,0.0005517241379310345,0.0015350346350003806,8.170613328893884e-05,0.0,0.0002759052771184321,0.0005517241379310345,0.00499276851640405,9.704022971726955e-05,0.0,0.00027617066712319995,822,125,16,18,82,55,141,83,103,57,38,30,31,29,34,45,48,46,276,101,53,46,3446,248,43778,7064,1853,61
2018,18097361200,1400000US18097361200,0.01103448275862069,2.6115010276318795,0.0029644058053818266,0.0,0.005515952386524122,0.0005517241379310345,0.13057505138159398,0.00014822029026909133,0.0,0.0002757976193262061,0.0005517241379310345,0.2087695059754891,0.00015030304235081693,0.0,0.00027584965083640955,707,152,27,31,93,79,155,84,44,40,15,22,9,17,78,68,89,53,180,95,17,22,3363,467,44242,14428,1600,73
2018,18097361300,1400000US18097361300,0.01406896551724138,1.4310224556595874,0.0033834248471978287,0.0,0.006346836544399805,0.0005627586206896552,0.057240898226383494,0.00013533699388791314,0.0,0.00025387346177599223,0.0008275862068965517,0.20667389815026263,0.0001479575982821266,0.0,0.0002819508487552822,320,111,0,11,13,16,60,57,70,66,47,61,25,39,5,8,14,22,77,62,9,16,2552,384,39500,11266,1136,83
2018,18097361402,1400000US18097361402,0.0038620689655172414,0.8361809393316587,0.0009108594268918515,0.0,0.0019009387230143832,0.0005517241379310345,0.11945441990452267,0.0001301227752702645,0.0,0.00027156267471634046,0.0005517241379310345,0.2068016289868311,0.00014809262904504048,0.0,0.0002783737893680104,,,,,,,,,,,,,,,,,,,,,,,,,,,,
2018,18097361601,1400000US18097361601,0.004689655172413793,0.012312552333104972,0.000579266531023867,0.0,0.0021294340776612693,0.0005862068965517242,0.0015390690416381215,7.240831637798337e-05,0.0,0.00026617925970765866,0.0008275862068965517,0.003298926695592601,8.481114401638273e-05,0.0,0.00035833549333025354,,,,,,,,,,,,,,,,,,,,,,,,,,,,
2018,18097370201,1400000US18097370201,0.0019310344827586207,0.01562754053436858,0.00029279134885214767,0.0,0.00101695610757412,0.0006436781609195402,0.00520918017812286,9.759711628404922e-05,0.0,0.00033898536919137336,0.0008275862068965517,0.006815026261703586,9.849139831057684e-05,0.0,0.0004062393979994401,847,120,0,11,121,71,96,54,139,84,116,68,79,53,70,51,89,65,100,73,37,31,4472,449,47664,3272,1811,96
2018,18097370203,1400000US18097370203,0.007724137931034483,0.055702138996726804,0.0013823193745978355,0.0,0.00373342810417653,0.0005517241379310345,0.0039787242140519145,9.873709818555969e-05,0.0,0.00026667343601260925,0.0005517241379310345,0.008410824389129939,0.00010208358630070692,0.0,0.0002758013718721723,,,,,,,,,,,,,,,,,,,,,,,,,,,,
2018,18097370204,1400000US18097370204,0.0008275862068965517,0.0020342543959808177,9.514478224431131e-05,0.0,0.0004051874858738821,0.0008275862068965517,0.0020342543959808177,9.514478224431131e-05,0.0,0.0004051874858738821,0.0008275862068965517,0.0020342543959808177,9.514478224431131e-05,0.0,0.0004051874858738821,,,,,,,,,,,,,,,,,,,,,,,,,,,,
2018,18097370303,1400000US18097370303,0.0005517241379310345,0.0021702062875846844,9.636514006516626e-05,0.0,0.0002572969041129937,0.0005517241379310345,0.0021702062875846844,9.636514006516626e-05,0.0,0.0002572969041129937,0.0005517241379310345,0.0021702062875846844,9.636514006516626e-05,0.0,0.0002572969041129937,,,,,,,,,,,,,,,,,,,,,,,,,,,,
2018,18097380200,1400000US18097380200,0.012689655172413794,0.2055718200502398,0.0025762541382207695,0.0,0.006395848207332996,0.0005517241379310345,0.008937905219575644,0.00011201104948785954,0.0,0.00027808035684056507,0.0005517241379310345,0.04054631955545406,0.00012767875238457827,0.0,0.00029712973412222366,720,131,0,11,64,53,48,27,101,72,89,69,41,42,7,12,35,27,308,112,27,21,3098,377,35612,6597,1655,66
2018,18097380301,1400000US18097380301,0.008551724137931035,0.5279221283398037,0.0018509775310516707,0.0,0.004311897369408528,0.0006108374384236453,0.03770872345284312,0.00013221268078940506,0.0,0.0003079926692434663,0.0008275862068965517,0.096105351297861,0.00013762009615864732,0.0,0.000364697489888342,,,,,,,,,,,,,,,,,,,,,,,,,,,,
2018,18097380302,1400000US18097380302,0.017655172413793104,0.8970940854076274,0.0036393565964761036,0.0,0.00802723685484925,0.0006087990487514864,0.030934278807159564,0.00012549505505090014,0.0,0.0002768012708568707,0.0013793103448275863,0.05626863058536957,0.00012979384654198726,0.0,0.0005006247304627245,,,,,,,,,,,,,,,,,,,,,,,,,,,,
2018,18097380402,1400000US18097380402,0.01103448275862069,0.20843754281799498,0.0022984481086543284,0.0,0.0054227883168172265,0.0005517241379310345,0.01042187714089975,0.00011492240543271642,0.0,0.0002711394158408613,0.0005517241379310345,0.0265823247316739,0.0001196616167859331,0.0,0.0003527720067782683,1471,172,55,51,80,42,154,79,275,99,163,85,81,58,93,45,269,127,293,106,8,13,4983,341,39020,3047,2150,130
2018,18097380403,1400000US18097380403,0.009655172413793104,0.10263218390804599,0.0018899092824624629,0.0,0.004513082240403291,0.0005679513184584179,0.006037187288708588,0.00011117113426249782,0.0,0.0002654754259060759,0.0008275862068965517,0.009403516784654032,0.00011647332169164093,0.0,0.00037666724131048366,558,140,20,23,45,48,63,49,96,75,69,64,82,64,76,54,0,11,36,46,71,62,4139,350,49524,10091,1742,137
2018,18097380404,1400000US18097380404,0.011310344827586208,0.2507850346350004,0.0024145252806609028,0.0,0.0051908338114329666,0.0005655172413793104,0.01253925173175002,0.00012072626403304514,0.0,0.00025954169057164833,0.0008275862068965517,0.02867671462282104,0.00012439120333019804,0.0,0.00037329898845954337,524,110,0,11,22,21,31,37,82,59,69,69,62,45,56,55,38,36,134,81,30,29,3835,358,48368,4666,1878,85
2018,18097380501,1400000US18097380501,0.0005517241379310345,0.002925097054121946,8.844499276906869e-05,0.0,0.00028108971354478667,0.0005517241379310345,0.002925097054121946,8.844499276906869e-05,0.0,0.00028108971354478667,0.0005517241379310345,0.002925097054121946,8.844499276906869e-05,0.0,0.00028108971354478667,298,73,0,11,20,24,36,42,83,69,0,11,0,11,10,16,11,19,126,66,12,16,2449,309,44292,3484,1115,39
2018,18097380502,1400000US18097380502,0.004137931034482759,0.1386244956991703,0.0008265161102855876,0.0,0.0018224033074728618,0.0005911330049261084,0.019803499385595755,0.00011807373004079823,0.0,0.00026034332963898024,0.0008275862068965517,0.030801705107711047,0.0001274775038415506,0.0,0.0002856488237345941,1018,141,41,33,80,58,126,52,94,72,79,54,74,50,108,83,174,85,182,70,60,48,3762,500,32010,6600,1876,79
2018,18097380600,1400000US18097380600,0.009655172413793104,0.18121123544188172,0.001750724036744423,0.0,0.00466417617889882,0.0005679513184584179,0.010659484437757749,0.000102983766867319,0.0,0.00027436330464110706,0.0008275862068965517,0.03956816624800183,0.00012099577329241326,0.0,0.0002856488237345941,1084,193,69,67,32,38,124,82,143,107,137,65,68,65,127,119,176,133,208,129,0,16,5492,622,38838,7203,2397,70
2018,18097380700,1400000US18097380700,0.004965517241379311,0.23418367968333714,0.001059391045522705,0.0,0.0024825276986428137,0.0005517241379310345,0.026020408853704127,0.00011771011616918944,0.0,0.00027583641096031266,0.0005517241379310345,0.03859229656694831,0.00012001922811449935,0.0,0.0002758512026244037,1194,221,42,46,52,46,24,28,167,127,88,69,111,93,145,95,116,89,405,207,44,41,5854,794,39331,7733,2470,93
2018,18097380800,1400000US18097380800,0.004965517241379311,0.018176372078861233,0.0007861791526470273,0.0,0.0024891087718290467,0.0005517241379310345,0.0020195968976512483,8.735323918300304e-05,0.0,0.0002765676413143385,0.0005517241379310345,0.003030219989343077,9.123213370923258e-05,0.0,0.00027902166297405034,334,129,8,12,35,42,41,42,21,25,54,49,6,12,12,19,22,37,121,100,14,18,2833,237,42826,7730,1300,40
2018,18097380902,1400000US18097380902,0.007724137931034483,0.12771546015071936,0.0014828498567056772,0.0,0.0035219933453410016,0.0005517241379310345,0.009122532867908525,0.00010591784690754837,0.0,0.000251570953238643,0.0005517241379310345,0.022948618406028774,0.00011365823594908616,0.0,0.00027577301288943354,623,174,11,18,86,64,139,91,49,51,92,68,40,47,73,66,26,38,88,101,19,30,5715,437,68410,10674,2636,73
2018,18097381002,1400000US18097381002,0.006620689655172414,0.01940580041105275,0.0010374090713031472,0.0,0.0033104204236185995,0.0005517241379310345,0.001617150034254396,8.645075594192893e-05,0.0,0.0002758683686348833,0.0005517241379310345,0.0031554388368729546,8.884218668736273e-05,0.0,0.00027593870001856556,143,52,0,11,9,9,6,9,39,37,10,14,19,19,0,11,18,19,25,19,17,19,3184,263,64732,6809,1267,72
2018,18097381003,1400000US18097381003,0.003310344827586207,0.030295044530714778,0.0005642871690833775,0.0,0.001656145415307352,0.0005517241379310345,0.005049174088452463,9.404786151389625e-05,0.0,0.00027602423588455867,0.0005517241379310345,0.0064018421252949684,9.801655351104355e-05,0.0,0.0002765753466715304,,,,,,,,,,,,,,,,,,,,,,,,,,,,
2018,18097381004,1400000US18097381004,0.0038620689655172414,0.058342772322448055,0.0006906607070614919,0.0,0.0019139013193214195,0.0005517241379310345,0.008334681760349722,9.866581529449884e-05,0.0,0.0002734144741887742,0.0005517241379310345,0.033446677323589864,0.00011512297537808167,0.0,0.00027593096984571456,,,,,,,,,,,,,,,,,,,,,,,,,,,,
2018,18097381101,1400000US18097381101,0.0038620689655172414,0.14571241531552107,0.0008081799147220419,0.0,0.001929210093563414,0.0005517241379310345,0.020816059330788724,0.00011545427353172027,0.0,0.0002756014419376306,0.0005517241379310345,0.03619342315597168,0.00011768816911954504,0.0,0.0002758935269818958,991,168,25,38,32,36,31,34,198,136,163,92,104,66,34,39,113,79,250,154,41,39,5883,325,56427,3503,2617,85
2018,18097381102,1400000US18097381102,0.003310344827586207,0.12715871203471113,0.0006855047238958791,0.0,0.0016378581680333776,0.0005517241379310345,0.021193118672451855,0.00011425078731597985,0.0,0.0002729763613388963,0.0005517241379310345,0.034772855294207206,0.00011634785043306955,0.0,0.00027597273883287594,596,176,0,16,43,43,42,68,96,75,9,15,149,134,56,71,130,110,59,51,12,21,5808,646,50968,10431,2616,76
2018,18097381203,1400000US18097381203,0.006620689655172414,0.13243381289487707,0.0012667929687012454,0.0,0.0032204197823674334,0.0005517241379310345,0.01103615107457309,0.00010556608072510378,0.0,0.00026836831519728613,0.0005517241379310345,0.03302496764862602,0.0001147393671835259,0.0,0.0002806212977151007,866,68,29,31,34,27,70,42,146,82,86,62,46,37,108,60,158,78,146,69,43,40,3199,365,31442,3815,1115,42
2018,18097381204,1400000US18097381204,0.008551724137931035,0.1437408845246251,0.0016481520137572032,0.0,0.004041867186564271,0.0005701149425287357,0.009582725634975007,0.00010987680091714688,0.0,0.00026945781243761807,0.0008275862068965517,0.03221039811220218,0.00011401117906941423,0.0,0.0003389581479765855,1359,124,27,33,129,89,139,62,160,66,121,67,92,57,105,60,204,100,306,94,76,57,3141,362,29007,3167,1806,61
2018,18097381205,1400000US18097381205,0.0016551724137931034,0.005007079241836036,0.0002950784996424244,0.0,0.000827524193123631,0.0005517241379310345,0.0016690264139453453,9.835949988080813e-05,0.0,0.00027584139770787697,0.0005517241379310345,0.0022149653649996197,9.911804035365328e-05,0.0,0.00027584962330936706,1499,193,19,32,186,89,377,134,224,126,106,91,162,103,34,42,164,93,227,115,0,16,6723,512,48520,7411,2594,129
2018,18097390102,1400000US18097390102,0.005793103448275862,0.034367587729314156,0.0009578581093264836,0.0,0.003093131484153838,0.0006436781609195402,0.003818620858812684,0.00010642867881405373,0.0,0.0003436812760170931,0.0008275862068965517,0.011031970769582096,0.00011064842340704973,0.0,0.000411693682391682,1294,171,0,16,56,48,128,107,93,53,90,72,184,104,81,97,258,148,363,147,41,54,6010,516,40308,12396,2218,70
2018,18097390405,1400000US18097390405,0.0038620689655172414,0.023075435792037757,0.0007000997907629467,0.0,0.0019294269032688405,0.0005517241379310345,0.003296490827433965,0.0001000142558232781,0.0,0.0002756324147526915,0.0005517241379310345,0.004934307680596788,0.0001023918536183243,0.0,0.0002758496399174004,1014,106,56,46,179,93,120,58,170,90,122,59,89,59,9,13,13,16,227,80,29,37,4208,386,67487,10666,2032,68
2018,18097390410,1400000US18097390410,0.0016551724137931034,0.01807855674811601,0.00031218895741536414,0.0,0.0008146364672205178,0.0005517241379310345,0.006026185582705336,0.00010406298580512138,0.0,0.0002715454890735059,0.0005517241379310345,0.006572124533759611,0.0001049121703309641,0.0,0.00027389484070851,,,,,,,,,,,,,,,,,,,,,,,,,,,,
2018,18097390411,1400000US18097390411,0.003310344827586207,0.05362221207277157,0.0005398129432424284,0.0,0.0013796885516648653,0.0006620689655172414,0.010724442414554313,0.00010796258864848568,0.0,0.0002759377103329731,0.001103448275862069,0.02187432442719038,0.00011133857368881534,0.0,0.0004419053556076508,,,,,,,,,,,,,,,,,,,,,,,,,,,,
2018,18097390500,1400000US18097390500,0.022344827586206897,0.6216113267869376,0.004072065205820754,0.0,0.010865486305501978,0.0005729442970822281,0.015938751968895836,0.00010441192835437832,0.0,0.0002786022129615892,0.001103448275862069,0.050003577681358,0.00012058208880053311,0.0,0.00045899376160161444,469,103,13,20,20,24,32,30,53,34,62,48,20,22,20,20,37,34,185,69,27,24,2098,324,27137,6613,1314,60
2018,18097390602,1400000US18097390602,0.0038620689655172414,0.017451244576387304,0.00048559830589180273,0.0,0.0016559710665361629,0.0006436781609195402,0.0029085407627312174,8.093305098196712e-05,0.0,0.00027599517775602714,0.001103448275862069,0.015245870442262313,8.147829172356865e-05,0.0,0.000422937040367401,,,,,,,,,,,,,,,,,,,,,,,,,,,,
2018,18097390700,1400000US18097390700,0.006620689655172414,0.1806043236659816,0.0009978403602474485,0.0,0.003304243840538253,0.0005517241379310345,0.015050360305498466,8.315336335395404e-05,0.0,0.00027535365337818775,0.0005517241379310345,0.023767831316130014,9.030516377903448e-05,0.0,0.00027583087588269403,574,137,0,11,83,69,42,42,19,30,58,59,15,22,54,51,27,37,224,107,52,43,3067,459,38511,7660,1371,93
2018,18097390801,1400000US18097390801,0.0027586206896551726,0.010547918093933165,0.00021072640454873772,0.0,0.0012695788586380508,0.0005517241379310345,0.002109583618786633,4.214528090974754e-05,0.0,0.00025391577172761016,0.0005517241379310345,0.0033755043008297176,4.3034714673473784e-05,0.0,0.0002643592448438337,,,,,,,,,,,,,,,,,,,,,,,,,,,,
2018,18097390802,1400000US18097390802,0.008275862068965517,0.010774301590926391,0.0009611578550146417,0.0,0.003560172463377389,0.000636604774535809,0.0008287924300712609,7.393521961651089e-05,0.0,0.0002738594202597991,0.001103448275862069,0.002720027403516785,9.70925532847823e-05,0.0,0.0003739214844717229,,,,,,,,,,,,,,,,,,,,,,,,,,,,
2018,18097390900,1400000US18097390900,0.016827586206896554,0.40106196239628533,0.003040991740361863,0.0,0.008076164140454003,0.0005609195402298851,0.013368732079876178,0.00010136639134539543,0.0,0.0002692054713484668,0.0008275862068965517,0.025794778107634926,0.00012667744989683702,0.0,0.0003644329390428734,765,112,27,25,103,98,90,45,133,85,71,60,110,65,0,11,64,44,152,69,15,27,2779,311,58958,17852,1585,82
2018,18097391001,1400000US18097391001,0.028413793103448277,1.1092093324198828,0.005029227942592068,0.0,0.011763720077494912,0.0006607858861267041,0.025795565870229832,0.00011695878936260622,0.0,0.00027357488552313746,0.0024827586206896553,0.2131809393316587,0.00015595753770582341,0.0,0.0005270953137815884,,,,,,,,,,,,,,,,,,,,,,,,,,,,
2018,18097391002,1400000US18097391002,0.031724137931034485,2.1756477125675575,0.005448319461200895,1.0,0.01465912589043802,0.0006896551724137932,0.04729668940364255,0.00011844172741741077,0.021739130434782608,0.0003186766497921309,0.004137931034482759,0.32804156200045675,0.00015740712451884796,1.0,0.001009728151288445,,,,,,,,,,,,,,,,,,,,,,,,,,,,
2019,18081610201,1400000US18081610201,0.0029197080291970805,0.002468449416740569,0.00041540706634201745,7.045750537272733e-63,0.0014567168326594041,0.0005839416058394161,0.0004936898833481138,8.30814132684035e-05,1.4091501074545466e-63,0.0002913433665318808,0.0005839416058394161,0.0008956954771812538,8.369554843320878e-05,6.031800545820433e-63,0.0002955576479838558,,,,,,,,,,,,,,,,,,,,,,,,,,,,
2019,18081610300,1400000US18081610300,0.0017518248175182483,0.15302408076949314,0.00017309989065759842,2.360665787675785e-47,0.0007227853974207054,0.0008759124087591242,0.07651204038474657,8.654994532879921e-05,1.1803328938378924e-47,0.0003613926987103527,0.0011678832116788322,0.07873814721331605,8.688542853742146e-05,2.222704847126802e-47,0.000507519011614369,,,,,,,,,,,,,,,,,,,,,,,,,,,,
2019,18097310104,1400000US18097310104,0.016058394160583942,0.3389139777611024,0.0021914980995303536,2.535113412681797e-60,0.007865481595313768,0.0006176305446378439,0.01303515299081163,8.428838844347514e-05,9.750436202622295e-62,0.00030251852289668336,0.0008759124087591242,0.019716556381745003,8.680082372201654e-05,1.8639006605015516e-60,0.0005404074768961958,893,165,57,54,62,53,152,83,140,78,136,89,55,52,54,71,18,29,147,74,72,53,2934,321,52639,11063,1982,114
2019,18097310105,1400000US18097310105,0.019270072992700733,0.5054301964663347,0.002674407520985051,1.488350850321261e-51,0.009044178621129103,0.0006021897810218979,0.01579469363957296,8.357523503078284e-05,4.651096407253941e-53,0.00028263058191028447,0.0008759124087591242,0.03442825226823112,8.550126459608756e-05,1.3909343503066525e-51,0.0005403232620277386,672,95,24,26,37,32,103,52,28,26,110,74,112,74,35,29,94,62,129,64,0,12,3766,287,59135,4090,1612,57
2019,18097310106,1400000US18097310106,0.008467153284671534,0.24211516815608158,0.0012114245255737584,1.0522680476642333e-55,0.004083263907843069,0.0006047966631908239,0.017293940582577255,8.653032325526846e-05,7.516200340458809e-57,0.00029166170770307634,0.0008759124087591242,0.034374019373763554,8.777263663210557e-05,9.826417619763804e-56,0.0003953935205004296,1845,133,16,26,240,130,226,118,240,122,348,173,146,104,98,78,170,109,286,114,75,77,4184,417,41153,4281,2200,74
2019,18097310110,1400000US18097310110,0.0023357664233576644,0.05499368988334811,0.00036401496539650955,2.9582349256745328e-40,0.001130346425146714,0.0005839416058394161,0.013748422470837027,9.100374134912739e-05,7.395587314186332e-41,0.0002825866062866785,0.0005839416058394161,0.016784654478477386,9.146214428051303e-05,2.746238961339174e-40,0.00028590922335915825,876,114,47,53,85,47,171,93,71,34,129,63,77,46,34,34,55,37,198,94,9,13,3064,256,49698,3283,1495,61
2019,18097310111,1400000US18097310111,0.011094890510948906,0.2285961695886486,0.0015640477575631093,1.5404584478957108e-32,0.005385463845082159,0.0006526406182911121,0.013446833505214624,9.200280926841819e-05,9.061520281739475e-34,0.0003167919908871858,0.0008759124087591242,0.03509124087591241,9.674000051636498e-05,1.292983625186335e-32,0.00042741003023665197,1115,127,0,12,42,37,176,94,170,81,165,90,114,75,46,54,107,64,281,117,14,21,3965,477,42475,4720,1878,54
2019,18097310112,1400000US18097310112,0.0035036496350364967,0.00722815335288901,0.00045247155911370436,1.0916120398229576e-72,0.0017523155694571728,0.0005839416058394161,0.0012046922254815016,7.541192651895073e-05,1.8193533997049293e-73,0.0002920525949095288,0.0005839416058394161,0.00242385224094413,7.686593367390732e-05,1.0237444591290853e-72,0.0002960936684757362,,,,,,,,,,,,,,,,,,,,,,,,,,,,
2019,18097310201,1400000US18097310201,0.019854014598540148,0.4134964015280715,0.002795353701713042,8.23952970882774e-47,0.0098905951906092,0.0005839416058394161,0.01216165886847269,8.221628534450123e-05,2.4233910908316884e-48,0.00029089985854732943,0.0005839416058394161,0.02656993996861996,8.728163158782926e-05,7.581340920219672e-47,0.000292619448615472,532,134,32,52,36,57,61,47,18,20,49,62,31,29,95,86,65,57,136,94,9,15,3886,491,63324,15541,1665,82
2019,18097310203,1400000US18097310203,0.007007299270072993,0.26526980012279144,0.0010396856818638864,1.0322925985456753e-39,0.003503427310807923,0.0005839416058394161,0.022105816676899287,8.66404734886572e-05,8.602438321213961e-41,0.0002919522759006603,0.0005839416058394161,0.026988624735657274,8.999918735107418e-05,9.647276964789291e-40,0.00029195801643723643,919,220,0,17,90,105,69,86,180,135,126,114,78,71,47,48,159,135,170,112,0,17,5611,669,53566,18203,2487,101
2019,18097310204,1400000US18097310204,0.007007299270072993,0.1548477897537349,0.0010250875142664164,1.5418947181755154e-41,0.003503496197246837,0.0005839416058394161,0.012903982479477908,8.542395952220137e-05,1.2849122651462628e-42,0.00029195801643723643,0.0005839416058394161,0.018082833071833,8.899549346855039e-05,1.4396932843936198e-41,0.00029195801643723643,842,132,73,67,26,39,41,54,125,83,67,45,60,47,44,51,105,67,247,87,54,56,5830,660,62352,6761,1900,66
2019,18097310305,1400000US18097310305,0.007591240875912409,0.14208549355344838,0.000999079408568564,1.0401377506484312e-42,0.0034680507546607656,0.0006901128069011282,0.012916863050313488,9.082540077896035e-05,9.455797733167557e-44,0.00031527734133279686,0.0011678832116788322,0.027612132478340948,9.13541483765999e-05,1.0235547536775689e-42,0.00041910865169367674,1636,195,29,47,31,34,241,119,242,153,370,195,94,72,101,88,185,148,175,104,168,126,5956,740,39355,2944,2708,100
2019,18097310306,1400000US18097310306,0.02510948905109489,0.5562725117675148,0.0037616190651049513,2.83177824377988e-21,0.01190921389331629,0.0006277372262773722,0.01390681279418787,9.404047662762378e-05,7.0794456094497e-23,0.0002977303473329073,0.0011678832116788322,0.05858593696705096,0.00010751064975564187,2.074441208639031e-21,0.0005468814780760099,1642,198,65,56,162,127,260,162,188,133,59,52,99,83,125,101,227,125,187,120,270,182,5956,870,32071,6672,2460,86
2019,18097310308,1400000US18097310308,0.0023357664233576644,0.07696850057984855,0.00036671455875471,5.626438972909286e-35,0.0011677130340370344,0.0005839416058394161,0.01924212514496214,9.16786396886775e-05,1.4066097432273215e-35,0.0002919282585092586,0.0005839416058394161,0.01986484412306433,9.276112340650476e-05,5.258279595848365e-35,0.0002919568471279687,399,147,20,32,52,75,55,86,53,54,21,32,22,34,0,12,46,41,130,110,0,12,3438,468,58106,5453,1320,44
2019,18097310309,1400000US18097310309,0.0023357664233576644,0.10915700252404666,0.00034129175831714115,2.3606970129811022e-45,0.0011667608619316107,0.0005839416058394161,0.027289250631011664,8.532293957928529e-05,5.9017425324527554e-46,0.0002916902154829027,0.0005839416058394161,0.027486271232689815,8.560249854167673e-05,2.213699757823143e-45,0.0002919429824935898,1262,129,0,12,114,72,225,120,121,74,223,117,172,114,39,49,114,74,244,118,10,15,3837,513,40632,3700,1777,57
2019,18097310312,1400000US18097310312,0.007007299270072993,0.2979232894467562,0.001093805451624971,7.1597753509710935e-28,0.003448746933184816,0.0005839416058394161,0.024826940787229686,9.11504543020809e-05,5.966479459142578e-29,0.0002873955777654013,0.0005839416058394161,0.02883765945835323,9.79297820912565e-05,6.691165641539266e-28,0.0002917909574912233,1618,229,31,38,86,80,178,162,169,99,44,73,222,146,23,26,307,160,506,206,52,80,7215,621,40966,8874,3009,109
2019,18097320105,1400000US18097320105,0.0026277372262773725,0.05950832253223275,0.0002663632995820429,1.0997072079483872e-63,0.001222906776537168,0.0008759124087591242,0.01983610751074425,8.878776652734763e-05,3.665690693161291e-64,0.000407635592179056,0.0011678832116788322,0.02276613343338563,8.90141745236462e-05,1.0037512405314448e-63,0.000555130627805268,1181,190,0,12,139,88,174,111,136,124,164,118,86,82,56,61,81,78,324,195,21,34,4581,362,51864,8599,2263,100
2019,18097320106,1400000US18097320106,0.0005839416058394161,0.016782863769697797,8.927286105440088e-05,1.223956618063943e-62,0.000274317411707601,0.0005839416058394161,0.016782863769697797,8.927286105440088e-05,1.223956618063943e-62,0.000274317411707601,0.0005839416058394161,0.016782863769697797,8.927286105440088e-05,1.223956618063943e-62,0.000274317411707601,391,79,20,27,19,22,29,35,48,37,13,16,55,45,42,66,42,35,123,71,0,12,2557,209,67796,20674,1093,44
2019,18097320107,1400000US18097320107,0.005255474452554745,0.04978392114059622,0.00039626982245583264,2.927985769068922e-58,0.002627039881344431,0.0005839416058394161,0.00553154679339958,4.402998027287029e-05,3.253317521187691e-59,0.0002918933201493812,0.0005839416058394161,0.01790964595129272,9.166302724501299e-05,2.706087111580492e-58,0.00029402053886399675,139,49,6,8,22,19,33,28,34,30,5,7,0,12,12,14,22,26,5,7,0,12,1997,145,98826,9879,891,25
2019,18097320108,1400000US18097320108,0.017226277372262774,0.27465618391431884,0.002468422676428751,5.812383240116031e-59,0.007978718151472204,0.0006152241918665277,0.009809149425511388,8.815795272959826e-05,2.0758511571842967e-60,0.00028495421969543586,0.0008759124087591242,0.027688109693703524,9.083875188708807e-05,3.166830795983965e-59,0.0004449652585278292,2225,196,46,46,214,142,116,73,277,123,216,131,190,123,144,95,384,199,536,200,102,89,5642,592,29977,7231,2740,81
2019,18097320109,1400000US18097320109,0.0017518248175182483,0.063456409031994,0.0002730491398755841,1.4925527424492223e-61,0.0008351380812815904,0.0005839416058394161,0.021152136343998,9.101637995852803e-05,4.975175808164074e-62,0.0002783793604271968,0.0005839416058394161,0.023347175796439048,9.190633598603698e-05,1.492328098315954e-61,0.0002823701874072222,253,68,8,12,56,38,15,27,31,27,38,27,10,15,30,47,0,12,11,17,54,68,2452,231,58889,16622,1243,42
2019,18097320202,1400000US18097320202,0.015766423357664233,0.45937487209223,0.0019804700392748844,1.2065942841925099e-46,0.007188925536743831,0.000583941605839416,0.017013884151564074,7.335074219536609e-05,4.468867719231518e-48,0.00026625650136088264,0.0005839416058394161,0.029330019100893646,0.00010171387091137471,1.1527487540582452e-46,0.0002919644625393509,807,152,105,84,143,92,74,55,84,77,110,86,66,80,0,12,28,28,65,45,132,101,4548,332,87287,16012,2446,75
2019,18097320205,1400000US18097320205,0.005839416058394161,0.1279809332150897,0.000690249306876603,1.379835254655448e-50,0.00283206823281281,0.0008342022940563087,0.018282990459298525,9.860704383951471e-05,1.9711932209363543e-51,0.0004045811761161157,0.0011678832116788322,0.03960988130158947,0.00010101385952443171,1.0847147825237363e-50,0.0005402448894983755,,,,,,,,,,,,,,,,,,,,,,,,,,,,
2019,18097320206,1400000US18097320206,0.004087591240875913,0.09635249675966982,0.0005325065519876449,9.63107866344776e-52,0.0019589505731151297,0.0005839416058394161,0.013764642394238547,7.607236456966356e-05,1.3758683804925371e-52,0.00027985008187358994,0.0005839416058394161,0.02025854423903404,9.706781472210953e-05,8.896237006786693e-52,0.00029220771315593324,,,,,,,,,,,,,,,,,,,,,,,,,,,,
2019,18097320301,1400000US18097320301,0.0011678832116788322,0.043469370352684354,0.00019814983612109917,2.338502706897582e-49,0.0005451656990557606,0.0005839416058394161,0.021734685176342177,9.907491806054959e-05,1.169251353448791e-49,0.0002725828495278803,0.0005839416058394161,0.029468841667235145,0.00010191603292607524,2.337773206433562e-49,0.0002825034467931781,403,80,8,12,136,75,46,34,31,26,22,20,6,11,21,22,14,18,76,57,43,55,3264,225,86296,8891,1891,41
2019,18097320305,1400000US18097320305,0.007591240875912409,0.2174895115628624,0.0012746508564375051,1.1226838899922035e-46,0.0034035952693634687,0.0005839416058394161,0.01672996242791249,9.805006587980809e-05,8.63602992301695e-48,0.00026181502072026685,0.0005839416058394161,0.01951940787229688,9.88678346271059e-05,1.0498541757499427e-46,0.00029121036829346715,,,,,,,,,,,,,,,,,,,,,,,,,,,,
2019,18097320306,1400000US18097320306,0.008175182481751826,0.14862951088068763,0.0013549208720784285,2.793787886367974e-43,0.0038484806135568113,0.0005839416058394161,0.010616393634334831,9.678006229131632e-05,1.9955627759771245e-44,0.0002748914723969151,0.0005839416058394161,0.014071304318166314,9.902142631893253e-05,2.6078797671602766e-43,0.00029088996057721853,,,,,,,,,,,,,,,,,,,,,,,,,,,,
2019,18097320400,1400000US18097320400,0.0035036496350364967,0.08929787161470769,0.0005923970347612082,9.480507098191499e-40,0.001735476795386037,0.0005839416058394161,0.014882978602451281,9.873283912686802e-05,1.5800845163652499e-40,0.0002892461325643395,0.0005839416058394161,0.02032582372603861,0.00010049504719085548,8.848343207695073e-40,0.00029093582503636874,828,114,59,45,79,57,130,79,73,40,72,61,105,76,71,56,60,54,110,89,69,68,2888,391,51875,9085,1456,59
2019,18097320500,1400000US18097320500,0.007591240875912409,0.3079263592332355,0.0013291342659796218,4.836935774600402e-35,0.003475803177149331,0.0005839416058394161,0.023686643017941194,0.00010224109738304783,3.720719826615694e-36,0.0002673694751653332,0.0005839416058394161,0.030988385974486662,0.00010413239445563047,4.5116474116531813e-35,0.0002879682290381248,632,90,17,19,10,15,66,50,99,63,63,46,80,43,53,38,80,59,126,60,38,39,3322,318,59688,14159,1500,44
2019,18097320600,1400000US18097320600,0.006423357664233577,0.2199529299406508,0.0011131166181170982,1.3436623823415361e-33,0.00286343295952917,0.0005839416058394161,0.019995720903695526,0.00010119241982882711,1.2215112566741237e-34,0.0002603120872299246,0.0005839416058394161,0.023470564158537415,0.00010520650738524117,1.2664799393799144e-33,0.0002812414793424565,450,91,22,25,69,56,24,24,92,53,96,58,54,38,0,12,19,31,63,37,11,14,2323,217,57011,13959,1271,32
2019,18097320700,1400000US18097320700,0.0020437956204379564,0.03118348795961525,0.0001672647685987511,1.450248032462031e-38,0.0008666493650398798,0.0006812652068126521,0.010394495986538417,5.575492286625037e-05,4.8341601082067695e-39,0.0002888831216799599,0.0008759124087591242,0.014232468108329352,0.00010190831086976645,1.450248032462031e-38,0.00035655979093748516,457,100,31,29,75,65,41,33,130,72,45,43,57,38,0,12,23,23,55,33,0,12,2004,210,83906,7448,1173,60
2019,18097320800,1400000US18097320800,0.008759124087591242,0.11478852582031515,0.0005919361272016064,1.823273145336607e-60,0.0036958100341987076,0.0006737787759685571,0.008829886601562704,4.5533548246277416e-05,1.4025178041050824e-61,0.00028429307955374675,0.0008759124087591242,0.023937598062623643,9.320585449178123e-05,1.819925847646611e-60,0.0002973079365519321,85,50,2,4,10,13,8,10,28,42,1,3,0,12,0,12,0,12,25,26,11,12,2985,157,163836,15925,1227,62
2019,18097320901,1400000US18097320901,0.011678832116788322,0.17871256565932192,0.0018276494141373143,4.346639670816945e-38,0.005822054041441015,0.0005839416058394161,0.008935628282966096,9.138247070686571e-05,2.1733198354084724e-39,0.00029110270207205073,0.0005839416058394161,0.01274643563681015,9.578143646149666e-05,2.2120171645392621e-38,0.0002919574958473492,766,153,45,51,61,72,142,129,24,37,120,91,51,58,157,90,36,43,130,137,0,17,6934,859,66625,8718,2649,76
2019,18097320902,1400000US18097320902,0.007007299270072993,0.07523824953953202,0.0010513873135124944,1.2899758015111732e-50,0.003497580228455508,0.0005839416058394161,0.006269854128294335,8.761560945937454e-05,1.0749798345926443e-51,0.000291465019037959,0.0005839416058394161,0.008739170475475816,8.945110013399901e-05,1.209924330176086e-50,0.00029195717852146397,1116,143,60,66,33,33,81,72,89,59,49,46,112,81,160,103,204,102,281,119,47,59,4249,616,35273,7450,2062,63
2019,18097320903,1400000US18097320903,0.0023357664233576644,0.061730762671396405,0.00035440406346116764,2.1865171070393603e-40,0.0011677692449362385,0.0005839416058394161,0.015432690667849101,8.860101586529191e-05,5.466292767598401e-41,0.00029194231123405963,0.0005839416058394161,0.01831136162084726,8.974080461527253e-05,2.186514195342059e-40,0.00029195801643723643,1140,168,0,17,112,83,116,89,182,75,76,78,103,55,53,42,61,82,386,145,51,57,5063,643,34743,9321,1937,53
2019,18097321001,1400000US18097321001,0.007591240875912409,0.1997515178388703,0.0011505876175299057,2.8325284481870673e-33,0.0037954542136840737,0.0005839416058394161,0.015365501372220793,8.850673980999275e-05,2.178868037066975e-34,0.00029195801643723643,0.0005839416058394161,0.019913107988266593,9.210804188896875e-05,2.64559967026569e-33,0.00029195801643723643,294,102,0,12,49,39,20,28,4,11,9,16,14,17,25,32,52,75,56,45,65,67,2943,265,59310,8016,1161,40
2019,18097321002,1400000US18097321002,0.004087591240875913,0.17515067535302545,0.0006945103017096585,2.249919459921547e-18,0.001954031086325208,0.0005839416058394161,0.025021525050432206,9.921575738709407e-05,3.214170657030781e-19,0.00027914729804645827,0.0005839416058394161,0.03779759874479841,0.00010862492947855668,2.0310135775730086e-18,0.00029194996046683915,484,118,16,25,17,27,74,59,105,87,29,31,39,61,0,12,94,91,54,40,56,45,4894,750,74245,6379,2036,45
2019,18097321100,1400000US18097321100,0.009927007299270074,0.26101132410123473,0.0015914278447379483,2.258561406101533e-27,0.004834376589685562,0.0005839416058394161,0.015353607300072632,9.361340263164402e-05,1.3285655330009018e-28,0.00028437509351091544,0.0005839416058394161,0.0215066682584078,9.910705770369119e-05,2.1090866789573943e-27,0.00029195801643723643,409,85,0,12,45,45,38,44,57,46,87,38,43,49,29,37,1,2,77,49,32,26,3513,221,65357,10856,1632,60
2019,18097321200,1400000US18097321200,0.01051094890510949,0.21494406166859947,0.001418860542982719,3.208878285944469e-32,0.004900836197092898,0.0006182911120652642,0.012643768333447028,8.34623848813364e-05,1.8875754623202757e-33,0.0002882844821819352,0.0008759124087591242,0.02085416808786411,0.00010123406748691204,2.671742032677689e-32,0.00039644729963106466,329,117,23,36,46,54,145,83,34,34,9,17,14,23,12,20,20,32,0,17,26,30,5045,374,147039,14092,2328,49
2019,18097321300,1400000US18097321300,0.0023357664233576644,0.057136230302203425,0.00039834233628427017,4.600736486204848e-37,0.0010793254335541753,0.0005839416058394161,0.014284057575550856,9.958558407106754e-05,1.150184121551212e-37,0.00026983135838854383,0.0005839416058394161,0.014679548400300156,0.00010031066682589392,4.317551166057782e-37,0.000283491329422758,663,95,25,25,112,58,139,75,84,82,38,30,66,67,15,17,47,45,127,69,10,17,2794,211,80795,15239,1452,43
2019,18097321400,1400000US18097321400,0.008175182481751826,0.45151528071491914,0.001246598016756438,2.707779223207391e-32,0.004418469967151995,0.0006812652068126521,0.03762627339290993,0.0001038831680630365,2.2564826860061593e-33,0.0003682058305959996,0.0008759124087591242,0.05344839347840916,0.00010798081947784552,2.2139135395683408e-32,0.00046806492010822645,912,187,44,59,128,76,125,90,107,88,27,32,132,131,61,63,100,76,98,88,90,58,5339,431,63408,6141,2641,56
2019,18097321600,1400000US18097321600,0.005839416058394161,0.08410447506651203,0.0010997358453225204,5.350074404764998e-24,0.002710812707750337,0.0005839416058394161,0.008410447506651203,0.00010997358453225204,5.350074404764998e-25,0.0002710812707750337,0.0005839416058394161,0.033375486049525886,0.00011055950377781445,5.157607053961183e-24,0.00028838873056666016,1163,188,57,77,0,17,72,48,157,101,184,124,15,24,90,63,219,112,318,148,51,65,5796,610,45081,11310,2589,65
2019,18097321700,1400000US18097321700,0.008759124087591242,0.580010147349751,0.0014393285352015167,8.441111728471088e-20,0.004283554184491741,0.0006737787759685571,0.044616165180750074,0.0001107175796308859,6.493162868054683e-21,0.0003295041680378262,0.0011678832116788322,0.07049713486595266,0.00011234990161001048,8.156586640819194e-20,0.0005070851569484014,773,153,23,37,105,85,77,70,138,73,75,85,120,70,18,28,93,75,95,82,29,32,4224,322,63765,7349,2209,71
2019,18097321800,1400000US18097321800,0.004963503649635037,0.1617189951565591,0.0006866634712004167,7.420435461539598e-17,0.002576115201307703,0.0006204379562043796,0.020214874394569888,8.583293390005209e-05,9.275544326924497e-18,0.0003220144001634629,0.0008759124087591242,0.04118544921208814,0.00011278219489785661,7.178470463825023e-17,0.0003965856240687958,415,103,21,22,69,54,30,24,57,42,61,52,67,54,48,51,0,12,62,54,0,12,3543,224,105987,18733,1654,36
2019,18097321900,1400000US18097321900,0.009927007299270074,0.2279996077495054,0.001571563309616104,5.822211713041283e-23,0.004797134777503955,0.0006204379562043796,0.014249975484344087,9.82227068510065e-05,3.638882320650802e-24,0.0002998209235939972,0.0011678832116788322,0.027538542874684494,0.00010029994139561959,2.848624265092597e-23,0.0005082152279204554,274,79,8,13,14,16,18,20,13,20,70,50,18,21,25,39,0,17,85,48,23,27,5862,528,85250,36799,1390,40
2019,18097322000,1400000US18097322000,0.009343065693430658,0.41999454260181457,0.0016748199158357015,2.5672809226656664e-11,0.004587362376222613,0.0005839416058394161,0.02624965891261341,0.00010467624473973134,1.6045505766660415e-12,0.0002867101485139133,0.0005839416058394161,0.03951565591104441,0.00011521421568849265,2.3153068301333938e-11,0.0002918826010634137,587,120,9,14,26,28,97,72,38,33,80,53,41,33,9,14,33,27,214,93,40,35,3437,420,46184,21675,1806,72
2019,18097322100,1400000US18097322100,0.005839416058394161,0.4056105464219933,0.0010201761846578541,3.595945933385575e-08,0.00248744657395988,0.0006488240064882402,0.045067838491332585,0.00011335290940642824,3.995495481539528e-09,0.00027638295266220887,0.0011678832116788322,0.07640067535302544,0.00011937386762129028,2.4491502347143793e-08,0.00051460307088517,336,100,6,10,42,38,29,27,29,32,44,46,30,42,0,12,22,19,128,90,6,12,2778,396,66623,10437,1143,56
2019,18097322200,1400000US18097322200,0.006423357664233577,0.2540214202878777,0.0008162385501853589,2.8776793827496838e-11,0.003060521864761399,0.0006423357664233577,0.025402142028787773,8.162385501853589e-05,2.877679382749684e-12,0.0003060521864761399,0.0008759124087591242,0.054916689405825767,0.00011414765877005267,2.6896823357494158e-11,0.00037930471798366857,238,59,5,8,19,15,95,48,10,11,35,36,30,25,0,12,21,24,16,14,7,9,2251,196,85662,13314,877,39
2019,18097322300,1400000US18097322300,0.006423357664233577,0.26499667439798075,0.000966617542628032,1.349941428909537e-13,0.0026358487506107633,0.0006423357664233577,0.026499667439798074,9.66617542628032e-05,1.3499414289095371e-14,0.0002635848750610763,0.0008759124087591242,0.05129689951565591,0.00011327681953302563,6.726257172782753e-14,0.00030188083404554864,301,79,8,13,81,35,47,39,33,26,25,23,14,16,12,15,15,18,49,47,17,24,2445,218,95208,21173,1139,54
2019,18097322400,1400000US18097322400,0.009927007299270074,0.4939832185005798,0.0018849691449518817,8.985832843158607e-17,0.004510835907413509,0.0005839416058394161,0.029057836382387046,0.00011088053793834598,5.285784025387416e-18,0.0002653432886713829,0.0005839416058394161,0.050734446415171566,0.00011169358630783594,8.66335493727431e-17,0.00028915644024821825,708,122,23,36,128,84,71,44,154,72,63,36,24,22,39,31,22,35,147,67,37,36,2923,273,51695,4211,1664,59
2019,18097322500,1400000US18097322500,0.004671532846715329,0.0899909611842554,0.000852175236857654,2.689155763849256e-10,0.002293994782373863,0.0005839416058394161,0.011248870148031925,0.00010652190460720675,3.36144470481157e-11,0.00028674934779673286,0.0005839416058394161,0.03430307319735316,0.00011056869262661294,2.0638666186064082e-10,0.0002999751561883926,626,79,7,13,47,31,80,46,56,34,33,26,31,19,44,43,60,35,206,68,62,44,1559,222,25987,6354,966,36
2019,18097322601,1400000US18097322601,0.015474452554744528,0.5338283648270686,0.002177791732764958,2.717905747170333e-11,0.007368113248337019,0.0005951712521055588,0.020531860185656486,8.376122049095994e-05,1.045348364296282e-12,0.00028338897108988535,0.0008759124087591242,0.035670918889419465,0.00010836881993364342,1.89458792875396e-11,0.000397404924964564,,,,,,,,,,,,,,,,,,,,,,,,,,,,
2019,18097322602,1400000US18097322602,0.004087591240875913,0.1675610546421993,0.00067566351224552,1.0458409108619924e-20,0.0020096096918129666,0.0005839416058394161,0.023937293520314186,9.652335889221714e-05,1.4940584440885606e-21,0.0002870870988304238,0.0005839416058394161,0.03405407940514359,0.00010878060894670389,1.0458227269452092e-20,0.00029001600104354067,,,,,,,,,,,,,,,,,,,,,,,,,,,,
2019,18097322700,1400000US18097322700,0.009927007299270074,0.3354731734770448,0.0012648412305854167,2.7074940541767956e-18,0.004951097961247092,0.0005839416058394161,0.019733716086884987,7.440242532855392e-05,1.592643561280468e-19,0.0002912410565439466,0.0005839416058394161,0.028770721058735245,8.379025804486287e-05,2.0847721302694612e-18,0.00029258141879086476,138,62,7,11,6,11,0,12,0,12,41,25,0,12,0,12,7,12,77,51,0,12,1899,309,53750,9624,1126,68
2019,18097330105,1400000US18097330105,0.012554744525547445,0.28449314414352955,0.0017160651625651173,9.788065354350736e-54,0.006012797548494076,0.0006607760276603918,0.014973323375975239,9.03192190823746e-05,5.1516133443951246e-55,0.00031646302886810925,0.0017518248175182483,0.048687154649021076,9.835965793401182e-05,7.086803149321077e-54,0.0007140472146795978,1861,259,71,86,187,117,366,208,482,209,147,82,210,167,68,90,52,69,192,108,86,62,5021,472,53168,3617,2841,109
2019,18097330106,1400000US18097330106,0.011970802919708031,0.2623802783273074,0.001507367853462472,1.3705959809669976e-57,0.005165058151135726,0.0007041648776298842,0.015434134019253379,8.866869726249836e-05,8.062329299805869e-59,0.0003038269500668074,0.0008759124087591242,0.038321508970598266,9.122604332404655e-05,5.582654514263894e-58,0.00039471970107538907,2080,220,0,12,154,106,201,104,262,116,431,156,194,108,265,148,131,88,426,142,16,26,4090,512,34487,4708,2762,125
2019,18097330211,1400000US18097330211,0.0023357664233576644,0.0018031584691998088,0.00015641694707446032,2.5608605555424017e-44,0.0011840633174428545,0.0005839416058394161,0.0004507896172999522,3.910423676861508e-05,6.402151388856004e-45,0.00029601582936071363,0.0005839416058394161,0.001174790231257248,3.9517780280476964e-05,1.6249006367551608e-44,0.00030001032617483803,,,,,,,,,,,,,,,,,,,,,,,,,,,,
2019,18097330401,1400000US18097330401,0.0029197080291970805,0.1025751244968961,0.00043730638478392834,1.371831693422326e-50,0.0010739462748464497,0.0005839416058394161,0.02051502489937922,8.746127695678567e-05,2.743663386844652e-51,0.00021478925496928994,0.0005839416058394161,0.032376441094208334,8.813969617867722e-05,1.336001053730024e-50,0.0002359367645503324,586,173,0,17,57,91,30,35,0,17,96,129,70,111,53,60,92,104,142,121,46,75,6453,423,85792,19139,2364,124
2019,18097330500,1400000US18097330500,0.005547445255474453,0.15854969643222594,0.0007863588956663772,2.0004796849777027e-42,0.002519140645520636,0.0006163828061638281,0.017616632936913994,8.737321062959747e-05,2.222755205530781e-43,0.00027990451616895955,0.0008759124087591242,0.035156985469677327,8.790697496127593e-05,9.647295770793128e-43,0.00036481648695950826,930,212,0,17,0,17,122,89,94,96,89,69,35,42,59,56,92,99,308,189,131,126,6746,1040,48161,10663,2959,93
2019,18097330600,1400000US18097330600,0.0008759124087591242,0.013881489187529844,8.71239801868124e-05,1.662084293332236e-51,0.0003548126595572135,0.0008759124087591242,0.013881489187529844,8.71239801868124e-05,1.662084293332236e-51,0.0003548126595572135,0.0008759124087591242,0.013881489187529844,8.71239801868124e-05,1.662084293332236e-51,0.0003548126595572135,952,202,0,17,123,92,34,45,182,121,76,74,26,33,77,110,96,87,299,153,39,64,6461,882,49130,8271,2317,130
2019,18097330803,1400000US18097330803,0.010802919708029199,0.17349580462514497,0.0013670763279207132,5.093381195424766e-38,0.005320272836380631,0.0006001622060016221,0.009638655812508053,7.594868488448407e-05,2.8296562196804254e-39,0.00029557071313225723,0.0008759124087591242,0.02701173340609864,0.00010078755002007367,2.9831379039703367e-38,0.0003982516584062857,818,136,22,37,66,59,0,12,83,62,145,81,42,42,94,79,65,47,222,91,79,64,3816,595,29836,4771,1971,95
2019,18097330804,1400000US18097330804,0.004087591240875913,0.016322225254110104,0.0002810275065732057,2.5419457993377285e-38,0.0020429913617729055,0.0005839416058394161,0.002331746464872872,4.01467866533151e-05,3.6313511419110404e-39,0.0002918559088247008,0.0005839416058394161,0.0040687461627669005,4.117292044107588e-05,2.2467744777293965e-38,0.00029265315178665234,994,132,70,55,21,29,89,59,75,59,118,91,49,48,70,59,61,59,240,116,201,109,3072,496,25734,6039,1550,71
2019,18097330805,1400000US18097330805,0.008467153284671534,0.18028668394842756,0.0007894373313012856,3.773969821670935e-29,0.004032966452223712,0.0006047966631908239,0.01287762028203054,5.6388380807234686e-05,2.6956927297649535e-30,0.0002880690323016937,0.0008759124087591242,0.01908435091070332,8.889580337493428e-05,2.9070765991828113e-29,0.0003973941581650958,914,138,0,12,26,24,67,67,126,83,112,67,61,62,45,44,106,71,250,112,121,64,2493,344,23347,4553,1547,59
2019,18097330806,1400000US18097330806,0.006423357664233577,0.1027624667439798,0.0006666385164944101,1.17791063108112e-34,0.00311089666708049,0.0005839416058394161,0.00934204243127089,6.0603501499491825e-05,1.0708278464373818e-35,0.0002828087879164082,0.0005839416058394161,0.01649933487959615,9.559299816873106e-05,9.094732713512323e-35,0.000290045374208165,1101,151,10,17,31,34,45,43,160,89,77,68,140,96,13,20,100,81,323,125,202,103,4130,644,27422,5518,1843,94
2019,18097330900,1400000US18097330900,0.009343065693430658,0.22736356504536462,0.0011494816439383043,1.348732848753769e-26,0.004662734489490577,0.0006228710462287105,0.015157571003024308,7.663210959588695e-05,8.991552325025127e-28,0.0003108489659660385,0.0008759124087591242,0.021372365099938603,8.729079962116363e-05,1.0416222161639679e-26,0.0004288088163774782,1679,271,66,84,41,59,156,122,112,90,168,105,336,191,66,83,154,140,390,158,190,113,6166,785,32372,4331,2713,104
2019,18097331000,1400000US18097331000,0.017518248175182483,0.6487487209223003,0.0023208547969569126,9.171849540199264e-23,0.00858419640285514,0.0006040775232821545,0.02237064554904484,8.002947575713492e-05,3.1627067379997465e-24,0.0002960067725122462,0.0008759124087591242,0.04189883348113786,9.00977831175405e-05,7.064643940197609e-23,0.00040680945831764843,665,138,25,30,40,47,84,86,50,56,48,52,51,46,43,46,101,77,185,89,38,48,3877,527,38945,5694,1925,76
2019,18097340101,1400000US18097340101,0.007591240875912409,0.0567177160788594,0.0008760845908735448,5.692492922905911e-38,0.0032245255466665334,0.0006326034063260342,0.00472647633990495,7.300704923946206e-05,4.7437441024215926e-39,0.0002687104622222111,0.0008759124087591242,0.008639658230438638,7.326067689672427e-05,5.261136561398074e-38,0.0004100763861351098,244,75,0,12,8,13,7,12,16,18,23,22,26,24,0,12,60,51,94,57,10,16,4000,326,63208,13767,1544,65
2019,18097340102,1400000US18097340102,0.007591240875912409,0.05410984719285081,0.00094625209562233,1.3390938387479997e-32,0.0040621604981596945,0.0005839416058394161,0.004162295937911601,7.278862274017923e-05,1.0300721836523074e-33,0.00031247388447382265,0.0005839416058394161,0.010828757077563271,7.622116838180542e-05,1.0794044309581777e-32,0.00035639931984072316,1370,149,21,24,65,52,103,60,159,89,227,126,71,37,129,81,132,70,437,147,26,19,3724,500,32766,3200,2228,61
2019,18097340108,1400000US18097340108,0.005839416058394161,0.11986305341428473,0.0009227812534484539,4.5726377827382744e-41,0.0028786233583422095,0.0005839416058394161,0.011986305341428473,9.227812534484538e-05,4.5726377827382747e-42,0.00028786233583422095,0.0005839416058394161,0.013646735793710348,9.404442742913336e-05,4.0866642086442267e-41,0.0002924813531987125,791,103,25,30,16,17,126,55,215,65,87,51,61,44,44,34,54,39,133,54,30,29,2444,331,33431,5249,1374,44
2019,18097340115,1400000US18097340115,0.007591240875912409,0.18362141005525615,0.0012076447689543454,1.3377335469521209e-31,0.003464447336288437,0.0005839416058394161,0.014124723850404319,9.289575145802657e-05,1.0290258053477853e-32,0.0002664959489452644,0.0005839416058394161,0.03300284807967801,9.742458132610307e-05,1.3293249837704637e-31,0.00028886487752464724,,,,,,,,,,,,,,,,,,,,,,,,,,,,
2019,18097340201,1400000US18097340201,0.014598540145985403,0.48327298928985607,0.0022284027908791976,1.7770801025466134e-27,0.0069205736663869154,0.0006082725060827251,0.020136374553744004,9.285011628663323e-05,7.404500427277556e-29,0.0002883572360994548,0.0008759124087591242,0.034295057643768334,0.00010128609935460677,1.6077552315773182e-27,0.0002927624515946324,316,99,0,12,0,12,60,61,86,65,10,17,0,12,0,12,45,48,94,68,21,25,3530,342,53889,6128,1126,57
2019,18097340202,1400000US18097340202,0.022773722627737226,0.9485391227232416,0.0034431673879701547,1.352912338916305e-35,0.010547331668804298,0.000632603406326034,0.026348308964534488,9.564353855472652e-05,3.75808983032307e-37,0.00029298143524456385,0.0011678832116788322,0.054623183709666415,9.871265193494525e-05,1.211815265651457e-35,0.0005017250413613805,1138,144,0,12,87,54,152,74,92,54,166,74,138,80,57,43,135,97,224,96,87,74,4225,428,34303,4958,1894,139
2019,18097340301,1400000US18097340301,0.008175182481751826,0.19631020192373283,0.0013185887148102864,2.149686387763739e-23,0.003992250190033809,0.0005839416058394161,0.014022157280266631,9.418490820073474e-05,1.5354902769740993e-24,0.0002851607278595578,0.0005839416058394161,0.035863377447301996,0.00010631997800579963,1.944859613069531e-23,0.0002922317311481362,,,,,,,,,,,,,,,,,,,,,,,,,,,,
2019,18097340302,1400000US18097340302,0.007591240875912409,0.19696491916228936,0.0011906531965025532,2.392820838196856e-43,0.003787887856412953,0.0005839416058394161,0.015151147627868412,9.158870742327333e-05,1.8406314139975816e-44,0.0002913759889548425,0.0005839416058394161,0.01842767241967392,9.237155381598656e-05,1.1250253348746082e-43,0.00029295488037666816,,,,,,,,,,,,,,,,,,,,,,,,,,,,
2019,18097340400,1400000US18097340400,0.009343065693430658,0.1899089296677809,0.0014258764331734868,4.397606415668319e-22,0.004348910698363039,0.0006228710462287105,0.012660595311185392,9.505842887823246e-05,2.931737610445546e-23,0.0002899273798908693,0.0011678832116788322,0.061315574050071625,0.000107707609766043,2.0397533344067254e-22,0.0004216904677012009,654,117,41,46,46,43,112,75,38,29,17,24,12,17,45,53,189,102,86,58,68,42,3662,541,42978,4692,1369,53
2019,18097340500,1400000US18097340500,0.007591240875912409,0.17875426359233235,0.0012699706535316013,1.3532721390249118e-21,0.003584259802360774,0.0005839416058394161,0.01375032796864095,9.769005027166164e-05,1.0409785684807013e-22,0.0002757122924892903,0.0005839416058394161,0.04030714919162289,0.00010770503410299799,1.2914993793302974e-21,0.0002917512329715566,1326,133,0,17,81,71,193,100,244,101,160,89,125,102,14,23,106,56,389,149,14,22,5750,614,41214,6361,1974,65
2019,18097340600,1400000US18097340600,0.020437956204379562,0.8296694010505491,0.003369321008747869,2.926513560734785e-10,0.00967347650721459,0.00060111635895234,0.02440204120736909,9.90976767278785e-05,8.607392825690544e-12,0.0002845140149180762,0.0008759124087591242,0.07920842144757487,0.00010934642887853324,2.1557419763388145e-10,0.0003826957178985587,951,141,18,19,65,57,107,53,118,72,58,49,109,69,54,37,77,49,302,97,43,41,5664,613,40580,6592,2084,75
2019,18097340700,1400000US18097340700,0.013138686131386863,0.47133885326420627,0.002051060354012219,3.214797107214472e-19,0.005925895733201506,0.0006256517205422316,0.022444707298295535,9.766954066724851e-05,1.5308557653402247e-20,0.0002821855111048336,0.0011678832116788322,0.08404981581281123,0.00010599261024324522,3.015202429136873e-19,0.0003191635342360671,732,151,48,52,44,54,54,64,154,106,100,96,73,68,13,22,111,88,135,68,0,12,4317,717,38549,7736,1432,57
2019,18097340800,1400000US18097340800,0.0011678832116788322,0.044035745958114464,0.0001984676712517774,7.067120162728595e-35,0.0005821324610950655,0.0005839416058394161,0.022017872979057232,9.92338356258887e-05,3.5335600813642973e-35,0.00029106623054753276,0.0005839416058394161,0.0228792039020397,0.00010084072201864793,7.067119829788569e-35,0.00029274823473103464,136,49,4,7,0,12,32,31,30,19,0,12,19,23,21,24,5,8,4,7,21,27,1745,210,53500,9142,759,64
2019,18097340901,1400000US18097340901,0.0023357664233576644,0.016789685517429563,0.00030158234711207373,2.9743108690727803e-28,0.0011594181437911712,0.0005839416058394161,0.004197421379357391,7.539558677801843e-05,7.435777172681951e-29,0.0002898545359477928,0.0005839416058394161,0.005042209564090319,7.659704299570456e-05,2.738287647710216e-28,0.00029201553206731573,179,97,0,12,0,12,34,34,0,12,65,74,9,14,9,14,24,39,27,26,11,18,3844,314,70900,13965,1388,52
2019,18097340903,1400000US18097340903,0.0011678832116788322,0.011775274575346203,0.0001557030325045329,4.7077126929578843e-26,0.0005577478913959122,0.0005839416058394161,0.005887637287673102,7.785151625226645e-05,2.3538563464789421e-26,0.0002788739456979561,0.0005839416058394161,0.006169503376765127,7.82759062406748e-05,4.3613857433266226e-26,0.00028319503887360066,,,,,,,,,,,,,,,,,,,,,,,,,,,,
2019,18097340904,1400000US18097340904,0.01343065693430657,0.49603383586874955,0.0020531599319398436,7.618595700804326e-24,0.006483816306279585,0.0005839416058394161,0.02156668851603259,8.926782312781928e-05,3.312432913393185e-25,0.0002819050567947646,0.0005839416058394161,0.05311711235418514,9.948945873875753e-05,6.946542335903984e-24,0.00029358106595294943,,,,,,,,,,,,,,,,,,,,,,,,,,,,
2019,18097341000,1400000US18097341000,0.013722627737226278,0.6081905314141482,0.002096615374992818,8.129426620925804e-19,0.0068654586605785325,0.0005966359885750556,0.02644306658322384,9.115719021707905e-05,3.5345333134460015e-20,0.0002984982026338492,0.0008759124087591242,0.055434289514973735,0.00010374836135556641,6.749754634314999e-19,0.00039739140292759914,172,69,23,30,19,16,0,12,0,12,0,12,12,13,53,46,19,17,32,25,14,15,1657,164,71302,17968,778,61
2019,18097341100,1400000US18097341100,0.008175182481751826,0.2009989596834709,0.0011639640545041824,2.1955869275429116e-13,0.0038967944241923447,0.0006288601909039866,0.01546145843719007,8.953569650032172e-05,1.688913021186855e-14,0.00029975341724556496,0.0008759124087591242,0.0567870420901835,0.00010598507849028225,1.8282238182118468e-13,0.00031632669532511353,346,82,6,10,29,27,54,42,16,15,76,59,23,34,18,27,27,27,87,43,10,13,2319,395,37778,8458,963,32
2019,18097341200,1400000US18097341200,0.008759124087591242,0.11623652704822975,0.0014367681385780056,3.588394222555459e-07,0.0043464281854760515,0.0005839416058394161,0.007749101803215317,9.578454257186704e-05,2.3922628150369725e-08,0.00028976187903173676,0.0005839416058394161,0.016813305818950814,0.0001084669761805464,2.951551338273036e-07,0.00030007269424839366,479,93,4,7,16,25,23,21,60,38,6,10,10,11,31,26,114,65,159,69,56,43,2444,507,25281,6834,1115,50
2019,18097341600,1400000US18097341600,0.008759124087591242,0.10243536394024148,0.0012873659059351927,4.06681550617936e-09,0.0043350689896865715,0.0005839416058394161,0.006829024262682766,8.582439372901285e-05,2.7112103374529067e-10,0.0002890045993124381,0.0005839416058394161,0.01411922709598199,0.00010114385003251652,1.562078252264326e-09,0.00029312107663638813,540,106,25,37,72,58,5,8,67,52,34,26,45,34,66,57,60,48,91,62,75,47,1895,272,27963,6577,1045,68
2019,18097341701,1400000US18097341701,0.008759124087591242,0.1529409407190122,0.001288041937617182,2.4009966642867424e-16,0.004380881100796562,0.0005839416058394161,0.010196062714600813,8.586946250781213e-05,1.6006644428578284e-17,0.0002920587400531041,0.0005839416058394161,0.02229568865543352,9.494785876150231e-05,1.1378481397306126e-16,0.0002929250851498712,,,,,,,,,,,,,,,,,,,,,,,,,,,,
2019,18097341702,1400000US18097341702,0.012554744525547445,0.13090857152602497,0.0017803586959696106,9.184532136588548e-20,0.006349923047512627,0.0005978449774070212,0.0062337415012392846,8.477898552236241e-05,4.3735867317088325e-21,0.00030237728797679177,0.0008759124087591242,0.0200781942833754,9.134625452557014e-05,7.648734329591796e-20,0.00039741160718775555,,,,,,,,,,,,,,,,,,,,,,,,,,,,
2019,18097341902,1400000US18097341902,0.0023357664233576644,0.04890545057643768,0.0003129246815506311,4.8701193029528136e-29,0.0011595822225519505,0.0005839416058394161,0.01222636264410942,7.823117038765778e-05,1.2175298257382034e-29,0.00028989555563798764,0.0005839416058394161,0.013068677945289582,7.947647718143705e-05,4.498538150585871e-29,0.0002953859503651452,275,76,0,12,9,16,32,30,28,44,38,43,19,20,0,12,21,23,103,60,25,29,3649,369,55098,3198,1637,50
2019,18097341903,1400000US18097341903,0.0029197080291970805,0.020871648816426766,0.00042068591236457366,4.89243951951072e-31,0.0014597900821861822,0.0005839416058394161,0.004174329763285353,8.413718247291473e-05,9.784879039021439e-32,0.00029195801643723643,0.0005839416058394161,0.004514376833344703,8.453608627320048e-05,4.384178670239161e-31,0.00029195801643723643,1671,209,0,17,76,76,402,220,151,95,66,71,299,142,58,82,140,110,333,170,146,106,5905,928,33893,3679,2464,88
2019,18097341904,1400000US18097341904,0.0029197080291970805,0.05300216590490483,0.00041478639196873134,1.0865758801493896e-25,0.0013567866716173043,0.0005839416058394161,0.010600433180980966,8.295727839374627e-05,2.173151760298779e-26,0.00027135733432346085,0.0005839416058394161,0.014755525615662731,8.590375452505586e-05,1.0037398578859197e-25,0.00029195801643723643,678,53,28,22,19,14,66,36,129,54,113,52,46,41,59,45,60,40,148,57,10,15,2365,230,36933,2487,974,37
2019,18097342000,1400000US18097342000,0.008759124087591242,0.07230899106351046,0.0008923463263453962,2.1212165754484e-39,0.004350645509762044,0.0005839416058394161,0.004820599404234031,5.9489755089693075e-05,1.4141443836322668e-40,0.0002900430339841363,0.0005839416058394161,0.007556449962480387,6.221534468317312e-05,1.8626694786441165e-39,0.0002919113621228516,350,149,0,17,15,26,14,25,109,119,122,97,0,17,0,17,44,64,32,46,14,23,6726,640,64513,4299,2208,81
2019,18097342101,1400000US18097342101,0.005839416058394161,0.08428780953680333,0.000643951497729103,9.331470050063524e-35,0.0029195022954455535,0.0005839416058394161,0.008428780953680333,6.43951497729103e-05,9.331470050063524e-36,0.00029195022954455537,0.0005839416058394161,0.01039105668872365,6.636640202969113e-05,8.182891112134173e-35,0.0002919580164372362,639,170,0,17,9,15,45,39,81,108,59,47,91,74,20,25,69,74,265,101,0,17,5627,530,44800,5675,1874,56
2019,18097342200,1400000US18097342200,0.005255474452554745,0.0994066784910294,0.0006182245118778178,4.094116653635889e-30,0.002627622147935127,0.0005839416058394161,0.011045186499003266,6.869161243086864e-05,4.549018504039877e-31,0.0002919580164372363,0.0005839416058394161,0.012658605634763625,7.069641189140402e-05,3.609657765563415e-30,0.00029195801643723643,1089,159,19,32,87,62,173,131,115,75,67,49,193,127,44,40,65,94,219,129,107,84,5722,581,36568,3596,2073,87
2019,18097342300,1400000US18097342300,0.009343065693430658,0.16355737089842418,0.0014727929614872966,3.3491042059239014e-37,0.0046631941924350755,0.0005839416058394161,0.010222335681151511,9.204956009295604e-05,2.0931901287024384e-38,0.0002914496370271922,0.0005839416058394161,0.014212599768060576,9.854419722618413e-05,3.151692220616841e-37,0.00029195801643723643,803,191,20,34,61,75,96,82,78,65,138,108,55,47,14,24,93,75,237,138,11,21,6533,732,39659,7030,2540,138
2019,18097342400,1400000US18097342400,0.014014598540145987,0.362553891807081,0.002417259540620625,2.612030893244079e-27,0.007006984660299056,0.0005839416058394161,0.015106412158628374,0.00010071914752585936,1.0883462055183663e-28,0.00029195769417912734,0.0005839416058394161,0.018717681970120744,0.00010736375709668109,2.1896979565359936e-27,0.00029195801643723643,222,55,22,27,26,17,18,30,31,34,26,16,24,27,28,26,6,10,41,37,0,12,1568,235,41528,7350,641,29
2019,18097342500,1400000US18097342500,0.015182481751824819,0.4181257248106965,0.0020429293078758344,4.847511396719673e-18,0.007590897866400267,0.0005839416058394161,0.01608175864656525,7.857420414907056e-05,1.8644274602767972e-19,0.0002919576102461641,0.0005839416058394161,0.020028139709393544,8.738869410387543e-05,4.270545177064203e-18,0.00029195801643723643,633,129,0,12,27,37,46,42,63,49,96,63,57,49,95,78,66,49,168,90,15,22,4850,451,36045,2001,1787,79
2019,18097342600,1400000US18097342600,0.008759124087591242,0.3113302408076949,0.0015337504287753643,1.3031373409824443e-10,0.0043686155981971595,0.0005839416058394161,0.02075534938717966,0.00010225002858502429,8.687582273216295e-12,0.00029124103987981063,0.0005839416058394161,0.023474998294563065,0.00011239381910785395,1.1494629918309502e-10,0.00029195801643723643,599,114,0,12,17,27,84,76,31,31,104,71,37,32,104,59,25,24,197,96,0,12,3756,436,33089,5349,1444,73
2019,18097350100,1400000US18097350100,0.009051094890510949,0.19297402619551127,0.0014586904060762572,7.544546662818883e-24,0.004214023618212116,0.0006465067778936392,0.01378385901396509,0.0001041921718625898,5.388961902013488e-25,0.00030100168701515116,0.0008759124087591242,0.029807115082884233,0.00010621574261680575,2.3892588625056213e-24,0.0004561721753806206,197,70,7,11,40,35,16,15,0,12,52,43,14,16,13,13,25,32,24,20,6,10,1257,262,38750,9987,784,48
2019,18097350300,1400000US18097350300,0.007591240875912409,0.24326864042567706,0.0010898335316849395,6.055277498252936e-15,0.003748351319950718,0.0005839416058394161,0.018712972340436698,8.383334859114919e-05,4.657905767886874e-16,0.000288334716919286,0.0005839416058394161,0.041296473156422674,0.00011127026592748725,5.404889764675277e-15,0.00029445256103569935,1315,146,45,44,30,31,87,65,123,53,142,74,76,56,116,75,162,101,399,130,135,78,2577,432,18713,2201,1983,74
2019,18097350400,1400000US18097350400,0.01635036496350365,0.6864794665393273,0.002590122403462736,8.132648986508848e-07,0.007829981796667582,0.000654014598540146,0.027459178661573092,0.00010360489613850945,3.253059594603539e-08,0.0003131992718667033,0.0011678832116788322,0.06180068558564704,0.00011947531152568084,5.167842442222093e-07,0.0005412409222775248,452,105,0,12,48,56,31,24,62,47,40,51,46,47,6,11,8,13,193,82,18,20,2721,349,46744,7825,1379,66
2019,18097350500,1400000US18097350500,0.014306569343065696,0.3076040885008072,0.002257426793074003,2.156909031505115e-15,0.007247765300053136,0.0005961070559610706,0.012816837020866967,9.405944971141679e-05,8.987120964604645e-17,0.0003019902208355473,0.0008759124087591242,0.03384959751688382,0.00010828973141272572,1.4855731764031929e-15,0.00039740515980570077,496,96,6,9,86,63,17,15,25,29,57,55,13,14,13,16,45,36,143,63,91,60,2180,329,25395,3618,1243,54
2019,18097350600,1400000US18097350600,0.021605839416058398,0.1741595038315483,0.003017521640216943,5.834442140231976e-20,0.010805986398880248,0.0005839416058394161,0.004707013617068873,8.155463892478223e-05,1.5768762541167503e-21,0.00029205368645622294,0.0005839416058394161,0.00973727744048025,9.553357259530262e-05,4.4951256134891036e-20,0.00029428594694664364,1056,188,97,94,12,19,60,52,25,33,15,22,72,72,61,69,94,99,546,173,74,63,5336,669,30909,3829,2388,57
2019,18097350700,1400000US18097350700,0.019854014598540148,0.408428610409987,0.0033258581365261794,1.8028405073157618e-19,0.009925770383751031,0.0005839416058394161,0.01201260618852903,9.781935695665234e-05,5.302472080340476e-21,0.00029193442305150094,0.0005839416058394161,0.03149319530663756,0.00010876227970582786,1.691790391756069e-19,0.0002921251966399611,317,90,0,12,36,39,14,22,5,9,20,21,9,12,6,9,8,10,170,70,49,45,1582,252,21179,4584,819,43
2019,18097350800,1400000US18097350800,0.018102189781021898,0.51048880664893,0.00343025988844681,2.0272680442898365e-09,0.00867036596764691,0.000583941605839416,0.016467380859642906,0.00011065354478860676,6.539574336418828e-11,0.00027968922476280354,0.0005839416058394161,0.03397869909270755,0.00011915102005763674,1.064442965538417e-09,0.0002919499809543969,550,92,0,12,9,15,25,31,61,37,37,29,0,12,18,23,131,52,151,61,118,62,1774,279,19956,2069,1166,52
2019,18097350900,1400000US18097350900,0.009051094890510949,0.545489545671601,0.0015923707930944415,7.588905631072006e-07,0.004484126032888908,0.0006465067778936392,0.03896353897654293,0.00011374077093531726,5.420646879337147e-08,0.000320294716634922,0.0008759124087591242,0.08375420674443458,0.00012122916130821669,6.444727236670975e-07,0.0004409351314690572,320,77,0,12,22,20,18,16,21,21,34,28,5,7,20,22,78,53,83,45,39,33,1557,276,36714,3867,898,42
2019,18097351000,1400000US18097351000,0.008759124087591242,0.5582882529504058,0.001548947527707705,4.503775103825142e-06,0.0042993231701477265,0.0005839416058394161,0.03721921686336039,0.00010326316851384699,3.002516735883428e-07,0.0002866215446765151,0.0005839416058394161,0.06165904904836619,0.00012018472182912504,3.178941745738641e-06,0.0003537266153608879,619,154,11,17,11,17,92,76,63,51,120,84,68,79,70,66,70,63,104,73,10,17,2620,410,30674,4373,1473,108
2019,18097351200,1400000US18097351200,0.02131386861313869,0.7857656559110443,0.003446618070068545,1.1678513500380534e-11,0.009766240986452474,0.0006458748064587481,0.023811080482152858,0.00010444297182025894,3.5389434849637983e-13,0.00029594669655916587,0.0011678832116788322,0.06799585578825294,0.00011000538560261343,9.535828465535435e-12,0.0005300622678549075,629,117,6,11,12,10,20,19,40,40,23,21,54,55,34,36,133,80,269,91,38,39,2690,478,24459,5075,1466,89
2019,18097351500,1400000US18097351500,0.010802919708029199,0.4814606498851672,0.0017831342069009495,7.87854551061815e-06,0.005310447713361579,0.0006001622060016221,0.026747813882509287,9.906301149449719e-05,4.376969728121194e-07,0.00029502487296453216,0.0008759124087591242,0.07984491893489777,0.0001219373109035245,7.878430364273171e-06,0.0004757688703728841,615,97,4,7,67,46,63,44,114,59,43,31,17,16,8,11,102,62,179,58,18,14,1740,381,40719,7343,1098,47
2019,18097351600,1400000US18097351600,0.006715328467153285,0.15243215203401778,0.001132268946028637,1.2646451396641656e-05,0.0030852000727917207,0.0006104844061048441,0.013857468366728888,0.0001029335405480579,1.149677399694696e-06,0.0002804727338901564,0.0008759124087591242,0.048349506560247404,0.00012287542880652118,1.2406804958076028e-05,0.00030590363426952644,413,74,5,9,71,50,122,67,55,35,17,16,0,12,9,11,12,13,94,46,28,22,2395,223,68438,12269,1293,53
2019,18097351700,1400000US18097351700,0.018102189781021898,0.7580020237851604,0.0032443452667789345,6.225363860727707e-05,0.009086811042556243,0.000624213440724893,0.026138000820177944,0.00011187397471651498,2.146677193354382e-06,0.00031333831181228425,0.0008759124087591242,0.06115205107215135,0.00012841344293070748,4.642145551548223e-05,0.00048816240481332115,444,166,0,12,0,12,34,30,74,55,58,50,34,45,14,19,36,46,94,63,100,112,2318,378,46345,5088,1618,56
2019,18097351900,1400000US18097351900,0.012846715328467154,0.5416897469131591,0.0021846569158859384,9.582449793445732e-19,0.006417936571725612,0.0005839416058394161,0.024622261223325413,9.930258708572447e-05,4.355658997020787e-20,0.00029172438962389146,0.0005839416058394161,0.03429727471178116,0.00010899542343351738,8.913171094665605e-19,0.00029195801643723643,569,93,25,36,22,30,17,17,20,24,57,45,52,40,41,36,37,30,138,65,160,63,2677,294,25833,7219,1151,40
2019,18097352100,1400000US18097352100,0.017518248175182483,0.5274554028242036,0.0028473292218301463,1.9470361591456626e-20,0.008750078039083328,0.0005839416058394161,0.017581846760806784,9.491097406100488e-05,6.490120530485542e-22,0.00029166926796944426,0.0005839416058394161,0.032295262296200285,0.00011169448653059571,1.77857058600703e-20,0.0002919612957603417,460,88,0,12,15,16,26,23,72,51,24,26,64,45,13,17,32,26,144,69,70,45,1929,303,23906,5395,1205,44
2019,18097352300,1400000US18097352300,0.008175182481751826,0.23054258476021555,0.001317594269248069,1.4181341241168104e-31,0.004087292304163364,0.0005839416058394161,0.01646732748287254,9.411387637486207e-05,1.0129529457977217e-32,0.00029194945029738315,0.0005839416058394161,0.03145465243195306,0.00010378977560036309,1.3308009308905473e-31,0.00029195801643723643,302,84,0,12,0,12,14,22,17,16,52,40,22,22,20,30,6,10,68,40,103,54,1090,201,26250,4747,777,40
2019,18097352400,1400000US18097352400,0.011678832116788322,0.4749433794938263,0.0020607840806668425,1.6251633418648893e-23,0.005800125282618142,0.0005839416058394161,0.023747168974691316,0.00010303920403334213,8.1258167093244465e-25,0.00029000626413090713,0.0005839416058394161,0.026906763762876047,0.00010841440078753896,1.2106619446242811e-23,0.00029195801643723643,875,148,9,14,41,37,29,41,47,35,63,47,66,56,66,76,102,74,262,130,190,112,2701,432,29286,5513,1540,57
2019,18097352500,1400000US18097352500,0.008759124087591242,0.16545859199126817,0.0013799066276541647,5.360659350473031e-17,0.004339911716831911,0.0005839416058394161,0.011030572799417878,9.199377517694432e-05,3.573772900315354e-18,0.00028932744778879403,0.0005839416058394161,0.030981990585988127,0.00010532295627854006,4.472137055049476e-17,0.00029198874001670516,619,153,39,31,22,36,82,56,102,59,4,9,6,11,22,25,62,54,195,88,85,71,2833,361,41307,13789,1707,39
2019,18097352600,1400000US18097352600,0.023357664233576644,0.922544938263183,0.004170129120743326,3.1725309658139773e-12,0.01125935339472785,0.0005989144675276062,0.02365499841700469,0.00010692638771136732,8.134694784138404e-14,0.0002887013690955859,0.0008759124087591242,0.05100970393614844,0.00011810006279592689,2.159012656596713e-12,0.00039708375485178915,808,148,13,20,14,16,53,43,88,61,83,63,39,45,28,37,54,41,281,82,155,89,3671,473,23799,4253,1989,62
2019,18097352700,1400000US18097352700,0.02102189781021898,0.8850977499602064,0.003922948218862292,1.1357429247793488e-05,0.010017632666592086,0.0006182911120652642,0.026032286763535483,0.000115380829966538,3.340420366998085e-07,0.00029463625489976723,0.0008759124087591242,0.04315565522886963,0.00012761414332818563,8.012683104338393e-06,0.00039710976313233915,636,154,0,12,51,34,48,65,93,97,86,61,0,12,0,12,81,68,124,72,153,108,2492,458,36313,14174,1518,73
2019,18097352800,1400000US18097352800,0.009343065693430658,0.2860838904427314,0.001690838043988105,2.4199646551386015e-08,0.00463037040234464,0.0005839416058394161,0.017880243152670713,0.00010567737774925657,1.512477909461626e-09,0.00028939815014654,0.0005839416058394161,0.03443353912272324,0.00011370473039776299,2.25095776505166e-08,0.00029195801643723643,371,70,28,25,7,10,15,20,48,62,65,47,38,36,36,32,28,25,83,62,23,25,1060,204,29338,4960,724,49
2019,18097353300,1400000US18097353300,0.023357664233576644,0.837026115924233,0.003930435695288478,0.0005423927664631275,0.010443717662402738,0.0006312882225290985,0.022622327457411703,0.00010622799176455347,1.4659263958462906e-05,0.0002822626395243983,0.0008759124087591242,0.09078185756190736,0.00012566478951354414,0.00034236871103282616,0.00039547605263984167,1254,133,16,16,91,58,215,100,221,82,189,93,115,75,45,36,45,30,258,81,59,54,2421,261,39547,3795,1958,65
2019,18097353500,1400000US18097353500,0.017518248175182483,0.409980899106351,0.003189702103159584,0.001086427071220056,0.008335269575974427,0.0005839416058394161,0.0136660299702117,0.00010632340343865281,3.62142357073352e-05,0.00027784231919914757,0.0005839416058394161,0.08185645337335425,0.0001161762299914055,0.0005104738212785473,0.00030138132659021525,963,88,67,47,62,55,55,68,141,58,116,76,84,52,13,22,60,51,304,107,61,50,2428,351,31837,5049,1208,59
2019,18097353600,1400000US18097353600,0.02569343065693431,0.8571219899038133,0.004661847390284486,1.3461642038207835e-05,0.012605536686152713,0.0005839416058394161,0.019480045225086666,0.00010595107705192014,3.05946409959269e-07,0.0002864894701398344,0.0005839416058394161,0.08107075857834777,0.00011370142937169761,1.052101184619959e-05,0.00032627407862770665,809,108,4,9,11,12,76,57,59,39,40,41,24,30,51,45,58,45,387,107,99,64,3122,344,24860,3061,1601,63
2019,18097354201,1400000US18097354201,0.027737226277372264,1.2073239989085203,0.00391055711608029,2.284205124717733,0.010397313204485548,0.0009564560785300781,0.041631862031328286,0.00013484679710621688,0.0787656939557839,0.0003585280415339844,0.004379562043795621,0.16231658025786205,0.00014595673617445094,0.5339806278600848,0.0012500338526919685,,,,,,,,,,,,,,,,,,,,,,,,,,,,
2019,18097354202,1400000US18097354202,0.023357664233576644,0.8897378743434067,0.004442724992107715,0.2778056856294553,0.00995439668067014,0.0006869901245169602,0.026168761010100197,0.00013066838212081515,0.00817075545968986,0.0002927763729608865,0.0011678832116788322,0.06014470632376014,0.00014126430143986826,0.10866577258459384,0.0004315548028304945,,,,,,,,,,,,,,,,,,,,,,,,,,,,
2019,18097354400,1400000US18097354400,0.009051094890510949,0.26760533915455803,0.0018006048763931656,9.399025137068997e-05,0.004442277256481001,0.0006034063260340633,0.017840355943637202,0.0001200403250928777,6.266016758045998e-06,0.0002961518170987334,0.0008759124087591242,0.026162795324828885,0.00013027641974437746,8.637584398719198e-05,0.000368084534748348,298,53,3,6,36,20,47,29,44,22,29,23,32,29,7,10,6,10,88,35,6,9,1532,124,73796,16427,823,57
2019,18097354500,1400000US18097354500,0.007007299270072993,0.14530925256384017,0.0013408523292371194,1.1433817629896718e-08,0.0035374490797100773,0.0005839416058394161,0.012109104380320014,0.00011173769410309328,9.528181358247265e-10,0.0002947874233091731,0.0005839416058394161,0.024204953725811218,0.00012419839492621852,6.110493073806421e-09,0.00031088688782191176,629,81,27,30,34,29,71,39,24,16,79,46,62,44,28,26,71,39,161,60,72,42,2095,225,32057,4890,1300,56
2019,18097354700,1400000US18097354700,0.0035036496350364967,0.10431398799372399,0.0006857715294970295,3.1937240099098226e-11,0.0018102434431538402,0.0005839416058394161,0.017385664665620665,0.00011429525491617159,5.3228733498497046e-12,0.00030170724052564006,0.0005839416058394161,0.023270544830252173,0.00012148289367936598,2.4935134340136857e-11,0.0003469764974486453,308,57,9,14,9,15,12,14,0,12,44,34,12,16,23,25,34,30,103,44,62,42,1569,280,30887,8079,821,53
2019,18097354800,1400000US18097354800,0.006715328467153285,0.21304514291561497,0.0012275115071797458,5.701180075305059e-12,0.0027973335758429297,0.0006104844061048441,0.019367740265055906,0.00011159195519815871,5.182890977550054e-13,0.00025430305234935727,0.0008759124087591242,0.022477744048025102,0.00011782250981719245,5.6506555952289676e-12,0.00038998312182927426,349,72,0,12,11,11,46,40,4,6,18,21,12,16,29,27,39,25,142,71,48,29,1800,286,34500,9921,953,46
2019,18097354900,1400000US18097354900,0.005255474452554745,0.12502097687427516,0.0009370740978557819,2.589838073145566e-17,0.0026271740747177163,0.0005839416058394161,0.01389121965269724,0.00010411934420619799,2.877597859050629e-18,0.0002919082305241907,0.0005839416058394161,0.020704373877254018,0.00011461064216711673,2.144688370201454e-17,0.00029195801643723643,747,107,10,11,83,51,39,33,45,40,58,39,62,43,29,25,39,32,247,71,135,67,2804,387,25542,3366,1429,58
2019,18097355000,1400000US18097355000,0.009051094890510949,0.2169003967983264,0.001636961426678464,6.811966600610519e-13,0.004337945122306945,0.0006034063260340633,0.01446002645322176,0.00010913076177856427,4.541311067073679e-14,0.00028919634148712967,0.0008759124087591242,0.020138652022648203,0.00011492828639961347,4.595678724525128e-13,0.00039809330191995065,475,100,0,12,55,39,17,20,82,61,10,11,11,11,46,38,32,28,170,72,52,39,2207,304,25625,7973,1188,69
2019,18097355100,1400000US18097355100,0.009635036496350367,0.17343355617709255,0.0017507418828612649,7.797180787429095e-16,0.0047779458928637044,0.0006021897810218979,0.010839597261068284,0.00010942136767882906,4.8732379921431847e-17,0.00029862161830398153,0.0008759124087591242,0.025265195443072513,0.00012264873269690252,5.257207917185446e-16,0.0003958822484706921,544,76,3,6,15,17,97,47,42,38,50,33,90,51,26,26,45,28,98,46,78,46,1883,392,26486,4407,1028,46
2019,18097355300,1400000US18097355300,0.005839416058394161,0.09763666234622642,0.0009651757171978271,1.1936870881219424e-19,0.0029182198228019838,0.0005839416058394161,0.009763666234622641,9.651757171978272e-05,1.1936870881219424e-20,0.00029182198228019837,0.0005839416058394161,0.018859943834277006,0.00011018546184783812,1.0167117614097079e-19,0.00029195801643723643,752,145,11,17,101,74,57,65,67,43,63,59,70,60,11,17,103,71,192,84,77,69,2411,375,38845,6210,1449,38
2019,18097355400,1400000US18097355400,0.008759124087591242,0.07596178115833276,0.001419520648548173,1.2665935163873028e-18,0.004383701405853832,0.0005839416058394161,0.00506411874388885,9.463470990321152e-05,8.443956775915353e-20,0.00029224676039025545,0.0005839416058394161,0.010877703117538712,0.00010116202416270265,9.942012189859794e-19,0.00029292505171460686,832,155,24,39,97,77,35,27,99,57,52,59,67,68,12,21,102,74,132,69,212,113,3075,391,28846,10174,1604,73
2019,18097355500,1400000US18097355500,0.012846715328467154,0.9018524740205107,0.002639433565899566,4.621634951679851e-20,0.006046162344849077,0.0005839416058394161,0.04099329427365958,0.00011997425299543482,2.1007431598544777e-21,0.0002748255611295035,0.0005839416058394161,0.07245315733224185,0.0001250115330514251,4.413676238186732e-20,0.0002919103949929753,605,155,61,59,43,35,63,63,69,55,94,73,66,70,61,63,52,43,36,36,60,54,3998,559,40408,7325,1665,47
2019,18097355600,1400000US18097355600,0.019854014598540148,1.2534612126793552,0.0037807467176842365,2.8800801515811506e-12,0.009807863258590068,0.0006404520838238757,0.04043423266707597,0.00012195957153820118,9.290581134132744e-14,0.0003163826857609699,0.0008759124087591242,0.11124894831389136,0.00013055618118323645,2.1284158053471462e-12,0.00040656889687739153,516,100,9,17,8,11,43,39,77,54,17,15,5,9,69,46,52,43,150,68,86,60,2075,264,23150,5297,1100,39
2019,18097355700,1400000US18097355700,0.019270072992700733,1.006518407349296,0.004149704962994877,1.683829706824024e-05,0.009367858352351058,0.0005839416058394161,0.03050055779846352,0.00012574863524226901,5.102514263103103e-07,0.0002838744955257896,0.0005839416058394161,0.07437504263592332,0.00013671787157135644,1.3324760663768643e-05,0.000309275369158407,567,83,22,18,49,39,41,27,26,25,57,51,12,12,4,7,56,33,216,78,84,43,2135,335,23043,2918,1195,43
2019,18097355900,1400000US18097355900,0.008759124087591242,0.5730287991450076,0.0018413594850461607,1.085425598055065e-07,0.004319706611846084,0.0005839416058394161,0.038201919943000505,0.00012275729900307737,7.236170653700434e-09,0.00028798044078973893,0.0005839416058394161,0.07599486663483183,0.00014019908317142187,9.889271022920228e-08,0.0002952888566881887,374,95,27,21,17,15,40,30,75,36,27,25,25,25,32,31,20,16,83,47,28,22,2045,280,50694,9199,1281,53
2019,18097356200,1400000US18097356200,0.03591240875912409,1.797866072037656,0.0062185168323313595,1.0028481728259515,0.012052979056802322,0.0007481751824817518,0.037455543167451165,0.00012955243400690331,0.020892670267207324,0.00025110373035004837,0.0017518248175182483,0.20859227550765172,0.00014658408962684065,0.14573700002424297,0.0004672836112472939,677,81,30,24,99,43,141,45,138,45,37,21,38,24,39,34,29,21,121,51,5,8,4092,361,76471,9587,1211,62
2019,18097356400,1400000US18097356400,0.021605839416058398,0.7436856197557814,0.004041201945283543,0.00010329439552629054,0.010300556250132516,0.0006001622060016221,0.020657933882105038,0.00011225560959120952,2.8692887646191816e-06,0.000286126562503681,0.0008759124087591242,0.030647895490824747,0.00012901884594558605,7.621544284697345e-05,0.0003875613143237563,970,157,12,18,94,67,16,19,83,70,134,72,62,57,134,84,43,34,229,111,163,96,3808,500,28694,3742,1845,92
2019,18097356900,1400000US18097356900,0.006715328467153285,0.23204601268845076,0.0012904061684493977,1.7357719640933067e-07,0.0031078432373944265,0.0006715328467153286,0.023204601268845076,0.00012904061684493976,1.7357719640933068e-08,0.00031078432373944263,0.0008759124087591242,0.02967733133228733,0.00013677474049146132,1.5028103128492762e-07,0.00039933021109517827,461,83,4,7,39,20,66,44,48,32,17,15,62,41,70,48,56,37,94,55,5,7,2195,325,29719,4467,1261,58
2019,18097357000,1400000US18097357000,0.008759124087591242,0.22033790390431363,0.0016559439687757669,4.670774010520811e-09,0.0039804724368633065,0.0006256517205422315,0.015738421707450972,0.00011828171205541192,3.336267150372008e-10,0.00028431945977595044,0.0008759124087591242,0.030275257520976873,0.00013610084789551858,4.334473006656536e-09,0.0003966112488488813,320,81,4,8,27,19,41,34,23,18,40,28,14,13,9,10,43,40,99,54,20,18,2194,359,40100,7265,1175,53
2019,18097357100,1400000US18097357100,0.007299270072992701,0.15638504218114013,0.0015348290083141319,1.5635034450883054e-10,0.0034989293666561772,0.0006082725060827251,0.013032086848428345,0.000127902417359511,1.3029195375735878e-11,0.0002915774472213481,0.0008759124087591242,0.020968631330013414,0.00013504372496762985,1.4688367783934212e-10,0.00030411452202818844,351,67,5,7,35,27,47,51,53,32,24,25,56,36,27,30,27,23,56,31,21,19,2142,274,46250,13471,1173,48
2019,18097357200,1400000US18097357200,0.009927007299270074,0.2707928292061759,0.0020876024843052123,1.406496437218158e-16,0.0049526772789973295,0.0005839416058394161,0.015928989953304468,0.00012280014613560072,8.273508454224458e-18,0.00029133395758807823,0.0005839416058394161,0.02540347795438524,0.00012617397136875094,1.191775952152707e-16,0.00029350428601486694,448,121,0,12,10,15,49,42,71,68,85,58,51,54,54,51,11,17,107,72,10,16,2355,529,32543,4512,1524,86
2019,18097357300,1400000US18097357300,0.01693430656934307,0.4739089751460991,0.0035040541484430768,1.740074329483625e-21,0.008443586637632755,0.0005839416058394162,0.016341688798141348,0.00012082945339458886,6.000256308564223e-23,0.0002911581599183709,0.0005839416058394161,0.05631963867476181,0.00012571288867960502,1.5968715520647069e-21,0.0002921162074818222,544,109,10,15,64,45,59,50,27,28,56,42,30,31,29,26,25,34,240,79,4,7,2137,224,22259,4354,1048,42
2019,18097357400,1400000US18097357400,0.014598540145985403,0.26101211997180346,0.002827806119407242,1.0272556617514292e-22,0.007137497543380751,0.0005839416058394161,0.010440484798872138,0.00011311224477628968,4.1090226470057164e-24,0.00028549990173523004,0.0005839416058394161,0.015631295904677444,0.00011948043266261765,9.650422188341705e-23,0.0002919509025995413,956,158,61,59,45,50,68,45,120,99,124,95,67,63,32,41,26,26,324,122,89,64,5070,529,28654,8555,1908,50
2019,18097357500,1400000US18097357500,0.017226277372262774,0.2004756463605976,0.0031555461585022013,1.2996746904715312e-35,0.00813454167431499,0.0006380102730467694,0.0074250239392813925,0.00011687207994452598,4.813609964709375e-37,0.00030127932127092555,0.0008759124087591242,0.01637480955954249,0.00011831645726375027,9.57810504983358e-36,0.0004057972388616049,265,90,8,13,6,10,26,25,29,38,15,16,23,35,9,14,25,23,116,50,8,12,4033,193,44167,8651,1569,145
2019,18097357601,1400000US18097357601,0.01051094890510949,0.2963788457602838,0.0021184634391428507,8.549793798949119e-23,0.0050287714621961984,0.0005839416058394161,0.016465491431126876,0.00011769241328571393,4.749885443860622e-24,0.0002793761923442332,0.0005839416058394161,0.054778776405848516,0.00012428806841800882,8.261894983247668e-23,0.0002918755287281537,,,,,,,,,,,,,,,,,,,,,,,,,,,,
2019,18097357602,1400000US18097357602,0.007299270072992701,0.3701654842303932,0.0014235696667989108,3.495694902072192e-35,0.003427180260169047,0.0006082725060827251,0.0308471236858661,0.0001186308055665759,2.91307908506016e-36,0.00028559835501408727,0.0008759124087591242,0.054407843872933584,0.00012161422861379697,2.6969846933952876e-35,0.00036559666204729393,,,,,,,,,,,,,,,,,,,,,,,,,,,,
2019,18097357800,1400000US18097357800,0.005839416058394161,0.15814010732883096,0.0011076978799871128,1.919051577203585e-11,0.002873439317556671,0.0005839416058394161,0.015814010732883098,0.00011076978799871128,1.919051577203585e-12,0.0002873439317556671,0.0005839416058394161,0.030839757145780747,0.0001285281998645555,1.9186393079809102e-11,0.00033488413936250263,368,87,0,12,14,16,35,33,54,41,38,30,5,8,41,33,93,58,82,47,6,9,1838,247,34847,15532,982,36
2019,18097357900,1400000US18097357900,0.02072992700729927,1.052133416331264,0.003767691209917239,2.96307707174336e-12,0.010067042152064524,0.0005922836287799791,0.030060954752321827,0.00010764832028334968,8.465934490695314e-14,0.00028762977577327214,0.0008759124087591242,0.08870062760079132,0.0001276503353672286,2.269295092194268e-12,0.00040068609906632267,565,127,0,12,35,34,38,31,43,31,84,62,109,77,93,60,26,24,137,93,0,12,3428,435,46271,3175,2069,72
2019,18097358000,1400000US18097358000,0.007299270072992701,0.6680259567501193,0.0014172473173409768,1.944798187125704e-06,0.0036182898795137854,0.0006082725060827251,0.05566882972917661,0.00011810394311174807,1.6206651559380864e-07,0.0003015241566261488,0.0008759124087591242,0.09407718807558496,0.0001304478171417793,1.703355269767648e-06,0.0003973827906186385,221,70,6,10,3,5,8,10,26,18,0,12,23,35,0,12,5,9,150,71,0,12,1251,249,24535,8580,681,20
2019,18097358100,1400000US18097358100,0.007007299270072993,0.2706794460740842,0.0013962210384752722,4.7103866002254614e-15,0.0035025005755382047,0.0005839416058394161,0.022556620506173682,0.00011635175320627269,3.925322166854551e-16,0.00029187504796151706,0.0005839416058394161,0.024351251790708777,0.00012089033950902219,4.392043863963317e-15,0.00029195801643723643,417,136,0,12,44,53,50,41,74,68,20,23,13,28,57,92,11,18,138,73,10,16,2819,391,34781,9743,1257,86
2019,18097360101,1400000US18097360101,0.012262773722627738,0.6105240807694932,0.002050202183730464,4.109103076457874e-34,0.0060631015115982945,0.0005839416058394161,0.02907257527473777,9.762867541573638e-05,1.956715750694226e-35,0.0002887191195999188,0.0005839416058394161,0.03709913704891193,0.0001008513465118151,3.4402485416396803e-34,0.00029195801643723643,850,124,21,24,11,17,69,57,28,32,118,70,28,30,21,17,139,83,267,105,148,67,2305,350,22554,8158,1348,49
2019,18097360102,1400000US18097360102,0.017518248175182483,0.38238104577392723,0.0026978534778176835,1.2685083487951386e-27,0.00874198670916897,0.0005839416058394161,0.012746034859130907,8.992844926058945e-05,4.228361162650462e-29,0.00029139955697229903,0.0005839416058394161,0.03396010983013848,0.00010351293451828576,9.776147726197175e-28,0.0002936496784009984,624,128,25,30,0,12,16,22,64,78,27,35,0,12,67,87,20,37,229,135,176,111,2112,377,19142,3285,1421,48
2019,18097360201,1400000US18097360201,0.023649635036496353,0.7877230711508287,0.0036812936044959246,1.8709053910670367e-31,0.011473118255126862,0.0006064008983717014,0.020198027465405863,9.439214370502371e-05,4.7971933104282994e-33,0.0002941825193622272,0.0008759124087591242,0.0814036314437092,0.00010709290322549851,1.4418060530525125e-31,0.00039708875837711526,1146,167,0,12,50,63,87,68,182,120,75,83,157,109,14,22,129,78,258,142,194,112,3586,415,31576,2067,1945,72
2019,18097360202,1400000US18097360202,0.007591240875912409,0.5797259362848761,0.001253664785897537,1.274392350170877e-37,0.0033012680513702973,0.0005839416058394161,0.04459430279114432,9.6435752761349e-05,9.803018078237516e-39,0.00025394369625925367,0.0005839416058394161,0.07165231257248107,0.0001069742950438561,1.14021768536606e-37,0.00028182636742045137,453,142,0,12,0,12,17,28,19,32,11,17,36,34,0,12,0,12,256,118,114,98,3272,535,30685,7642,1363,48
2019,18097360301,1400000US18097360301,0.007591240875912409,0.39172837505969027,0.0012574511294381184,5.065560614239794e-39,0.0034440840145719674,0.0005839416058394161,0.030132951927668482,9.672700995677833e-05,3.896585087876764e-40,0.000264929539582459,0.0005839416058394161,0.04985094481206085,0.00010675792889544546,4.7209687055601485e-39,0.00029353027551894904,684,114,0,12,36,29,60,58,69,62,28,33,90,64,68,72,62,38,176,110,95,78,3557,389,37865,7563,1531,52
2019,18097360302,1400000US18097360302,0.02102189781021898,0.937537690156218,0.0032820990537354173,5.559247909564792e-36,0.009901098751063271,0.0006370272063702721,0.02841023303503691,9.945754708289143e-05,1.6846205786559976e-37,0.0003000332954867658,0.0014598540145985403,0.08927695158833025,0.00010908133738522728,2.1542960685469253e-36,0.0006289183608635784,688,101,0,12,38,34,85,53,84,53,50,37,43,35,35,28,68,39,239,83,46,43,2314,290,30250,6326,1268,38
2019,18097360401,1400000US18097360401,0.008759124087591242,0.15896718739341018,0.001307170290732668,4.8806824757972875e-29,0.004429062898996883,0.0005839416058394161,0.010597812492894012,8.714468604884454e-05,3.253788317198192e-30,0.00029527085993312556,0.0005839416058394161,0.014173459990449552,0.00010551155876934148,3.5360046045447883e-29,0.00039566184175376967,1632,241,74,85,156,96,73,49,223,143,134,104,51,63,81,90,197,139,623,215,20,34,6240,751,29459,7490,2680,135
2019,18097360402,1400000US18097360402,0.009635036496350367,0.2283688348454874,0.001284760459064138,1.5734279079748325e-33,0.004813651998400037,0.0006423357664233578,0.01522458898969916,8.565069727094254e-05,1.0489519386498883e-34,0.0003209101332266691,0.0011678832116788322,0.08195443072515178,0.00010678519870455192,1.4501937370466465e-33,0.0005019030256425857,389,71,43,47,20,31,9,14,43,44,32,25,32,40,24,28,50,36,95,51,41,32,2000,343,41316,11263,830,32
2019,18097360406,1400000US18097360406,0.0005839416058394161,0.0017539566136844259,3.984743070785937e-05,1.3981182561164001e-43,0.00029194751325937676,0.0005839416058394161,0.0017539566136844259,3.984743070785937e-05,1.3981182561164001e-43,0.00029194751325937676,0.0005839416058394161,0.0017539566136844259,3.984743070785937e-05,1.3981182561164001e-43,0.00029194751325937676,,,,,,,,,,,,,,,,,,,,,,,,,,,,
2019,18097360501,1400000US18097360501,0.0023357664233576644,0.0019741285217272663,0.00024715077440533697,2.1373942030254663e-22,0.0010544672955209518,0.0005839416058394161,0.0004935321304318166,6.178769360133424e-05,5.343485507563666e-23,0.00026361682388023795,0.0005839416058394161,0.0010504638788457602,6.34535087687218e-05,1.375997396189732e-22,0.0002696387706085037,805,179,60,97,161,130,34,40,52,52,90,91,31,38,19,31,50,57,223,130,85,83,5966,497,56477,11640,2495,198
2019,18097360502,1400000US18097360502,0.035620437956204384,0.445803687154649,0.004815994084546359,2.8119003257131003e-21,0.01711835308509776,0.0006141454820035239,0.007686270468183604,8.303438076804068e-05,4.848104009850173e-23,0.0002951440187085821,0.0008759124087591242,0.01394152056756941,0.00010187200407186808,6.067626950441311e-22,0.00046633738583062433,745,236,0,17,12,27,8,15,87,100,90,96,17,29,100,110,206,177,210,122,15,23,6294,775,52579,5907,2551,89
2019,18097360601,1400000US18097360601,0.014598540145985403,0.17252020942765536,0.002211179387419139,7.205440823567092e-25,0.007317355003818303,0.0005839416058394161,0.006900808377106215,8.844717549676556e-05,2.8821763294268366e-26,0.0002926942001527321,0.0005839416058394161,0.015584197421379356,0.00010097064825011371,5.276877011803798e-25,0.00030350424246126966,435,139,7,13,0,17,20,24,61,62,77,48,25,37,0,17,10,16,217,96,18,25,5015,441,51968,11254,2167,67
2019,18097360602,1400000US18097360602,0.028029197080291973,0.5602747743138459,0.004192740652601989,1.9961502745203565e-28,0.01270246420282805,0.000667361835245047,0.013339875578901091,9.982715839528546e-05,4.7527387488579916e-30,0.0003024396238768583,0.0020437956204379564,0.12417471064420038,0.0001129140620472714,1.4699659914430579e-28,0.0006379566475984017,1318,209,106,111,165,110,0,17,95,84,63,62,241,126,151,134,110,99,338,164,49,76,6091,672,37313,8620,2772,86
2019,18097360700,1400000US18097360700,0.009343065693430658,0.1186776042021966,0.0015683542636907206,6.5144617223858035e-28,0.004739185243768878,0.0005839416058394161,0.007417350262637287,9.802214148067004e-05,4.071538576491127e-29,0.0002961990777355549,0.0005839416058394161,0.02119039497919367,0.00010938265311327842,2.9238420686069664e-28,0.00033515961022611727,133,50,0,12,17,18,12,15,0,12,22,19,0,12,6,10,10,15,44,35,22,15,1980,208,62679,14639,963,33
2019,18097360800,1400000US18097360800,0.02131386861313869,1.0569345339609342,0.0036016537666096753,6.635081999684484e-31,0.009639709101432184,0.0005920519059205192,0.02935929261002595,0.00010004593796137987,1.84307833324569e-32,0.0002677696972620051,0.0008759124087591242,0.0861784284967142,0.00011258074755487341,2.9722929201115445e-31,0.00030606309110672706,901,116,32,28,44,31,121,56,39,32,73,39,57,32,78,56,103,55,306,96,48,32,2191,329,30588,3653,1403,119
2019,18097360900,1400000US18097360900,0.028029197080291973,0.8777117299952247,0.004326530879910002,5.068496553621333e-24,0.013906543166774412,0.0006370272063702721,0.019947993863527833,9.833024727068186e-05,1.1519310349139393e-25,0.000316057799244873,0.0011678832116788322,0.05870003069786479,0.0001053651347005498,4.2153193328378785e-24,0.0005364205303390546,1134,212,0,17,77,107,33,39,54,51,70,77,97,143,29,54,119,109,481,193,174,183,5622,1046,25481,8931,2630,110
2019,18097361000,1400000US18097361000,0.012846715328467154,0.278656229392637,0.002223597230987244,2.7430857222228208e-24,0.006186608485729325,0.0005839416058394161,0.012666192245119863,0.0001010726014085111,1.2468571464649184e-25,0.00028120947662406024,0.0005839416058394161,0.017613781067376124,0.00010734994536132247,2.2921577711660803e-24,0.0002919478302869315,153,54,12,14,14,15,12,14,34,32,6,9,13,14,6,9,19,29,33,33,4,8,2433,184,86855,8853,1083,52
2019,18097361100,1400000US18097361100,0.009343065693430658,0.04298843713759465,0.0013953320453165517,1.0707476028130558e-22,0.004671526245464697,0.0005839416058394161,0.0026867773210996655,8.720825283228448e-05,6.692172517581598e-24,0.00029197039034154355,0.0005839416058394161,0.009805665461491234,9.898754494948852e-05,8.176073358504159e-23,0.00029204438347223594,739,118,16,17,86,64,99,67,89,49,57,37,49,30,27,32,35,34,255,115,26,25,3521,331,46827,9457,1877,67
2019,18097361200,1400000US18097361200,0.011678832116788322,0.9747367089615027,0.0023002584825880363,9.057095037223481e-35,0.005838499452182648,0.0005839416058394161,0.04873683544807513,0.00011501292412940182,4.5285475186117406e-36,0.0002919249726091324,0.0005839416058394161,0.07002035154739977,0.00011761276185186596,8.449653595853937e-35,0.0002919576379384335,668,150,44,41,96,73,113,87,53,42,14,23,9,15,60,63,81,60,165,78,33,39,3462,528,52396,12444,1629,59
2019,18097361300,1400000US18097361300,0.01489051094890511,0.6475126486572527,0.0026880417311500515,1.013293383530706e-28,0.006886928012750774,0.0005956204379562044,0.025900505946290106,0.00010752166924600206,4.0531735341228235e-30,0.000275477120510031,0.0008759124087591242,0.06805551765695705,0.00011301019590812013,7.177713334824696e-29,0.0002950768575270508,298,110,0,12,0,12,49,51,61,60,44,57,43,47,9,16,39,48,45,47,8,14,2157,281,35944,5388,1132,87
2019,18097361402,1400000US18097361402,0.004087591240875913,0.29812032426040885,0.0007697997168624025,3.381168871343943e-35,0.0019397102287210261,0.0005839416058394161,0.04258861775148698,0.00010997138812320036,4.830241244777062e-36,0.00027710146124586087,0.0005839416058394161,0.06815076630966187,0.0001132255199771843,1.6330038992428442e-35,0.0002913935431699584,,,,,,,,,,,,,,,,,,,,,,,,,,,,
2019,18097361601,1400000US18097361601,0.005255474452554745,0.015543522750528685,0.0005423695095121909,2.0274477425110273e-22,0.002419614982319112,0.0006569343065693431,0.0019429403438160856,6.779618868902386e-05,2.534309678138784e-23,0.000302451872789889,0.0008759124087591242,0.0035983013848147893,7.351124424440193e-05,9.891505782467517e-23,0.0004420244077710594,,,,,,,,,,,,,,,,,,,,,,,,,,,,
2019,18097370201,1400000US18097370201,0.0020437956204379564,0.007932839893580734,0.00024686369748574657,2.4124481849734444e-59,0.0010841413730171543,0.0006812652068126521,0.0026442799645269113,8.228789916191552e-05,8.041493949911481e-60,0.00036138045767238476,0.0008759124087591242,0.004077699706664847,8.317678357497048e-05,2.26130397564882e-59,0.0004299711131115212,777,112,11,17,94,64,77,44,146,101,115,56,112,71,54,44,76,61,71,46,21,24,4565,312,46339,2685,1745,77
2019,18097370203,1400000US18097370203,0.008175182481751826,0.0829278941264752,0.0012069030724312117,2.14464820052736e-49,0.003943898869048924,0.0005839416058394161,0.005923421009033943,8.620736231651512e-05,1.531891571805257e-50,0.0002817070620749232,0.0005839416058394161,0.008934101916911113,9.053212072944717e-05,2.0217216335462032e-49,0.00029190127182990647,,,,,,,,,,,,,,,,,,,,,,,,,,,,
2019,18097370204,1400000US18097370204,0.0008759124087591242,0.002814226754894604,8.22914231614252e-05,2.2887009312963963e-62,0.0004303056834089352,0.0008759124087591242,0.002814226754894604,8.22914231614252e-05,2.2887009312963963e-62,0.0004303056834089352,0.0008759124087591242,0.002814226754894604,8.22914231614252e-05,2.2887009312963963e-62,0.0004303056834089352,,,,,,,,,,,,,,,,,,,,,,,,,,,,
2019,18097370303,1400000US18097370303,0.0005839416058394161,0.0016505218637014802,8.106439392022315e-05,4.427699328314797e-63,0.00026690082793709213,0.0005839416058394161,0.0016505218637014802,8.106439392022315e-05,4.427699328314797e-63,0.00026690082793709213,0.0005839416058394161,0.0016505218637014802,8.106439392022315e-05,4.427699328314797e-63,0.00026690082793709213,,,,,,,,,,,,,,,,,,,,,,,,,,,,
2019,18097380200,1400000US18097380200,0.013138686131386863,0.7742896002455828,0.002223745331141262,4.0063114989256425e-19,0.00651009868076875,0.0005972130059721301,0.03519498182934467,0.00010107933323369373,1.8210506813298376e-20,0.00029591357639857955,0.0008759124087591242,0.0850738454191964,0.00011055242301373768,3.7443189264177593e-19,0.00035076298475807604,712,122,0,12,71,51,60,35,112,60,78,63,53,47,8,12,22,17,286,91,22,22,3227,266,38036,12487,1608,59
2019,18097380301,1400000US18097380301,0.009051094890510949,0.2989347840916843,0.0015947370076172215,3.7498242014376753e-31,0.004404867676864709,0.0006465067778936392,0.02135248457797745,0.00011390978625837297,2.678445858169768e-32,0.0003146334054903364,0.0008759124087591242,0.056008396434499855,0.0001173412930684006,3.5144048590241694e-31,0.00036162251585314343,,,,,,,,,,,,,,,,,,,,,,,,,,,,
2019,18097380302,1400000US18097380302,0.007883211678832117,0.174614827068695,0.0011622214793841326,9.50171757699707e-29,0.003336315127124042,0.000716655607166556,0.01587407518806318,0.00010565649812583024,8.637925069997335e-30,0.0003033013751930947,0.0014598540145985403,0.0335447506651204,0.0001126070800789507,8.940411153804751e-29,0.0005345580478793725,,,,,,,,,,,,,,,,,,,,,,,,,,,,
2019,18097380402,1400000US18097380402,0.011678832116788322,0.14084666416535915,0.002007235020418009,4.8258972921670105e-43,0.005760615925282077,0.0005839416058394161,0.007042333208267958,0.00010036175102090044,2.412948646083505e-44,0.00028803079626410385,0.0005839416058394161,0.01549994883689201,0.00010384454724314601,4.290039994853958e-43,0.00034957341329064785,1449,144,51,46,110,71,126,61,276,99,177,83,80,63,86,39,225,114,318,108,0,12,4728,473,39476,4279,2113,130
2019,18097380403,1400000US18097380403,0.010218978102189781,0.08870332787593514,0.0018047878266240355,1.750357233616666e-38,0.004973252206943718,0.00060111635895234,0.0052178428162314786,0.00010616398980141385,1.0296219021274506e-39,0.00029254424746727757,0.0008759124087591242,0.011640175546308296,0.00011055305856720738,1.4286317643729673e-38,0.00039831160745157454,449,129,19,20,40,48,70,55,79,75,97,75,17,18,82,55,0,12,0,12,45,45,4396,428,55134,10030,1756,126
2019,18097380404,1400000US18097380404,0.011970802919708031,0.17695752893557995,0.002212313294405342,9.28138770111961e-40,0.005663000439014035,0.0005985401459854016,0.008847876446778997,0.00011061566472026711,4.640693850559805e-41,0.00028315002195070175,0.0008759124087591242,0.01767796234395252,0.0001162851511406459,6.6246345795237585e-40,0.00039297757975038065,454,115,0,12,15,17,30,37,86,59,74,73,83,57,28,32,54,57,75,60,9,14,3832,397,48241,3769,1818,94
2019,18097380501,1400000US18097380501,0.0005839416058394161,0.01609864247220138,5.7702079720175154e-05,8.934560447314997e-66,0.0002570041568706837,0.0005839416058394161,0.01609864247220138,5.7702079720175154e-05,8.934560447314997e-66,0.0002570041568706837,0.0005839416058394161,0.01609864247220138,5.7702079720175154e-05,8.934560447314997e-66,0.0002570041568706837,274,84,0,12,22,24,22,37,47,53,9,15,25,35,8,14,29,47,112,75,0,12,2164,327,45885,3727,1061,62
2019,18097380502,1400000US18097380502,0.0023357664233576644,0.07244858107647179,0.00038510855302719945,3.1150952089907315e-42,0.001013794821707939,0.0005839416058394161,0.018112145269117946,9.627713825679986e-05,7.787738022476829e-43,0.00025344870542698476,0.0005839416058394161,0.019895541987857288,0.00011095778511977467,3.108630079021596e-42,0.0002823619265652882,1047,142,47,41,77,57,136,75,73,60,77,55,115,73,53,55,164,83,273,118,32,30,3800,392,29674,6241,1889,68
2019,18097380600,1400000US18097380600,0.004087591240875913,0.2944723378129477,0.0005687550413750889,8.45475072339558e-28,0.0019256755166238712,0.0005839416058394161,0.0420674768304211,8.125072019644127e-05,1.2078215319136542e-28,0.00027509650237483873,0.0005839416058394161,0.08248584487345657,0.00010035527735231673,7.9765228437420915e-28,0.00029195801643723643,1148,202,33,36,84,60,132,97,159,123,137,78,86,84,170,141,248,142,99,65,0,17,5589,686,40278,9414,2367,81
2019,18097380700,1400000US18097380700,0.005255474452554745,0.45500085271846646,0.0008683112077338026,3.049879303279536e-30,0.002627517431629521,0.0005839416058394161,0.05055565030205183,9.647902308153361e-05,3.3887547814217065e-31,0.000291946381292169,0.0005839416058394161,0.08145354389794665,9.843377278188233e-05,2.8670593750641662e-30,0.0002919583740004611,1064,247,53,60,65,58,97,93,135,83,85,86,121,106,108,86,134,120,221,200,45,42,5999,856,51556,7044,2391,96
2019,18097380800,1400000US18097380800,0.005255474452554745,0.23029981581281123,0.0005395598387021613,1.204916046827984e-65,0.00256782231596939,0.0005839416058394161,0.025588868423645692,5.995109318912904e-05,1.3387956075866488e-66,0.00028531359066326557,0.0005839416058394161,0.03622313936830616,6.178872981915007e-05,6.007961707279906e-66,0.00029044710042702785,315,93,0,12,28,31,45,41,23,27,61,54,8,12,8,14,29,36,99,68,14,17,2719,257,41981,4789,1279,41
2019,18097380902,1400000US18097380902,0.008175182481751826,0.10118289105668872,0.0013019919196265123,4.6541844229437994e-46,0.003850077762507946,0.0005839416058394161,0.007227349361192051,9.299942283046516e-05,3.324417444959857e-47,0.0002750055544648533,0.0005839416058394161,0.011756344225390545,9.844808363820608e-05,4.156151399546005e-46,0.0002922169780942089,515,124,10,17,50,39,91,67,24,39,64,52,58,51,91,73,24,33,103,93,0,17,5790,380,68430,8748,2594,74
2019,18097381002,1400000US18097381002,0.007007299270072993,0.3532485162698683,0.00077523441170617,1.2643759666503078e-60,0.0035011966614707755,0.0005839416058394161,0.02943737635582236,6.460286764218083e-05,1.0536466388752566e-61,0.000291766388455898,0.0005839416058394161,0.03949962480387475,6.752786336849279e-05,9.69249329308177e-61,0.0002919517286044812,138,47,0,12,9,12,6,11,34,35,9,13,9,10,0,12,23,20,27,30,21,19,3045,309,63487,9212,1229,62
2019,18097381003,1400000US18097381003,0.0035036496350364967,0.14410089364895284,0.0004287129646655287,1.8128910347624867e-55,0.0017521873312695189,0.0005839416058394161,0.02401681560815881,7.145216077758812e-05,3.021485057937478e-56,0.0002920312218782531,0.0005839416058394161,0.025382017872979057,7.444241735910041e-05,1.566789910283642e-55,0.00029237073283166305,,,,,,,,,,,,,,,,,,,,,,,,,,,,
2019,18097381004,1400000US18097381004,0.004087591240875913,0.29032079268708644,0.000527439057526837,1.7201490093781712e-42,0.002036327782935838,0.0005839416058394161,0.041474398955298065,7.534843678954815e-05,2.4573557276831017e-43,0.000290903968990834,0.0005839416058394161,0.07630534142847398,8.985375553020689e-05,1.7201446870794955e-42,0.0002920314314423434,,,,,,,,,,,,,,,,,,,,,,,,,,,,
2019,18097381101,1400000US18097381101,0.004087591240875913,0.27972116106146394,0.0006512983734092781,2.360670768821473e-36,0.002042428578409683,0.0005839416058394161,0.03996016586592342,9.304262477275402e-05,3.372386812602104e-37,0.00029177551120138334,0.0005839416058394161,0.07887594651749778,9.420955307274773e-05,2.217278907730948e-36,0.00029198047885051,972,172,45,55,96,73,26,28,193,138,160,99,176,113,29,34,32,37,188,116,27,30,5597,363,62051,5611,2564,74
2019,18097381102,1400000US18097381102,0.0029197080291970805,0.18221894399345112,0.00045290379557007395,5.072273205499866e-40,0.0014536993809654308,0.0005839416058394161,0.03644378879869022,9.058075911401479e-05,1.014454641099973e-40,0.00029073987619308617,0.0005839416058394161,0.07733286718057165,9.14448426013676e-05,4.785611540184429e-40,0.00029198730261930863,559,151,0,17,43,41,37,59,63,67,29,48,164,120,60,76,87,95,58,43,18,31,6412,582,52030,7163,2473,80
2019,18097381203,1400000US18097381203,0.007007299270072993,0.42679002660481613,0.0009712849422053486,1.0912389754307997e-43,0.0034590229091191866,0.0005839416058394161,0.03556583555040135,8.094041185044571e-05,9.093658128589997e-45,0.00028825190909326557,0.0005839416058394161,0.07579490415444437,8.908461369281152e-05,1.0294071676188215e-43,0.00029367512076500344,807,70,30,35,38,30,28,23,75,69,77,39,75,54,144,69,139,83,161,82,40,40,3142,341,30824,1854,1065,45
2019,18097381204,1400000US18097381204,0.008759124087591242,0.4422334402073811,0.001249419013726946,3.704972163063108e-46,0.0042993835904723,0.0005839416058394161,0.029482229347158738,8.329460091512974e-05,2.469981442042072e-47,0.0002866255726981533,0.0008759124087591242,0.07478358005320963,8.759691490936221e-05,3.6997662118875585e-46,0.000384924456846545,1365,123,31,25,136,84,138,64,159,64,120,77,114,66,122,64,193,83,284,99,68,51,3014,325,29583,3814,1750,67
2019,18097381205,1400000US18097381205,0.0017518248175182483,0.006128828705914455,0.00025598035452821814,2.6036418944794727e-59,0.000879509534653782,0.0005839416058394161,0.0020429429019714848,8.532678484273939e-05,8.678806314931576e-60,0.000293169844884594,0.0005839416058394161,0.0026207449348523092,8.61582946461095e-05,2.440619807483256e-59,0.000293940016618641,1395,174,17,30,166,111,295,139,190,120,166,112,157,97,73,58,173,114,158,101,0,17,6684,421,53540,3534,2632,111
2019,18097390102,1400000US18097390102,0.006131386861313869,0.07057771676103416,0.0008955822634489955,4.127403738391613e-39,0.0031450131358117433,0.0006812652068126521,0.007841968529003797,9.950914038322172e-05,4.586004153768459e-40,0.0003494459039790826,0.0008759124087591242,0.011682157718807557,0.00010551127256604202,3.6357526328745716e-39,0.0003925994121795311,1186,184,0,17,75,57,72,58,95,58,85,68,124,87,76,82,296,149,327,135,36,42,5891,492,36681,10364,2110,111
2019,18097390405,1400000US18097390405,0.004087591240875913,0.022457875707756328,0.0006070512595695478,2.2066502097472034e-55,0.002041487270418804,0.0005839416058394161,0.003208267958250904,8.672160850993539e-05,3.152357442496005e-56,0.0002916410386312577,0.0005839416058394161,0.004942697319053141,8.921779205325238e-05,2.0746332680699673e-55,0.000291824817618769,1054,123,78,73,131,63,195,93,170,93,107,62,132,84,0,12,8,12,233,85,0,12,4399,385,69766,9993,2006,64
2019,18097390410,1400000US18097390410,0.0017518248175182483,0.018295415785524252,0.00027297554437027895,1.0217985778316218e-51,0.0008673110748850288,0.0005839416058394161,0.006098471928508084,9.099184812342632e-05,3.405995259438739e-52,0.00028910369162834295,0.0005839416058394161,0.006676273961388908,9.18964639696306e-05,9.606285098326517e-52,0.0002906301897280422,,,,,,,,,,,,,,,,,,,,,,,,,,,,
2019,18097390411,1400000US18097390411,0.0035036496350364967,0.04490219319189576,0.0004746565978756803,5.519928980625903e-46,0.0014578494790341587,0.0007007299270072994,0.008980438638379152,9.493131957513605e-05,1.1039857961251805e-46,0.00029156989580683175,0.0011678832116788322,0.012419077017531891,9.758883725122126e-05,4.728743404802789e-46,0.00039759448104336104,,,,,,,,,,,,,,,,,,,,,,,,,,,,
2019,18097390500,1400000US18097390500,0.023065693430656935,0.833177314277918,0.003968852567548663,1.4796574030631767e-16,0.01116473701672693,0.0006069919323857089,0.021925718796787314,0.00010444348861970165,3.893835271218886e-18,0.00029380886886123497,0.0011678832116788322,0.0601209154785456,0.00011394523412267678,1.3360244030414741e-16,0.0004888820041530294,452,103,15,24,6,8,38,38,55,32,58,50,40,40,29,24,49,37,148,68,14,13,2173,309,30752,3749,1330,62
2019,18097390602,1400000US18097390602,0.004087591240875913,0.018791868476703732,0.0005208323683083786,2.1874809377737875e-50,0.001712948263302665,0.0006812652068126521,0.003131978079450622,8.68053947180631e-05,3.645801562956312e-51,0.0002854913772171108,0.0011678832116788322,0.01645780749027901,8.750117280372784e-05,2.044826391502231e-50,0.0004292343929683101,,,,,,,,,,,,,,,,,,,,,,,,,,,,
2019,18097390700,1400000US18097390700,0.007007299270072993,0.18975356436318985,0.001142495944622644,2.423018334446209e-12,0.0034944406441016007,0.0005839416058394161,0.01581279703026582,9.520799538522035e-05,2.0191819453718408e-13,0.00029120338700846675,0.0005839416058394161,0.02513012483798349,0.00010160816327485911,1.6261947113361097e-12,0.0002919131227613483,554,114,28,43,84,71,45,45,26,34,81,60,0,12,10,16,31,38,211,103,38,33,3151,476,43346,6096,1378,117
2019,18097390801,1400000US18097390801,0.0029197080291970805,0.01122075175660004,0.0002808637019626541,7.991989267052901e-47,0.0013440859273066447,0.0005839416058394161,0.002244150351320008,5.617274039253082e-05,1.5983978534105802e-47,0.00026881718546132894,0.0005839416058394161,0.003585851695204311,5.7205525715240355e-05,6.923042824825093e-47,0.00027991842654521623,,,,,,,,,,,,,,,,,,,,,,,,,,,,
2019,18097390802,1400000US18097390802,0.008759124087591242,0.01104483593696705,0.0009165228593885364,1.1256795310749952e-48,0.0037700583379376255,0.0006737787759685571,0.0008496027643820808,7.05017584145028e-05,8.6590733159615e-50,0.0002900044875336635,0.0011678832116788322,0.0022321611296814243,8.175785760827267e-05,9.616437822299961e-49,0.00039532266643853433,,,,,,,,,,,,,,,,,,,,,,,,,,,,
2019,18097390900,1400000US18097390900,0.016058394160583942,0.6072286649839689,0.003312260767700836,0.004462742941807559,0.0072789294662650396,0.0005947553392808868,0.02248995055496181,0.0001226763247296606,0.00016528677562250218,0.0002695899802320385,0.0008759124087591242,0.041560645337335424,0.0001325636827268724,0.003229240362564877,0.00038061830638975986,733,150,24,27,78,55,73,46,100,66,52,38,151,90,0,12,69,52,151,78,35,56,2805,302,59864,17867,1651,82
2019,18097391001,1400000US18097391001,0.023941605839416062,1.210434431634718,0.0040369806553689925,0.03229161958745877,0.01007019612746585,0.0007041648776298842,0.03560101269513877,0.00011873472515791155,0.0009497535172781991,0.00029618223904311324,0.0020437956204379564,0.13393745594287923,0.00014553516980465647,0.007324351332930872,0.0005902523411896666,,,,,,,,,,,,,,,,,,,,,,,,,,,,
2019,18097391002,1400000US18097391002,0.02978102189781022,1.714774058030334,0.004852049614522895,2.199531440892521,0.01409949682298462,0.0006925819046002377,0.039878466465821716,0.00011283836312843942,0.051151893974244675,0.00032789527495313066,0.0035036496350364967,0.1305265536530459,0.00014566015093806544,1.0,0.0009347391935334476,,,,,,,,,,,,,,,,,,,,,,,,,,,,
2020,18081610201,1400000US18081610201,0.002742543709290367,0.001510703303514284,0.0003903401763822487,9.339710198389871e-57,0.0013692589946377167,0.0006856359273225917,0.000377675825878571,9.758504409556217e-05,2.334927549597468e-57,0.0003423147486594292,0.0006856359273225917,0.0007209052651478279,9.846442457244488e-05,8.075428512308902e-57,0.00034712807999586897,,,,,,,,,,,,,,,,,,,,,,,,,,,,
2020,18081610300,1400000US18081610300,0.0020569077819677754,0.16679340115391866,0.00019175524723678903,2.830163305014217e-48,0.000846297708478967,0.0010284538909838877,0.08339670057695933,9.587762361839452e-05,1.4150816525071086e-48,0.0004231488542394835,0.0013712718546451835,0.08619120777731222,9.627844716164478e-05,2.661772418859432e-48,0.000586609866867675,,,,,,,,,,,,,,,,,,,,,,,,,,,,
2020,18097310104,1400000US18097310104,0.017826534110387385,0.3430452157613498,0.002329465647125957,4.849334733910337e-51,0.008845073947941364,0.0007427722545994744,0.014293550656722907,9.706106863024821e-05,2.0205561391293072e-52,0.0003685447478308902,0.0010284538909838877,0.02191413279987284,9.968114611130462e-05,4.524732768817695e-51,0.0006351899119583385,883,294,36,42,213,259,72,55,157,91,146,98,71,69,11,17,22,35,93,81,62,38,3025,602,51264,11533,2181,433
2020,18097310105,1400000US18097310105,0.02091189578333905,0.4895893144252062,0.002865279749733036,8.134542178459536e-48,0.009710642429692449,0.0006970631927779683,0.01631964381417354,9.55093249911012e-05,2.711514059486512e-49,0.0003236880809897483,0.0010284538909838877,0.03774101302002875,9.823015747611587e-05,7.591080845765543e-48,0.0004773581854194511,746,278,11,17,50,40,87,51,17,22,79,62,316,270,34,33,87,56,65,43,0,12,3911,574,54766,13901,1776,284
2020,18097310106,1400000US18097310106,0.009256085018854988,0.21055865220341663,0.0012878506312858351,1.595350548706229e-47,0.004459243757534341,0.0007120065399119221,0.016196819400262817,9.906543317583347e-05,1.2271927297740223e-48,0.00034301875057956465,0.0010284538909838877,0.03320514104678454,0.00010027194479640844,1.4883266634300478e-47,0.00046116845390167154,2107,461,299,450,159,90,197,71,257,157,310,211,195,116,98,67,185,120,342,173,65,71,4256,656,41974,9491,2377,454
2020,18097310110,1400000US18097310110,0.002742543709290367,0.04775585905996399,0.00041844096859003577,2.4832173114336417e-36,0.001326764124809269,0.0006856359273225917,0.011938964764990997,0.00010461024214750894,6.208043278584104e-37,0.00033169103120231727,0.0006856359273225917,0.013873899420313163,0.00010493842485127533,1.3076939757212387e-36,0.0003348194768006204,778,118,46,52,66,44,137,75,83,45,145,78,69,54,29,28,80,52,100,73,23,34,2694,293,52218,4796,1380,89
2020,18097310111,1400000US18097310111,0.013027082619129243,0.19544221401152037,0.001791717622682968,2.3290442057973625e-28,0.0063242708914361696,0.0007662989775958378,0.01149660082420708,0.0001053951542754687,1.3700260034102133e-29,0.0003720159347903629,0.0010284538909838877,0.0265244230759283,0.00010860674174528955,1.49736906193602e-28,0.0004981805361320091,1040,148,0,12,51,47,228,139,143,78,156,84,69,52,30,35,107,72,241,107,15,23,3463,465,43347,4311,1639,95
2020,18097310112,1400000US18097310112,0.004113815563935551,0.008030828222806282,0.00050965959459185,8.185100328328212e-69,0.0020580045401450316,0.0006856359273225918,0.0013384713704677137,8.494326576530834e-05,1.3641833880547018e-69,0.0003430007566908386,0.0006856359273225917,0.0027401924201020176,8.673953194655522e-05,7.668540816011633e-69,0.0003477337018970086,264,129,0,17,60,48,25,38,36,53,16,26,10,15,35,53,0,17,27,45,55,62,7242,1266,139690,10687,2628,505
2020,18097310201,1400000US18097310201,0.02399725745629071,0.4145014820175754,0.00320853935072951,1.7441893646496321e-40,0.011524638444290062,0.0007058016898909032,0.012191220059340454,9.436880443322088e-05,5.1299687195577415e-42,0.00033895995424382535,0.0010284538909838877,0.030000921705361835,0.00010218416072139719,1.6228853062412845e-40,0.00039491516840029715,495,111,0,12,36,56,55,44,21,24,51,64,53,52,96,75,70,64,103,81,10,17,4261,597,56500,12646,1650,157
2020,18097310203,1400000US18097310203,0.008227631127871102,0.26830255260656866,0.0011839302901989212,4.737689652867626e-36,0.004135521677999617,0.0006856359273225918,0.02235854605054739,9.866085751657677e-05,3.948074710723022e-37,0.0003446268064999681,0.0006856359273225917,0.030691260211061125,0.00010046565174006408,4.422453666485297e-36,0.0003537187551967662,805,217,36,58,86,96,64,83,104,88,98,101,92,77,32,43,126,118,167,123,0,17,5181,832,62373,9135,2213,181
2020,18097310204,1400000US18097310204,0.008227631127871102,0.18289479438681436,0.001217164633199049,1.8993079856378833e-33,0.004114802794306179,0.0006856359273225918,0.015241232865567863,0.00010143038609992075,1.5827566546982362e-34,0.00034290023285884824,0.0006856359273225917,0.020015584344740378,0.0001054252301411009,1.7695043366241877e-33,0.00034290025031718277,668,177,52,50,0,17,47,50,106,64,23,29,69,66,6,11,73,106,241,92,51,50,5765,1093,69390,17619,1920,252
2020,18097310305,1400000US18097310305,0.008913267055193692,0.13074367044706942,0.0011570678082227408,9.545230571793345e-39,0.004074332047225398,0.0008102970050176084,0.011885788222460857,0.00010518798256570371,8.677482337993951e-40,0.00037039382247503616,0.0013712718546451835,0.025441536840234133,0.0001066088711667296,5.046704683326873e-39,0.0004929631955251334,1526,214,26,40,45,54,230,124,255,139,376,169,89,70,110,97,92,100,113,88,190,148,5040,786,39891,3292,2573,201
2020,18097310306,1400000US18097310306,0.026739801165581077,0.5456595671840914,0.003914596858744564,9.870820985991529e-18,0.012616432244777482,0.0007427722545994744,0.015157210199558093,0.00010873880163179346,2.7418947183309803e-19,0.0003504564512438189,0.0013712718546451835,0.052904359431232555,0.0001223832452110742,7.183875048054332e-18,0.0006424428286098075,1850,424,126,110,245,208,295,175,272,246,34,37,192,195,111,126,137,89,213,170,225,166,7431,1708,43377,10209,2739,405
2020,18097310308,1400000US18097310308,0.002742543709290367,0.065377831010965,0.0004098555110743553,2.4083123850981926e-31,0.0013714428560807834,0.0006856359273225917,0.01634445775274125,0.00010246387776858882,6.020780962745481e-32,0.00034286071402019584,0.0006856359273225917,0.017062247559714517,0.0001038006621742175,2.2480944159540642e-31,0.00034289486953216323,305,132,0,12,39,56,73,91,76,77,0,12,23,38,0,12,19,22,75,76,0,12,3244,624,60027,8473,1239,99
2020,18097310309,1400000US18097310309,0.002742543709290367,0.12453226979820767,0.00039870156342222,8.199587259415148e-45,0.0013709785594127359,0.0006856359273225917,0.031133067449551917,9.9675390855555e-05,2.049896814853787e-45,0.00034274463985318397,0.0006856359273225917,0.03143991068863147,0.00010019189408651604,7.682623715884742e-45,0.00034305374713717695,1097,132,36,59,85,75,166,122,133,98,200,108,232,137,31,38,35,48,169,94,10,14,3681,519,44483,5692,1655,127
2020,18097310312,1400000US18097310312,0.008227631127871102,0.3084662164418129,0.0012567899366307308,2.7603166718380253e-24,0.004051183440726635,0.0006856359273225918,0.02570551803681774,0.00010473249471922757,2.3002638931983546e-25,0.0003375986200605529,0.0006856359273225917,0.0334156989936012,0.0001102328326453663,2.576604365354901e-24,0.0003426067761522682,1540,286,37,42,81,84,186,154,301,238,71,96,98,97,0,17,333,159,381,157,52,79,6664,769,43484,4439,2846,315
2020,18097320105,1400000US18097320105,0.003085361672951663,0.05668805399312389,0.0003033807472026,1.738900372609973e-60,0.0014377206246416771,0.0010284538909838877,0.018896017997707962,0.0001011269157342,5.7963345753665767e-61,0.0004792402082138924,0.0013712718546451835,0.021642441334159105,0.0001018222031116702,1.4008920873429685e-60,0.000651131715056489,998,159,0,12,115,84,124,90,92,90,230,140,29,37,44,50,16,26,326,169,22,37,4027,503,60238,8269,1945,122
2020,18097320106,1400000US18097320106,0.0013712718546451835,0.03218985437525541,0.0002054548376258355,1.246443436169357e-60,0.0006541856917471494,0.0006856359273225917,0.016094927187627703,0.00010272741881291774,6.232217180846785e-61,0.0003270928458735747,0.0006856359273225917,0.01623036144487661,0.00010304045137963971,1.1413358249986073e-60,0.00033136843135548124,692,404,13,22,26,27,71,65,325,425,19,19,45,38,0,12,43,35,150,83,0,12,3707,1762,61618,3301,1369,402
2020,18097320107,1400000US18097320107,0.0030853616729516627,0.05133840083179206,0.00037960990176803854,2.1430165814534803e-57,0.0016316813323697407,0.0006170723345903325,0.010267680166358411,7.592198035360771e-05,4.28603316290696e-58,0.00032633626647394815,0.0006856359273225917,0.017257169433428653,0.00010543132762018097,1.96542988828844e-57,0.000395067766916338,173,93,0,12,79,91,22,22,28,28,5,7,0,12,21,22,4,6,14,20,0,12,2169,493,104276,25812,890,107
2020,18097320108,1400000US18097320108,0.01748371614672609,0.24651245031138122,0.0024047945135070078,5.17982490437273e-53,0.008002350536057901,0.0007284881727802538,0.010271352096307551,0.00010019977139612533,2.158260376821971e-54,0.0003334312723357459,0.0010284538909838877,0.02625202622345806,0.00010384617722801118,2.7971902413834904e-53,0.0005329494165858515,2090,209,47,47,195,140,89,80,241,125,219,150,220,128,82,80,304,153,497,200,196,168,5080,605,32868,8026,2444,156
2020,18097320109,1400000US18097320109,0.0013712718546451835,0.04574856347987038,0.00020944038488040045,3.4118678689862198e-62,0.0006508521788526954,0.0006856359273225917,0.02287428173993519,0.00010472019244020022,1.7059339344931099e-62,0.0003254260894263477,0.0006856359273225917,0.02302805605285322,0.00010508904827145209,2.8933465328837513e-62,0.0003296831199012812,249,95,31,48,54,68,0,12,48,49,35,29,9,14,30,45,0,12,0,12,42,50,2533,361,56486,20133,1367,304
2020,18097320202,1400000US18097320202,0.018512170037709975,0.4576572789094533,0.002256049824548986,1.6439605276084744e-44,0.008507518573413305,0.0006856359273225916,0.016950269589239012,8.35574009092217e-05,6.088742694846201e-46,0.00031509328049678906,0.0006856359273225917,0.028229225301940802,0.00011623264870507412,1.543166077451665e-44,0.0003753560677300849,953,219,109,93,118,85,89,76,111,103,101,72,78,83,107,167,17,21,105,68,118,91,5100,727,82500,14590,2871,387
2020,18097320205,1400000US18097320205,0.006170723345903326,0.11179651190951487,0.0006806955662012317,9.048399199338399e-50,0.002935665586125748,0.0010284538909838877,0.018632751984919146,0.0001134492610335386,1.5080665332230666e-50,0.0004892775976876246,0.0013712718546451835,0.038627331479576935,0.00011553416943353042,6.960435040741896e-50,0.0006492041007071729,1103,154,69,60,78,64,195,92,216,124,118,70,91,71,97,66,40,46,149,104,50,54,2135,384,43589,15464,1524,181
2020,18097320206,1400000US18097320206,0.004456633527596846,0.09411070245705017,0.0006098999914297601,6.304758777226423e-51,0.0022371600529429115,0.0006366619325138352,0.013444386065292881,8.712857020425145e-05,9.006798253180604e-52,0.0003195942932775588,0.0006856359273225917,0.01986169246736293,0.00011215637337327536,5.816310021632621e-51,0.00039527045582448745,1153,368,0,12,130,70,34,35,121,75,258,320,89,71,145,105,64,67,284,169,28,45,3375,546,33808,2866,1742,365
2020,18097320301,1400000US18097320301,0.0013712718546451835,0.041281114022007126,0.00022757907028270126,5.741541446711559e-45,0.000642300024323282,0.0006856359273225917,0.020640557011003563,0.00011378953514135063,2.8707707233557794e-45,0.000321150012161641,0.0006856359273225917,0.028422031015385426,0.0001165473362513439,5.741540961940333e-45,0.0003319541486285161,290,78,7,12,73,50,66,45,23,23,13,13,9,11,18,19,9,14,72,55,0,12,3618,584,81179,15775,1948,186
2020,18097320305,1400000US18097320305,0.008913267055193692,0.13831270547328395,0.0014377458957615915,1.2318375526577372e-43,0.004002180521211741,0.0006856359273225917,0.010639438882560304,0.00011059583813550704,9.475673481982594e-45,0.00030786004009321084,0.0006856359273225917,0.012375422820578295,0.00011152634242054449,1.1504229852629228e-43,0.0003419355733684195,69,48,0,12,0,12,11,20,0,12,0,12,0,12,0,12,37,45,21,31,0,12,2845,335,107780,12965,1053,119
2020,18097320306,1400000US18097320306,0.009598902982516285,0.1306512647819673,0.0015466281028892368,3.618380179876343e-41,0.004526138891861511,0.0006856359273225917,0.00933223319871195,0.00011047343592065977,2.584557271340245e-42,0.0003232956351329651,0.0006856359273225917,0.012421037830832267,0.0001130162877333527,3.3731318716616744e-41,0.00034144846145869965,1278,285,47,60,146,76,188,87,120,88,222,239,41,51,43,57,37,41,322,145,112,97,4112,496,61707,24630,2379,325
2020,18097320400,1400000US18097320400,0.004113815563935551,0.06111000600519259,0.0006759982713882154,1.1701496625239588e-37,0.002038948258008521,0.0006856359273225918,0.010185001000865432,0.00011266637856470257,1.9502494375399312e-38,0.0003398247096680868,0.0006856359273225917,0.012599265551309127,0.00011374491106061378,1.087322654180373e-37,0.00034186467741977494,937,202,97,67,64,53,164,113,99,71,75,58,48,48,46,45,0,12,328,209,16,26,2965,462,55000,11751,1566,230
2020,18097320500,1400000US18097320500,0.008227631127871102,0.2592368044475105,0.0014096370291923688,5.5818822322689105e-33,0.0037414674600755667,0.0006856359273225918,0.021603067037292544,0.0001174697524326974,4.651568526890759e-34,0.0003117889550062972,0.0006856359273225917,0.03020983374974665,0.00011950623849642658,5.1705563049996596e-33,0.00033621755612321316,669,167,17,18,8,13,60,48,66,48,75,49,171,151,50,37,79,54,127,66,16,18,3273,534,58345,14391,1497,190
2020,18097320600,1400000US18097320600,0.007541995200548509,0.2447084236816204,0.001294951636515263,1.4866284713061652e-31,0.0033826986584716166,0.0006856359273225917,0.022246220334692764,0.00011772287604684208,1.35148042846015e-32,0.00030751805986105606,0.0006856359273225917,0.023307977030726176,0.00012372063016845468,1.399779438091811e-31,0.00033335551242424027,356,83,11,17,79,58,35,36,60,36,82,51,31,31,0,12,24,37,23,26,11,14,2339,503,63300,12830,1161,101
2020,18097320700,1400000US18097320700,0.002399725745629071,0.036447921530896175,0.00019045824628156598,3.895713026914087e-36,0.0010177256703704722,0.0007999085818763571,0.012149307176965392,6.348608209385532e-05,1.2985710089713623e-36,0.0003392418901234907,0.0010284538909838877,0.020597175725478523,0.0001193776159441478,3.895713026914087e-36,0.00041906957302179467,408,114,49,41,29,31,67,48,85,61,32,36,23,28,33,52,33,34,57,42,0,12,2032,269,95865,11836,1164,118
2020,18097320800,1400000US18097320800,0.007541995200548509,0.07916155849090498,0.0005196705880755095,7.257948649467291e-57,0.0037519723315652055,0.0006856359273225917,0.007196505317354998,4.7242780734137224e-05,6.598135135879355e-58,0.00034108839377865505,0.0006856359273225917,0.023671603903704364,0.00010666827143586721,5.375031654966309e-57,0.0003750330063618254,53,36,1,2,0,12,8,12,0,12,1,3,0,12,0,12,0,12,32,34,11,11,2969,246,153677,5266,1231,111
2020,18097320901,1400000US18097320901,0.010970174837161468,0.1398912434698821,0.001645390501164844,1.0448716660216734e-34,0.00546601198437704,0.0006856359273225917,0.008743202716867631,0.00010283690632280275,6.530447912635459e-36,0.000341625749023565,0.0006856359273225917,0.012737521355584053,0.00010838389278712992,5.312117398395873e-35,0.0003428649697906752,703,188,43,46,62,74,122,123,30,36,99,83,121,119,114,77,10,18,102,106,0,17,6607,1114,76298,5776,2575,243
2020,18097320902,1400000US18097320902,0.008227631127871102,0.07542594779291538,0.0011881452957271466,1.010216310789528e-44,0.004097842639458571,0.0006856359273225918,0.006285495649409615,9.901210797726222e-05,8.4184692565794e-46,0.0003414868866215476,0.0006856359273225917,0.009090436695535796,0.00010196266562526377,9.463461472755066e-45,0.00034288770820890124,990,167,59,63,49,42,65,65,91,62,38,35,122,79,120,84,94,80,315,143,37,46,3840,676,36659,11998,1967,137
2020,18097320903,1400000US18097320903,0.0020569077819677754,0.046646873514279145,0.0003080021075248415,3.841038730766892e-38,0.0010284774964775761,0.0006856359273225918,0.015548957838093048,0.00010266736917494716,1.280346243588964e-38,0.00034282583215919203,0.0006856359273225917,0.01880514067057827,0.0001030841821297357,3.5986949860755586e-38,0.00034290025031718277,1312,369,0,17,138,107,102,90,136,78,71,63,101,86,38,37,47,56,623,345,56,56,6220,1284,33447,8692,2227,386
2020,18097321001,1400000US18097321001,0.006856359273225917,0.18156749163999128,0.0010580457148263447,1.3926705982109058e-27,0.003428993743694793,0.0006856359273225917,0.018156749163999127,0.00010580457148263447,1.3926705982109059e-28,0.0003428993743694793,0.0006856359273225917,0.02186017071300023,0.00010916974336584643,1.2981944383205369e-27,0.00034290025031718277,371,208,0,12,157,193,14,24,11,18,0,12,8,15,8,18,40,57,80,60,53,50,3087,576,63258,25403,1180,212
2020,18097321002,1400000US18097321002,0.004113815563935551,0.14882379109642024,0.0006954214550296677,7.307489433802838e-16,0.0019664187722255267,0.0006856359273225918,0.02480396518273671,0.00011590357583827794,1.2179149056338063e-16,0.0003277364620375878,0.0006856359273225917,0.036482603046424325,0.0001234763310342439,6.643660934898277e-16,0.000342729049409094,444,103,15,23,15,23,62,54,87,81,37,21,0,17,0,17,101,89,75,67,52,41,5224,1523,77857,11762,1975,270
2020,18097321100,1400000US18097321100,0.010284538909838875,0.2463430399253607,0.001637513645427733,6.844619589456732e-23,0.004992043384657752,0.0006856359273225917,0.01642286932835738,0.00010916757636184887,4.563079726304488e-24,0.00033280289231051675,0.0006856359273225917,0.023527469876458564,0.00011279563764419837,6.38142543698035e-23,0.00034289695455367924,278,72,0,12,34,38,30,38,30,21,54,32,40,43,2,4,2,3,60,42,26,20,3579,526,75143,4835,1622,133
2020,18097321200,1400000US18097321200,0.012341446691806651,0.2332227286899134,0.0016032121936003687,7.084472537476061e-29,0.005754921700436421,0.0007259674524592147,0.013718984040583141,9.43065996235511e-05,4.167336786750624e-30,0.00033852480590802476,0.0010284538909838877,0.02021415071669646,0.00011836089341961503,5.880010490248823e-29,0.00046229374111254293,291,125,24,40,0,12,144,87,57,49,15,24,4,6,14,22,18,31,0,12,15,24,4987,1035,142557,38177,2163,237
2020,18097321300,1400000US18097321300,0.002742543709290367,0.05733313018194746,0.0004563048836906222,5.774607872869196e-35,0.00126774574372598,0.0006856359273225917,0.014333282545486865,0.00011407622092265555,1.443651968217299e-35,0.000316936435931495,0.0006856359273225917,0.015186271480790202,0.00011583835079000902,5.124964735696032e-35,0.0003310149651919824,618,127,20,19,154,84,135,72,45,36,28,24,33,23,8,12,46,48,116,72,33,50,2770,380,90179,14790,1450,150
2020,18097321400,1400000US18097321400,0.009598902982516285,0.41757520480904475,0.0014391961158467374,3.1735899975876204e-30,0.005183378797015995,0.0007999085818763571,0.034797933734087065,0.00011993300965389478,2.644658331323017e-31,0.00043194823308466624,0.0010284538909838877,0.05894964149893745,0.00012490373332374528,2.4028559909210535e-30,0.0005422817512848661,1097,316,49,66,174,93,132,133,112,113,174,208,66,80,71,71,83,88,131,102,105,94,5196,685,62929,9844,2637,286
2020,18097321600,1400000US18097321600,0.005485087418580734,0.056179470141683986,0.0010287367665190513,1.761438183070149e-23,0.0025150286505679206,0.0006856359273225917,0.007022433767710498,0.0001285920958148814,2.201797728837686e-24,0.0003143785813209901,0.0006856359273225917,0.03603338924699023,0.0001308804399553962,1.695820688057228e-23,0.0003346406937810253,1195,249,44,60,0,17,71,55,177,108,185,129,11,18,183,170,182,95,294,135,48,59,5999,944,51481,10552,2640,306
2020,18097321700,1400000US18097321700,0.009598902982516285,0.492345495611789,0.001560218637845987,2.6378294393120634e-19,0.004695287330779528,0.0007999085818763571,0.041028791300982415,0.0001300182198204989,2.1981911994267196e-20,0.00039127394423162733,0.0013712718546451835,0.07354809068264039,0.00013306415549669152,2.547406042542605e-19,0.0005915987215423493,838,236,22,34,47,53,86,69,144,74,16,26,77,52,75,98,136,99,207,150,28,34,4159,606,62779,5657,2164,219
2020,18097321800,1400000US18097321800,0.00582790538224203,0.11240384990686544,0.0007731333912483654,2.23985380939117e-16,0.0030228534753598585,0.0007284881727802538,0.01405048123835818,9.664167390604567e-05,2.799817261738962e-17,0.0003778566844199823,0.0010284538909838877,0.026448006177306957,0.00013053980542506032,2.1656177025136455e-16,0.00046234454707408493,335,69,22,17,56,40,24,21,55,41,34,38,39,40,24,36,0,12,81,58,0,12,3415,550,126920,22873,1556,142
2020,18097321900,1400000US18097321900,0.010284538909838875,0.12713749821889844,0.0015315127208524587,1.2703005736245267e-20,0.00496008951541341,0.0007346099221313483,0.00908124987277846,0.00010939376577517563,9.073575525889476e-22,0.000354292108243815,0.0013712718546451835,0.017171700071432167,0.0001119815974792756,8.753801344432954e-21,0.0005908358319539129,183,69,8,13,7,11,9,13,37,49,35,32,8,14,0,17,0,17,79,51,0,17,5467,947,116875,31873,1348,148
2020,18097322000,1400000US18097322000,0.009598902982516285,0.3027753912192516,0.0016542831796804156,7.418557777349734e-11,0.0046771971514795885,0.0006856359273225917,0.021626813658517974,0.00011816308426288683,5.298969840964096e-12,0.0003340855108199706,0.0006856359273225917,0.03793499437806755,0.00012952564738990621,6.677309881907773e-11,0.00034236756120016506,702,290,17,19,40,42,139,83,210,265,27,27,43,37,0,12,31,27,150,71,45,37,3322,632,51498,3263,1903,281
2020,18097322100,1400000US18097322100,0.006856359273225917,0.31965341527105895,0.0011670267363188328,1.1768859731098911e-07,0.0029557592235338066,0.0007618176970251018,0.035517046141228775,0.0001296696373687592,1.3076510812332123e-08,0.0003284176915037563,0.0013712718546451835,0.06160401186366473,0.00013462358267022606,6.70253963766098e-08,0.0006033738484908554,266,84,0,12,54,49,43,40,27,31,21,31,30,42,0,12,22,20,56,50,13,11,3045,548,69070,17202,1068,86
2020,18097322200,1400000US18097322200,0.007541995200548509,0.18554117036830123,0.0009286122768339489,8.121489496090948e-11,0.003592887777711193,0.000754199520054851,0.018554117036830124,9.286122768339489e-05,8.121489496090948e-12,0.0003592887777711193,0.0010284538909838877,0.038857522691116315,0.0001297636961561924,7.570992141405388e-11,0.0004421267709520619,235,61,7,10,18,14,85,40,20,24,46,36,30,27,0,12,21,26,8,10,0,12,2244,295,82448,17880,907,81
2020,18097322300,1400000US18097322300,0.007541995200548509,0.18265766687216936,0.0011066793590660665,3.9387426374747647e-13,0.0030898069335975383,0.000754199520054851,0.018265766687216935,0.00011066793590660665,3.9387426374747647e-14,0.0003089806933597538,0.0010284538909838877,0.03531612848008435,0.00012994653063098154,1.9601363475532574e-13,0.00035547487459660997,379,161,7,11,58,35,33,33,118,132,16,17,14,19,10,13,13,11,54,50,56,71,2417,389,91875,33649,1088,147
2020,18097322400,1400000US18097322400,0.009598902982516285,0.33749147069846924,0.0018127588859711238,2.7126334011278116e-16,0.004303521114556324,0.0006856359273225917,0.02410653362131923,0.00012948277756936598,1.9375952865198656e-17,0.0003073943653254517,0.0006856359273225917,0.05544022482086704,0.00013377335567902322,2.613623042282631e-16,0.0003378898618666719,717,210,19,28,161,89,60,38,75,58,48,31,22,21,36,27,122,168,139,71,35,29,2809,392,51721,9373,1768,264
2020,18097322500,1400000US18097322500,0.005485087418580734,0.11067671043356361,0.00099148215568491,2.617507675902301e-09,0.0027007790906564758,0.0006856359273225917,0.013834588804195452,0.00012393526946061375,3.2718845948778764e-10,0.00033759738633205947,0.0006856359273225917,0.05562139165282933,0.00013416343158263974,1.997726163695213e-09,0.0003618576633631903,606,90,5,8,32,22,56,39,50,27,38,28,23,17,47,44,48,33,247,75,60,47,1559,250,26250,4232,942,97
2020,18097322601,1400000US18097322601,0.014741172437435723,0.5161035093931652,0.002136109886122796,2.782137425374149e-10,0.006936399181685522,0.0007019605922588439,0.024576357590150723,0.00010171951838679981,1.3248273454162615e-11,0.0003303047229374058,0.0010284538909838877,0.05621603268856281,0.00013545333770825498,1.9209573664774444e-10,0.0004645024757866418,918,119,0,12,22,24,36,53,65,52,155,85,52,49,56,66,30,38,253,109,249,101,2313,507,13009,5529,1345,104
2020,18097322602,1400000US18097322602,0.004799451491258142,0.20331809227681447,0.0008157838518160318,1.391780248768386e-18,0.002327902483237768,0.0006856359273225917,0.02904544175383064,0.00011654055025943312,1.9882574982405515e-19,0.00033255749760539545,0.0006856359273225917,0.055810905561410266,0.00013456835758781803,1.3808962775133857e-18,0.0003382154196508936,555,106,34,45,65,45,104,68,95,63,73,42,48,62,33,52,45,41,58,63,0,12,1726,403,54038,11612,850,158
2020,18097322700,1400000US18097322700,0.01165581076448406,0.36553753057263766,0.001531132425570655,1.6017238735409903e-15,0.005812490466893021,0.0006856359273225917,0.02150220768074339,9.006661326886206e-05,9.421905138476413e-17,0.0003419112039348836,0.0006856359273225917,0.03103090393431815,0.00010316416971853812,1.2255314707546446e-15,0.0003442766246381985,126,93,58,97,0,12,0,12,0,12,34,23,12,19,0,12,7,10,15,18,0,12,1733,334,49107,15831,1003,119
2020,18097330105,1400000US18097330105,0.014055536510113131,0.22519942459250983,0.0018968481401606862,7.704015336955736e-48,0.006717990090394527,0.0007808631394507295,0.012511079144028324,0.00010538045223114924,4.280008520530965e-49,0.0003732216716885848,0.0020569077819677754,0.036982957385705006,0.00011095267591682669,6.737559729740612e-48,0.0008303619352321727,1946,487,123,102,121,91,294,174,575,399,138,77,175,131,65,84,36,54,253,219,166,157,4718,747,53673,3826,2821,474
2020,18097330106,1400000US18097330106,0.014055536510113131,0.2098817160460909,0.0017461541000893556,4.2609693609406124e-51,0.0060661317361147315,0.0008267962653007724,0.012345983296828877,0.00010271494706407974,2.5064525652591837e-52,0.0003568312785949842,0.0010284538909838877,0.02992720878930709,0.0001057787668914814,3.675619512749607e-51,0.000464823467767167,2134,285,0,12,115,147,385,221,240,129,331,180,191,181,341,167,211,170,320,155,0,12,4915,1105,37114,5537,2647,263
2020,18097330211,1400000US18097330211,0.002742543709290367,0.002105344339247766,0.00017469059369160686,2.5641940887594785e-39,0.0013915126021048457,0.0006856359273225917,0.0005263360848119415,4.3672648422901715e-05,6.410485221898696e-40,0.00034787815052621143,0.0006856359273225917,0.001376091997481299,4.4176568356866045e-05,1.6820498292675278e-39,0.00035276072663545035,1265,212,0,12,32,52,134,115,117,95,190,93,118,95,83,97,68,84,368,198,155,87,4913,792,26593,17642,2113,103
2020,18097330401,1400000US18097330401,0.0034281796366129585,0.1008243384765433,0.0005302416651037366,5.520780203079767e-43,0.0012599356299738055,0.0006856359273225917,0.02016486769530866,0.00010604833302074732,1.1041560406159534e-43,0.00025198712599476113,0.0006856359273225917,0.03048399406910815,0.0001067404089233714,5.382378833968819e-43,0.0002774625902300573,490,152,0,17,54,86,26,31,0,17,89,120,66,103,0,17,86,97,125,125,44,69,6216,784,89022,12873,2237,210
2020,18097330500,1400000US18097330500,0.00582790538224203,0.1686208231111036,0.0008653894418944343,4.2831221890889865e-36,0.002663089863932158,0.0007284881727802538,0.02107760288888795,0.00010817368023680429,5.353902736361233e-37,0.00033288623299151975,0.0010284538909838877,0.03719422071927817,0.00010922352575669332,2.0584463029996614e-36,0.0004259005151753245,856,196,0,17,0,17,176,132,101,101,60,71,80,74,54,63,124,108,162,140,99,110,6447,1223,52471,8324,2861,352
2020,18097330600,1400000US18097330600,0.0010284538909838877,0.015757399624640196,0.00010615706191471442,3.7044025292918734e-44,0.0004159186749431367,0.0010284538909838877,0.015757399624640196,0.00010615706191471442,3.7044025292918734e-44,0.0004159186749431367,0.0010284538909838877,0.015757399624640196,0.00010615706191471442,3.7044025292918734e-44,0.0004159186749431367,1510,698,0,17,133,132,42,49,114,76,68,68,38,50,337,121,85,96,647,635,46,65,7081,1121,37066,10766,2654,689
2020,18097330803,1400000US18097330803,0.012684264655467948,0.18334812294232805,0.001571429475172982,1.8892470716482828e-33,0.006242934653796963,0.0007046813697482193,0.010186006830129336,8.730163750961011e-05,1.0495817064712682e-34,0.0003468297029887202,0.0010284538909838877,0.02914951989026063,0.00011859129933019578,1.018631803535634e-33,0.0004649222525477368,966,368,20,30,197,227,117,191,117,83,65,52,25,30,55,48,44,42,247,155,79,60,3711,915,31935,9816,2074,355
2020,18097330804,1400000US18097330804,0.0034281796366129585,0.010271606819302956,0.00022301011326871265,2.7845214930411677e-35,0.0017138395673068278,0.0006856359273225917,0.0020543213638605914,4.4602022653742534e-05,5.569042986082335e-36,0.0003427679134613656,0.0006856359273225917,0.0034132489502669418,4.544665768964582e-05,2.4543363452297294e-35,0.000343722822819832,897,151,76,49,17,27,71,72,97,62,103,83,44,46,47,42,115,113,174,97,153,112,3247,788,31776,10540,1466,167
2020,18097330805,1400000US18097330805,0.009256085018854988,0.17777051229418578,0.0008429264581126978,3.2441573072365056e-26,0.0044327135282181875,0.0007120065399119221,0.013674654791860445,6.484049677789983e-05,2.495505620951158e-27,0.00034097796370909133,0.0010284538909838877,0.01967887973296879,0.00010243225940462919,2.4819012634465752e-26,0.00046421352305366315,769,178,0,12,28,27,48,48,63,63,111,76,79,79,49,56,76,60,242,127,73,50,2215,454,24794,9766,1363,117
2020,18097330806,1400000US18097330806,0.006856359273225917,0.10240076031287194,0.0007129972343753764,9.517561196882467e-31,0.0032819820398906074,0.0006856359273225917,0.010240076031287194,7.129972343753764e-05,9.517561196882467e-32,0.00032819820398906075,0.0006856359273225917,0.017872501814019608,0.00011147025606354492,8.362469157071112e-31,0.0003401093104149756,1052,197,0,12,11,16,42,46,141,97,105,96,92,86,89,118,34,50,365,137,173,92,4746,1380,22917,5896,1865,316
2020,18097330900,1400000US18097330900,0.009598902982516285,0.23181665775528065,0.001197158913590382,1.0615357715229563e-23,0.004738413484226822,0.0007383771525012526,0.01783205059656005,9.208914719926015e-05,8.165659780945818e-25,0.0003644933449405248,0.0010284538909838877,0.02940816170097903,0.00011089187522952493,8.14416920897114e-24,0.0005310073685530063,1906,360,51,62,0,17,323,246,244,207,147,101,338,196,137,120,36,39,473,189,157,116,6149,972,33821,6761,2828,339
2020,18097331000,1400000US18097331000,0.017826534110387385,0.6123775154679559,0.0024183112130062834,6.327773559830883e-20,0.008791786273548825,0.0007130613644154954,0.02449510061871824,9.673244852025134e-05,2.5311094239323533e-21,0.000351671450941953,0.0010284538909838877,0.05307435763955019,0.0001126286537704736,4.840939618344195e-20,0.0004994792647278851,790,269,22,27,37,44,89,81,55,60,53,56,39,40,44,50,71,63,353,242,27,45,3867,1056,36354,12425,1832,244
2020,18097340101,1400000US18097340101,0.008913267055193692,0.061250613098655864,0.0010444035168341917,5.2102742010378514e-30,0.003782571367540304,0.0007427722545994744,0.005104217758221322,8.703362640284931e-05,4.3418951675315426e-31,0.0003152142806283587,0.0010284538909838877,0.009613716104402883,8.739434443567564e-05,4.808635676942832e-30,0.00048094836191258197,315,119,0,17,39,51,42,47,60,76,44,37,20,24,0,17,46,51,53,55,11,17,5059,756,49357,19144,1968,371
2020,18097340102,1400000US18097340102,0.008227631127871102,0.048670745683150614,0.001038024786487211,6.324355883847476e-26,0.0044192464537963,0.0006856359273225918,0.004055895473595884,8.650206554060092e-05,5.2702965698728964e-27,0.0003682705378163583,0.0006856359273225917,0.011530957308582723,9.052853977757382e-05,4.797505041114269e-26,0.00041965337954383823,1380,219,118,108,35,42,100,58,161,109,239,137,143,95,83,68,102,60,383,145,16,19,3560,651,34924,5078,2219,183
2020,18097340108,1400000US18097340108,0.007541995200548509,0.22686449003123924,0.0011947369754384707,6.644102205422548e-32,0.003723201726381591,0.0006856359273225917,0.020624044548294477,0.00010861245231258825,6.0400929140204984e-33,0.00033847288421650826,0.0006856359273225917,0.025638692438677203,0.00011275978659153432,6.098407976224885e-32,0.0003439341098055789,828,104,36,40,46,40,119,59,182,65,102,47,41,36,27,31,87,50,150,69,38,31,2464,394,37269,5368,1319,103
2020,18097340115,1400000US18097340115,0.008913267055193692,0.15135518903659687,0.0013832477898684577,5.541592995410142e-28,0.004071088156475777,0.0006856359273225917,0.01164270684896899,0.00010640367614372752,4.2627638426231865e-29,0.00031316062742121366,0.0006856359273225917,0.02408307951166545,0.00010941288283211094,5.495420336898654e-28,0.0003386210174644094,2079,302,50,45,121,93,236,106,259,132,424,152,319,160,49,46,304,251,303,156,14,17,5933,772,41244,3817,3060,288
2020,18097340201,1400000US18097340201,0.016455262255742203,0.4000358806730142,0.002496842230198388,6.859176222421688e-24,0.007781510917607587,0.0007154461850322697,0.017392864377087574,0.00010855835783471253,2.9822505314876903e-25,0.0003383265616351125,0.0010284538909838877,0.034504463452266244,0.00011356670277583926,6.1944648997577185e-24,0.0003437265554925601,328,95,11,19,0,12,60,65,95,83,0,12,0,12,0,12,21,31,133,81,8,12,3461,580,52969,8385,1096,154
2020,18097340202,1400000US18097340202,0.021254713747000345,0.9635785304724728,0.0032376130568360292,8.643260403741251e-26,0.009648838879183655,0.0007590969195357267,0.034413518945445455,0.0001156290377441439,3.0868787156218756e-27,0.0003446013885422734,0.0013712718546451835,0.09110022934474743,0.00012016258659691773,7.806834997837975e-26,0.0005861020361708354,1072,155,8,14,109,67,80,49,122,67,246,137,60,44,49,40,125,84,182,90,91,74,4386,626,38205,2282,1822,167
2020,18097340301,1400000US18097340301,0.009598902982516285,0.16103838573651547,0.0015369971857438019,7.73333371089315e-20,0.004685261607436368,0.0006856359273225917,0.011502741838322533,0.00010978551326741442,5.523809793495107e-21,0.00033466154338831203,0.0006856359273225917,0.02720512129595536,0.00011989150960550957,6.98385383397827e-20,0.00034318131882795966,663,299,0,12,0,12,60,66,29,34,108,83,70,89,39,38,91,66,252,305,14,23,3788,962,38256,6674,1152,300
2020,18097340302,1400000US18097340302,0.008913267055193692,0.2081787948514291,0.0014182141616489027,1.5874647381836874e-30,0.0044265369706858945,0.0006856359273225917,0.01601375345010993,0.00010909339704991559,1.2211267216797596e-31,0.00034050284389891495,0.0006856359273225917,0.01973613362470509,0.00011250707596069642,1.489217595824958e-30,0.00034405669437584006,1068,209,25,43,42,60,99,113,230,153,89,87,0,17,86,97,0,17,472,180,25,42,5088,1118,33680,6917,1714,265
2020,18097340400,1400000US18097340400,0.010284538909838875,0.1623620439850966,0.0015379111980445136,1.2315436587578064e-18,0.004761551785288939,0.0007346099221313483,0.011597288856078329,0.0001098507998603224,8.796740419698617e-20,0.0003401108418063528,0.0013712718546451835,0.04976832747627197,0.00012168510063231335,7.192224487108865e-19,0.0004952192727040489,592,126,52,64,36,37,76,65,38,40,50,55,12,18,24,38,174,104,70,55,60,42,3720,610,43815,1941,1413,155
2020,18097340500,1400000US18097340500,0.006856359273225917,0.13697564487632924,0.0011453214099426444,2.0164290125219232e-19,0.003185277983279088,0.0006856359273225917,0.013697564487632924,0.00011453214099426445,2.016429012521923e-20,0.0003185277983279088,0.0006856359273225917,0.03232035092520878,0.00012174615972218712,1.1727475364201802e-19,0.0003428403502527603,1603,400,0,17,76,66,215,124,261,149,163,112,115,98,13,22,143,86,608,331,9,17,6138,848,34670,8973,2203,374
2020,18097340600,1400000US18097340600,0.02056907781967775,0.308035930520345,0.0032940261543452404,5.949518607215887e-10,0.009686821136881489,0.0007092785455061293,0.010621928638632587,0.00011358710877052553,2.0515581404192716e-11,0.0003340283150648789,0.0010284538909838877,0.025513486289397615,0.0001325627271590435,4.497729718850767e-10,0.00045091384352111174,835,188,17,19,62,58,133,69,103,60,45,39,126,121,31,35,73,42,176,87,69,58,5457,989,44759,8381,1896,166
2020,18097340700,1400000US18097340700,0.013369900582790539,0.3429385847966582,0.0020900414324042213,6.706237223353399e-19,0.005899064585468738,0.0007427722545994744,0.019052143599814345,0.00011611341291134562,3.725687346307444e-20,0.00032772581030381874,0.0013712718546451835,0.10156370136181968,0.00013086543482825142,6.232957660030438e-19,0.000374756456374218,863,216,48,52,63,59,59,44,141,108,117,124,79,54,25,44,97,100,234,138,0,12,4886,847,38656,4678,1500,202
2020,18097340800,1400000US18097340800,0.0006856359273225917,0.0036988130221919375,0.00011878046128274007,5.64971581478844e-34,0.00033995596586784964,0.0006856359273225917,0.0036988130221919375,0.00011878046128274007,5.64971581478844e-34,0.00033995596586784964,0.0006856359273225917,0.0036988130221919375,0.00011878046128274007,5.64971581478844e-34,0.00033995596586784964,122,47,4,7,0,12,26,29,27,19,0,12,4,7,20,21,0,12,17,15,24,25,1633,223,58693,6977,788,96
2020,18097340901,1400000US18097340901,0.002742543709290367,0.020973969817911463,0.00036419632259941616,1.200617204342258e-21,0.0013620702484022239,0.0006856359273225917,0.005243492454477866,9.104908064985404e-05,3.001543010855645e-22,0.00034051756210055597,0.0006856359273225917,0.00623608918533943,9.281770888632613e-05,1.1033496417742807e-21,0.00034279560188130105,215,89,0,12,0,12,61,52,0,12,77,54,5,9,9,15,16,21,27,26,20,31,3991,559,75357,10811,1291,120
2020,18097340903,1400000US18097340903,0.0013712718546451835,0.014461839281859852,0.00018936603348138363,1.8088676715449503e-19,0.0006554588408834744,0.0006856359273225917,0.007230919640929926,9.468301674069181e-05,9.044338357724751e-20,0.0003277294204417372,0.0006856359273225917,0.00756362706108132,9.53162996545368e-05,1.6732667810842427e-19,0.00033179497873134445,821,255,24,40,0,12,238,205,116,87,89,102,8,18,73,87,0,12,141,157,132,139,1515,465,47443,15268,1042,252
2020,18097340904,1400000US18097340904,0.013027082619129243,0.493081096434364,0.0020526964312215594,2.832807136745546e-17,0.006249567338631378,0.0006856359273225917,0.02595163665444021,0.00010803665427481891,1.4909511246029189e-18,0.00032892459677007256,0.0006856359273225917,0.08760550822410419,0.0001217636811451622,2.537576546316042e-17,0.0003454440700146512,1507,372,25,29,254,134,117,113,178,133,431,335,180,119,112,115,36,55,100,67,74,85,4742,649,47190,6543,2388,382
2020,18097341000,1400000US18097341000,0.015426808364758314,0.7139592041920665,0.002477449240955629,2.658218832919043e-12,0.0077469166701968585,0.0007012185620344689,0.032452691099639386,0.00011261132913434678,1.208281287690474e-13,0.000352132575918039,0.0010284538909838877,0.09048889415577667,0.0001286085087434034,2.196481111721169e-12,0.00046415378340103797,196,62,15,21,16,15,0,12,0,12,22,24,7,11,40,33,49,36,29,28,18,16,1626,223,65625,22767,769,88
2020,18097341100,1400000US18097341100,0.006170723345903326,0.29781828578791464,0.0009141254214440756,3.1242120606050383e-09,0.0028367568606624182,0.0007713404182379158,0.03722728572348933,0.00011426567768050945,3.905265075756298e-10,0.0003545946075828023,0.0010284538909838877,0.09697939283129547,0.00013087370133394764,2.5939684689493167e-09,0.0003690484900467615,338,96,6,9,31,34,69,48,16,17,102,68,0,12,17,27,12,19,64,35,21,25,2210,384,39023,3878,934,96
2020,18097341200,1400000US18097341200,0.0061707233459033254,0.3484469499782035,0.0010562806053122673,3.6984574442864018e-06,0.0030512940267447435,0.0006856359273225917,0.03871632777535595,0.00011736451170136303,4.109397160318224e-07,0.00033903266963830484,0.0006856359273225917,0.098177844930597,0.0001341618806378869,3.063426769416802e-06,0.00035903077218678786,502,144,5,7,13,21,63,101,77,44,6,10,32,45,26,24,93,58,167,69,20,24,2627,720,32756,6360,1137,164
2020,18097341600,1400000US18097341600,0.006856359273225917,0.09516419757788999,0.0010270768602854334,1.5263730996859951e-07,0.003384393678807006,0.0006856359273225917,0.009516419757789,0.00010270768602854334,1.526373099685995e-08,0.0003384393678807006,0.0006856359273225917,0.017331587736239905,0.00011632298045738328,1.2412431078608333e-07,0.0003496701455825456,522,113,20,32,42,40,7,10,37,43,29,31,75,64,63,58,38,40,135,81,76,44,1884,368,22965,12553,1038,172
2020,18097341701,1400000US18097341701,0.008227631127871102,0.12510716000475902,0.0011965101329081225,1.068667072838084e-10,0.0041175290399171555,0.0006856359273225918,0.010425596667063252,9.970917774234354e-05,8.905558940317366e-12,0.0003431274199930963,0.0006856359273225917,0.02476283721601717,0.00011078612823208221,8.973993883446468e-11,0.0003447638233311648,573,113,0,12,13,20,32,24,52,55,55,63,32,50,4,7,124,86,217,78,44,38,2825,595,22614,8442,1198,139
2020,18097341702,1400000US18097341702,0.014741172437435723,0.13762330748326002,0.0020055758209510796,4.62056669660572e-13,0.007458505566723003,0.0007019605922588439,0.006553490832536191,9.550361052147998e-05,2.2002698555265334e-14,0.00035516693174871445,0.0010284538909838877,0.02117641581702832,0.00010336346880086597,3.9509061042702645e-13,0.0004642185217508861,436,130,5,15,75,43,0,12,126,111,12,19,28,42,57,42,15,19,94,75,24,24,2285,983,45195,12769,916,229
2020,18097341902,1400000US18097341902,0.002742543709290367,0.05261950074606406,0.00037340436525673646,3.011166485289194e-22,0.0013732423499164977,0.0006856359273225917,0.013154875186516014,9.335109131418411e-05,7.527916213222986e-23,0.0003433105874791244,0.0006856359273225917,0.01413171827981564,9.510510517212056e-05,2.776509770990997e-22,0.00035321004389664924,268,95,0,12,41,47,17,20,27,45,27,30,17,19,0,12,17,19,103,70,19,23,3942,759,58472,4660,1670,211
2020,18097341903,1400000US18097341903,0.0034281796366129585,0.02396868929265227,0.0004648579226649386,1.3688745664846917e-30,0.0017145012515859138,0.0006856359273225917,0.0047937378585304535,9.297158453298772e-05,2.7377491329693832e-31,0.00034290025031718277,0.0006856359273225917,0.005845304922235813,9.455860971550643e-05,1.2312644165691991e-30,0.00034290025031718277,1526,216,40,47,81,82,335,179,95,75,99,101,295,149,14,22,148,123,256,118,163,129,5904,899,34612,2563,2434,229
2020,18097341904,1400000US18097341904,0.0034281796366129585,0.05971898332136527,0.0004845853539164817,6.396944942121555e-19,0.0015951689608521835,0.0006856359273225917,0.011943796664273055,9.691707078329633e-05,1.279388988424311e-19,0.0003190337921704367,0.0006856359273225917,0.016129138445318183,9.893871285488574e-05,5.902710710034154e-19,0.00034290025031718277,584,60,16,19,44,28,28,18,97,49,84,41,40,39,52,36,74,36,140,52,9,16,2011,216,36618,3143,901,61
2020,18097342000,1400000US18097342000,0.010284538909838875,0.07327863294165558,0.0010215365384952009,8.192650347752159e-36,0.005078555455773823,0.0006856359273225917,0.0048852421961103724,6.810243589968006e-05,5.4617668985014395e-37,0.0003385703637182549,0.0006856359273225917,0.009485335714719023,7.32929788019307e-05,4.962358555070237e-36,0.0003427493508242768,406,213,0,17,15,28,78,82,77,84,86,78,0,17,0,17,137,154,0,17,13,25,6668,1236,59333,5468,2111,220
2020,18097342101,1400000US18097342101,0.006856359273225917,0.09200006771712863,0.0007469382742327897,3.720548961562039e-31,0.0034286943601254186,0.0006856359273225917,0.009200006771712862,7.469382742327898e-05,3.720548961562039e-32,0.00034286943601254187,0.0006856359273225917,0.012806531693262098,7.911481646462626e-05,2.3687894753498135e-31,0.00034290006804162354,687,275,0,17,10,16,25,41,111,115,168,197,108,131,13,16,35,42,211,118,6,9,5688,592,54174,8270,2094,280
2020,18097342200,1400000US18097342200,0.005485087418580734,0.09362081135465765,0.000638189235753453,4.360833754074492e-27,0.002743201339778391,0.0006856359273225917,0.011702601419332206,7.977365446918163e-05,5.451042192593115e-28,0.0003429001674722989,0.0006856359273225917,0.014799249280387944,8.307368293615893e-05,3.6860309635324405e-27,0.00034290025031718277,990,205,24,37,73,50,166,101,104,80,121,85,133,109,9,14,35,55,202,120,123,94,5703,910,41949,6561,1892,258
2020,18097342300,1400000US18097342300,0.010970174837161468,0.19062936017188864,0.0017698714491423983,2.122560639043935e-28,0.005477114816898166,0.0006856359273225917,0.01191433501074304,0.0001106169655713999,1.3266003994024592e-29,0.0003423196760561354,0.0006856359273225917,0.016585641241236158,0.00012008512276180707,1.9953516459089546e-28,0.00034290025031718277,718,259,58,88,100,140,69,70,50,48,72,80,30,36,80,107,80,70,179,118,0,17,6678,1115,44813,8722,2503,308
2020,18097342400,1400000US18097342400,0.016455262255742203,0.42456405922803414,0.002957440494028572,1.4669586428325299e-18,0.008229508338265662,0.0006856359273225918,0.017690169134501423,0.0001232266872511905,6.112327678468874e-20,0.00034289618076106923,0.0006856359273225917,0.021865931371511688,0.00013342867568560363,1.2061918546256827e-18,0.00034290025031718277,176,54,19,22,21,17,16,25,27,27,17,16,14,21,23,22,14,21,25,25,0,12,1546,286,54444,12923,632,76
2020,18097342500,1400000US18097342500,0.017826534110387385,0.4637130242140463,0.002431973992438307,4.195831773821691e-15,0.008915020764439962,0.0006856359273225917,0.017835116315924857,9.353746124762719e-05,1.6137814514698812e-16,0.0003428854140169216,0.0006856359273225917,0.02343435882459994,0.00010606906943904507,3.470661681701815e-15,0.00034290025031718277,640,167,0,12,45,52,42,48,40,42,105,73,47,47,78,107,56,47,181,115,46,77,4618,751,35507,4010,1798,219
2020,18097342600,1400000US18097342600,0.006856359273225917,0.22630406025319622,0.0012200441176165534,1.3244033910624007e-09,0.0034040876402902224,0.0006856359273225917,0.02263040602531962,0.00012200441176165534,1.3244033910624006e-10,0.00034040876402902223,0.0006856359273225917,0.024194295490274364,0.00013724161128227536,1.1656394356007002e-09,0.00034284757664672957,625,224,0,12,0,12,130,90,39,39,190,237,31,32,73,50,9,14,153,82,0,12,3780,568,31859,2662,1540,253
2020,18097350100,1400000US18097350100,0.007199177236887214,0.2765154881770126,0.0011352518337214798,1.406601413784784e-17,0.003418853421038799,0.0007999085818763571,0.03072394313077918,0.00012613909263571997,1.562890459760871e-18,0.0003798726023376443,0.0010284538909838877,0.05033604625079885,0.0001310610179081931,1.2110306193232e-17,0.0005716942484555734,152,59,14,23,0,12,18,15,0,12,58,46,16,16,0,12,23,31,18,20,5,8,1259,291,41842,11731,732,82
2020,18097350300,1400000US18097350300,0.008227631127871102,0.19706671971175074,0.0011173837880679514,1.5034642508305036e-13,0.004053319366414046,0.0006856359273225918,0.016422226642645896,9.311531567232928e-05,1.2528868756920863e-14,0.0003377766138678372,0.0006856359273225917,0.03312895927708203,0.00012490850536781955,1.3228376235635814e-13,0.0003447064536400542,1304,292,32,40,45,43,68,55,165,110,171,104,67,57,244,225,133,85,284,106,95,73,2290,589,25505,8196,2030,287
2020,18097350400,1400000US18097350400,0.016455262255742203,0.42310390864206937,0.002450774898937009,2.07584028973909e-06,0.007776211721595749,0.0007835839169401049,0.020147805173431874,0.00011670356661604806,9.884953760662333e-08,0.00037029579626646425,0.0013712718546451835,0.05328326968393501,0.00013494215863306552,1.314482455856519e-06,0.0006320657911417958,441,144,0,12,28,46,44,33,73,55,44,63,87,100,0,12,8,14,132,67,25,27,2605,494,47923,5268,1269,144
2020,18097350500,1400000US18097350500,0.011998628728145356,0.31548457954011605,0.0019376212444978756,6.096772760771641e-13,0.0061004907685186256,0.0007058016898909032,0.01855791644353624,0.00011397772026458091,3.5863369181009654e-14,0.0003588523981481544,0.0010284538909838877,0.056648199641381375,0.0001364082845199126,4.199778137026785e-13,0.00046464221307849915,509,107,6,8,76,59,31,36,24,29,51,54,14,16,9,14,40,39,160,78,98,66,2379,485,26305,6107,1235,119
2020,18097350600,1400000US18097350600,0.018512170037709975,0.11991962823296386,0.0026182573451475908,2.0580327727555126e-16,0.009272708700683174,0.0006856359273225916,0.004441467712331995,9.697249426472559e-05,7.622343602798194e-18,0.0003434336555808583,0.0006856359273225917,0.00924444613737266,0.00011289314578760739,1.5750369795201973e-16,0.0003484318906700489,1059,268,113,116,6,11,52,55,31,48,15,24,95,93,158,221,115,128,370,134,104,71,5484,815,27930,11780,2575,391
2020,18097350700,1400000US18097350700,0.014055536510113131,0.3665282462721486,0.0023811815850814998,9.874971376712056e-14,0.00689480046242491,0.0007027768255056566,0.01832641231360743,0.00011905907925407498,4.937485688356028e-15,0.00034474002312124554,0.0010284538909838877,0.038319547724822045,0.00013269652566092927,9.255781683143382e-14,0.00036672329576655324,443,185,0,12,61,55,38,45,0,12,18,20,9,11,0,12,6,13,261,182,50,45,1567,371,15625,8567,893,193
2020,18097350800,1400000US18097350800,0.017140898183064794,0.5477221180601112,0.003239133036669933,2.3804274782939914e-07,0.00810454757435787,0.0006856359273225917,0.021908884722404445,0.00012956532146679732,9.521709913175966e-09,0.00032418190297431483,0.0006856359273225917,0.057402258084084924,0.00013808368992399353,1.248344158261496e-07,0.00034267020545088547,486,102,0,12,11,19,40,37,78,55,15,24,9,13,16,17,73,44,144,71,100,60,1608,403,19767,2387,1061,101
2020,18097350900,1400000US18097350900,0.008570449091532397,0.28167257075381863,0.0014409446496151351,1.574708854176592e-06,0.004134602297682459,0.0007791317355938542,0.02560659734125624,0.00013099496814683047,1.4315535037969018e-07,0.0003758729361529508,0.0013712718546451835,0.06147222210465776,0.00014014702735795,1.52625599459922e-06,0.0005180539814155583,255,72,0,12,7,12,18,17,24,23,23,24,5,9,0,12,54,40,80,51,44,36,1366,310,37813,15518,837,99
2020,18097351000,1400000US18097351000,0.008913267055193692,0.31253100762617136,0.0014837349328402588,1.0953690580963474e-05,0.004391952477166364,0.0006856359273225917,0.02404084674047472,0.0001141334563723276,8.425915831510364e-07,0.00033784249824356645,0.0006856359273225917,0.042929838000877504,0.00013510797809089756,7.672552233117613e-06,0.0004193939394204289,419,135,12,18,14,21,44,41,53,50,115,79,34,53,72,70,13,20,54,46,8,13,2609,532,27826,6533,1536,270
2020,18097351200,1400000US18097351200,0.019540623928693865,0.5796556819138365,0.0031227108433822147,1.2579973702794397e-09,0.0086357352134597,0.0007816249571477546,0.02318622727655346,0.0001249084337352886,5.0319894811177586e-11,0.000345429408538388,0.0017140898183064792,0.08898736088009696,0.0001311411022344513,1.018038085900636e-09,0.0006559758478671596,684,199,8,12,123,167,10,19,60,52,11,13,69,65,34,38,101,73,215,93,53,51,2784,643,33326,10706,1459,199
2020,18097351500,1400000US18097351500,0.010627356873500172,0.25733802086345925,0.0017308549537686986,1.8526222477790695e-05,0.005211879497932121,0.0007084904582333448,0.01715586805756395,0.00011539033025124657,1.2350814985193797e-06,0.0003474586331954747,0.0010284538909838877,0.0342293626172294,0.0001412064361636374,1.8525393276875776e-05,0.0005717233750630103,633,121,40,60,74,50,53,40,81,49,38,26,61,59,10,14,81,51,180,68,15,14,1653,372,41019,3238,1138,200
2020,18097351600,1400000US18097351600,0.006856359273225917,0.20364833084331807,0.0011925222410039326,1.3049182816938476e-06,0.0032164855413763455,0.0006856359273225917,0.020364833084331808,0.00011925222410039326,1.3049182816938476e-07,0.00032164855413763455,0.0006856359273225917,0.03469491787652252,0.00014627532977448023,1.293078493085493e-06,0.00035124681189527713,426,99,6,12,76,45,102,55,51,37,61,58,10,16,16,21,0,12,61,42,43,36,2553,396,76494,8287,1273,139
2020,18097351700,1400000US18097351700,0.017140898183064794,0.4018781157520857,0.003023508786341408,0.0001375907443087434,0.00860690431148701,0.0007452564427419476,0.017472961554438508,0.00013145690375397426,5.982206274293191e-06,0.00037421323093421785,0.0010284538909838877,0.04343254362934654,0.00014476091805272926,0.00010109433903777564,0.0005515313625473416,311,108,0,12,0,12,50,31,49,41,53,47,18,31,16,17,30,42,44,33,51,54,2427,390,72013,15481,1613,149
2020,18097351900,1400000US18097351900,0.009598902982516285,0.31058155376011115,0.0017038735132647457,5.112388726868204e-16,0.004796891278076546,0.0006856359273225917,0.022184396697150797,0.00012170525094748183,3.6517062334772885e-17,0.0003426350912911819,0.0006856359273225917,0.05794258433956754,0.00013933106347394387,4.620249491044126e-16,0.0003449973820221886,513,112,27,37,23,29,10,12,19,22,78,45,38,32,62,73,14,18,112,59,130,59,2630,458,35931,5896,1188,161
2020,18097352100,1400000US18097352100,0.011998628728145356,0.23366571157299837,0.001986156504797083,2.9217149268874552e-15,0.005760105956726634,0.0007058016898909032,0.013745041857235199,0.00011683273557629899,1.7186558393455618e-16,0.00033882976216039026,0.0010284538909838877,0.03961487293868355,0.00014025868597230615,2.920553365662121e-15,0.00036660426442591983,398,90,0,12,20,18,30,32,81,39,23,27,18,19,16,25,20,16,128,68,62,48,2127,415,27955,11241,1130,88
2020,18097352300,1400000US18097352300,0.008227631127871102,0.20491508789354115,0.0013852657672678561,5.988439612227263e-21,0.004114267955549427,0.0006856359273225918,0.017076257324461764,0.00011543881393898802,4.99036634352272e-22,0.0003428556629624523,0.0006856359273225917,0.031042542815800475,0.00012458460042135728,5.61300329259941e-21,0.0003428999176115395,265,77,0,12,0,12,11,17,20,19,44,40,37,33,19,29,8,15,55,31,71,55,1120,280,29320,2918,715,80
2020,18097352400,1400000US18097352400,0.010970174837161468,0.48155049181915954,0.0020905933578204096,1.10524772852858e-15,0.005432786716969396,0.0006856359273225917,0.03009690573869747,0.0001306620848637756,6.907798303303625e-17,0.0003395491698105873,0.0006856359273225917,0.03318680099111542,0.00013835386671906923,8.740625318448477e-16,0.00034290006073770207,827,171,12,18,49,37,31,42,121,107,73,57,46,43,61,55,90,67,209,115,135,99,2877,616,32258,7507,1450,131
2020,18097352500,1400000US18097352500,0.006856359273225917,0.13901879761654518,0.001223071748432173,2.532371594795197e-10,0.0033783773815104098,0.0006856359273225917,0.013901879761654518,0.00012230717484321732,2.5323715947951973e-11,0.00033783773815104095,0.0006856359273225917,0.03325381273298337,0.000133125173033937,2.1049382887335694e-10,0.0003431193737039868,748,296,21,23,36,40,93,71,101,56,4,11,55,71,9,13,39,42,335,267,55,52,2982,425,33456,14044,1801,297
2020,18097352600,1400000US18097352600,0.018512170037709975,0.8481734950455986,0.003558948753667663,5.343511050144864e-08,0.008740866317170021,0.0007120065399119221,0.032622057501753794,0.0001368826443718332,2.0551965577480244e-09,0.0003361871660450008,0.0010284538909838877,0.06932670363833787,0.0001463089269233138,4.378370703688872e-08,0.000459489344443696,763,147,0,12,13,17,45,44,78,60,68,55,25,30,84,94,61,48,263,94,126,77,3648,610,27984,4655,1893,186
2020,18097352700,1400000US18097352700,0.017826534110387385,1.1559552512046831,0.0034723168316201855,0.00012000563534044996,0.008302861092651279,0.0007427722545994744,0.048164802133528466,0.0001446798679841744,5.000234805852081e-06,0.0003459525455271366,0.0010284538909838877,0.09146126979961844,0.0001596666006882627,9.100874731618679e-05,0.000467602774610702,445,158,0,12,46,33,10,15,18,23,101,82,3,6,0,12,73,68,93,65,101,111,2172,517,32857,16586,1263,94
2020,18097352800,1400000US18097352800,0.009598902982516285,0.2232904129004892,0.0018054796902731293,5.426471278201824e-08,0.0047430448613116,0.0006856359273225917,0.0159493152071778,0.00012896283501950923,3.876050913001303e-09,0.0003387889186651143,0.0006856359273225917,0.0582245039132506,0.0001399911704814293,5.0406639162194676e-08,0.0003428999390004339,412,113,3,9,24,30,80,73,60,63,18,19,62,48,14,15,31,29,88,65,32,35,1265,314,34314,4267,734,102
2020,18097353300,1400000US18097353300,0.018854988001371274,0.6082530015382134,0.0030753294099258185,0.0007117523230785108,0.008833830741189003,0.0007251918462065875,0.023394346213008208,0.00011828190038176225,2.7375089349173494e-05,0.00033976272081496166,0.0010284538909838877,0.11747687389518799,0.0001527633567852781,0.0004036792050573238,0.00046164652319071977,1119,166,21,23,105,69,191,93,181,77,177,100,125,94,18,20,24,24,267,90,10,15,2288,371,43200,3133,1789,118
2020,18097353500,1400000US18097353500,0.01576962632841961,0.5383304812195479,0.00292215447817234,0.0018160286479631483,0.007330367922970232,0.0006856359273225917,0.02340567309650208,0.0001270501947031452,7.895776730274558e-05,0.0003187116488247927,0.0006856359273225917,0.10136031484702748,0.00014345492842163135,0.0008007338470023063,0.00035171416188956516,1078,226,48,41,47,52,59,63,138,76,119,106,85,69,39,61,57,46,447,211,39,41,2379,475,31444,13726,1245,210
2020,18097353600,1400000US18097353600,0.02399725745629071,1.1434545046703657,0.004450774846170575,2.0348453914861545e-05,0.011600209348563203,0.0006856359273225917,0.032670128704867595,0.00012716499560487356,5.813843975674727e-07,0.0003314345528160915,0.0006856359273225917,0.10041015888601562,0.00014055093679697325,1.793915857165395e-05,0.00039232956018782746,905,193,5,8,6,10,187,134,129,122,34,34,39,35,59,48,77,64,313,102,56,47,3200,622,33354,5233,1643,187
2020,18097354201,1400000US18097354201,0.028453890983887557,0.8999632258370942,0.0038302762970636377,1.5760866564342497,0.010447318831939102,0.0011855787909953149,0.037498467743212256,0.0001595948457109849,0.06567027735142707,0.0004353049513307959,0.005142269454919438,0.13051265628431413,0.00017378926103813977,0.5627669644983263,0.001469567319716804,1651,198,19,29,255,122,217,143,179,98,264,127,118,119,250,128,34,39,246,142,69,69,4966,510,73997,11402,2527,287
2020,18097354202,1400000US18097354202,0.022625985601645526,0.7582585505806979,0.004310626525575429,0.2570178230207396,0.00960142750350824,0.0008080709143444831,0.02708066252073921,0.0001539509473419796,0.009179207965026415,0.00034290812512529424,0.0017140898183064792,0.1091522520882975,0.0001692248796166756,0.11762982360380632,0.0005417930305271909,1458,256,163,147,98,60,176,119,137,82,264,125,146,94,53,40,113,113,294,191,14,23,3359,757,61898,14865,2537,284
2020,18097354400,1400000US18097354400,0.007199177236887213,0.10872384719818029,0.0014440582762972134,0.00011504138967535229,0.003471269398189829,0.0007199177236887213,0.010872384719818029,0.00014440582762972133,1.1504138967535228e-05,0.0003471269398189829,0.0010284538909838877,0.014617141932750308,0.00014930390846346487,9.844954054662622e-05,0.0004386475789344707,268,55,5,8,49,34,48,27,32,21,12,11,15,14,0,12,6,9,101,43,0,12,1543,307,61938,30837,823,148
2020,18097354500,1400000US18097354500,0.004799451491258142,0.06102347856306134,0.0009698064288661512,4.020825857162058e-07,0.0024608336159160716,0.0006856359273225917,0.008717639794723049,0.0001385437755523073,5.7440369388029405e-08,0.00035154765941658163,0.0006856359273225917,0.012868253034456262,0.00014326516910971557,1.7400028496868135e-07,0.00040234807939233214,621,164,13,22,29,22,86,43,33,22,138,143,48,40,28,24,75,42,105,48,66,39,2357,449,40569,4497,1231,162
2020,18097354700,1400000US18097354700,0.0013712718546451835,0.02378846297636531,0.00028095676170487025,1.557251602713527e-09,0.0006805730810706054,0.0006856359273225917,0.011894231488182656,0.00014047838085243513,7.786258013567635e-10,0.0003402865405353027,0.0006856359273225917,0.012174152466055613,0.00014138114271882628,1.466106082924236e-09,0.0003411296180845784,347,136,9,14,9,15,13,16,0,12,20,20,30,28,10,16,38,38,72,31,146,132,1535,284,25179,20688,886,152
2020,18097354800,1400000US18097354800,0.005142269454919439,0.19904509443482768,0.0009889346872721015,9.87912656523008e-09,0.0020195699204736497,0.0007346099221313484,0.028435013490689668,0.0001412763838960145,1.4113037950328686e-09,0.0002885099886390928,0.0010284538909838877,0.05740754848475871,0.0001442265239271272,9.141491855902912e-09,0.0004608119442071324,283,69,0,12,7,11,34,32,10,15,5,7,13,16,28,25,33,28,97,48,56,35,1847,536,37009,4743,879,89
2020,18097354900,1400000US18097354900,0.0034281796366129585,0.033332228227414815,0.0006382335190828622,9.21743096789076e-12,0.0017130971270248267,0.0006856359273225917,0.006666445645482963,0.00012764670381657244,1.843486193578152e-12,0.00034261942540496533,0.0006856359273225917,0.01009185076085367,0.00013498091391497127,7.849640075167202e-12,0.00034288570467498164,1020,261,10,12,65,45,76,63,61,51,125,134,172,166,24,22,28,25,319,140,140,62,2604,404,27191,5483,1582,256
2020,18097355000,1400000US18097355000,0.008227631127871102,0.30571638373603865,0.0015370486862374107,9.761377902898089e-09,0.00390508245380174,0.0007479664661701001,0.02779239852145806,0.00013973169874885552,8.873979911725535e-10,0.00035500749580015816,0.0010284538909838877,0.06298033899006486,0.00015390920593622479,7.627094018615473e-09,0.0004869365939168938,436,132,0,12,65,58,17,21,62,48,5,8,10,10,41,35,31,32,132,62,73,76,2283,434,26607,11430,1173,131
2020,18097355100,1400000US18097355100,0.0061707233459033254,0.11142101102613552,0.0012381908704594163,1.3676382240899101e-11,0.0030262868218383014,0.0006856359273225917,0.01238011233623728,0.0001375767633843796,1.5195980267665668e-12,0.0003362540913153668,0.0006856359273225917,0.06203700176769921,0.0001549704732322471,5.395440022306599e-12,0.00037563415086380486,763,425,4,9,17,19,50,41,36,36,41,32,52,31,35,32,57,35,390,415,81,44,1917,516,13214,11829,1197,406
2020,18097355300,1400000US18097355300,0.004799451491258142,0.035949095529587916,0.0008520822378563175,2.3792027261219833e-13,0.0023984751828759433,0.0006856359273225917,0.005135585075655417,0.00012172603397947393,3.398861037317119e-14,0.0003426393118394205,0.0006856359273225917,0.00888657992290593,0.0001314379522361048,2.3001976682637677e-13,0.000343223029142171,766,156,17,27,103,69,30,38,104,69,46,56,64,50,32,37,68,55,255,100,47,60,2462,544,37083,10099,1282,95
2020,18097355400,1400000US18097355400,0.004799451491258142,0.03100856668702883,0.000877240799192758,3.513126591170817e-13,0.0024173958917416563,0.0006856359273225917,0.004429795241004119,0.000125320114170394,5.018752273101167e-14,0.00034534227024880803,0.0006856359273225917,0.008302519688520018,0.00013133004411487514,2.4365774638551224e-13,0.0003492415139985956,816,201,31,48,59,61,46,39,155,88,49,53,0,12,13,23,87,70,209,136,167,109,3101,522,33194,6110,1692,262
2020,18097355500,1400000US18097355500,0.01165581076448406,0.7309604357973434,0.0025384150069637113,5.011055659415688e-14,0.005481366058836129,0.0006856359273225917,0.042997672693961375,0.00014931852982139477,2.947679799656287e-15,0.00032243329757859583,0.0006856359273225917,0.07449765882135516,0.00015736299776271598,4.7802404601433333e-14,0.0003427463800733414,608,175,73,82,75,58,75,82,62,56,131,108,7,14,54,59,35,31,30,37,66,64,4236,896,49392,10350,1664,196
2020,18097355600,1400000US18097355600,0.01576962632841961,0.8453952117406452,0.0030209805671006997,1.868576100977609e-09,0.007581763009247661,0.0007884813164209805,0.04226976058703226,0.00015104902835503498,9.342880504888045e-11,0.00037908815046238303,0.0010284538909838877,0.13161893784743237,0.00016027258603199787,1.3774739762332827e-09,0.0005212589885939395,471,103,13,21,9,12,26,32,114,73,14,14,0,12,33,31,36,30,139,56,87,46,2158,465,28924,7423,1000,86
2020,18097355700,1400000US18097355700,0.01165581076448406,0.5749267690982289,0.0025927372239362245,1.848888038332737e-05,0.0055992853353422295,0.0006856359273225917,0.033819221711660526,0.0001525139543491897,1.087581199019257e-06,0.00032936972560836645,0.0006856359273225917,0.08138058766240942,0.00016459809048629444,1.4545219717068585e-05,0.00036598222040628827,457,87,16,16,25,21,52,34,41,38,21,26,7,9,6,10,47,34,161,65,81,40,1839,336,27537,3814,1215,179
2020,18097355900,1400000US18097355900,0.007541995200548509,0.4637565230640308,0.0015656428328460576,4.00197007508257e-07,0.003670571060878149,0.0006856359273225917,0.04215968391491189,0.0001423311666223689,3.638154613711427e-08,0.0003336882782616499,0.0006856359273225917,0.08241985748365972,0.00016600540194156444,3.196833152908916e-07,0.0003474729646180572,363,160,22,24,14,14,79,94,39,25,15,19,82,84,28,28,8,10,51,34,25,22,1946,341,66250,16154,1267,161
2020,18097356200,1400000US18097356200,0.03942406582104903,1.7222841786923353,0.006676057471359976,0.9719273171876176,0.013005374181310583,0.0008960014959329324,0.03914282224300762,0.0001517285788945449,0.02208925720880949,0.0002955766859388769,0.0020569077819677754,0.21020137381124698,0.00017426251910930625,0.1563010507798633,0.0005409009257140492,666,116,39,25,88,39,127,49,125,46,40,29,40,24,37,38,24,22,112,53,34,44,4211,342,76544,10152,1160,95
2020,18097356400,1400000US18097356400,0.01919780596503257,0.6151240563688665,0.003543853627768864,0.000136783749897964,0.00898266164057341,0.0007110298505567618,0.022782372458106166,0.00013125383806551348,5.066064811035704e-06,0.00033269117187308925,0.0010284538909838877,0.05234275400859537,0.00015249524460434358,8.159241933407196e-05,0.00045352455375015767,962,201,31,48,163,133,33,26,37,37,94,67,79,68,192,114,47,37,152,88,134,96,3933,569,33021,4807,1824,211
2020,18097356900,1400000US18097356900,0.00582790538224203,0.22277148337662056,0.001221455580372697,1.3663802391327277e-06,0.002995314711165147,0.0007284881727802538,0.02784643542207757,0.00015268194754658712,1.7079752989159096e-07,0.00037441433889564337,0.0010284538909838877,0.032919694539318964,0.0001610072811554942,1.1986947563207935e-06,0.00046179927498472904,351,81,4,7,39,28,28,23,28,26,16,14,33,27,58,41,48,38,97,49,0,12,1976,307,32500,12212,1247,127
2020,18097357000,1400000US18097357000,0.008570449091532397,0.18221292052219312,0.0016323329040580246,5.124462577438246e-09,0.004119644130793278,0.000714204090961033,0.015184410043516094,0.00013602774200483539,4.2703854811985384e-10,0.00034330367756610646,0.0010284538909838877,0.024031116020602938,0.00015976654522322688,4.74898176460054e-09,0.000462170438208562,359,148,5,8,21,17,42,36,6,10,38,30,19,14,5,7,36,33,167,142,20,25,2063,445,39097,17625,1174,164
2020,18097357100,1400000US18097357100,0.005485087418580734,0.08706118477700138,0.0012010211789568479,1.7445342752397838e-10,0.0026902888530037044,0.0006856359273225917,0.010882648097125172,0.00015012764736960598,2.1806678440497298e-11,0.00033628610662546306,0.0006856359273225917,0.01733217555853699,0.00015839014847842517,1.6374499089569344e-10,0.00033998958431254796,351,95,41,53,57,30,57,45,32,24,11,12,49,35,12,19,38,32,29,21,25,24,2222,381,70361,11395,1228,186
2020,18097357200,1400000US18097357200,0.008227631127871102,0.21006676250521397,0.0017891250188799084,1.0040291154124626e-12,0.004064101909097741,0.0006856359273225918,0.017505563542101164,0.0001490937515733257,8.366909295103855e-14,0.0003386751590914784,0.0006856359273225917,0.04078557982556256,0.00015520137042116105,9.009676670929457e-13,0.00034270706093846997,376,99,0,12,15,27,41,37,32,39,87,53,7,11,79,67,0,12,85,60,30,43,2110,519,32155,9613,1389,122
2020,18097357300,1400000US18097357300,0.01576962632841961,0.35010848848315046,0.0033186523843831374,9.049798468832821e-18,0.00783712832412384,0.0006856359273225917,0.015222108194919585,0.00014428923410361467,3.9346949864490527e-19,0.00034074470974451476,0.0006856359273225917,0.05894176468015649,0.00015445105249471496,8.913367901680394e-18,0.0003428078127402931,529,120,7,11,37,34,65,57,33,32,41,34,16,16,25,27,51,54,226,83,28,28,1971,306,22721,15173,1093,153
2020,18097357400,1400000US18097357400,0.016455262255742203,0.16214396191287722,0.0032323020961255505,5.852150479163735e-19,0.008038411528493133,0.0006856359273225918,0.006755998413036551,0.00013467925400523128,2.4383960329848893e-20,0.0003349338136872139,0.0006856359273225917,0.01296300998874673,0.0001424246905367592,5.492153603103452e-19,0.0003428393440327479,754,140,36,45,33,46,60,44,88,82,117,94,71,65,32,43,16,20,260,107,41,39,5340,1041,29590,8564,1884,196
2020,18097357500,1400000US18097357500,0.018854988001371274,0.22165379806093885,0.0034858581911376856,2.9793990503064056e-30,0.008817946266004456,0.000754199520054851,0.008866151922437554,0.00013943432764550743,1.1917596201225622e-31,0.00035271785064017825,0.0010284538909838877,0.02387898761011675,0.00014224213199574625,2.627973271177221e-30,0.00047529716784268714,287,112,23,34,5,8,9,16,49,51,16,19,42,47,11,15,43,35,82,52,7,11,4015,216,49872,8162,1462,181
2020,18097357601,1400000US18097357601,0.009598902982516285,0.36909714727487936,0.0020260787113068625,4.880056736757581e-20,0.004536148714601086,0.0006856359273225917,0.026364081948205668,0.00014471990795049018,3.4857548119697e-21,0.00032401062247150615,0.0006856359273225917,0.057558266121731885,0.00015060911463761977,4.712811742333855e-20,0.0003418651554236147,725,251,36,62,5,18,34,56,31,45,94,86,37,53,149,110,149,197,134,112,56,66,4831,917,31615,6488,2162,323
2020,18097357602,1400000US18097357602,0.008570449091532397,0.36210276732629737,0.0017289435152177933,7.036700949550957e-26,0.004040948184737197,0.000714204090961033,0.03017523061052478,0.00014407862626814944,5.863917457959131e-27,0.00033674568206143305,0.0010284538909838877,0.05710916988675721,0.0001493979169986929,6.521171664655143e-26,0.00044069993922853047,229,117,0,12,0,12,51,51,55,83,28,49,61,80,0,12,0,12,11,32,23,35,1484,184,39813,31858,598,70
2020,18097357800,1400000US18097357800,0.0061707233459033254,0.14134304697922823,0.001147974081129514,2.529769550253696e-10,0.0029639358675405724,0.0006856359273225917,0.015704782997692027,0.00012755267568105713,2.81085505583744e-11,0.00032932620750450805,0.0006856359273225917,0.024692533669285532,0.0001521378979384387,2.528710112898912e-10,0.0003789301081441896,431,123,0,12,15,15,56,43,53,37,29,23,5,7,57,45,90,50,126,92,0,12,1837,341,36118,12591,947,116
2020,18097357900,1400000US18097357900,0.02159753171066164,1.1249995885243922,0.003855004767699003,3.508246706799629e-11,0.010453314342620952,0.0006966945713116658,0.03629030930723846,0.00012435499250641944,1.1316924860643964e-12,0.00033720368847164363,0.0010284538909838877,0.0978794663325955,0.00015092021765616788,3.0496825215878973e-11,0.00046417200645826415,536,154,25,38,29,29,37,37,31,24,78,59,51,48,133,123,3,6,149,75,0,12,3514,880,47941,3885,1885,175
2020,18097358000,1400000US18097358000,0.007199177236887213,0.6512533782147414,0.0013842793162206753,2.0823361673040924e-06,0.003578072312643751,0.0007199177236887213,0.06512533782147414,0.00013842793162206752,2.0823361673040924e-07,0.0003578072312643751,0.0010284538909838877,0.1017382845840546,0.00015224297336145662,1.8191725986174982e-06,0.0004641750310441901,248,92,17,24,0,12,15,14,14,13,0,12,18,30,0,12,4,6,178,94,2,3,1215,337,22321,8056,620,68
2020,18097358100,1400000US18097358100,0.005485087418580734,0.1980631960697731,0.001135732414273225,3.254142985027478e-11,0.002726781328375401,0.0006856359273225917,0.024757899508721638,0.00014196655178415313,4.0676787312843475e-12,0.0003408476660469251,0.0006856359273225917,0.025828794169555226,0.0001455613998368821,2.6149136028928474e-11,0.0003425739372313684,363,144,0,12,32,44,35,34,55,53,29,27,21,34,16,26,10,15,165,92,0,12,2829,611,42228,15909,1277,194
2020,18097360101,1400000US18097360101,0.010970174837161468,0.4312845139861735,0.0019227815273734922,1.7119011965879147e-22,0.0053469666049083845,0.0006856359273225917,0.026955282124135845,0.00012017384546084327,1.0699382478674467e-23,0.00033418541280677403,0.0006856359273225917,0.0463172227700726,0.0001280036796875681,1.5439897133779894e-22,0.000342900323974371,749,113,21,24,12,17,47,48,29,32,85,63,9,15,23,22,145,89,237,100,141,68,2385,609,24225,6100,1370,192
2020,18097360102,1400000US18097360102,0.017826534110387385,0.4167528414154197,0.002736606205507703,1.0563976436339901e-22,0.008850279741745027,0.0006856359273225917,0.016028955439054603,0.00010525408482721934,4.063067860130731e-24,0.00034039537468250107,0.0006856359273225917,0.04451872166990439,0.00012404312130635933,8.080186971044145e-23,0.0003454399080219283,651,138,14,30,0,12,13,19,130,137,32,40,0,12,66,90,8,15,279,156,109,106,2126,482,25054,12136,1356,131
2020,18097360201,1400000US18097360201,0.0250257113472746,0.6883650686835086,0.003948800861031036,1.7784956581087822e-26,0.012106349201104823,0.0007150203242078457,0.01966757339095739,0.0001128228817437439,5.081416166025092e-28,0.00034589569146013777,0.0010284538909838877,0.07433671307641267,0.0001281670454158086,1.3599962280313845e-26,0.0004637221579197795,1346,418,0,12,91,81,54,51,294,340,154,94,110,97,14,24,136,87,335,241,158,107,3777,890,33488,12689,2021,387
2020,18097360202,1400000US18097360202,0.006856359273225917,0.3916262597619649,0.0011271707025951776,6.24448563741967e-32,0.0027903207497317947,0.0006856359273225917,0.03916262597619649,0.00011271707025951777,6.244485637419671e-33,0.0002790320749731795,0.0006856359273225917,0.06402725050117729,0.00012727358872736017,5.572992929202877e-32,0.00032407274151508546,407,141,0,12,0,12,16,25,0,12,11,17,20,27,0,12,0,12,232,123,128,96,3118,749,31532,10914,1212,98
2020,18097360301,1400000US18097360301,0.008913267055193692,0.3163457392053489,0.001517762148358603,1.3305956060061693e-33,0.004012338507211029,0.0006856359273225917,0.024334287631180687,0.00011675093448912331,1.0235350815432072e-34,0.00030864142363161765,0.0006856359273225917,0.0341518876384733,0.0001269571072268787,1.1553835443273783e-33,0.0003447468933682193,635,109,0,12,31,27,70,61,28,32,24,28,102,71,66,69,59,38,179,99,76,72,3533,551,37285,6269,1357,106
2020,18097360302,1400000US18097360302,0.01988344189235516,0.6908202848539826,0.0031680637871503805,7.020786411923425e-26,0.009257110310147764,0.0007647477650905831,0.02657001095592241,0.00012184860719809156,2.700302466124394e-27,0.00035604270423645246,0.0017140898183064792,0.0966178821185868,0.00013059399173200343,6.524058042272979e-26,0.0007363931491095412,695,150,13,21,31,37,77,58,72,56,33,31,40,40,37,32,47,36,317,142,28,33,3024,781,26795,6814,1280,155
2020,18097360401,1400000US18097360401,0.010970174837161468,0.18056631270359225,0.0016355867988820996,1.1941404585089455e-23,0.005539758428244094,0.0006856359273225917,0.011285394543974515,0.00010222417493013123,7.46337786568091e-25,0.0003462349017652559,0.0006856359273225917,0.014918224513318408,0.00012519555602280832,8.65189016487586e-24,0.00046915334520907393,2087,649,67,101,152,100,469,492,406,302,108,99,52,58,62,80,125,115,646,270,0,17,6712,1175,37226,7566,3000,620
2020,18097360402,1400000US18097360402,0.011312992800822763,0.22522764006277002,0.001480244747949462,3.001670003327423e-29,0.005645502796217283,0.0007541995200548508,0.015015176004184668,9.86829831966308e-05,2.001113335551615e-30,0.0003763668530811522,0.0013712718546451835,0.07181025284353158,0.00012700019197257385,2.7503145690972425e-29,0.0005829296410269033,631,258,42,39,4,14,13,18,49,45,22,22,31,30,28,30,60,36,343,259,39,44,3345,1124,25521,18079,1130,281
2020,18097360406,1400000US18097360406,0.0006856359273225917,0.002055849701833018,4.45910270936186e-05,1.4120313558799623e-38,0.00034270097851654186,0.0006856359273225917,0.002055849701833018,4.45910270936186e-05,1.4120313558799623e-38,0.00034270097851654186,0.0006856359273225917,0.002055849701833018,4.45910270936186e-05,1.4120313558799623e-38,0.00034270097851654186,1015,314,53,70,0,12,115,107,63,90,215,181,45,65,48,64,0,12,418,229,58,85,2745,752,28413,15264,1994,184
2020,18097360501,1400000US18097360501,0.002742543709290367,0.002806733904132297,0.0002793003828159754,5.227768084967327e-17,0.0012385862712783284,0.0006856359273225917,0.0007016834760330742,6.982509570399385e-05,1.3069420212418317e-17,0.0003096465678195821,0.0006856359273225917,0.0012560586844160785,7.206309318181177e-05,3.367528233019966e-17,0.00031879977926010136,805,266,64,95,137,125,33,38,26,46,113,147,34,40,61,92,85,93,229,181,23,40,6248,1087,57117,18569,2635,366
2020,18097360502,1400000US18097360502,0.03976688378471032,0.426340223080913,0.005289071934060215,6.873463850633203e-16,0.019083340294005623,0.0007230342506310967,0.007751640419652964,9.616494425564027e-05,1.2497207001151277e-17,0.00034696982352737496,0.0010284538909838877,0.015547311935661204,0.00012008989510883754,1.481473656695831e-16,0.0005479561128424616,559,258,0,12,0,12,0,12,96,119,23,43,13,24,31,37,208,221,188,143,0,12,4958,850,50116,17445,2494,277
2020,18097360601,1400000US18097360601,0.017140898183064794,0.1724757617354019,0.002572272172761449,1.8000829199911565e-19,0.00858917307326946,0.0006856359273225917,0.006899030469416077,0.00010289088691045796,7.200331679964626e-21,0.0003435669229307784,0.0006856359273225917,0.017930343528052995,0.00011854713016464103,1.288403203828496e-19,0.00035760039109997155,317,95,11,16,0,12,9,15,21,33,97,61,0,12,0,12,12,21,144,75,23,25,4741,505,60665,8897,2103,158
2020,18097360602,1400000US18097360602,0.030853616729516628,0.7367444896362226,0.004630012241579571,6.011114290597234e-22,0.013912535899099833,0.0007911183776799135,0.018890884349646735,0.00011871826260460437,1.5413113565633933e-23,0.0003567316897205085,0.002399725745629071,0.11854259571980721,0.00013545774051907189,3.276691910704697e-22,0.0007397871737335046,1508,369,59,88,155,110,0,17,75,74,140,133,253,145,468,336,88,102,207,121,63,86,6484,1180,33199,8953,2806,356
2020,18097360700,1400000US18097360700,0.008913267055193692,0.06601138588276566,0.0015656248912523704,6.99566835873744e-18,0.00453303338014357,0.0006856359273225917,0.005077798914058897,0.00012043268394249003,5.381283352874954e-19,0.0003486948753956592,0.0006856359273225917,0.012972062452121874,0.00012969809748928352,4.774156063868666e-18,0.00039404688441513466,174,66,0,12,43,44,14,24,0,12,35,34,0,12,6,9,8,14,55,34,13,14,2044,296,71786,20294,975,112
2020,18097360800,1400000US18097360800,0.023654439492629416,0.6141154708715242,0.004077159671576712,1.1002003225986598e-20,0.010662104643303812,0.0006957188086067475,0.01806221973151542,0.00011991646092872682,3.235883301760764e-22,0.0003135913130383474,0.0010284538909838877,0.03958865606423346,0.0001348999333452868,6.752295687836414e-21,0.00035951235995427297,863,155,36,31,45,32,116,50,51,40,69,44,37,30,34,25,95,58,303,96,77,38,2024,385,32483,6865,1474,172
2020,18097360900,1400000US18097360900,0.028796708947548853,0.7634358542445238,0.004473468431628522,3.468983175041605e-14,0.013981912949866905,0.0007782894310148339,0.02063340146606821,0.00012090455220617629,9.375630202815147e-16,0.000377889539185592,0.0013712718546451835,0.057868518730134544,0.00013159171745369083,2.882461931346124e-14,0.0006308281957834051,969,278,0,17,72,85,38,49,81,78,29,54,188,197,0,17,104,97,354,138,103,126,5211,971,30887,7213,2598,266
2020,18097361000,1400000US18097361000,0.010970174837161468,0.09691308647618403,0.001972527390739313,2.329895397525213e-16,0.005217879900463964,0.0006856359273225917,0.006057067904761502,0.00012328296192120705,1.4561846234532582e-17,0.00032611749377899773,0.0006856359273225917,0.007668964816719359,0.00012805797041672603,1.9751826178939493e-16,0.0003440379780908362,127,51,13,14,0,12,13,13,40,37,6,9,12,9,6,10,18,29,15,16,4,7,2436,279,86477,9741,1111,111
2020,18097361100,1400000US18097361100,0.007541995200548509,0.030692318291195883,0.0012971991101848653,1.448501189575118e-14,0.003779196163407898,0.0006856359273225917,0.0027902107537450802,0.00011792719183498775,1.3168192632501074e-15,0.0003435632875825362,0.0006856359273225917,0.007663909544964409,0.00012446778600762497,1.1003543458174994e-14,0.0003447181640572836,670,136,15,16,79,50,124,68,80,55,46,35,40,25,0,12,35,33,203,90,48,34,3457,589,52895,6402,1804,165
2020,18097361200,1400000US18097361200,0.013712718546451834,1.0071862451463514,0.0028274855774452754,2.496503157393041e-25,0.006855336661900528,0.0006856359273225917,0.050359312257317566,0.00014137427887226376,1.2482515786965205e-26,0.00034276683309502644,0.0006856359273225917,0.07227333924917693,0.000147423760684326,2.2552007409382078e-25,0.0003428958964440599,762,228,24,31,68,53,110,81,119,138,98,115,9,15,68,61,58,46,147,85,61,67,3387,603,47663,9730,1684,222
2020,18097361300,1400000US18097361300,0.016112444292080905,0.6526714407242347,0.002986778745807016,5.81454184722867e-20,0.007391715207736225,0.0007005410561774306,0.028377019161923245,0.00012985994546987025,2.5280616727081175e-21,0.00032137892207548805,0.0010284538909838877,0.06881859004473563,0.00013691265222580501,4.5760847048496363e-20,0.00034651734419770665,253,106,0,12,0,12,31,42,69,60,37,58,64,58,8,14,24,33,20,24,0,12,2145,355,47438,14600,1143,181
2020,18097361402,1400000US18097361402,0.004799451491258142,0.28085138300478774,0.0009298994147509017,2.1476680384972415e-28,0.0022789812992493027,0.0006856359273225917,0.0401216261435411,0.00013284277353584309,3.0680971978532024e-29,0.0003255687570356147,0.0006856359273225917,0.06897777232278686,0.00013735612135880808,2.0109084744013197e-28,0.0003423119368794158,746,267,127,155,17,32,221,201,45,79,98,90,110,104,0,17,0,17,53,89,75,115,5820,1103,56738,13899,2279,239
2020,18097361601,1400000US18097361601,0.006170723345903326,0.020083066344445996,0.00062260537694955,4.958308754340195e-17,0.002843973482027092,0.0007713404182379158,0.0025103832930557495,7.782567211869374e-05,6.197885942925244e-18,0.0003554966852533865,0.0010284538909838877,0.004230204378758829,8.680885584825159e-05,2.4207802898395842e-17,0.0005176722899424022,28,33,0,17,13,20,0,17,0,17,0,17,15,25,0,17,0,17,0,17,0,17,5968,1111,80593,5081,2200,371
2020,18097370201,1400000US18097370201,0.002399725745629071,0.009140636719707048,0.0002904252022456342,2.0914999222037428e-50,0.0012760646434262634,0.0007999085818763571,0.003046878906569016,9.680840074854474e-05,6.97166640734581e-51,0.0004253548811420878,0.0010284538909838877,0.004707398519534276,9.803548725707049e-05,1.9581406157310814e-50,0.0005004427231229851,590,115,19,23,13,16,70,44,112,52,106,65,90,62,51,48,33,47,69,54,27,33,3545,311,48666,3658,1438,118
2020,18097370203,1400000US18097370203,0.009598902982516285,0.09718677653770787,0.0014301103576820145,1.8626719842960008e-40,0.004631472552612863,0.0006856359273225917,0.006941912609836276,0.0001021507398344296,1.3304799887828578e-41,0.00033081946804377593,0.0006856359273225917,0.010484986313145634,0.00010820829441527168,1.7543754519193123e-40,0.00034285656240735365,674,357,0,12,46,46,115,128,0,12,46,44,0,12,0,12,149,90,318,333,0,12,4215,929,28774,6643,1397,305
2020,18097370204,1400000US18097370204,0.0010284538909838877,0.003342357581238217,9.668810603330691e-05,2.1469467328827426e-53,0.0005008358558203443,0.0010284538909838877,0.003342357581238217,9.668810603330691e-05,2.1469467328827426e-53,0.0005008358558203443,0.0010284538909838877,0.003342357581238217,9.668810603330691e-05,2.1469467328827426e-53,0.0005008358558203443,662,155,0,12,108,102,111,78,34,43,92,68,70,61,9,17,66,81,172,109,0,12,2982,464,38365,9009,1500,133
2020,18097370303,1400000US18097370303,0.0006856359273225917,0.0019120683679654717,9.51153994884686e-05,4.036442045085636e-54,0.0003113805119731257,0.0006856359273225917,0.0019120683679654717,9.51153994884686e-05,4.036442045085636e-54,0.0003113805119731257,0.0006856359273225917,0.0019120683679654717,9.51153994884686e-05,4.036442045085636e-54,0.0003113805119731257,569,172,0,17,14,23,54,50,36,42,135,94,65,77,107,104,49,60,46,48,63,71,6952,671,71911,5391,2328,274
2020,18097380200,1400000US18097380200,0.015426808364758314,0.9463516926695739,0.0025649529875912385,1.296074949200126e-16,0.007621963019888179,0.0007012185620344689,0.043015986030435174,0.00011658877216323811,5.8912497690914815e-18,0.00034645286454037177,0.0010284538909838877,0.09369064464355162,0.00013186843869480161,1.2132863185784266e-16,0.00040086028078324535,712,190,0,12,54,44,65,41,99,79,36,37,42,37,8,13,12,14,383,166,13,14,3175,459,39336,13338,1652,203
2020,18097380301,1400000US18097380301,0.00925608501885499,0.33810492204770953,0.0016824798397344445,3.5569175892694686e-26,0.00448515220170033,0.0007713404182379158,0.02817541017064246,0.0001402066533112037,2.9640979910578906e-27,0.00037376268347502753,0.0010284538909838877,0.05973344374987362,0.0001446412034019245,3.329681467331037e-26,0.0004290952271161379,248,147,9,16,10,18,10,19,9,15,0,12,54,62,9,15,17,27,130,114,0,12,1881,511,33971,5946,803,151
2020,18097380302,1400000US18097380302,0.008570449091532397,0.2238878754832487,0.0012997523700595608,5.2264284663219995e-25,0.0035951126521271315,0.0008570449091532397,0.022388787548324872,0.0001299752370059561,5.226428466322e-26,0.00035951126521271314,0.0017140898183064792,0.05187179078416905,0.00014035872702123723,5.226428456124598e-25,0.000633023348665428,496,124,2,17,21,26,27,31,36,56,57,58,77,80,29,35,72,46,135,78,40,35,2773,375,26967,8242,1232,210
2020,18097380402,1400000US18097380402,0.013712718546451834,0.18522997724422324,0.0024616049159386206,4.832965159792424e-37,0.006769408088264012,0.0006856359273225917,0.009261498862211162,0.00012308024579693103,2.416482579896212e-38,0.0003384704044132006,0.0006856359273225917,0.02190319930514702,0.00012951457317351433,4.289407179074062e-37,0.00041391049502774576,1371,269,39,40,106,56,143,83,235,78,286,212,77,55,66,35,158,80,261,110,0,17,5121,981,40941,5721,2171,250
2020,18097380403,1400000US18097380403,0.007199177236887213,0.07014812651628761,0.0012878461137209452,2.0303521085331457e-33,0.0034526327504246957,0.0007199177236887213,0.007014812651628762,0.00012878461137209453,2.030352108533146e-34,0.00034526327504246954,0.0010284538909838877,0.010525310922725822,0.00013473679257536582,1.654888691720737e-33,0.00046486000942456876,322,129,18,21,12,18,59,46,80,83,82,66,8,11,33,27,0,12,20,33,10,16,3833,676,60422,8145,1555,221
2020,18097380404,1400000US18097380404,0.00994172094617758,0.15400685541875755,0.0018913168416927306,2.4337109512770326e-34,0.004575580734134424,0.00071012292472697,0.011000489672768397,0.00013509406012090933,1.7383649651978805e-35,0.000326827195295316,0.0010284538909838877,0.023195938100901342,0.00014059807735824467,1.5106789552609263e-34,0.00045940528402316417,435,110,0,12,65,61,30,31,67,47,61,60,84,51,22,27,48,50,49,44,9,14,3743,512,49325,8723,1818,205
2020,18097380501,1400000US18097380501,0.0006856359273225917,0.052903301351097796,6.408273323952109e-05,6.427651423918109e-57,0.00030206308969556,0.0006856359273225917,0.052903301351097796,6.408273323952109e-05,6.427651423918109e-57,0.00030206308969556,0.0006856359273225917,0.052903301351097796,6.408273323952109e-05,6.427651423918109e-57,0.00030206308969556,290,98,0,12,22,27,36,42,41,48,17,20,21,29,33,53,26,42,94,62,0,12,2247,624,43679,4880,1008,130
2020,18097380502,1400000US18097380502,0.0020569077819677754,0.07417365117120066,0.0004063826072875822,3.370143784076802e-36,0.0009255750603799713,0.0006856359273225918,0.02472455039040022,0.00013546086909586074,1.1233812613589342e-36,0.0003085250201266571,0.0006856359273225917,0.025819624141720666,0.00013788524702259856,3.362897364953583e-36,0.0003306402223656056,908,178,48,39,51,54,120,74,91,74,98,70,81,59,25,40,106,66,270,137,18,17,3699,750,42894,10706,1845,238
2020,18097380600,1400000US18097380600,0.005485087418580734,0.2716554909891544,0.0007027590000564551,7.795677936834991e-29,0.0025335237284353036,0.0006856359273225917,0.0339569363736443,8.784487500705689e-05,9.74459742104374e-30,0.00031669046605441295,0.0006856359273225917,0.09010022605294257,0.00011344403349591643,7.238097576450458e-29,0.0003429000516656966,1018,304,32,35,259,278,126,88,45,42,125,81,24,32,118,122,222,149,67,51,0,17,5856,1203,58229,5777,2242,348
2020,18097380700,1400000US18097380700,0.0061707233459033254,0.5039118398226564,0.0009788434843327508,2.907982026961897e-31,0.003085981570857948,0.0006856359273225917,0.0559902044247396,0.00010876038714808343,3.2310911410687747e-32,0.00034288684120643864,0.0006856359273225917,0.0889041252428294,0.00011113178152562059,2.693502212352638e-31,0.0003429004286291813,1197,305,51,51,99,97,93,85,184,120,78,86,119,112,70,69,144,116,312,280,47,43,6376,1151,50970,8066,2465,273
2020,18097380800,1400000US18097380800,0.006856359273225917,0.29265085753867986,0.0006680073989018806,3.5116526100698564e-57,0.0033581363433922507,0.0006856359273225917,0.029265085753867985,6.680073989018806e-05,3.511652610069856e-58,0.00033581363433922505,0.0006856359273225917,0.05608577126752828,6.879556780268464e-05,1.7010011108161297e-57,0.00034199692854263103,321,94,0,12,27,25,54,44,3,11,104,66,18,26,0,12,26,31,82,57,7,11,2881,542,48524,6209,1284,228
2020,18097380902,1400000US18097380902,0.009598902982516285,0.125377793390338,0.0015569162683756333,4.894680294016074e-40,0.004522598126775956,0.0006856359273225917,0.008955556670738428,0.0001112083048839738,3.4962002100114816e-41,0.0003230427233411397,0.0006856359273225917,0.017472665087540848,0.00012117251223327467,4.364977249303109e-40,0.0003432146404562798,466,117,15,23,35,39,101,78,38,38,51,38,35,38,70,61,34,38,87,75,0,17,5621,728,70497,24282,2613,412
2020,18097381002,1400000US18097381002,0.007541995200548509,0.38438029187022954,0.0007949760953167217,5.20253429940234e-60,0.003769699707758004,0.0006856359273225917,0.034943662897293594,7.227055411970197e-05,4.729576635820309e-61,0.00034269997343254585,0.0006856359273225917,0.05990473516724485,7.545442089579962e-05,2.2120594641636834e-60,0.00034289792885211485,108,51,0,12,9,12,0,12,34,32,0,12,2,4,0,12,24,26,21,27,18,16,3444,897,80398,24627,1387,245
2020,18097381003,1400000US18097381003,0.004113815563935551,0.3727947846524771,0.00048022717857750875,1.1590787100820958e-55,0.0020585368685406046,0.0006856359273225918,0.062132464108746184,8.003786309625146e-05,1.9317978501368263e-56,0.00034308947809010075,0.0006856359273225917,0.06372369906696143,8.354028748605095e-05,1.0089192717012564e-55,0.0003438413447141724,859,189,68,81,22,23,217,140,117,75,39,28,154,152,59,51,47,37,130,84,6,7,3457,433,45769,11301,1603,222
2020,18097381004,1400000US18097381004,0.004799451491258142,0.14402045997800134,0.0005894215366810732,1.9229668137418985e-43,0.002391639049736601,0.0006856359273225917,0.020574351425428763,8.420307666872475e-05,2.7470954482027123e-44,0.00034166272139094303,0.0006856359273225917,0.08293796405631244,9.994842935463932e-05,1.9220078869874504e-43,0.00034312188259888633,1084,272,0,12,119,78,61,51,71,55,177,81,77,72,93,108,77,53,409,249,0,12,3457,721,30506,11391,1515,242
2020,18097381101,1400000US18097381101,0.004799451491258142,0.31177107096049694,0.0007326092179080811,2.877399440454267e-37,0.0023983706264913206,0.0006856359273225917,0.04453872442292813,0.00010465845970115443,4.1105706292203815e-38,0.0003426243752130458,0.0006856359273225917,0.08591798797362606,0.00010678264771691089,2.279765100975027e-37,0.00034291396975213377,890,156,43,47,90,64,34,38,169,137,123,78,129,105,84,87,29,34,160,104,29,37,5533,676,63867,12892,2552,318
2020,18097381102,1400000US18097381102,0.0034281796366129585,0.20325272643737835,0.0005081334822372399,5.5325022849448e-41,0.0017077287336231736,0.0006856359273225917,0.04065054528747567,0.00010162669644744798,1.10650045698896e-41,0.0003415457467246347,0.0006856359273225917,0.08412912715913008,0.00010276559518403375,5.165014855165345e-41,0.00034292849926321193,332,103,0,17,23,32,0,17,27,44,48,58,167,118,16,26,0,17,45,37,6,17,6872,889,49432,7116,2643,402
2020,18097381203,1400000US18097381203,0.008227631127871102,0.43930711269682055,0.0010883920617118198,1.2473734504988701e-44,0.004073731124559251,0.0006856359273225918,0.036608926058068376,9.069933847598499e-05,1.0394778754157252e-45,0.0003394775937132709,0.0006856359273225917,0.08234285276274128,9.904415032099587e-05,1.1752581421170757e-44,0.0003463594988198352,812,180,34,27,15,24,36,22,131,101,66,46,58,43,190,147,116,77,123,64,43,44,3051,529,29855,3187,1184,203
2020,18097381204,1400000US18097381204,0.008913267055193692,0.37431512824166363,0.0012117581811500796,4.380272740321131e-47,0.004354620915191729,0.0006856359273225917,0.028793471403204894,9.321216778077536e-05,3.369440569477793e-48,0.00033497083963013297,0.0010284538909838877,0.08116650278181024,9.7125570308939e-05,4.3740694099583415e-47,0.0004472593886065662,1275,188,18,15,177,116,128,69,147,68,91,50,81,48,116,72,169,79,322,153,26,30,3085,525,29536,10359,1630,161
2020,18097381205,1400000US18097381205,0.0020569077819677754,0.0061580263842862405,0.00029990795447392825,3.3288694230526133e-53,0.0010329822008212268,0.0006856359273225918,0.0020526754614287467,9.996931815797608e-05,1.1096231410175378e-53,0.0003443274002737423,0.0006856359273225917,0.0027300818765921167,0.00010111008867770087,3.117766056831604e-53,0.00034523776411122517,1342,239,14,23,125,89,294,138,126,80,272,189,136,88,45,35,76,71,254,121,0,17,6247,683,51031,8654,2431,200
2020,18097390102,1400000US18097390102,0.006513541309564622,0.05878928357629205,0.000967772222501136,3.94647700659024e-34,0.0033473184686599986,0.0008141926636955777,0.007348660447036506,0.000120971527812642,4.9330962582378e-35,0.0004184148085824998,0.0010284538909838877,0.012026844198405544,0.0001293124434989389,3.4679890435605888e-34,0.00046265301440931206,1474,390,0,17,85,89,61,49,155,115,102,73,386,341,88,93,293,146,268,122,36,35,5883,756,37839,7126,2392,426
2020,18097390405,1400000US18097390405,0.004799451491258142,0.024013716480609154,0.0007204729606786328,2.2681238392912097e-49,0.002396178170868933,0.0006856359273225917,0.003430530925801308,0.00010292470866837612,3.2401769132731567e-50,0.0003423111672669904,0.0006856359273225917,0.005462750171291417,0.00010644743637829575,2.129494307267346e-49,0.00034264868217993047,856,248,103,113,128,83,272,209,84,64,55,42,102,68,0,12,0,12,112,58,0,12,3844,427,86384,7026,1770,239
2020,18097390410,1400000US18097390410,0.0020569077819677754,0.020452689004854474,0.00032694456266796633,1.0006262133662308e-45,0.0010186308254326285,0.0006856359273225918,0.006817563001618158,0.0001089815208893221,3.335420711220769e-46,0.0003395436084775428,0.0006856359273225917,0.0074949694167815275,0.00011027862436971156,9.399025468630691e-46,0.00034143429014713483,163,42,11,17,14,22,40,59,20,24,24,26,31,52,0,12,0,12,23,28,0,12,1677,215,77688,16452,712,50
2020,18097390411,1400000US18097390411,0.004113815563935551,0.05351463654006855,0.000573054238315179,5.590151827134533e-40,0.0017132879192884043,0.0008227631127871102,0.01070292730801371,0.00011461084766303581,1.1180303654269065e-40,0.00034265758385768085,0.0013712718546451835,0.016760694721308745,0.00011821477237039437,4.867572581368359e-40,0.0004675329087002708,509,197,0,12,32,39,66,53,72,57,35,54,53,63,0,12,124,111,127,133,0,12,3492,572,59775,9408,1564,143
2020,18097390500,1400000US18097390500,0.01748371614672609,0.47432568553011933,0.0029539335624590396,9.97082676698226e-14,0.008270896951589128,0.0007284881727802538,0.019763570230421638,0.00012308056510246,4.154511152909275e-15,0.0003446207063162137,0.0013712718546451835,0.043686835555066486,0.00012983022917283674,9.255781712756553e-14,0.0005869182429482792,401,90,15,22,5,9,71,59,43,31,6,9,42,40,29,24,50,43,117,64,23,34,2377,445,33462,11219,1381,197
2020,18097390602,1400000US18097390602,0.004799451491258142,0.019787274164551682,0.0006330481347612665,8.81348710207647e-43,0.0020093424989295417,0.0007999085818763571,0.0032978790274252805,0.00010550802246021108,1.468914517012745e-43,0.00033489041648825693,0.0013712718546451835,0.017048022260125004,0.00010653712949872217,8.228935277271414e-43,0.000502899395331479,1325,297,19,31,111,64,273,252,22,28,189,106,129,119,47,46,156,84,332,109,47,52,3078,393,52459,10810,1887,261
2020,18097390700,1400000US18097390700,0.007541995200548509,0.18359442048480762,0.001196252169875686,1.0531999874779693e-10,0.0037575114680963796,0.0006856359273225917,0.016690401862255237,0.00010875019726142601,9.574545340708812e-12,0.0003415919516451254,0.0006856359273225917,0.02741979399885163,0.00012160092071314188,9.20574487373239e-11,0.00034263272302586124,425,102,20,31,71,61,11,19,5,7,45,49,0,12,9,15,8,13,230,95,26,26,3114,631,50736,3790,1430,265
2020,18097390801,1400000US18097390801,0.0020569077819677754,0.009270898140741586,0.00019444756691274097,1.6516731393873118e-42,0.0009211792622233063,0.0006856359273225918,0.0030902993802471956,6.481585563758033e-05,5.505577131291039e-43,0.0003070597540744354,0.0006856359273225917,0.004833074926651534,6.644666143940678e-05,1.3925784266676057e-42,0.0003172763119784626,0,12,0,12,0,12,0,12,0,12,0,12,0,12,0,12,0,12,0,12,0,12,0,12,-,**,0,12
2020,18097390802,1400000US18097390802,0.010284538909838877,0.01618792067502691,0.0010717051241429252,4.1140198906784023e-44,0.004435131203940546,0.0007911183776799137,0.0012452246673097624,8.243885570330193e-05,3.1646306851372326e-45,0.0003411639387646574,0.0013712718546451835,0.003503656019558964,9.60712507089697e-05,1.9807237302804992e-44,0.0004650204506417757,438,114,38,47,27,33,56,50,73,57,50,42,93,74,18,28,33,41,43,37,7,10,3995,544,64127,10148,1449,120
2020,18097390900,1400000US18097390900,0.016112444292080905,0.3481818421222172,0.0032783948638943493,0.00920750959773327,0.007118503183758898,0.0007005410561774306,0.01513834096183553,0.00014253890712584126,0.0004003265042492726,0.0003095001384242999,0.0010284538909838877,0.03541735147964278,0.0001520024484891368,0.006613740816267771,0.00044740601274241706,805,247,87,83,74,58,50,35,46,33,43,35,62,47,0,12,89,61,304,230,50,63,2724,436,59449,25493,1693,252
2020,18097391001,1400000US18097391001,0.026054165238258487,1.1396268410006523,0.004221061613535954,0.04283654061296274,0.010838813786871612,0.0008404569431696286,0.036762156161311364,0.0001361632778559985,0.0013818238907407337,0.0003496391544152133,0.002399725745629071,0.182472267719668,0.00017309354874597583,0.01068073291365133,0.0006946802446344315,420,88,13,23,0,12,124,94,0,12,77,74,64,75,0,12,59,70,66,47,17,26,1436,363,65096,7306,546,129
2020,18097391002,1400000US18097391002,0.03153925265683922,1.3921580038119101,0.004930035010701119,3.580400242121409,0.014918776307223165,0.0008086987860728004,0.03569635907210026,0.00012641115412054152,0.09180513441336946,0.000382532725826235,0.004113815563935551,0.1140854919343727,0.00017335854566899643,1.0,0.0011190449766277507,2621,336,93,68,641,314,381,182,197,106,246,153,174,129,88,102,157,111,368,118,276,115,5207,848,73287,11763,3273,492
2021,18081610201,1400000US18081610201,0.0027605244996549345,0.0018638543049102699,0.0008796297113606323,1.301250372413178e-57,0.0013790713693240292,0.0006901311249137336,0.00046596357622756746,0.00021990742784015808,3.253125931032945e-58,0.0003447678423310073,0.0006901311249137336,0.0010465122650141635,0.00022158356366357181,1.0675153703842144e-57,0.00034706398082563186,,,,,,,,,,,,,,,,,,,,,,,,,,,,
2021,18081610300,1400000US18081610300,0.002070393374741201,0.13836783631623872,0.00043412498807255653,3.6493667366473505e-50,0.0008530166129252052,0.0010351966873706005,0.06918391815811936,0.00021706249403627827,1.8246833683236753e-50,0.0004265083064626026,0.0013802622498274672,0.07144024434024585,0.00021796490833625074,3.4513053032402237e-50,0.0005991019600478139,,,,,,,,,,,,,,,,,,,,,,,,,,,,
2021,18097310104,1400000US18097310104,0.017943409247757076,0.4060353241365083,0.005346664513929844,5.07190401888342e-49,0.00885089303452503,0.0007476420519898782,0.016918138505687845,0.00022277768808041018,2.113293341201425e-50,0.0003687872097718763,0.0010351966873706005,0.024992895008353277,0.00023417369646415247,4.701043501041586e-49,0.0006369538386475669,943,265,35,44,199,208,143,80,226,131,138,95,19,32,12,19,0,12,109,77,62,46,3026,488,59500,9877,2097,330
2021,18097310105,1400000US18097310105,0.020358868184955144,0.473858276082466,0.006271047179161824,6.546970914416433e-46,0.009432174058574563,0.0007020299374122463,0.01633994055456779,0.00021624300617799393,2.257576177384977e-47,0.00032524738133015736,0.0010351966873706005,0.04139929147808363,0.00022957651897554047,6.0651915898303206e-46,0.0004565161516356616,837,365,16,22,44,42,70,42,56,39,112,52,356,361,19,22,98,69,66,62,0,12,3988,591,52094,14444,1867,361
2021,18097310106,1400000US18097310106,0.009316770186335404,0.27819157058550137,0.0029906281065329833,1.2839040668160588e-45,0.004434000050101375,0.000716674629718108,0.021399351583500106,0.00023004831588715257,9.876185129354298e-47,0.000341076926930875,0.0010351966873706005,0.046085846404016625,0.00023629498202580026,1.1900236134787162e-45,0.0004631038855392903,1953,249,123,162,210,121,251,109,339,203,315,199,190,137,81,70,100,88,272,121,72,74,4206,574,49184,9467,2259,234
2021,18097310110,1400000US18097310110,0.0027605244996549345,0.043267195568676864,0.0009160581846657791,5.116074469620195e-37,0.0013319510124528782,0.0006901311249137336,0.010816798892169216,0.00022901454616644477,1.2790186174050487e-37,0.00033298775311321955,0.0006901311249137336,0.015565708606485422,0.00023046562127910177,2.72169171936062e-37,0.000337079379677788,823,108,51,64,95,60,91,59,79,55,184,90,62,54,19,23,71,52,146,84,25,37,2691,264,54466,5886,1365,99
2021,18097310111,1400000US18097310111,0.01311249137336094,0.18678266682198785,0.003962337585016262,9.36580649496485e-29,0.006374780780678148,0.0007713230219624082,0.01098721569541105,0.0002330786814715448,5.509297938214618e-30,0.00037498710474577344,0.0010351966873706005,0.025449448788435147,0.0002444325426666459,6.008295992798116e-29,0.000505257119972755,1003,127,0,12,28,36,224,115,141,95,157,88,108,79,36,35,95,62,211,107,3,9,3505,577,46003,3890,1655,91
2021,18097310112,1400000US18097310112,0.004140786749482402,0.00780572368121707,0.0011427610609305067,4.545610182245692e-65,0.002070397541577329,0.0006901311249137336,0.0013009539468695117,0.0001904601768217511,7.576016970409486e-66,0.0003450662569295548,0.0006901311249137336,0.0027185973067019426,0.00019534718574051803,4.223657448905766e-65,0.0003481575260286389,199,98,0,17,33,29,0,17,50,59,17,28,8,14,39,42,0,17,0,17,52,57,6579,981,137208,14876,2537,340
2021,18097310201,1400000US18097310201,0.023464458247066944,0.434638245747189,0.007220314175508653,8.305515056853513e-39,0.011697018354077104,0.0006901311249137336,0.012783477816093795,0.00021236218163260743,2.442798546133386e-40,0.00034402995159050305,0.0006901311249137336,0.026654736474490043,0.00024262483386070126,7.674372334651539e-39,0.00034554800768905414,469,118,0,12,57,62,74,54,16,14,74,52,45,45,46,70,74,73,83,76,0,12,4480,686,59347,5898,1687,142
2021,18097310203,1400000US18097310203,0.008281573498964804,0.2086978438226356,0.0025691781756467845,1.4619846171262688e-34,0.004140424731142668,0.0006901311249137336,0.017391486985219633,0.0002140981813038987,1.2183205142718905e-35,0.000345035394261889,0.0006901311249137336,0.022427236666854863,0.00022510461378633166,1.3547586339229402e-34,0.0003450461233445206,934,228,53,81,32,39,113,118,88,80,63,83,182,120,46,57,144,158,213,151,0,17,5085,845,55667,13996,2299,231
2021,18097310204,1400000US18097310204,0.008281573498964804,0.20741918354891295,0.002816432376522057,5.345887000398673e-32,0.004140572300562017,0.0006901311249137336,0.017284931962409412,0.00023470269804350474,4.454905833665561e-33,0.0003450476917135014,0.0006901311249137336,0.028656998160682633,0.00025365914618180076,4.948929980041997e-32,0.00034504770284491835,683,161,32,38,17,20,99,72,74,59,18,21,34,32,16,25,60,105,321,128,12,19,5159,812,64323,15840,1811,146
2021,18097310305,1400000US18097310305,0.008281573498964804,0.10525035655980712,0.00228739800447077,1.6413220084204317e-39,0.003709331380854899,0.0008281573498964804,0.010525035655980713,0.000228739800447077,1.6413220084204318e-40,0.0003709331380854899,0.0013802622498274672,0.022203188229512314,0.00023064693231776188,8.365267856734043e-40,0.0005066393012738376,1567,189,0,17,128,86,209,146,311,155,242,156,116,103,106,83,102,106,170,112,183,159,5256,759,40463,3151,2672,229
2021,18097310306,1400000US18097310306,0.026915113871635612,0.5193327239596994,0.008529429855644793,5.235234783369557e-18,0.012743591676968738,0.0007476420519898781,0.01442590899888054,0.00023692860710124424,1.4542318842693213e-19,0.00035398865769357605,0.0013802622498274672,0.05631953571351149,0.00027588047109114645,3.804890728693112e-18,0.0006476530969189394,2088,488,81,89,265,236,338,204,535,459,32,37,162,148,115,117,107,80,247,181,206,160,7847,1408,48419,8722,3079,475
2021,18097310308,1400000US18097310308,0.0027605244996549345,0.058469138131757636,0.0009207905704411984,5.06443003821301e-30,0.0013797308337822113,0.0006901311249137336,0.014617284532939409,0.0002301976426102996,1.2661075095532525e-30,0.0003449327084455528,0.0006901311249137336,0.015289727623326099,0.00023341993983678843,4.693151310923391e-30,0.00034502551650488096,191,133,0,12,0,12,19,32,33,37,0,12,33,54,0,12,25,29,81,90,0,12,3217,549,63533,11218,1223,82
2021,18097310309,1400000US18097310309,0.0027605244996549345,0.09144177849435162,0.0008393153818120235,9.87657600294872e-43,0.0013786688767489555,0.0006901311249137336,0.022860444623587904,0.00020982884545300587,2.46914400073718e-43,0.0003446672191872389,0.0006901311249137336,0.023225997337146802,0.00021125427432892947,9.17826587862018e-43,0.000345004958297573,1034,146,47,73,56,60,142,114,119,105,172,126,147,131,48,50,63,74,231,116,9,15,3502,589,42250,10140,1686,149
2021,18097310312,1400000US18097310312,0.008281573498964804,0.24833369185847762,0.002748375670005637,3.265428482925952e-23,0.004049042955685977,0.0006901311249137336,0.020694474321539803,0.00022903130583380306,2.7211904024382932e-24,0.0003374202463071647,0.0006901311249137336,0.0252623248676137,0.0002489896057225614,3.0259709001499725e-23,0.00034438919680437094,1580,334,17,30,70,87,181,139,348,264,46,56,192,173,40,46,270,178,359,210,57,93,6720,835,49150,4979,2932,258
2021,18097320105,1400000US18097320105,0.003105590062111801,0.07546513575238943,0.000695049033917886,1.1644522459560606e-61,0.0013826767178389682,0.0010351966873706003,0.025155045250796478,0.000231683011305962,3.8815074865202023e-62,0.00046089223927965606,0.0013802622498274672,0.027416096182886415,0.00023257351924855333,9.611144306970683e-62,0.0006584769191053277,995,178,0,12,155,117,126,87,100,133,174,131,45,46,65,63,17,29,287,147,26,41,4273,591,65389,10952,1969,122
2021,18097320106,1400000US18097320106,0.0013802622498274672,0.04503528435331951,0.00046761729213671915,8.287789110530199e-61,0.0006029807660598214,0.0006901311249137336,0.022517642176659754,0.00023380864606835957,4.1438945552650996e-61,0.0003014903830299107,0.0006901311249137336,0.022647592652545304,0.0002342982448883639,7.858139935658767e-61,0.0003051683266756235,690,458,8,12,0,12,64,59,361,477,14,14,54,47,8,13,34,42,147,79,0,12,3389,1504,63864,3927,1392,457
2021,18097320107,1400000US18097320107,0.002070393374741201,0.06960056963808971,0.0007090286655280066,5.20802616911271e-57,0.0007921884529380887,0.0006901311249137336,0.023200189879363235,0.00023634288850933553,1.7360087230375702e-57,0.00026406281764602957,0.0006901311249137336,0.02347898983098815,0.00023738429628192485,4.926539093394664e-57,0.0002972767119819584,169,108,0,12,77,101,23,22,25,18,5,7,0,12,4,7,4,6,13,19,18,20,2224,527,112788,26751,925,119
2021,18097320108,1400000US18097320108,0.017598343685300208,0.2693321879586531,0.005538224026191992,9.850379525863161e-54,0.008180074939989202,0.000733264320220842,0.011222174498277213,0.00023075933442466632,4.104324802442984e-55,0.0003408364558328834,0.0010351966873706005,0.03070285459863884,0.00024044966947851841,5.597286742285506e-54,0.0005447557943490937,2100,206,208,146,66,64,112,87,209,109,270,193,118,87,67,68,286,169,541,225,223,170,5026,636,36314,12405,2503,156
2021,18097320109,1400000US18097320109,0.0013802622498274672,0.0530626742450068,0.0004845724906166501,4.5669122349060204e-63,0.0006408878727563257,0.0006901311249137336,0.0265313371225034,0.00024228624530832506,2.2834561174530102e-63,0.00032044393637816284,0.0006901311249137336,0.026690946322949445,0.0002429094598767522,4.0752959774836826e-63,0.00032804651595845415,170,72,38,45,39,46,0,12,47,42,33,23,0,12,4,7,0,12,0,12,9,14,2768,445,61420,26934,1377,319
2021,18097320202,1400000US18097320202,0.01932367149758454,0.6200081329225421,0.0064799811667560145,1.4415094421586656e-43,0.008975143269893921,0.0006901311249137336,0.022143147604376502,0.0002314278988127148,5.14824800770952e-45,0.00032054083106764,0.0006901311249137336,0.0472938736509747,0.0002600178551317842,1.3624628156325472e-43,0.0003544572600748629,892,223,103,84,122,92,98,82,78,85,101,85,51,69,115,164,28,32,133,70,63,62,5057,628,105302,27375,2845,333
2021,18097320205,1400000US18097320205,0.004140786749482402,0.1701359036608395,0.001031210611983706,9.060004660193733e-49,0.0021198593129551396,0.0010351966873706005,0.042533975915209875,0.0002578026529959265,2.2650011650484333e-49,0.0005299648282387849,0.0013802622498274672,0.06449891167965338,0.0002601975547062205,7.648996717089782e-49,0.0006782730041487292,1184,157,30,35,96,66,116,66,289,135,73,69,206,117,83,73,30,35,187,102,74,65,1805,266,41344,7054,1572,175
2021,18097320206,1400000US18097320206,0.004830917874396136,0.15132238604796422,0.001454822031179981,4.378544717196704e-50,0.0023480775328626902,0.0008051529790660227,0.025220397674660704,0.00024247033852999684,7.297574528661172e-51,0.00039134625547711504,0.0010351966873706005,0.03584393841181222,0.0002532176912989535,4.1533599533886567e-50,0.0005324554816004339,1103,336,0,12,99,89,101,88,87,70,287,305,97,82,105,90,34,35,262,152,31,49,3196,676,36889,2630,1746,320
2021,18097320301,1400000US18097320301,0.0013802622498274672,0.06977828376276546,0.0005120025560272062,1.9287279761909329e-44,0.000640654030416192,0.0006901311249137336,0.03488914188138273,0.0002560012780136031,9.643639880954664e-45,0.000320327015208096,0.0006901311249137336,0.04729720876859596,0.0002599767030977138,1.92872775106162e-44,0.000337234983817229,284,79,19,23,42,32,66,49,26,22,13,14,29,38,16,17,9,13,64,47,0,12,3668,551,78804,21866,1942,211
2021,18097320305,1400000US18097320305,0.008971704623878538,0.08185093310635476,0.0031967811882073725,5.1065598875016204e-43,0.004073029042601126,0.0006901311249137337,0.006296225623565751,0.000245906245246721,3.928122990385862e-44,0.0003133099263539328,0.0006901311249137336,0.024085028347308666,0.000251164418840691,4.737511825693422e-43,0.0003441739253427648,42,37,0,12,0,12,9,13,0,12,0,12,0,12,0,12,17,28,16,25,0,12,2813,337,115000,29170,1056,121
2021,18097320306,1400000US18097320306,0.00966183574879227,0.18571864518946207,0.0034567733699915025,3.3139935308490816e-40,0.004499025498564584,0.0006901311249137336,0.013265617513533005,0.0002469123835708216,2.367138236320773e-41,0.00032135896418318457,0.0006901311249137336,0.02528138268259233,0.00025636586601021573,3.074889268719938e-40,0.00034390528484516843,1271,209,16,24,177,109,166,85,170,113,266,188,52,62,23,25,40,43,272,153,89,100,3976,439,71544,30299,2346,251
2021,18097320400,1400000US18097320400,0.004140786749482402,0.021378818620342837,0.0014754759541027855,8.8554602766019e-37,0.002051623135342953,0.0006901311249137336,0.003563136436723806,0.0002459126590171309,1.4759100461003166e-37,0.00034193718922382547,0.0006901311249137336,0.0038270474703966622,0.000248846237366764,8.207708957048772e-37,0.0003438747477445505,767,196,78,65,38,38,110,75,92,62,102,82,45,36,55,55,0,12,224,175,23,36,3345,486,65884,13632,1541,195
2021,18097320500,1400000US18097320500,0.008281573498964804,0.36072918058780495,0.003105682975906324,3.279969376990792e-32,0.0037744992872624224,0.0006901311249137336,0.030060765048983747,0.0002588069146588603,2.7333078141589933e-33,0.00031454160727186853,0.0006901311249137336,0.04859337840983021,0.0002652463360624481,3.036256407143032e-32,0.00033969850142338246,670,150,0,12,0,12,70,42,105,60,36,30,183,134,36,29,82,55,140,74,18,20,3105,466,75885,19771,1514,207
2021,18097320600,1400000US18097320600,0.00759144237405107,0.24663754632537932,0.002840851342301295,7.103145036252299e-31,0.0034046877685004052,0.0006901311249137336,0.022421595120489028,0.0002582592129364814,6.457404578411181e-32,0.0003095170698636732,0.0006901311249137336,0.027220277133980966,0.00026812305597527,6.715825167306367e-31,0.0003382582384635662,333,108,16,23,43,49,22,29,63,38,79,59,20,21,0,12,29,44,40,40,21,24,2341,544,65861,10935,1148,85
2021,18097320700,1400000US18097320700,0.0031055900621118015,0.016449514776119507,0.0008701571919017477,5.92360317619257e-36,0.0015885800332641027,0.0006211180124223603,0.0032899029552239016,0.00017403143838034955,1.184720635238514e-36,0.00031771600665282055,0.0006901311249137336,0.013511514374476058,0.00025933659495618706,5.92360317619257e-36,0.0003451222428943266,437,90,45,50,30,32,61,56,91,51,57,48,49,30,33,54,24,29,47,34,0,12,2040,293,107917,17149,1199,130
2021,18097320800,1400000US18097320800,0.00759144237405107,0.09822874285361716,0.0023670547500859607,1.9737996075918875e-56,0.003854959422037894,0.0006901311249137336,0.008929885713965196,0.00021518679546236007,1.7943632796289887e-57,0.00035045085654889944,0.0006901311249137336,0.027383221452048273,0.00024564154634944664,1.5962174513273412e-56,0.00037734720925329155,47,26,9,12,0,12,0,12,5,7,8,11,0,12,0,12,0,12,10,10,15,16,2927,176,161266,4707,1233,88
2021,18097320901,1400000US18097320901,0.011042097998619738,0.15083605443197826,0.0037515027693156675,7.905471050147717e-35,0.005479808570804526,0.0006901311249137336,0.009427253401998641,0.00023446892308222922,4.940919406342323e-36,0.0003424880356752829,0.0006901311249137336,0.01159286885150222,0.0002429260256003034,3.903574306424377e-35,0.00034495093933938667,766,212,72,56,68,78,143,130,13,21,85,83,210,196,62,59,16,28,97,141,0,17,6544,1024,79289,10835,2630,265
2021,18097320902,1400000US18097320902,0.008281573498964804,0.09166201536869845,0.0027368422279074657,2.852493523586798e-45,0.004121874440367613,0.0006901311249137336,0.00763850128072487,0.00022807018565895547,2.3770779363223317e-46,0.0003434895366973011,0.0006901311249137336,0.00872204724765845,0.00023175689673275333,2.6872464536015418e-45,0.0003450108195117718,1071,175,82,74,45,43,71,77,96,55,59,50,174,110,36,34,180,119,295,142,33,41,4077,608,44109,4408,1961,133
2021,18097320903,1400000US18097320903,0.002070393374741201,0.06306909911088146,0.0007221690896998837,1.533405397435787e-36,0.0010349377733559892,0.0006901311249137336,0.021023033036960487,0.00024072302989996126,5.111351324785957e-37,0.00034497925778532974,0.0006901311249137336,0.027248506522418066,0.00024575955307964964,1.4284584107407029e-36,0.0003450476320996054,1329,318,32,55,140,108,58,68,156,119,52,64,150,153,107,92,78,108,516,336,40,55,5750,1077,38618,12740,2317,316
2021,18097321001,1400000US18097321001,0.006901311249137336,0.22018470357831915,0.0024963617513231603,2.5299989563962365e-26,0.0034504603293834027,0.0006901311249137336,0.022018470357831915,0.000249636175132316,2.5299989563962364e-27,0.00034504603293834026,0.0006901311249137336,0.030705236825511174,0.00026598144109807364,2.3431301749874756e-26,0.00034504770284491835,306,180,0,12,126,153,0,12,9,18,0,12,0,12,13,23,38,53,94,75,26,28,2958,530,66146,19873,1117,188
2021,18097321002,1400000US18097321002,0.004140786749482402,0.15343804173327968,0.0016018649562596216,4.057565182108759e-16,0.0019725614711170207,0.0006901311249137336,0.025573006955546613,0.0002669774927099369,6.762608636847932e-17,0.00032876024518617013,0.0006901311249137336,0.040542642694794094,0.00027823424890890226,3.6973628900500624e-16,0.0003449551838046642,441,157,18,29,20,28,16,23,98,119,16,13,30,46,13,21,84,82,83,75,63,47,5281,1356,77583,16728,2025,280
2021,18097321100,1400000US18097321100,0.00966183574879227,0.2632735894656022,0.003556009779755721,8.761965239930325e-22,0.004659509462780244,0.0006901311249137336,0.018805256390400156,0.00025400069855398006,6.258546599950232e-23,0.00033282210448430313,0.0006901311249137336,0.03256146800442999,0.00027830229709550485,8.115924482113752e-22,0.00034504629156983783,328,87,0,12,43,47,36,42,27,20,78,41,39,52,2,3,3,4,52,47,48,46,3719,605,78508,8095,1673,175
2021,18097321200,1400000US18097321200,0.011042097998619738,0.1583911678462263,0.003317867229808422,4.8350409891005016e-30,0.005313660228764734,0.0006901311249137336,0.009899447990389144,0.00020736670186302636,3.0219006181878135e-31,0.0003321037642977959,0.0010351966873706005,0.017385729936944837,0.0002573752618913456,4.132076941911229e-30,0.00046805099169517413,355,142,25,40,0,17,157,130,85,60,36,40,3,6,15,25,16,27,18,29,0,17,5015,928,123229,40646,2159,228
2021,18097321300,1400000US18097321300,0.0027605244996549345,0.05576602529972583,0.0010049753282022295,2.6911459096574836e-34,0.0012556061906923194,0.0006901311249137336,0.013941506324931458,0.00025124383205055737,6.727864774143709e-35,0.00031390154767307985,0.0006901311249137336,0.014664750403370565,0.00025433907549386763,2.5408575704009674e-34,0.00033298417633648733,586,107,14,16,142,77,131,68,27,26,28,26,48,28,17,19,32,32,116,77,31,49,2749,345,100809,15500,1397,128
2021,18097321400,1400000US18097321400,0.009661835748792272,0.3987090236133474,0.0031619196234859044,1.5557847417961395e-29,0.005223353722940112,0.0008051529790660227,0.03322575196777895,0.0002634933019571587,1.2964872848301162e-30,0.000435279476911676,0.0010351966873706005,0.05514402586336071,0.0002773500911506333,1.2372393992958882e-29,0.0005530658487103198,1132,268,13,22,192,117,144,142,102,88,203,189,16,26,80,79,72,63,169,116,141,125,5000,597,71875,14427,2604,280
2021,18097321600,1400000US18097321600,0.005521048999309869,0.055027534969303814,0.002265049092999138,3.064525810546985e-23,0.002531808938546668,0.0006901311249137336,0.006878441871162977,0.0002831311366248922,3.8306572631837316e-24,0.0003164761173183335,0.0006901311249137336,0.036604702563490514,0.000284970461384988,2.9428780294104345e-23,0.00033578051074453644,1074,286,8,14,16,26,40,42,188,123,162,129,40,47,285,226,93,91,214,102,28,50,5719,997,52201,11018,2623,355
2021,18097321700,1400000US18097321700,0.00966183574879227,0.4341722821709615,0.003404961807300137,5.217880735388098e-19,0.004756456899089317,0.0008051529790660225,0.03618102351424679,0.0002837468172750114,4.348233946156748e-20,0.00039637140825744306,0.0013802622498274672,0.06625282621440566,0.0002885344479368806,5.015163118473882e-19,0.0005988890309744825,781,213,20,32,10,18,52,50,122,77,0,12,84,63,84,100,180,126,211,146,18,30,4119,527,65665,5642,2147,212
2021,18097321800,1400000US18097321800,0.005866114561766736,0.10819502719669309,0.001724559977313041,3.449248843594228e-16,0.0030555660932226297,0.000733264320220842,0.013524378399586636,0.0002155699971641301,4.311561054492785e-17,0.0003819457616528287,0.0010351966873706005,0.024225103287401618,0.00028467775681676464,3.3202558326305717e-16,0.0004680718085512776,304,68,23,19,62,53,21,19,45,39,36,40,32,38,0,12,5,10,80,61,0,12,3340,531,134355,22314,1531,123
2021,18097321900,1400000US18097321900,0.010351966873706004,0.2056307267245119,0.0035442433679626615,1.8249960414478975e-21,0.004991290402052562,0.0007394262052647146,0.01468790905175085,0.0002531602405687615,1.3035686010342124e-22,0.0003565207430037544,0.0013802622498274672,0.027403232157775837,0.0002590995134428043,9.78911141795949e-22,0.0006002588031368435,212,72,9,14,16,18,8,12,14,26,39,37,0,17,0,17,0,17,116,59,10,15,5081,665,118333,28300,1265,136
2021,18097322000,1400000US18097322000,0.00966183574879227,0.3732979286775568,0.0038444929739238896,4.6853920993340304e-11,0.004704996527212863,0.0006901311249137336,0.026664137762682626,0.0002746066409945635,3.3467086423814505e-12,0.0003360711805152045,0.0006901311249137336,0.0420353460529955,0.00029271206132898766,4.2292229288451836e-11,0.0003445680460414036,658,276,18,21,46,41,122,87,210,254,0,12,51,32,0,12,55,39,124,65,32,28,3219,571,53764,2943,1904,276
2021,18097322100,1400000US18097322100,0.006211180124223602,0.3180025122964596,0.0023435815670583755,6.759524054549457e-08,0.002592003518898073,0.0007763975155279503,0.03975031403705745,0.00029294769588229693,8.44940506818682e-09,0.0003240004398622591,0.0013802622498274672,0.06922941869138084,0.00030525491048902155,4.586858237185803e-08,0.0006022985309400743,234,96,0,12,56,56,51,48,8,12,21,33,19,29,0,12,23,22,45,43,11,12,3254,587,73600,27252,1087,79
2021,18097322200,1400000US18097322200,0.00759144237405107,0.15875136054932246,0.002064958004035974,7.842654982155082e-11,0.0036293058817954684,0.000759144237405107,0.015875136054932244,0.00020649580040359739,7.842654982155082e-12,0.00036293058817954687,0.0010351966873706005,0.04083494193202887,0.00028990498556086773,7.265390153899337e-11,0.0004473418001200278,235,60,0,12,19,15,88,45,18,19,46,39,26,27,0,12,19,24,19,19,0,12,2215,308,95750,26917,894,101
2021,18097322300,1400000US18097322300,0.006901311249137336,0.20663709846672731,0.0024539861119966563,4.570018345304071e-13,0.00311662265902659,0.0006901311249137336,0.02066370984667273,0.0002453986111996656,4.5700183453040706e-14,0.00031166226590265903,0.0006901311249137336,0.036878658653808356,0.0002883349935558294,2.1981551425420958e-13,0.0003633694597034,390,188,7,12,65,35,41,37,126,150,30,23,0,12,0,12,13,15,48,44,60,75,2463,389,104205,37702,1098,170
2021,18097322400,1400000US18097322400,0.00966183574879227,0.308910624326872,0.003984951485275156,3.45447094167086e-16,0.0043147031011500575,0.0006901311249137336,0.02206504459477657,0.00028463939180536826,2.4674792440506143e-17,0.0003081930786535755,0.0006901311249137336,0.03771994207377137,0.00028914532456913886,3.3202558326305717e-16,0.0003396702531654991,681,229,28,41,117,75,44,29,99,70,62,42,24,20,18,22,145,192,110,64,34,34,2672,349,52884,11218,1788,239
2021,18097322500,1400000US18097322500,0.005521048999309869,0.09678416047823682,0.0022149120160504664,1.5048801935468937e-09,0.002713309073002133,0.0006901311249137336,0.012098020059779602,0.0002768640020063083,1.881100241933617e-10,0.00033916363412526664,0.0006901311249137336,0.03782595116959002,0.000289667324225974,1.1630436187996972e-09,0.0003629772611411878,633,96,6,10,49,31,67,44,41,23,55,35,17,15,51,49,66,38,232,86,49,32,1614,233,29661,3257,953,79
2021,18097322601,1400000US18097322601,0.014837819185645272,0.49343613118732804,0.0047942525951597936,1.420940522247916e-10,0.0069731864784174985,0.0007065628183640605,0.023496958627968002,0.00022829774262665684,6.76638343927579e-12,0.00033205649897226184,0.0010351966873706005,0.038431870574566915,0.00029158379570223684,1.0040050959547773e-10,0.0004694055398981686,833,157,10,17,12,19,36,57,61,60,119,84,61,58,40,47,40,48,246,99,208,108,2014,538,12412,5988,1327,94
2021,18097322602,1400000US18097322602,0.004830917874396135,0.18960238965942017,0.001815763820050201,3.8213159549015383e-19,0.002339339526012114,0.0006901311249137336,0.027086055665631454,0.00025939483143574304,5.459022792716483e-20,0.0003341913608588734,0.0006901311249137336,0.03794196561827244,0.00029023463253058433,3.794966604595772e-19,0.0003392489828537652,581,149,77,87,64,45,115,74,83,76,66,44,39,62,42,54,43,36,52,53,0,12,1738,435,64099,12132,872,150
2021,18097322700,1400000US18097322700,0.011732229123533472,0.375342236668046,0.003456637554090377,5.546478325108585e-16,0.005847287313967029,0.0006901311249137336,0.022078955098120353,0.00020333162082884572,3.2626343088874033e-17,0.0003439580772921782,0.0006901311249137336,0.031241952539846914,0.00023077555359355683,4.292176218731637e-16,0.00034593094083661265,210,195,114,193,0,12,0,12,0,12,29,24,17,25,0,12,7,13,43,48,0,12,2071,418,47188,16380,1097,208
2021,18097330105,1400000US18097330105,0.01414768806073154,0.2988819256397411,0.004299619428820274,2.017117949774893e-48,0.006761300971132677,0.0007859826700406411,0.01660455142443006,0.00023886774604557075,1.120621083208274e-49,0.0003756278317295932,0.002070393374741201,0.04868223547216809,0.00025082660565520063,1.7591125124797117e-48,0.000841907036755914,1793,479,95,93,113,96,250,152,609,414,114,66,74,83,83,92,23,37,370,277,62,73,4537,648,58078,2749,2759,447
2021,18097330106,1400000US18097330106,0.01414768806073154,0.2808578780123557,0.003963704070427878,8.347326148166477e-52,0.006121358290422037,0.0008322169447489141,0.01652105164778563,0.00023315906296634577,4.910191851862633e-53,0.0003600798994365904,0.0010351966873706005,0.039589751945862464,0.00023912356147630398,7.130331195639078e-52,0.0004650903057641215,1913,269,0,12,106,102,400,218,215,115,258,137,263,152,134,65,141,86,396,165,0,12,4758,1135,42107,4731,2649,274
2021,18097330211,1400000US18097330211,0.0027605244996549345,0.0021201819163728787,0.00039118858826055794,2.5493435290138242e-40,0.0014075581378024343,0.0006901311249137336,0.0005300454790932197,9.779714706513948e-05,6.373358822534561e-41,0.0003518895344506086,0.0006901311249137336,0.0013856222602902076,9.90439166373706e-05,1.5034339960460824e-40,0.0003585546945537849,1312,155,0,17,85,108,191,151,71,67,90,83,148,86,209,174,71,87,291,178,156,121,5110,675,36275,8653,2063,100
2021,18097330401,1400000US18097330401,0.003450655624568668,0.12905011323915438,0.001198761276512334,2.248467760766151e-43,0.001228743763820291,0.0006901311249137336,0.025810022647830878,0.0002397522553024668,4.496935521532302e-44,0.0002457487527640582,0.0006901311249137336,0.03984893822957187,0.00024078853789039688,2.199992421583065e-43,0.0002731607590004754,521,162,0,17,61,95,149,146,0,17,89,116,66,102,0,17,73,91,83,72,0,17,5729,742,97841,13018,2172,202
2021,18097330500,1400000US18097330500,0.005866114561766736,0.18454575578887086,0.0019387671566440928,2.7666336785520003e-36,0.002708977344618761,0.000733264320220842,0.023068219473608858,0.0002423458945805116,3.4582920981900004e-37,0.00033862216807734513,0.0010351966873706005,0.044271423306707185,0.00024380596087534098,1.4167963186045561e-36,0.0004280066629180863,696,238,0,17,0,17,47,56,37,44,40,45,53,70,58,54,139,115,154,127,168,162,6186,1189,43380,15626,2752,338
2021,18097330600,1400000US18097330600,0.0010351966873706005,0.020473572408857787,0.00024043872964889495,1.4996695610996214e-44,0.00041521670055975034,0.0010351966873706005,0.020473572408857787,0.00024043872964889495,1.4996695610996214e-44,0.00041521670055975034,0.0010351966873706005,0.020473572408857787,0.00024043872964889495,1.4996695610996214e-44,0.00041521670055975034,1478,557,0,17,142,119,82,91,145,111,70,60,53,64,146,134,148,110,607,521,85,95,5976,1007,39435,16236,2648,534
2021,18097330803,1400000US18097330803,0.012767425810904072,0.16184087058004604,0.0035038988039121388,1.52183400170963e-34,0.006289985898771642,0.0007093014339391151,0.008991159476669223,0.0001946610446617855,8.454633342831278e-36,0.000349443661042869,0.0010351966873706005,0.027256844316471216,0.0002670928665061124,1.2207974587205478e-34,0.00047016048882560376,1043,333,20,32,264,257,167,212,95,94,49,59,27,38,70,62,47,40,218,135,86,69,3654,807,33397,15631,2061,332
2021,18097330804,1400000US18097330804,0.003450655624568668,0.010342437966216688,0.0004985343132432945,3.9081698208396835e-36,0.0017250491983987815,0.0006901311249137336,0.0020684875932433376,9.97068626486589e-05,7.816339641679367e-37,0.0003450098396797563,0.0006901311249137336,0.003436719597365543,0.0001016578563809696,3.452187228555762e-36,0.00034618971628013785,825,179,71,50,30,33,52,46,74,50,74,68,13,27,28,33,114,102,223,124,146,94,3237,882,36667,15521,1493,189
2021,18097330805,1400000US18097330805,0.009316770186335404,0.1770737820924671,0.0018853191222539857,5.893679065967813e-27,0.004465686566895318,0.000716674629718108,0.013621060160959007,0.0001450245478656912,4.533599281513702e-28,0.00034351435129963983,0.0010351966873706005,0.0198134573425354,0.0002285993315732315,4.5606311739488436e-27,0.00046924815336078275,777,140,0,12,44,44,46,46,99,71,88,63,69,68,40,48,125,94,227,96,39,42,2276,398,27409,11624,1333,105
2021,18097330806,1400000US18097330806,0.006901311249137336,0.10118651573830095,0.0015952868128057947,1.3407206276314723e-31,0.0032882300510573828,0.0006901311249137336,0.010118651573830096,0.00015952868128057946,1.3407206276314725e-32,0.00032882300510573827,0.0006901311249137336,0.01751699063761017,0.00024945802279780426,1.1844389537454459e-31,0.0003427456756002127,1079,247,0,12,41,43,21,28,75,73,171,84,68,47,132,181,53,55,359,142,159,99,4998,1089,25650,2712,1873,261
2021,18097330900,1400000US18097330900,0.00966183574879227,0.2790982461331098,0.002700374940171931,2.2455138556108283e-24,0.004742626543947646,0.0007432181345224823,0.02146909585639306,0.0002077211492439947,1.727318350469868e-25,0.00036481742645751126,0.0010351966873706005,0.03472298155703778,0.00024963934145438887,1.7418653810427347e-24,0.0005345922505617708,1976,514,26,43,89,130,368,288,278,330,131,88,153,114,146,146,14,22,646,259,125,97,6061,893,30521,9045,2964,436
2021,18097331000,1400000US18097331000,0.017943409247757076,0.6242919723957079,0.005419251939736094,1.6802069790579107e-20,0.00882031781352626,0.000717736369910283,0.024971678895828315,0.00021677007758944377,6.720827916231643e-22,0.0003528127125410504,0.0010351966873706005,0.05295964293277856,0.0002501521207227048,1.3001482744147174e-20,0.0005062935895709623,790,246,8,12,0,12,34,36,86,65,53,53,64,65,76,64,50,56,385,246,34,48,3799,1071,36900,15916,1823,244
2021,18097340101,1400000US18097340101,0.008971704623878538,0.06166465725829986,0.002274698940173122,3.509561976771889e-30,0.003813644924670502,0.0007476420519898782,0.005138721438191655,0.00018955824501442684,2.9246349806432408e-31,0.00031780374372254185,0.0010351966873706005,0.009690422471260219,0.00019081020633298488,3.256445671618032e-30,0.0004802774144914262,308,125,0,12,60,63,42,40,59,77,42,37,22,23,0,12,16,23,53,54,14,18,4907,686,62543,17576,1993,299
2021,18097340102,1400000US18097340102,0.008281573498964804,0.04900002453693679,0.002260749431271685,1.7940967665064228e-26,0.004438368264803223,0.0006901311249137336,0.004083335378078066,0.00018839578593930707,1.4950806387553523e-27,0.0003698640220669352,0.0006901311249137336,0.011620502683221238,0.0001974112237582718,8.337316239939145e-27,0.0004193663693750336,1464,197,155,116,91,67,129,69,158,103,177,127,145,84,36,29,128,83,427,142,18,20,3348,555,34466,4223,2210,179
2021,18097340108,1400000US18097340108,0.00759144237405107,0.1992928121306804,0.0026211691262470354,5.325750584955325e-32,0.0037439476393204994,0.0006901311249137336,0.0181175283755164,0.00023828810238609412,4.8415914408684766e-33,0.00034035887630186356,0.0006901311249137336,0.02230133597665227,0.0002444371847208515,4.9044734177094674e-32,0.0003436937880377783,1010,181,49,51,137,150,120,63,193,80,131,66,59,48,20,29,71,44,166,82,64,46,2727,414,40788,9084,1444,168
2021,18097340115,1400000US18097340115,0.008971704623878538,0.14140172134949341,0.003145595242415223,2.3464711293136133e-28,0.004075333775602894,0.0006901311249137337,0.01087705548842257,0.000241968864801171,1.8049777917797024e-29,0.0003134872135079149,0.0006901311249137336,0.02161013284964599,0.0002462225834090008,2.3297720980860646e-28,0.00034088586281788645,2122,255,61,52,48,38,251,104,430,182,367,174,331,167,35,53,305,219,283,167,11,18,5421,749,44661,6776,3146,268
2021,18097340201,1400000US18097340201,0.01518288474810214,0.2961557052070477,0.0052802888301286335,3.1696335125784977e-24,0.007514634141340929,0.0006901311249137336,0.013461622963956714,0.00024001312864221062,1.440742505717499e-25,0.0003415742791518604,0.0006901311249137336,0.024618766278053997,0.0002550011248811121,2.8691198103595665e-24,0.0003449196268043278,374,117,30,54,25,33,66,62,102,83,0,12,0,12,21,33,36,46,87,66,7,12,3773,580,58848,10591,1228,169
2021,18097340202,1400000US18097340202,0.021394064872325744,0.8281477018776474,0.007014829776803136,2.360020254719005e-26,0.009767635981933948,0.0007640737454402051,0.029576703638487408,0.0002505296348858263,8.428643766853589e-28,0.0003488441422119267,0.0013802622498274672,0.07989012216774069,0.0002620261572887428,2.1189450119439422e-26,0.0005945138436908051,1229,162,13,21,84,65,121,61,136,71,295,130,97,80,65,48,149,114,200,97,69,71,4899,592,40716,4237,2081,166
2021,18097340301,1400000US18097340301,0.00966183574879227,0.18936130829994047,0.003447466802711505,3.904064489748481e-20,0.004713217273777784,0.0006901311249137336,0.013525807735710034,0.00024624762876510753,2.7886174926774864e-21,0.0003366583766984131,0.0006901311249137336,0.02463603742287838,0.0002696150105779715,3.533901027682407e-20,0.0003450458879852126,599,342,0,12,0,12,115,86,15,26,82,86,35,55,65,76,0,12,275,319,12,20,4007,1141,40841,21762,1218,313
2021,18097340302,1400000US18097340302,0.008971704623878538,0.15139123240457455,0.0032085228769220563,7.39073836793878e-31,0.004463340335419022,0.0006901311249137337,0.011645479415736504,0.0002468094520709274,5.685183359952907e-32,0.0003433338719553094,0.0006901311249137336,0.013568806930755573,0.0002547997631370389,6.847514049629313e-31,0.0003470453772236949,1098,217,29,49,72,79,58,78,348,190,53,59,0,12,105,115,36,60,382,172,15,29,4947,1104,41366,10512,1842,280
2021,18097340400,1400000US18097340400,0.010351966873706004,0.20456277441764678,0.0034578408736259856,6.794070564728401e-19,0.00480180311133514,0.0007394262052647146,0.014611626744117628,0.00024698863383042756,4.852907546234572e-20,0.0003429859365239386,0.0013802622498274672,0.04922681253518251,0.00027384646870156156,3.7213376903778184e-19,0.0004938117489647766,626,178,55,78,10,17,21,31,93,73,76,89,18,29,28,45,148,98,136,103,41,48,4026,723,39688,13281,1440,168
2021,18097340500,1400000US18097340500,0.006901311249137336,0.16320957902954272,0.0026011380634374673,1.8250175962194256e-19,0.003199821400422489,0.0006901311249137336,0.01632095790295427,0.00026011380634374673,1.8250175962194256e-20,0.00031998214004224886,0.0006901311249137336,0.025606437539321632,0.00027201318522382124,8.309638174146073e-20,0.00034476320416248823,1738,392,0,17,66,65,296,149,289,170,233,149,60,61,36,51,168,95,584,372,6,17,6289,922,37500,11179,2339,363
2021,18097340600,1400000US18097340600,0.020703933747412008,0.5762044598622168,0.00723556722210686,3.548651534350285e-09,0.009700211554921782,0.0007139287499107589,0.019869119305593683,0.0002495023180036848,1.2236729428794086e-10,0.0003344900536179925,0.0010351966873706005,0.0848113264405981,0.00030503447384883336,1.936533094732412e-09,0.0004481648201820109,898,190,14,21,91,78,154,78,117,60,31,42,126,128,39,39,51,42,169,81,106,79,5587,817,53101,7299,1976,182
2021,18097340700,1400000US18097340700,0.013457556935817806,0.2870591718950591,0.0046811005854861185,1.712574992709589e-17,0.005946906543869825,0.0007476420519898781,0.015947731771947728,0.0002600611436381177,9.514305515053272e-19,0.00033038369688165694,0.0013802622498274672,0.0936560583721815,0.0002944795009412526,1.544471104118391e-17,0.0003756273213331051,830,192,41,47,72,65,51,52,129,91,69,110,62,54,134,131,59,75,213,132,0,12,4649,749,41494,5833,1576,203
2021,18097340800,1400000US18097340800,0.0006901311249137336,0.003486389027653604,0.0002586489385941559,1.6006287989741186e-31,0.0003434036030636405,0.0006901311249137336,0.003486389027653604,0.0002586489385941559,1.6006287989741186e-31,0.0003434036030636405,0.0006901311249137336,0.003486389027653604,0.0002586489385941559,1.6006287989741186e-31,0.0003434036030636405,142,53,14,17,0,12,15,16,29,23,0,12,6,9,31,29,0,12,13,17,34,26,1820,259,59483,10467,884,119
2021,18097340901,1400000US18097340901,0.0027605244996549345,0.02124731969699027,0.0007918613598701822,2.584904935920599e-22,0.0013698073121548196,0.0006901311249137336,0.005311829924247568,0.00019796533996754555,6.462262339801498e-23,0.0003424518280387049,0.0006901311249137336,0.0062988460731253125,0.00020164045527189551,2.385898661283854e-22,0.00034522529599753193,208,92,0,12,0,12,43,44,3,11,28,31,0,12,5,7,97,45,10,12,22,33,4190,558,76912,18835,1327,124
2021,18097340903,1400000US18097340903,0.0013802622498274672,0.014593998265262392,0.0004110953056906585,4.3470160881609856e-20,0.0006577926587647769,0.0006901311249137336,0.007296999132631196,0.00020554765284532924,2.1735080440804928e-20,0.00032889632938238846,0.0006901311249137336,0.007629796226695568,0.00020687268295590473,4.036102840133338e-20,0.0003339988663487262,829,225,25,43,0,12,185,166,121,88,92,99,7,14,46,73,82,119,136,146,135,138,1514,331,50031,18159,1069,226
2021,18097340904,1400000US18097340904,0.013112491373360938,0.4790287803975126,0.004456374720748958,8.26856168845979e-18,0.006230165589456507,0.0006901311249137336,0.025212041073553296,0.00023454603793415568,4.351874572873574e-19,0.0003279034520766583,0.0006901311249137336,0.07668602702445808,0.00026621012111874813,6.827643604139285e-18,0.0003447231206245244,1549,275,39,45,134,89,93,86,267,170,325,275,291,182,95,139,60,75,122,84,123,123,4628,581,48661,4258,2649,279
2021,18097341000,1400000US18097341000,0.015527950310559006,0.6379299830171047,0.00541962115997498,8.858668669825055e-13,0.007803990383780315,0.0007058159232072275,0.028996817409868394,0.0002463464163624991,4.026667577193207e-14,0.00035472683562637797,0.0010351966873706005,0.07987439947038333,0.0002870754072525551,7.251772236376414e-13,0.0004692662948401888,168,73,0,12,16,15,5,7,0,12,25,32,13,15,26,33,30,30,38,46,15,18,1767,257,72708,27148,859,100
2021,18097341100,1400000US18097341100,0.006211180124223603,0.19214267728472828,0.0020095947608549797,1.1572969247362245e-09,0.0028470377417622963,0.0007763975155279504,0.024017834660591035,0.00025119934510687246,1.4466211559202806e-10,0.00035587971772028704,0.0010351966873706005,0.08114376905930387,0.000294348972524576,9.66295186569619e-10,0.0003731505656804732,411,99,0,12,25,23,66,50,18,21,101,71,0,12,37,45,10,14,95,52,59,46,2236,349,38958,4471,958,94
2021,18097341200,1400000US18097341200,0.006211180124223603,0.08593978731002039,0.002262770796754743,1.5879125745073123e-06,0.003049549434040835,0.0006901311249137336,0.009548865256668933,0.0002514189774171936,1.7643473050081247e-07,0.0003388388260045372,0.0006901311249137336,0.01415638318881554,0.000290780603757813,1.287569591754104e-06,0.00035918245673152716,401,125,3,7,25,28,49,77,57,47,0,12,51,56,23,29,53,47,117,73,23,35,2338,675,40375,16076,1163,142
2021,18097341600,1400000US18097341600,0.006901311249137336,0.09023815836710736,0.002184635711204726,3.5352489488734083e-07,0.0033977297140448345,0.0006901311249137336,0.009023815836710736,0.0002184635711204726,3.5352489488734085e-08,0.00033977297140448345,0.0006901311249137336,0.016126008366857222,0.0002461153421678954,2.946004815702537e-07,0.00034476872330664425,557,124,23,35,56,38,14,16,6,13,33,37,106,88,38,43,60,57,144,79,77,51,1913,421,18913,11259,1016,182
2021,18097341701,1400000US18097341701,0.008281573498964804,0.12033890512376502,0.002569776780207524,2.0949614877093706e-10,0.004140832019951901,0.0006901311249137336,0.010028242093647085,0.00021414806501729368,1.745801239757809e-11,0.00034506933499599176,0.0006901311249137336,0.02493679356550993,0.0002490761002277947,1.7728851604354283e-10,0.00034624809501627844,442,116,0,12,0,12,12,22,50,65,12,19,35,54,2,4,146,99,122,77,63,52,2341,509,31020,7653,1152,139
2021,18097341702,1400000US18097341702,0.014837819185645272,0.12563042656392598,0.0042527407716471816,7.899985079806896e-13,0.007507039890744481,0.0007065628183640605,0.005982401264948856,0.00020251146531653246,3.7618976570509025e-14,0.0003574780900354515,0.0010351966873706005,0.02164943959303942,0.00021915201838648606,6.802055239674984e-13,0.00046930768675216184,475,146,0,12,86,45,14,24,118,91,0,12,41,55,0,12,27,31,152,100,37,27,2312,829,51402,26891,944,204
2021,18097341902,1400000US18097341902,0.0027605244996549345,0.05301383859412405,0.0008133401546915903,3.087191602609462e-22,0.00138162871529178,0.0006901311249137336,0.013253459648531012,0.00020333503867289758,7.717979006523655e-23,0.000345407178822945,0.0006901311249137336,0.014235473120976866,0.0002070110802428436,2.860586953483443e-22,0.0003556874224362797,276,105,0,12,66,71,9,15,30,48,25,31,0,12,23,35,19,21,76,71,28,27,3950,725,59357,4535,1724,217
2021,18097341903,1400000US18097341903,0.003450655624568668,0.01929984922886125,0.0009746532214676342,9.214060451042393e-30,0.0017252385142245918,0.0006901311249137336,0.00385996984577225,0.00019493064429352685,1.8428120902084788e-30,0.00034504770284491835,0.0006901311249137336,0.004935974079465847,0.00019854310411175196,5.6693176459500634e-30,0.00034504770284491835,1672,216,81,73,114,91,317,213,81,78,118,115,345,182,9,22,199,146,196,131,212,139,6221,935,36575,2215,2458,206
2021,18097341904,1400000US18097341904,0.003450655624568668,0.05829070933902018,0.0010399986774683768,7.848894364052187e-19,0.001601192878348636,0.0006901311249137336,0.011658141867804037,0.00020799973549367537,1.5697788728104375e-19,0.0003202385756697272,0.0006901311249137336,0.01622844412236737,0.0002150134413131471,7.2773471424695675e-19,0.00034504770284491835,604,67,21,28,46,31,50,40,58,39,78,46,55,37,59,43,66,45,162,50,9,14,2326,278,42228,9196,973,79
2021,18097342000,1400000US18097342000,0.010351966873706004,0.07371074477226269,0.002257735390900545,2.851436075939615e-35,0.005105909683702404,0.0006901311249137336,0.004914049651484179,0.000150515692726703,1.9009573839597435e-36,0.0003403939789134936,0.0006901311249137336,0.009546893302202392,0.00016244611653227632,2.4657995581021096e-35,0.0003449294984160811,393,205,0,17,0,17,78,95,64,72,80,88,0,17,0,17,171,164,0,17,0,17,6947,1128,61414,6637,2250,284
2021,18097342101,1400000US18097342101,0.006901311249137336,0.09259179851696848,0.0016530859392994833,1.4570152258468607e-30,0.003450093728366155,0.0006901311249137336,0.009259179851696848,0.00016530859392994832,1.4570152258468607e-31,0.0003450093728366155,0.0006901311249137336,0.012892730944388581,0.00017573423313774179,1.2618516534106941e-30,0.0003450462643358466,799,294,0,17,11,18,7,20,203,143,202,222,123,141,7,16,59,63,187,111,0,17,5835,700,55884,9046,2216,297
2021,18097342200,1400000US18097342200,0.005521048999309869,0.09424160973739998,0.0014124039984572262,2.5195710280429513e-27,0.002760379816649587,0.0006901311249137336,0.011780201217174997,0.00017655049980715327,3.149463785053689e-28,0.00034504747708119835,0.0006901311249137336,0.014900233529700295,0.00018480416918829646,1.3879366568053924e-27,0.00034504770284491835,792,260,0,17,33,35,103,110,38,41,160,104,144,105,0,17,35,57,138,112,141,139,5399,980,40633,8017,2004,244
2021,18097342300,1400000US18097342300,0.011042097998619738,0.2037116047561636,0.00405495993693963,3.284588846465708e-28,0.005510700321455797,0.0006901311249137336,0.012731975297260225,0.0002534349960587269,2.0528680290410676e-29,0.0003444187700909873,0.0006901311249137336,0.017539621792897295,0.00027439514118514835,3.1104198859808133e-28,0.00034504770284491835,927,258,79,123,181,168,82,88,134,114,139,144,50,50,79,97,38,44,116,93,29,36,6793,991,47675,14334,2531,286
2021,18097342400,1400000US18097342400,0.015873015873015872,0.39785499527961743,0.006364188246561854,3.1832886037047916e-19,0.007935959730769597,0.0006901311249137336,0.017298043273026843,0.0002767038368070371,1.3840385233499093e-20,0.0003450417274247651,0.0006901311249137336,0.022191157983807053,0.0002993187342152861,2.622793045304932e-19,0.00034504770284491835,226,51,28,32,29,23,15,25,30,34,33,27,18,28,33,32,0,12,40,37,0,12,1701,291,56750,17267,621,86
2021,18097342500,1400000US18097342500,0.017943409247757076,0.4669156331970938,0.005401091866306813,4.050976886237182e-15,0.008970606130972279,0.0006901311249137337,0.017958293584503605,0.00020773430255026202,1.558068033168147e-16,0.00034502331272970305,0.0006901311249137336,0.02359929228804077,0.00023803843408420336,2.1123162525156225e-15,0.00034504770284491835,669,201,0,17,15,23,27,37,55,49,140,78,76,72,87,120,38,39,187,121,44,72,5037,790,38214,2894,1840,195
2021,18097342600,1400000US18097342600,0.006901311249137336,0.22653214707963998,0.002706647278780758,1.0012216847961305e-09,0.0034240703215815804,0.0006901311249137336,0.022653214707963998,0.0002706647278780758,1.0012216847961306e-10,0.00034240703215815806,0.0006901311249137336,0.024362200443904157,0.0003072942200750072,8.855426967519058e-10,0.0003449942042805671,520,257,11,17,0,12,132,70,0,12,186,231,7,11,29,31,0,12,155,82,0,12,3465,652,32030,5602,1554,240
2021,18097350100,1400000US18097350100,0.007246376811594203,0.13504903694905346,0.0026392335443841657,5.904133980899785e-17,0.003474349915999959,0.0008051529790660225,0.015005448549894829,0.00029324817159824063,6.560148867666428e-18,0.000386038879555551,0.0010351966873706005,0.03318715989244722,0.00030213636729945544,5.2254288718729883e-17,0.0005667137201118428,172,80,0,12,0,12,39,35,0,12,48,51,23,23,31,36,24,29,0,12,7,10,1363,452,44868,12612,766,112
2021,18097350300,1400000US18097350300,0.008281573498964804,0.1788627153622426,0.0025510955910521874,8.467724234381622e-14,0.004079679969203019,0.0006901311249137336,0.014905226280186883,0.00021259129925434896,7.056436861984685e-15,0.0003399733307669183,0.0006901311249137336,0.026412106667543327,0.00027884627224805555,7.582226653633155e-14,0.0003470546884769757,1381,256,33,40,26,28,74,57,123,108,157,126,43,41,282,203,79,70,380,152,184,107,2601,433,22500,8746,2069,238
2021,18097350400,1400000US18097350400,0.01725327812284334,0.4340992669173246,0.0057948869786840175,1.569940543105988e-06,0.008217953299342932,0.0007842399146746973,0.01973178485987839,0.00026340395357654623,7.136093377754491e-08,0.00037354333178831514,0.0013802622498274672,0.05175113924044602,0.0003063678859069163,9.966053289932581e-07,0.0006305965409794799,470,128,0,12,35,58,54,38,69,57,45,49,77,88,0,12,11,17,168,89,11,17,2615,490,51287,7774,1272,133
2021,18097350500,1400000US18097350500,0.012077294685990338,0.2818859280191093,0.004342540386076757,2.7519049614186387e-13,0.006142295369786668,0.0007104290991759022,0.016581525177594664,0.00025544355212216217,1.618767624363905e-14,0.00036131149234039226,0.0010351966873706005,0.03857182640331625,0.00029335789041114494,1.9411890367675356e-13,0.00046996274404524944,519,117,8,14,55,58,56,60,7,18,40,51,11,16,17,25,33,39,138,63,154,81,2352,525,26762,5752,1285,143
2021,18097350600,1400000US18097350600,0.018633540372670808,0.12313694969665914,0.005867864462534676,7.129372524121689e-17,0.009325262446075802,0.0006901311249137336,0.004560627766542931,0.00021732831342721021,2.6405083422672925e-18,0.00034538009059540005,0.0006901311249137336,0.009823231619392565,0.000259960203927406,5.5183278780543103e-17,0.00034900444218683227,932,284,60,85,0,17,70,69,28,43,10,17,53,57,132,176,151,149,402,148,26,42,5316,860,29877,7543,2691,297
2021,18097350700,1400000US18097350700,0.013112491373360938,0.33276636333771903,0.005130495812778145,3.512343772222414e-14,0.006546878037386586,0.0006901311249137336,0.017514019123037843,0.000270026095409376,1.8486019853802177e-15,0.00034457252828350453,0.0006901311249137336,0.03841781543602017,0.0002949589369609438,3.317571298333057e-14,0.00034504770284491835,495,212,0,12,46,43,42,46,0,12,21,31,42,41,0,12,31,34,285,213,28,34,1714,355,21475,13403,917,203
2021,18097350800,1400000US18097350800,0.01725327812284334,0.46899305414110837,0.007320962314021641,1.6068305724954973e-07,0.008139217186395539,0.0006901311249137336,0.018759722165644335,0.00029283849256086565,6.4273222899819895e-09,0.00032556868745582153,0.0006901311249137336,0.03927172465840653,0.0003080493897001489,8.651502970513053e-08,0.0003448451452474359,512,109,0,12,7,13,36,37,74,43,17,27,10,18,39,30,19,18,189,88,121,72,1789,366,19472,1520,1108,78
2021,18097350900,1400000US18097350900,0.00862663906142167,0.32862772059242173,0.0032820508517902476,1.1774373704475048e-06,0.004164426650386982,0.0007842399146746973,0.029875247326583795,0.0002983682592536589,1.0703976094977317e-07,0.00037858424094427105,0.0013802622498274672,0.05198221524706194,0.0003140561183368478,1.1427172079247528e-06,0.0005218147041727033,282,69,5,8,8,12,21,20,32,35,38,37,8,11,0,12,34,29,83,46,53,41,1561,291,48750,18393,890,106
2021,18097351000,1400000US18097351000,0.00966183574879227,0.3051180000347805,0.0037032813960620426,8.610849438427682e-06,0.004756305377637779,0.0006901311249137336,0.02179414285962718,0.00026452009971871736,6.150606741734059e-07,0.0003397360984026985,0.0006901311249137336,0.033712083583764936,0.00030736055692808894,6.0799496266786e-06,0.000428669566714111,409,120,30,34,11,17,35,44,30,38,126,82,29,43,33,45,45,56,52,37,18,33,2512,477,33354,14671,1554,300
2021,18097351200,1400000US18097351200,0.019668737060041408,1.0716180775762651,0.00762140563386618,7.36491024697895e-09,0.008609348149812422,0.0007867494824016563,0.0428647231030506,0.0003048562253546472,2.94596409879158e-10,0.0003443739259924969,0.001725327812284334,0.08320665841939723,0.0003209237666589238,6.0482312266215316e-09,0.0006608728513999891,658,193,0,12,131,169,17,21,55,45,5,7,42,41,95,70,62,76,193,87,58,51,2497,518,37404,11031,1524,213
2021,18097351500,1400000US18097351500,0.010697032436162872,0.3286212885798664,0.004020994511054568,1.5008110347010552e-05,0.005237514010770911,0.0007131354957441914,0.021908085905324427,0.0002680663007369712,1.0005406898007035e-06,0.0003491676007180607,0.0010351966873706005,0.034421987191718996,0.00031627139064225175,1.5007613836231689e-05,0.0005763164980122561,628,144,40,62,65,36,43,38,75,37,31,27,43,43,2,4,117,66,208,91,4,6,1671,372,40907,6416,1118,208
2021,18097351600,1400000US18097351600,0.006901311249137336,0.222033788076621,0.002702204767507641,9.730515815492863e-07,0.003217685744968628,0.0006901311249137336,0.0222033788076621,0.0002702204767507641,9.730515815492863e-08,0.0003217685744968628,0.0006901311249137336,0.0433080507595373,0.0003306420351774726,9.690722801813425e-07,0.00034873682754902116,426,95,0,12,81,59,96,62,36,31,64,61,17,19,19,22,10,16,58,47,45,31,2626,410,82171,13372,1345,154
2021,18097351700,1400000US18097351700,0.01725327812284334,0.49044429245836996,0.0067980435365157035,0.00012197175204663344,0.008662713488154089,0.0007501425270801452,0.021323664889494345,0.00029556711028329145,5.303119654201454e-06,0.00037663971687626474,0.0010351966873706005,0.05329315469490463,0.00032760347959487156,9.141743008504961e-05,0.0005589563450373173,331,104,0,12,0,12,44,34,59,54,56,45,23,36,7,11,0,12,63,54,79,85,2411,452,51186,23659,1611,150
2021,18097351900,1400000US18097351900,0.00966183574879227,0.3310259083847954,0.003806102640217699,1.1347960092442856e-15,0.00482281888067993,0.0006901311249137336,0.0236447077417711,0.00027186447430126425,8.105685780316326e-17,0.00034448706290570927,0.0006901311249137336,0.03980986970886567,0.0002998136046893454,1.0399682798153128e-15,0.00034504770284491835,474,110,0,12,6,10,41,34,24,25,65,48,46,32,60,59,21,27,120,61,91,60,2492,383,39211,5458,1216,163
2021,18097352100,1400000US18097352100,0.011042097998619738,0.23804866555988408,0.0040657274918299725,7.887325116237952e-16,0.005509773053485729,0.0006901311249137336,0.014878041597492755,0.0002541079682393733,4.92957819764872e-17,0.00034436081584285805,0.0006901311249137336,0.039675393001922694,0.00030108491873157207,7.880113490525042e-16,0.00034504770284491835,414,82,0,12,23,21,28,35,91,59,16,20,27,26,21,31,10,12,135,59,63,42,2050,378,30966,12522,1155,127
2021,18097352300,1400000US18097352300,0.00966183574879227,0.27093804709329017,0.0036614554358622513,1.0198003749850343e-21,0.0048303684755458196,0.0006901311249137336,0.019352717649520727,0.00026153253113301797,7.284288392750245e-23,0.00034502631968184427,0.0006901311249137336,0.025751038710472008,0.0002858586027700606,9.63162358871313e-22,0.00034504770284491835,345,94,0,12,4,6,14,23,17,16,61,51,43,45,22,35,53,53,52,35,79,61,1197,298,30714,5491,726,83
2021,18097352400,1400000US18097352400,0.011042097998619738,0.44520759082299505,0.004621813964864891,3.159809960879738e-16,0.005463135113081467,0.0006901311249137336,0.02782547442643719,0.0002888633728040557,1.9748812255498363e-17,0.0003414459445675917,0.0006901311249137336,0.033974009428377513,0.0002973833905096882,2.583552749973065e-16,0.000345045997277905,916,148,11,18,40,39,36,45,97,89,71,63,168,130,77,70,109,78,175,96,132,115,3326,689,32599,5554,1490,106
2021,18097352500,1400000US18097352500,0.006901311249137336,0.15030541339616696,0.0026935235101034813,9.495598683299707e-11,0.0033940174612745663,0.0006901311249137336,0.015030541339616696,0.0002693523510103481,9.495598683299707e-12,0.0003394017461274566,0.0006901311249137336,0.036000808051355096,0.0002975721409486408,7.947919361039352e-11,0.00034505118404289147,776,304,15,22,37,41,139,95,98,63,7,12,64,80,11,19,18,20,318,269,69,67,2978,426,33281,12386,1827,301
2021,18097352600,1400000US18097352600,0.018633540372670808,0.8378806470985787,0.007865864858535502,2.227871120885381e-08,0.008777964292636399,0.000716674629718108,0.03222617873456072,0.00030253326378982696,8.568735080328389e-10,0.0003376140112552461,0.0010351966873706005,0.07287863292575814,0.00031738019612094406,1.8365074232300774e-08,0.00046550812067894904,726,218,0,12,19,21,61,51,69,47,23,29,26,32,127,161,54,44,263,101,84,65,3590,587,32215,17399,2012,233
2021,18097352700,1400000US18097352700,0.01725327812284334,0.8784397271587918,0.00729703590766792,6.154258949130468e-05,0.008001221488826354,0.0007501425270801452,0.03819303161559964,0.00031726243076817044,2.6757647604915077e-06,0.0003478791951663632,0.0010351966873706005,0.060748691025889326,0.0003371006120733178,4.723400560278371e-05,0.00046529914230744216,418,131,0,12,24,23,0,12,19,33,75,63,9,12,11,25,104,102,96,62,80,117,2487,583,42500,24773,1289,97
2021,18097352800,1400000US18097352800,0.00966183574879227,0.20831085106722572,0.003920258033350812,7.092858745820562e-08,0.004775337357969921,0.0006901311249137336,0.014879346504801837,0.00028001843095362943,5.066327675586116e-09,0.00034109552556928007,0.0006901311249137336,0.04009335470667283,0.0003013341678012371,6.547362043845397e-08,0.00034504640179887217,426,97,7,10,24,35,60,57,37,47,18,19,33,34,2,4,34,35,135,76,76,58,1263,296,32750,16890,719,80
2021,18097353300,1400000US18097353300,0.016908212560386472,0.38831310465384694,0.006289664392845415,0.0005575255485056986,0.008022567519119547,0.0007045088566827697,0.01617971269391029,0.0002620693497018923,2.323023118773744e-05,0.0003342736466299811,0.0010351966873706005,0.05148611650089941,0.00034102540357108227,0.0003250903897396587,0.0004579117668203135,1117,174,31,27,62,49,144,96,161,70,213,90,161,92,42,33,40,30,251,85,12,18,2385,331,47538,8309,1882,140
2021,18097353500,1400000US18097353500,0.01725327812284334,0.9199403823902932,0.007400767529377853,0.002428503702389696,0.007782415449335719,0.0007501425270801452,0.039997407930012746,0.00032177250127729795,0.00010558711749520418,0.000338365889101553,0.0010351966873706005,0.15392711291016883,0.0003560616907623718,0.0010170604494647904,0.0004885679475323338,1092,232,46,44,52,57,90,64,157,123,127,103,86,61,36,56,32,45,428,251,38,32,2178,424,39500,15643,1318,234
2021,18097353600,1400000US18097353600,0.024154589371980676,0.7421318024190561,0.010206295582994804,1.757581974099758e-05,0.011524757593777421,0.0006901311249137336,0.021203765783401603,0.000291608445228423,5.021662783142165e-07,0.0003292787883936406,0.0006901311249137336,0.08740175994156874,0.00032830484473660425,7.787492465448827e-06,0.00037943382999062157,879,185,7,11,16,15,177,127,141,111,51,48,42,40,26,31,88,81,280,93,51,50,3342,754,35202,6941,1620,205
2021,18097354201,1400000US18097354201,0.028640441683919944,0.933924292353552,0.008569725354674524,1.485831933843614,0.010523431557280598,0.0011933517368299977,0.038913512181398,0.0003570718897781052,0.06190966391015058,0.00043847631488669157,0.005175983436853002,0.14197417046691407,0.000387743237565348,0.5479711427694639,0.0015248047769006446,1839,258,40,46,230,161,223,161,343,171,291,133,215,156,161,114,36,40,263,139,37,42,5449,587,76569,8873,2688,225
2021,18097354202,1400000US18097354202,0.022084195997239476,0.7572016505020662,0.00958896525747278,0.2328939592410621,0.009655032808236978,0.0007887212856156955,0.02704291608935951,0.00034246304490974215,0.008317641401466503,0.0003448226002941778,0.0013802622498274672,0.07351706972754234,0.0003734165059702229,0.10711925835255225,0.0005393964986220998,1574,297,184,159,131,79,174,126,172,100,170,100,129,76,82,72,170,125,346,191,16,25,3389,721,68807,19619,2631,272
2021,18097354400,1400000US18097354400,0.007246376811594203,0.11519305685684698,0.0032123596706480403,0.00013539298832898473,0.003499607005649311,0.0007246376811594203,0.011519305685684699,0.000321235967064804,1.3539298832898473e-05,0.0003499607005649311,0.0010351966873706005,0.016922625032964066,0.00033467573554582503,0.00011838816659722139,0.00044441049006029856,260,63,0,12,40,21,60,31,27,20,16,16,12,12,0,12,4,9,101,52,0,12,1437,317,62574,29148,882,138
2021,18097354500,1400000US18097354500,0.004830917874396135,0.06334472276000994,0.00214592650857122,3.109005346013709e-07,0.002474046597447672,0.0006901311249137336,0.009049246108572847,0.0003065609297958886,4.4414362085910124e-08,0.0003534352282068103,0.0006901311249137336,0.013188960855962701,0.00031898165834376094,1.5231469422371464e-07,0.0004040860334201962,616,171,26,30,29,25,51,29,37,25,158,143,49,44,38,29,62,41,122,54,44,37,2224,459,41819,2933,1247,154
2021,18097354700,1400000US18097354700,0.0013802622498274672,0.02339299144089707,0.0006185357936373763,2.5972038922044114e-09,0.0006846924869620571,0.0006901311249137336,0.011696495720448535,0.00030926789681868817,1.2986019461022057e-09,0.00034234624348102857,0.0006901311249137336,0.011981290943035476,0.0003115176366254299,2.4332512397925652e-09,0.0003432887986275434,391,152,11,13,13,16,13,15,0,12,11,18,20,25,9,15,50,42,88,45,176,140,1436,280,21480,13691,910,154
2021,18097354800,1400000US18097354800,0.005175983436853002,0.19361167748555,0.0021764868359152537,4.6506681731126024e-09,0.0020516274838602994,0.0007394262052647146,0.027658811069364287,0.00031092669084503623,6.643811675875146e-10,0.00029308964055147136,0.0010351966873706005,0.05767990636895501,0.00031989837760569817,4.317655109475312e-09,0.00045666140208924723,224,76,0,12,9,10,81,61,11,18,3,5,2,6,24,25,27,28,37,42,30,22,1665,498,55278,23334,950,107
2021,18097354900,1400000US18097354900,0.003450655624568668,0.032882473075476336,0.0014081679177484667,3.372316838224915e-12,0.0017228250201915332,0.0006901311249137336,0.006576494615095267,0.00028163358354969337,6.74463367644983e-13,0.00034456500403830665,0.0006901311249137336,0.009882310845826327,0.00029530412906354775,2.8597239342971802e-12,0.00034501719036717827,1003,265,9,13,71,52,93,78,83,46,169,147,168,179,13,16,15,15,281,122,101,63,2559,398,30598,1769,1617,238
2021,18097355000,1400000US18097355000,0.008281573498964804,0.3010721450261604,0.0033935119925693393,8.232495109790529e-09,0.003943224407061461,0.0007528703180877095,0.02737019500237822,0.0003085010902335763,7.484086463445935e-10,0.00035847494609649646,0.0010351966873706005,0.06293462240393849,0.0003428153261474975,6.460080767376138e-09,0.0004960484279432094,430,117,0,12,73,67,30,24,38,43,9,15,6,9,37,32,30,27,131,51,76,83,2198,491,33000,9080,1204,123
2021,18097355100,1400000US18097355100,0.006211180124223603,0.10932193961864836,0.002734094297824152,1.0506490593091332e-11,0.0030389266297703274,0.0006901311249137336,0.012146882179849819,0.00030378825531379467,1.1673878436768146e-12,0.0003376585144189253,0.0006901311249137336,0.061976371644544115,0.00034556406585972563,3.909646946462103e-12,0.00037234983171201004,787,387,2,4,25,19,77,46,39,44,54,31,55,35,29,24,55,31,379,382,72,40,2125,585,18458,14494,1234,379
2021,18097355300,1400000US18097355300,0.004830917874396135,0.035133201024452845,0.001874261542810758,7.581172677679954e-14,0.0024101938053343605,0.0006901311249137336,0.005019028717778978,0.0002677516489729654,1.0830246682399934e-14,0.0003443134007620515,0.0006901311249137336,0.008634262187413123,0.0002867612983854492,7.359724499049773e-14,0.00034503712275933175,856,144,71,68,131,87,19,21,103,68,13,20,57,63,50,48,95,71,273,125,44,56,2483,529,38860,10689,1357,121
2021,18097355400,1400000US18097355400,0.004830917874396135,0.02970100908748085,0.0019331681266661353,2.423074820308735e-13,0.002432438772265041,0.0006901311249137336,0.00424300129821155,0.0002761668752380193,3.461535457583907e-14,0.0003474912531807201,0.0006901311249137336,0.007808463242120249,0.00029106151257349023,1.655411773279583e-13,0.0003504664297733944,903,225,32,51,58,66,68,46,173,119,83,58,0,12,66,60,75,61,182,136,166,109,2808,588,35497,4823,1752,282
2021,18097355500,1400000US18097355500,0.011732229123533472,0.6702286913975167,0.005684708036124508,4.663031075089845e-14,0.005505547900275031,0.0006901311249137336,0.039425217141030394,0.0003343945903602652,2.742959455935203e-15,0.0003238557588397077,0.0006901311249137336,0.06812704320621056,0.00035151270550358405,4.4368345519252714e-14,0.00034493574884173004,543,164,70,76,69,60,94,99,55,59,92,107,11,18,29,45,49,49,31,52,43,48,4120,814,46418,14196,1682,176
2021,18097355600,1400000US18097355600,0.015873015873015872,0.8084463283094551,0.006779270791462023,1.4462660641243865e-09,0.007661945985595209,0.0007936507936507937,0.04042231641547275,0.00033896353957310117,7.231330320621933e-11,0.0003830972992797604,0.0010351966873706005,0.12779182100519015,0.00035872093026948567,1.0710019157659832e-09,0.000524337457851009,459,112,18,27,16,15,25,30,88,71,33,27,5,8,38,40,21,18,150,67,65,44,2213,430,30804,11979,1036,77
2021,18097355700,1400000US18097355700,0.011732229123533472,0.5253303374448187,0.005775489929026846,1.719613026470466e-05,0.00560547473874058,0.0006901311249137336,0.03090178455557757,0.0003397347017074615,1.0115370743943917e-06,0.0003297338081612106,0.0006901311249137336,0.07972884540848402,0.0003680563178289919,1.3640522244485184e-05,0.00036409099885904394,476,83,0,12,8,12,57,40,41,39,28,28,26,26,10,18,57,48,177,83,72,45,1994,384,29632,3595,1229,159
2021,18097355900,1400000US18097355900,0.00759144237405107,0.44533361062454124,0.0035129092173093895,3.9253027846610385e-07,0.003682075946176727,0.0006901311249137336,0.04048487369314011,0.0003193553833917627,3.568457076964581e-08,0.00033473417692515703,0.0006901311249137336,0.08080263417118634,0.00037236304634923696,3.2820402014167326e-07,0.0003490284186778087,374,133,31,30,39,30,79,94,51,29,0,12,76,82,43,33,4,9,38,30,13,18,2022,361,80982,18764,1356,141
2021,18097356200,1400000US18097356200,0.040372670807453416,1.6523774346259377,0.014911637643182842,0.9447344294123512,0.013055808418137856,0.0009175607001693959,0.03755403260513495,0.0003389008555268828,0.02147123703209889,0.00029672291859404216,0.002070393374741201,0.17715092653934936,0.00038852477523529995,0.1483099347443474,0.0005411142578407999,787,116,42,25,118,51,187,75,164,58,45,30,36,24,41,36,24,21,92,36,38,47,4310,347,85000,11076,1327,91
2021,18097356400,1400000US18097356400,0.018633540372670808,0.5914321304755187,0.007500996393589895,0.00013521495872479488,0.00868472437512244,0.000716674629718108,0.022747389633673794,0.00028849986129191903,5.200575335569034e-06,0.0003340278605816323,0.0010351966873706005,0.056538105029047686,0.0003389022056686258,7.687522957385748e-05,0.00045939267267682655,1151,246,47,52,180,139,111,87,90,73,96,69,41,47,163,99,83,55,180,105,160,112,4138,662,34816,7165,1973,220
2021,18097356900,1400000US18097356900,0.005866114561766736,0.20316162797890522,0.0027407965869220793,6.659025781476962e-07,0.003017006004896692,0.000733264320220842,0.025395203497363152,0.0003425995733652599,8.323782226846202e-08,0.0003771257506120865,0.0010351966873706005,0.027997597762421944,0.000361939237341322,5.914160829493595e-07,0.00046768308462289245,369,81,5,8,50,33,27,23,30,28,31,27,51,34,68,45,12,12,79,38,16,25,1868,335,35278,12189,1359,148
2021,18097357000,1400000US18097357000,0.00862663906142167,0.18043728791728975,0.0036767421153473864,3.7398302541869115e-09,0.004142328457329807,0.0007188865884518058,0.015036440659774145,0.00030639517627894885,3.1165252118224263e-10,0.00034519403811081724,0.0010351966873706005,0.024740220144761578,0.0003599373770021126,3.4926643768998324e-09,0.00046799078306445686,325,152,0,12,15,15,31,27,0,12,67,48,15,13,15,14,20,25,155,150,7,10,1896,434,44306,13883,1226,156
2021,18097357100,1400000US18097357100,0.005521048999309869,0.11470247693627202,0.0027101162538747375,1.1054448481063924e-10,0.0027079391553002977,0.0006901311249137336,0.014337809617034002,0.0003387645317343422,1.3818060601329905e-11,0.0003384923944125372,0.0006901311249137336,0.026579815439355295,0.0003569912770209528,1.0442940423433975e-10,0.0003427731153161812,384,96,47,58,60,33,81,44,40,29,34,25,51,43,0,12,38,30,18,14,15,14,2091,352,77778,8207,1291,178
2021,18097357200,1400000US18097357200,0.006901311249137336,0.18471588649133636,0.003359068651531021,5.576883158304844e-13,0.0034028678328564504,0.0006901311249137336,0.018471588649133636,0.0003359068651531021,5.5768831583048434e-14,0.00034028678328564503,0.0006901311249137336,0.03374579209400839,0.0003448109582559191,5.088448069534944e-13,0.0003445110071575698,401,109,0,12,18,25,54,45,33,39,42,34,9,18,68,57,0,12,90,63,87,69,2387,580,42731,12197,1448,127
2021,18097357300,1400000US18097357300,0.014492753623188406,0.35301410063908,0.006837990787932411,5.4777118056266636e-17,0.007197526689842734,0.0006901311249137336,0.01681019526852762,0.00032561860894916243,2.6084341931555542e-18,0.00034273936618298736,0.0006901311249137336,0.05779270481135979,0.00034357945986676365,5.473602057416008e-17,0.0003448211393373877,595,141,4,15,86,80,32,39,36,39,52,35,16,21,120,107,62,68,165,111,22,26,2033,331,22018,9269,1155,146
2021,18097357400,1400000US18097357400,0.016563146997929608,0.28990779908520903,0.007367615387647874,3.2097581073456934e-18,0.008087130156638069,0.0006901311249137336,0.012079491628550376,0.0003069839744853281,1.3373992113940388e-19,0.0003369637565265862,0.0006901311249137336,0.022824115663784887,0.0003270900123218455,3.0316532942915415e-18,0.00034492196520034726,799,187,36,51,72,66,53,58,43,49,197,126,44,55,24,30,28,30,261,125,41,43,5517,1206,33707,6480,1932,173
2021,18097357500,1400000US18097357500,0.018978605935127676,0.1766546292742808,0.007820424313752556,6.643581938318305e-31,0.00889555022349274,0.0007591442374051071,0.007066185170971232,0.00031281697255010224,2.657432775327322e-32,0.0003558220089397096,0.0010351966873706005,0.017079415264944522,0.00031849960584199937,6.266380593989867e-31,0.0004948290565065046,312,108,23,35,14,15,0,12,62,45,10,16,38,44,12,14,42,30,111,63,0,12,3835,181,53875,17511,1457,164
2021,18097357601,1400000US18097357601,0.00966183574879227,0.31067803814723416,0.004486172057235315,1.9778963622548168e-20,0.004556790236648587,0.0006901311249137336,0.022191288439088155,0.0003204408612310939,1.4127831158962977e-21,0.00032548501690347046,0.0006901311249137336,0.056357413120781526,0.0003337143328520706,1.9150871104113588e-20,0.00034403637479997083,914,276,42,69,61,91,63,77,0,17,166,134,62,81,137,109,226,211,142,113,15,23,5141,900,34479,7079,2232,273
2021,18097357602,1400000US18097357602,0.00862663906142167,0.33748464158483515,0.0038511332025917494,2.2991363617207623e-26,0.004073308523147693,0.0007188865884518058,0.028123720132069596,0.0003209277668826458,1.915946968100635e-27,0.00033944237692897444,0.0010351966873706005,0.05592587272285911,0.00033087534399327224,1.9541826737692375e-26,0.0004420244049824925,216,139,0,12,0,12,66,86,59,97,28,53,63,81,0,12,0,12,0,12,0,12,1483,215,60410,26611,608,82
2021,18097357800,1400000US18097357800,0.006211180124223603,0.1293130316782971,0.0025836484638729344,8.13023197818452e-11,0.0029772274351392634,0.0006901311249137336,0.014368114630921901,0.00028707205154143717,9.033591086871689e-12,0.00033080304834880706,0.0006901311249137336,0.022296531819126407,0.0003424355852331722,8.124918072660563e-11,0.00038335940223362596,387,109,0,12,16,18,20,26,35,23,11,17,18,17,82,55,63,42,118,80,24,32,1561,302,38548,7028,950,99
2021,18097357900,1400000US18097357900,0.021739130434782608,0.9993866956917189,0.008632310104889948,9.95644911046746e-12,0.010510396687320499,0.0007012622720897616,0.03223828050618448,0.0002784616162867725,3.2117577775701483e-13,0.0003390450544296935,0.0010351966873706005,0.08464611900700209,0.0003397424533209718,8.803374158086294e-12,0.0004692385605776897,582,181,21,30,39,29,44,36,38,35,93,68,43,40,174,161,6,11,124,74,0,12,3326,740,50150,6343,1940,193
2021,18097358000,1400000US18097358000,0.007246376811594203,0.5670573042291912,0.0031179623678982936,9.058077494597729e-07,0.0036006593724861214,0.0007246376811594203,0.05670573042291912,0.00031179623678982937,9.058077494597728e-08,0.0003600659372486121,0.0010351966873706005,0.08895663942113793,0.000342709158778763,8.032590791522673e-07,0.00046925928876352663,277,93,18,26,0,12,0,12,11,13,0,12,21,34,0,12,6,10,219,95,2,4,1309,338,22708,5692,635,71
2021,18097358100,1400000US18097358100,0.005521048999309869,0.19674430582266275,0.002528738622255534,1.4524353994998992e-11,0.0027424292063204327,0.0006901311249137336,0.024593038227832844,0.00031609232778194175,1.815544249374874e-12,0.0003428036507900541,0.0006901311249137336,0.026180435104209324,0.0003245929021612059,1.1745659636698637e-11,0.0003447093635995099,310,107,0,12,0,12,74,54,34,50,32,30,0,12,0,12,11,17,159,83,0,12,2639,612,44444,16681,1291,201
2021,18097360101,1400000US18097360101,0.011042097998619738,0.4739037766157275,0.00430692415251545,5.1893825158235747e-23,0.005390066374722866,0.0006901311249137336,0.02961898603848297,0.00026918275953221563,3.2433640723897342e-24,0.00033687914842017914,0.0006901311249137336,0.04360106466483378,0.00027929801548614365,4.761530824641959e-23,0.0003450477906310218,647,122,25,29,11,18,31,39,31,38,83,58,0,12,12,15,116,81,183,96,155,74,2263,644,28750,12295,1354,176
2021,18097360102,1400000US18097360102,0.017943409247757076,0.3842050735238591,0.006224868785730031,2.50241816366566e-23,0.008917698876960867,0.0006901311249137337,0.014777118212456117,0.00023941803022038582,9.624685244867924e-25,0.0003429884183446487,0.0006901311249137336,0.041990560187795706,0.0002851965709317135,1.9366251289179946e-23,0.0003465831320795355,543,157,60,40,0,12,10,16,104,110,16,27,0,12,27,45,13,20,276,108,37,54,2148,498,27917,8262,1316,147
2021,18097360201,1400000US18097360201,0.025534851621808144,0.5249843189916129,0.008995623630253692,3.359261883140345e-27,0.011987447352441574,0.0007295671891945184,0.01499955197118894,0.00025701781800724837,9.597891094686701e-29,0.000342498495784045,0.0010351966873706005,0.033015639557639524,0.00029367110898914,2.5954726753278422e-27,0.0004684129912713732,1481,432,0,12,133,106,87,82,344,365,94,82,78,88,11,17,229,131,443,271,62,73,4170,757,37813,9123,2091,397
2021,18097360202,1400000US18097360202,0.006901311249137336,0.0793038561344605,0.0025432348289473666,8.611189329499126e-33,0.0028851330894028187,0.0006901311249137336,0.00793038561344605,0.00025432348289473666,8.611189329499126e-34,0.0002885133089402819,0.0006901311249137336,0.01163050803608502,0.0002893695227447378,7.731441235006811e-33,0.00032524461432923086,365,118,0,12,0,12,13,23,0,12,10,16,30,33,0,12,0,12,187,109,125,103,2685,521,32544,14352,1157,75
2021,18097360301,1400000US18097360301,0.008971704623878538,0.3399537800342231,0.003407292065819907,1.8333372646080366e-35,0.004101326145025983,0.0006901311249137337,0.026150290771863316,0.0002620993896784544,1.4102594343138744e-36,0.00031548662654046027,0.0006901311249137336,0.03883756381092456,0.0002920434451951258,1.506492388903047e-35,0.00034724860506487817,624,135,0,12,9,14,37,38,16,23,56,52,129,96,34,54,63,44,191,118,89,81,3560,566,34968,8952,1335,93
2021,18097360302,1400000US18097360302,0.021048999309868876,0.8056623388751077,0.007186016610647617,1.9170630115690912e-26,0.00949433538705588,0.0008095768965334183,0.03098701303365799,0.0002763852542556776,7.373319275265735e-28,0.0003651667456559954,0.001725327812284334,0.09244183733535537,0.0002960262311373317,1.7692074178469292e-26,0.0007564279711397196,703,156,16,27,32,34,50,44,79,63,8,11,47,38,23,22,46,31,362,126,40,47,2896,677,25139,9257,1320,141
2021,18097360401,1400000US18097360401,0.011042097998619738,0.1735982321970826,0.0036748717355610983,8.97126946668561e-26,0.005548507547576342,0.0006901311249137336,0.010849889512317662,0.00022967948347256864,5.607043416678506e-27,0.0003467817217235214,0.0006901311249137336,0.014386387193338913,0.0002845101479595597,7.007882391613974e-26,0.00044101023470301726,2096,449,33,58,98,83,519,403,342,288,107,93,81,79,39,48,235,170,642,293,0,17,6032,1033,37175,7262,2937,447
2021,18097360402,1400000US18097360402,0.011387163561076604,0.1891970537570934,0.0033496328614648634,4.297187860304017e-31,0.005623756934757308,0.000759144237405107,0.01261313691713956,0.0002233088574309909,2.8647919068693444e-32,0.00037491712898382053,0.0013802622498274672,0.04642090661360971,0.00028929872987938686,3.8909749755533535e-31,0.0005914842928209261,666,330,56,46,4,16,15,18,58,50,19,26,14,25,23,34,45,34,383,320,49,54,3332,1147,-,**,1159,338
2021,18097360406,1400000US18097360406,0.0006901311249137336,0.0020700360407103517,0.00010000701516893388,1.2841555809257781e-39,0.00034488516823475085,0.0006901311249137336,0.0020700360407103517,0.00010000701516893388,1.2841555809257781e-39,0.00034488516823475085,0.0006901311249137336,0.0020700360407103517,0.00010000701516893388,1.2841555809257781e-39,0.00034488516823475085,1082,303,90,112,86,97,82,105,73,116,200,174,46,57,68,88,72,100,289,220,76,103,3010,743,36205,28359,2006,183
2021,18097360501,1400000US18097360501,0.0027605244996549345,0.0021445997418142516,0.0006192565582777896,4.842711053346186e-19,0.001257219344625784,0.0006901311249137336,0.0005361499354535629,0.0001548141395694474,1.2106777633365466e-19,0.000314304836156446,0.0006901311249137336,0.0009701618937560167,0.00015886295526782652,3.081824880923659e-19,0.0003207472231278683,726,195,0,17,161,134,37,44,37,49,113,141,65,55,16,28,79,88,200,129,18,29,6389,817,73421,14325,2582,282
2021,18097360502,1400000US18097360502,0.04002760524499655,0.4476983281293587,0.011931230481512366,6.142621862582848e-18,0.019178529896739974,0.0007277746408181191,0.008139969602351976,0.00021693146330022483,1.1168403386514268e-19,0.0003487005435770904,0.0010351966873706005,0.018219152008229166,0.0002710888414066404,1.327577816822e-18,0.000551822142973829,521,184,0,17,0,17,0,17,117,136,16,29,18,29,33,38,135,140,202,136,0,17,5040,803,58696,7922,2454,274
2021,18097360601,1400000US18097360601,0.01725327812284334,0.19177533790101514,0.005815844003358461,1.8358681589986103e-21,0.008634903484677483,0.0006901311249137336,0.007671013516040606,0.00023263376013433844,7.343472635994441e-23,0.00034539613938709934,0.0006901311249137336,0.020693571060517377,0.0002665507513182629,1.3306147060349465e-21,0.0003601688285443153,311,102,35,34,0,12,11,19,20,30,57,39,0,12,11,18,13,20,152,80,12,20,4975,729,67004,9249,2028,220
2021,18097360602,1400000US18097360602,0.03036576949620428,0.7225388201735548,0.010207181787687461,3.3542333224822087e-22,0.013642115246679446,0.0007990991972685337,0.01901417947825144,0.00026861004704440685,8.826929796005813e-24,0.00035900303280735383,0.0024154589371980675,0.11461679617643059,0.00030600043375403764,2.0366716291892252e-22,0.0007482735478698016,1383,290,22,35,169,125,0,17,108,84,121,123,258,165,325,252,0,17,271,159,109,134,6445,1082,36770,7027,2662,247
2021,18097360700,1400000US18097360700,0.008971704623878538,0.0676285622331757,0.00350655256297053,3.9235263539987046e-18,0.004579411772225699,0.0006901311249137337,0.005202197094859669,0.0002697348125361946,3.0180971953836187e-19,0.0003522624440173615,0.0006901311249137336,0.013338683814888584,0.00029334000219858735,2.6024219616665794e-18,0.00040168887589973976,201,61,16,24,33,35,10,11,6,8,32,32,0,12,5,8,16,27,72,44,11,12,2196,329,78929,19157,943,122
2021,18097360800,1400000US18097360800,0.02380952380952381,0.6935926196705714,0.009250802146159465,2.735791332305972e-21,0.010714851078682105,0.000700280112044818,0.020399782931487392,0.0002720824160635137,8.046445095017564e-23,0.0003151426787847678,0.0010351966873706005,0.04581081831160623,0.00030484849527027643,1.7119171477453836e-21,0.00036195667347049734,897,154,42,34,45,32,140,72,68,60,60,33,21,17,25,17,151,75,266,91,79,49,2336,443,33836,3503,1511,182
2021,18097360900,1400000US18097360900,0.028985507246376812,0.741366631147664,0.009988192349471387,1.0919110939228344e-14,0.014072827456160463,0.0007833920877399138,0.02003693597696389,0.0002699511445803078,2.951111064656309e-16,0.0003803466880043368,0.0013802622498274672,0.05421972183689702,0.0002892775767917066,9.137295004333318e-15,0.0006406075963286919,963,239,0,17,36,51,16,26,107,85,126,109,107,116,0,17,150,114,305,155,116,122,5702,894,33125,7370,2581,259
2021,18097361000,1400000US18097361000,0.011042097998619738,0.093816144018002,0.0042986650363400535,5.706091874472779e-17,0.005252586127109243,0.0006901311249137336,0.005863509001125125,0.00026866656477125334,3.566307421545487e-18,0.0003282866329443277,0.0006901311249137336,0.007423376268208253,0.0002787948387019524,4.874676750082057e-17,0.00034477955407991,110,45,14,14,0,12,20,17,17,20,7,11,17,15,0,12,0,12,35,32,0,12,2399,285,91121,12178,1083,119
2021,18097361100,1400000US18097361100,0.00759144237405107,0.02959821599793985,0.0028637408890072914,9.213845299382353e-15,0.0038034964942036944,0.0006901311249137336,0.002690746908903623,0.0002603400808188447,8.376222999438503e-16,0.0003457724085639722,0.0006901311249137336,0.007221482540778364,0.00027353225735165675,7.020376010203534e-15,0.0003479577356460357,610,127,45,52,54,40,70,62,65,45,40,37,45,25,9,13,41,38,205,90,36,37,3171,560,59670,12432,1738,175
2021,18097361200,1400000US18097361200,0.013802622498274672,0.9043379874899737,0.0063211704885509905,1.7128116285767087e-25,0.006897416159821149,0.0006901311249137336,0.04521689937449869,0.00031605852442754954,8.564058142883543e-27,0.00034487080799105747,0.0006901311249137336,0.06595826386164216,0.00033019360734142097,1.5609651469753926e-25,0.0003450414016298662,712,200,21,30,55,45,29,33,152,139,76,97,0,12,67,60,60,49,196,96,56,71,3361,534,51923,11790,1645,199
2021,18097361300,1400000US18097361300,0.01621808143547274,0.5862696066204943,0.006715811565118378,2.8558169523547406e-20,0.007439772037734311,0.0007051339754553366,0.02548998289654323,0.0002919918071790599,1.2416595445020611e-21,0.0003234683494667092,0.0010351966873706005,0.06254905898465203,0.00030701565080637315,2.2705447519489086e-20,0.0003501835550726006,235,101,0,12,0,12,33,45,55,47,30,48,63,64,15,23,33,39,6,10,0,12,2020,340,41373,13962,1144,191
2021,18097361402,1400000US18097361402,0.004830917874396135,0.2551887879062918,0.00209666507882449,1.0445333110995512e-28,0.0022902085605949972,0.0006901311249137336,0.036455541129470255,0.00029952358268921285,1.4921904444279303e-29,0.00032717265151357104,0.0006901311249137336,0.0626943748238641,0.00030797964368222406,9.562640676744346e-29,0.00034424967687375467,757,266,113,138,20,35,159,180,100,125,51,81,57,81,47,78,0,17,210,234,0,17,6001,1069,66175,16204,2257,281
2021,18097361601,1400000US18097361601,0.006211180124223603,0.021861457784676706,0.0014035611271183788,4.009749369337875e-19,0.002852452053447173,0.0007763975155279504,0.0027326822230845883,0.00017544514088979734,5.012186711672344e-20,0.0003565565066808966,0.0010351966873706005,0.0051028490718725,0.00019458787388890154,2.0704732084430603e-19,0.0005220907051580604,78,74,0,17,14,22,0,17,0,17,0,17,0,17,0,17,0,17,64,82,0,17,5678,1177,83230,5903,2139,361
2021,18097370201,1400000US18097370201,0.002415458937198068,0.01090559639883528,0.0006694490960263902,3.6703249121002626e-51,0.0012820512224188815,0.0008051529790660227,0.00363519879961176,0.0002231496986754634,1.2234416373667543e-51,0.0004273504074729605,0.0010351966873706005,0.005582272229928726,0.00022601825230358013,3.4650036646988375e-51,0.0005076795698547535,583,102,15,21,44,45,101,63,103,45,73,54,91,57,39,32,24,40,84,56,9,14,3580,400,51620,2450,1492,136
2021,18097370203,1400000US18097370203,0.00966183574879227,0.09119974424412298,0.00324904386354444,5.912974802467433e-42,0.004661151603049725,0.0006901311249137336,0.006514267446008784,0.0002320745616817457,4.2235534303338805e-43,0.0003329394002178375,0.0006901311249137336,0.009714721185357976,0.0002442332039779278,5.606482181706557e-42,0.0003449559684992198,710,344,0,12,78,64,174,149,2,9,27,34,0,12,0,12,51,49,361,344,17,26,4674,961,34625,23824,1527,301
2021,18097370204,1400000US18097370204,0.0010351966873706005,0.0025526752050442224,0.0002195767298937049,2.108806226702138e-54,0.0005079968359891837,0.0010351966873706005,0.0025526752050442224,0.0002195767298937049,2.108806226702138e-54,0.0005079968359891837,0.0010351966873706005,0.0025526752050442224,0.0002195767298937049,2.108806226702138e-54,0.0005079968359891837,613,150,0,12,104,109,71,71,29,43,112,86,72,59,15,26,75,86,135,101,0,12,3288,464,45399,10508,1555,151
2021,18097370303,1400000US18097370303,0.0006901311249137336,0.0025744725809260334,0.00021952225300949074,4.99647132892627e-55,0.000315413769703894,0.0006901311249137336,0.0025744725809260334,0.00021952225300949074,4.99647132892627e-55,0.000315413769703894,0.0006901311249137336,0.0025744725809260334,0.00021952225300949074,4.99647132892627e-55,0.000315413769703894,659,196,0,17,0,17,59,56,48,53,175,99,62,74,117,110,44,59,60,47,94,96,7523,687,73250,12725,2469,277
2021,18097380200,1400000US18097380200,0.016563146997929608,0.8771062756670056,0.005903587258571409,1.824607765256164e-17,0.008089742368377098,0.0007201368259969395,0.03813505546378285,0.0002566777068944091,7.93307724024419e-19,0.0003517279290598738,0.0010351966873706005,0.08034953462006936,0.00029324165601173806,1.721171570934624e-17,0.0004146473325135886,729,207,0,12,27,30,57,38,70,72,48,51,10,14,15,19,38,38,448,181,16,18,3228,654,38722,14828,1722,284
2021,18097380301,1400000US18097380301,0.009316770186335404,0.31158062420537846,0.0037122012756652086,1.928597645954666e-27,0.00452834644516034,0.0007763975155279504,0.02596505201711487,0.00030935010630543403,1.6071647049622219e-28,0.00037736220376336166,0.0010351966873706005,0.057819504863673495,0.00031821063949294225,1.819246461928224e-27,0.00042799908182899744,246,145,7,14,0,12,8,19,10,16,0,12,35,63,14,22,21,31,151,115,0,12,2099,494,33904,4137,836,151
2021,18097380302,1400000US18097380302,0.00759144237405107,0.14816605455347182,0.0027120879531422636,3.2169093058611043e-26,0.003225236063376573,0.0008434935971167856,0.01646289495038576,0.00030134310590469596,3.574343673179005e-27,0.000358359562597397,0.001725327812284334,0.03452323183379299,0.0003072802975382843,3.216909296025215e-26,0.0006422417307959667,518,154,0,12,8,13,0,12,74,69,75,74,71,82,54,64,58,38,114,66,64,47,2942,477,30150,9446,1331,212
2021,18097380402,1400000US18097380402,0.013802622498274672,0.1580153715571164,0.005372979392804899,4.7218456283557925e-37,0.0068310346586033495,0.0006901311249137336,0.00790076857785582,0.00026864896964024496,2.360922814177896e-38,0.00034155173293016745,0.0006901311249137336,0.016202835183489833,0.000281856890204546,4.241070840511431e-37,0.0004091078999203827,1418,256,42,45,105,61,192,98,158,72,264,219,94,77,98,48,149,85,316,139,0,12,4874,917,40000,10975,2296,208
2021,18097380403,1400000US18097380403,0.007246376811594203,0.09962163090586797,0.0029084488260287334,3.109170097860834e-33,0.0034616321962958373,0.0007246376811594203,0.009962163090586796,0.00029084488260287334,3.1091700978608344e-34,0.00034616321962958375,0.0010351966873706005,0.019472679788448726,0.0003011760992942499,2.5881307187882736e-33,0.0004699601393661723,317,138,0,12,12,19,94,57,63,60,90,76,0,12,19,22,0,12,28,34,11,17,3762,580,62475,5755,1585,213
2021,18097380404,1400000US18097380404,0.010006901311249138,0.12534285207665466,0.0041881778768098924,1.026156998187858e-35,0.004565896787057077,0.0007147786650892242,0.00895306086261819,0.000299155562629278,7.329692844198986e-37,0.00032613548478979123,0.0010351966873706005,0.017503054610407045,0.0003142936462839841,7.529346730219708e-36,0.00048152290923160284,392,116,0,12,42,46,33,35,30,32,25,39,62,59,25,28,56,55,109,68,10,17,3749,537,50345,8553,1847,222
2021,18097380501,1400000US18097380501,0.0006901311249137336,0.03761941209975909,0.00014222042321696874,3.5465681063901324e-60,0.00030359150700081587,0.0006901311249137336,0.03761941209975909,0.00014222042321696874,3.5465681063901324e-60,0.00030359150700081587,0.0006901311249137336,0.03761941209975909,0.00014222042321696874,3.5465681063901324e-60,0.00030359150700081587,365,164,0,12,37,37,34,39,41,50,19,22,96,136,0,12,31,48,107,74,0,12,2478,578,43730,6210,1098,168
2021,18097380502,1400000US18097380502,0.002070393374741201,0.057125919509794884,0.0008879395259107493,3.7222550842671506e-37,0.0009327638888851836,0.0006901311249137336,0.019041973169931628,0.0002959798419702498,1.2407516947557169e-37,0.0003109212962950612,0.0006901311249137336,0.020144705989132757,0.0003017692098394634,3.7131641535815663e-37,0.00033374293553827406,1070,228,20,24,76,55,127,72,47,48,124,90,188,101,34,50,120,69,294,164,40,36,3968,782,42353,11356,1901,296
2021,18097380600,1400000US18097380600,0.005521048999309869,0.22782855494356147,0.0015768461995999913,4.629687862785624e-30,0.0025453648172633465,0.0006901311249137336,0.028478569367945183,0.0001971057749499989,5.78710982848203e-31,0.0003181706021579183,0.0006901311249137336,0.07666970877038264,0.00025580567472188536,4.3360287438619334e-30,0.00034504758124560126,1050,303,42,55,342,278,90,68,27,34,141,83,23,30,135,119,107,91,143,105,0,17,5983,1230,61338,9177,2325,344
2021,18097380700,1400000US18097380700,0.006211180124223603,0.4337119168278839,0.0022110966470530262,1.4252226344565643e-32,0.003105236623718635,0.0006901311249137336,0.04819021298087599,0.000245677405228114,1.583580704951738e-33,0.0003450262915242928,0.0006901311249137336,0.07544452948994379,0.00025078881082520445,1.3326103977660244e-32,0.00034504870746199885,1257,318,5,36,90,110,135,114,185,112,65,89,35,58,57,57,268,160,417,306,0,17,6817,1014,54256,4713,2583,263
2021,18097380800,1400000US18097380800,0.006901311249137336,0.21617279530262976,0.0014861711459918149,1.784953704265107e-60,0.003377100269264255,0.0006901311249137336,0.021617279530262976,0.0001486171145991815,1.784953704265107e-61,0.0003377100269264255,0.0006901311249137336,0.040879489574541426,0.00015313305892055814,9.492032194719351e-61,0.00034417215437491976,332,97,0,12,22,25,71,44,4,10,102,71,21,30,0,12,27,34,85,54,0,12,2963,551,52782,5458,1324,226
2021,18097380902,1400000US18097380902,0.00966183574879227,0.11472173327015668,0.0034834586473380703,3.427967455126029e-40,0.004562364784917276,0.0006901311249137336,0.008194409519296906,0.00024881847480986215,2.448548182232878e-41,0.0003258831989226626,0.0006901311249137336,0.011971047367484462,0.0002627512690327309,3.0614356447399274e-40,0.00034513702755674337,742,155,9,15,87,100,158,113,48,50,176,139,48,52,88,78,37,30,77,73,14,24,5979,808,66865,11274,2637,287
2021,18097381002,1400000US18097381002,0.00759144237405107,0.2935651525947334,0.001774472250124572,7.938842902683794e-63,0.0037930388416124927,0.0006901311249137336,0.026687741144975765,0.00016131565910223382,7.217129911530723e-64,0.00034482171287386295,0.0006901311249137336,0.044791582544280235,0.00016866295862898246,4.2607620796128824e-63,0.0003450342883083437,113,56,0,12,10,15,0,12,38,39,7,10,3,5,0,12,31,35,6,9,18,17,3507,906,77313,20055,1459,222
2021,18097381003,1400000US18097381003,0.004140786749482402,0.28244182065976725,0.0010766232504039598,1.1824822624938048e-57,0.0020713484294231123,0.0006901311249137336,0.047073636776627875,0.00017943720840065997,1.970803770823008e-58,0.0003452247382371854,0.0006901311249137336,0.048703675514019044,0.0001876982689156902,1.0323727404987733e-57,0.0003456157682508355,886,184,95,80,31,30,180,114,95,78,143,96,105,142,83,62,66,53,83,54,5,6,3311,361,47778,4983,1541,188
2021,18097381004,1400000US18097381004,0.004830917874396135,0.13006934900648037,0.001325495181153543,3.654729466974621e-45,0.002406080257581899,0.0006901311249137336,0.01858133557235434,0.00018935645445050615,5.221042095678029e-46,0.00034372575108312844,0.0006901311249137336,0.06933292644898353,0.00022641299124639966,3.6537385107741965e-45,0.00034517140518210306,1169,256,0,12,149,87,52,51,80,64,189,103,73,79,125,129,51,49,450,241,0,12,3298,671,32500,11148,1632,242
2021,18097381101,1400000US18097381101,0.004830917874396135,0.2681392878523343,0.0016565957612349293,8.433496040753055e-39,0.0024134479723256887,0.0006901311249137336,0.038305612550333476,0.00023665653731927563,1.2047851486790079e-39,0.00034477828176081266,0.0006901311249137336,0.07238575018587325,0.00024133098900073837,6.99011466581508e-39,0.0003450582142554252,929,202,49,54,91,70,36,38,175,149,117,83,152,116,90,99,20,31,199,122,0,17,5753,714,71839,13269,2692,336
2021,18097381102,1400000US18097381102,0.003450655624568668,0.17368399236448642,0.001150008449101575,1.2624050782457113e-42,0.0017172917959741617,0.0006901311249137336,0.03473679847289728,0.00023000168982031501,2.5248101564914225e-43,0.00034345835919483234,0.0006901311249137336,0.07055334127567772,0.00023257069895963673,1.1888681968820635e-42,0.0003449729814211407,503,189,0,17,103,115,12,20,73,78,96,109,121,106,39,52,0,17,36,31,23,43,7199,875,55048,10590,2715,400
2021,18097381203,1400000US18097381203,0.008281573498964804,0.36517739371516145,0.0024565562065018503,2.1426424766059117e-46,0.00409609127372948,0.0006901311249137336,0.030431449476263455,0.00020471301720848751,1.785535397171593e-47,0.00034134093947745664,0.0006901311249137336,0.06872355281504176,0.000224433361632824,2.029809584303436e-46,0.0003521536238513352,898,198,25,30,15,24,10,15,152,119,123,75,115,63,228,154,98,71,105,65,27,33,3247,530,33912,7379,1271,197
2021,18097381204,1400000US18097381204,0.008971704623878538,0.31285761692029046,0.0027410973958030935,6.2459773223201825e-49,0.004385389363397685,0.0006901311249137337,0.024065970532330037,0.00021085364583100719,4.804597940246294e-50,0.00033733764333828347,0.0010351966873706005,0.06751743134958155,0.0002198858268086167,6.239013058276505e-49,0.0004528611213444994,1235,198,20,24,136,84,101,46,131,63,92,54,84,56,101,61,198,89,363,145,9,14,2937,552,30710,8033,1724,151
2021,18097381205,1400000US18097381205,0.002070393374741201,0.007231726116329379,0.000679081535936748,6.215666994550523e-54,0.0010371644177280702,0.0006901311249137336,0.002410575372109793,0.000226360511978916,2.0718889981835075e-54,0.0003457214725760234,0.0006901311249137336,0.0030926069256576078,0.00022880041875097918,5.863980369057538e-54,0.00034616067631270645,1408,269,50,56,111,89,297,134,143,75,291,200,68,62,34,30,152,99,262,129,0,17,6985,847,54722,14679,2612,206
2021,18097390102,1400000US18097390102,0.00655624568668047,0.04689473153851596,0.002163967261220098,6.782083908391527e-34,0.0033459357272095022,0.0008195307108350587,0.005861841442314495,0.0002704959076525122,8.477604885489409e-35,0.0004182419659011878,0.0010351966873706005,0.019662066824798888,0.00028958694517663427,6.032119763548499e-34,0.00046337767600091416,1613,590,0,17,85,89,97,77,190,141,117,94,524,589,29,40,211,143,311,147,49,57,6551,1086,38954,7186,2719,628
2021,18097390405,1400000US18097390405,0.004830917874396135,0.021773315390400533,0.001607197967764568,1.05820885832627e-49,0.002412482417634623,0.0006901311249137336,0.003110473627200076,0.00022959970968065258,1.5117269404661001e-50,0.00034464034537637475,0.0006901311249137336,0.00515656828784352,0.00023707979494774195,9.996585599584524e-50,0.00034486082841904474,1069,243,123,131,134,81,314,179,98,76,139,131,134,98,0,12,10,15,117,74,0,12,4223,513,86696,15623,1960,222
2021,18097390410,1400000US18097390410,0.002070393374741201,0.01956189418481745,0.0007273235794732669,6.1979035379765065e-46,0.0010241675415099557,0.0006901311249137336,0.00652063139493915,0.00024244119315775564,2.0659678459921687e-46,0.00034138918050331856,0.0006901311249137336,0.007202662948486965,0.00024518235732526756,5.854679258334439e-46,0.000343305115505556,200,54,0,12,29,34,34,49,43,65,20,24,25,40,0,12,0,12,49,42,0,12,1813,256,77284,15442,769,59
2021,18097390411,1400000US18097390411,0.004140786749482402,0.05485684841390144,0.0012725100132540891,4.2660006734582585e-40,0.0017250133705088602,0.0008281573498964804,0.010971369682780289,0.0002545020026508178,8.532001346916517e-41,0.00034500267410177203,0.0013802622498274672,0.019225881084475434,0.0002628579449090805,3.6097064044876257e-40,0.00047777881066400846,591,201,0,12,46,48,74,61,57,48,51,61,70,67,36,42,127,121,130,148,0,12,3990,686,56923,11912,1722,182
2021,18097390500,1400000US18097390500,0.017598343685300208,0.48535144873936126,0.0069953778990858705,8.095600472214113e-15,0.008387820398476128,0.000733264320220842,0.020222977030806718,0.00029147407912857794,3.373166863422547e-16,0.000349492516603172,0.0013802622498274672,0.04572827415048003,0.0003093027099192238,5.2319056439533175e-15,0.0005881601796853466,487,131,5,9,8,12,110,83,58,49,25,25,47,44,39,31,63,50,90,52,42,43,2549,474,38261,9034,1451,177
2021,18097390602,1400000US18097390602,0.004830917874396135,0.02229490396409698,0.0014301758572929967,4.02092322173236e-43,0.002044042382171563,0.0008051529790660225,0.0037158173273494966,0.00023836264288216611,6.701538702887267e-44,0.00034067373036192713,0.0013802622498274672,0.019536761691314377,0.00024073143320103046,3.7643716770321845e-43,0.0005169612888801413,1441,225,16,27,131,92,264,247,68,100,243,129,144,126,44,42,191,88,292,126,48,60,3159,340,51779,9865,1890,217
2021,18097390700,1400000US18097390700,0.006901311249137336,0.1669050084652432,0.0023676517594993676,7.444997678134035e-10,0.0034318473272184485,0.0006901311249137336,0.01669050084652432,0.00023676517594993675,7.444997678134035e-11,0.00034318473272184485,0.0006901311249137336,0.027611557897761017,0.00027453555482108096,6.580943032175823e-10,0.0003448139587883405,478,120,38,54,75,60,20,30,9,13,41,42,0,12,17,18,12,18,194,117,72,75,3409,787,53485,3906,1535,263
2021,18097390801,1400000US18097390801,0.002070393374741201,0.009322487530828994,0.0004296354209008682,7.061141891054663e-42,0.0009229502874516385,0.0006901311249137336,0.003107495843609665,0.00014321180696695606,2.3537139636848878e-42,0.00030765009581721286,0.0006901311249137336,0.0048627206031417285,0.0001468950044274211,6.32013408840928e-42,0.000317284654380849,0,12,0,12,0,12,0,12,0,12,0,12,0,12,0,12,0,12,0,12,0,12,0,12,-,**,0,12
2021,18097390802,1400000US18097390802,0.010351966873706004,0.01659387772458265,0.0024293932878557117,1.2431331928176917e-43,0.0044673788301598264,0.0007963051441312311,0.001276452132660204,0.00018687640675813167,9.562563021674551e-45,0.0003436445253969097,0.0013802622498274672,0.003524385546267253,0.0002216543360026423,8.687836823547864e-44,0.000469237155082034,532,131,15,22,45,42,78,72,116,82,0,12,113,71,21,33,72,65,66,41,6,10,4249,572,61765,14903,1562,133
2021,18097390900,1400000US18097390900,0.01621808143547274,0.36858064302497073,0.00729521010879796,0.008705743964535934,0.007216496889556973,0.0007051339754553366,0.01602524534891177,0.00031718304820860694,0.0003785106071537363,0.00031376073432856405,0.0010351966873706005,0.04447677126310195,0.0003420246492819387,0.006244726587611303,0.00045067590110066424,839,278,144,173,65,42,42,33,61,43,48,35,62,41,50,74,75,48,264,190,28,32,3293,499,78182,32029,1803,296
2021,18097391001,1400000US18097391001,0.02484472049689441,0.9304216644793853,0.009098543838121028,0.04751135593348735,0.01071780290835349,0.0008281573498964804,0.03101405548264618,0.0003032847946040343,0.0015837118644495783,0.00035726009694511635,0.002070393374741201,0.08222708672949552,0.00038728982676479467,0.013872808014155589,0.0006832468613369243,427,111,17,27,0,12,145,82,0,12,120,74,0,12,17,29,34,38,74,68,20,32,1246,330,63794,21320,566,113
2021,18097391002,1400000US18097391002,0.03243616287094548,1.393563651791804,0.011093040650915913,2.715251317998546,0.0148212432134722,0.0008535832334459337,0.036672727678731684,0.00029192212239252403,0.07145398205259332,0.00039003271614400527,0.004140786749482402,0.21153031157383487,0.00038852566134754565,1.0,0.0011668353978326802,2731,368,115,85,592,294,474,205,229,178,200,116,188,139,92,102,139,127,387,124,315,111,5471,797,80677,13916,3591,502
2022,18081610201,1400000US18081610201,0.0020869565217391307,0.0011199661129769145,0.000682726682512073,2.391065719270534e-58,0.0010408768948126023,0.0006956521739130435,0.0003733220376589715,0.0002275755608373577,7.970219064235113e-59,0.0003469589649375341,0.0006956521739130435,0.00047853317600072615,0.0002279035402349658,2.22449079721554e-58,0.00034801203911510203,,,,,,,,,,,,,,,,,,,,,,,,,,,,
2022,18081610300,1400000US18081610300,0.0020869565217391307,0.016594354179903785,0.00042599966076354434,9.666502514465115e-50,0.0008606649530345644,0.0010434782608695653,0.008297177089951892,0.00021299983038177217,4.833251257232557e-50,0.0004303324765172822,0.001391304347826087,0.012605125412241687,0.00021349016006030276,9.07439816874531e-50,0.0006042357036315207,,,,,,,,,,,,,,,,,,,,,,,,,,,,
2022,18097310104,1400000US18097310104,0.016,0.30066237027623977,0.004983711301539486,9.014119860203364e-50,0.007819838008653312,0.0007272727272727273,0.013666471376192717,0.00022653233188815847,4.097327209183347e-51,0.00035544718221151416,0.0010434782608695653,0.020879852349399413,0.00023518975976646427,8.351990056844136e-50,0.0006424276221154835,910,254,42,49,250,255,177,97,188,113,35,57,20,33,0,13,0,13,148,91,50,49,3207,532,66856,15257,2139,326
2022,18097310105,1400000US18097310105,0.022608695652173914,0.5199310157030045,0.006881184802013434,6.25649686306548e-46,0.010620115236826917,0.000729312762973352,0.016771968248484016,0.00022197370329075594,2.0182247945372515e-47,0.0003425843624782876,0.0010434782608695653,0.03248627878127742,0.0002323950026160947,5.798316311962864e-46,0.0006423319448060241,864,368,15,24,48,45,66,47,39,37,137,79,334,377,37,31,130,78,58,51,0,13,4086,648,57225,8255,1890,374
2022,18097310106,1400000US18097310106,0.009391304347826087,0.22299633899125593,0.0029910580710756857,2.300669914750774e-46,0.004465867586941839,0.0007224080267558529,0.017153564537788917,0.00023008139008274506,1.7697460882698262e-47,0.000343528275918603,0.0010434782608695653,0.035619739190947325,0.0002367033920470093,2.1334631471440375e-46,0.000466880982811949,1989,276,144,170,194,118,323,123,253,173,335,199,119,114,135,119,66,57,384,156,36,40,4324,539,54075,17208,2350,237
2022,18097310110,1400000US18097310110,0.001391304347826087,0.011462890684094278,0.0004871364897839029,5.467993360706464e-35,0.0006466117795386883,0.0006956521739130435,0.005731445342047139,0.00024356824489195144,2.733996680353232e-35,0.00032330588976934416,0.0006956521739130435,0.007538894435871834,0.0002477860946844111,3.0931179783069605e-35,0.00033016753421143726,668,144,11,18,14,24,90,59,141,87,100,71,83,67,28,32,33,34,143,90,25,38,2619,344,59494,4824,1404,110
2022,18097310111,1400000US18097310111,0.010434782608695653,0.09690696196786784,0.0032819071357456315,9.055011914825648e-29,0.005020028217568955,0.000802675585284281,0.007454381689835988,0.0002524543950573563,6.965393780635113e-30,0.0003861560167360735,0.0010434782608695653,0.016711264409548877,0.00026502178488436946,5.81390892548463e-29,0.0005387343373040257,1021,169,15,24,2,4,337,175,142,79,121,112,87,73,40,48,102,75,171,104,4,9,3743,513,53838,7949,1712,104
2022,18097310112,1400000US18097310112,0.004173913043478261,0.010257601887991286,0.0011738323627204848,4.264071528007953e-65,0.002088194622651876,0.0006956521739130435,0.0017096003146652144,0.0001956387271200808,7.106785880013255e-66,0.000348032437108646,0.0006956521739130435,0.0032581162445916917,0.00020124678458490099,3.961554141143808e-65,0.0003511502606661141,191,112,0,18,19,30,0,18,68,78,18,28,8,13,32,37,0,18,0,18,46,65,6636,1104,148508,20680,2535,349
2022,18097310201,1400000US18097310201,0.02365217391304348,0.3752953919699858,0.00727548019992502,1.5140519757675316e-39,0.011797565384817922,0.0006956521739130435,0.011038099763823112,0.0002139847117625006,4.453094046375093e-41,0.0003469872172005271,0.0006956521739130435,0.021708632114005626,0.0002396095583179822,1.3832388480844617e-39,0.00034851832407717463,492,128,0,13,79,74,75,66,15,17,96,71,39,41,7,13,63,67,118,117,0,13,4487,673,67250,9417,1697,137
2022,18097310203,1400000US18097310203,0.008347826086956523,0.2594231944570512,0.002747351075489719,1.4107768268250064e-34,0.004176015601679402,0.0006956521739130435,0.0216185995380876,0.00022894592295747657,1.1756473556875053e-35,0.0003480013001399502,0.0006956521739130435,0.02415721158210039,0.0002533812225199543,1.3075249215177243e-34,0.0003480121192908679,1045,237,53,82,18,28,33,54,156,117,73,92,216,133,60,64,149,166,265,195,22,34,4829,798,50475,14406,2361,222
2022,18097310204,1400000US18097310204,0.008347826086956523,0.13709055701794198,0.002716715102065305,9.68796532697836e-33,0.004176164406140779,0.0006956521739130435,0.0114242130848285,0.00022639292517210877,8.073304439148634e-34,0.0003480137005117316,0.0006956521739130435,0.01621917642431394,0.00023629703643189163,8.96864433405301e-33,0.0003480137117402426,613,176,0,18,52,42,91,82,13,20,17,20,39,36,16,25,60,104,312,127,13,21,5170,821,74659,14384,1816,140
2022,18097310305,1400000US18097310305,0.008347826086956523,0.037305618589452666,0.002352328491754523,3.106877461175277e-36,0.0037128600549830204,0.0008347826086956523,0.0037305618589452668,0.00023523284917545227,3.1068774611752774e-37,0.00037128600549830203,0.001391304347826087,0.0069800006051254125,0.00024539428091917623,1.714235426855427e-36,0.0005104804321693382,1671,238,27,44,90,83,181,172,381,254,242,189,159,129,134,134,163,145,161,140,133,145,6058,793,42246,3228,2733,242
2022,18097310306,1400000US18097310306,0.0271304347826087,0.5364879731324317,0.009229062538925862,5.121091381152793e-18,0.012854405045460463,0.0007536231884057972,0.014902443698123102,0.0002563628483034962,1.4225253836535535e-19,0.0003570668068183462,0.001391304347826087,0.08391612961786331,0.00032369353868427406,3.7226830171919046e-18,0.000652867019746722,2083,514,117,100,235,215,434,218,506,429,0,18,163,159,58,66,14,23,391,253,165,142,7961,1502,57556,13012,3087,454
2022,18097310308,1400000US18097310308,0.002782608695652174,0.10112105533871896,0.0010411472414433055,4.90581360844824e-30,0.0013915909361942036,0.0006956521739130435,0.02528026383467974,0.0002602868103608264,1.22645340211206e-30,0.0003478977340485509,0.0006956521739130435,0.025973798069649934,0.0002646681445256501,4.546874440714411e-30,0.0003479913419658602,161,91,0,13,0,13,19,32,58,52,0,13,36,55,0,13,31,35,17,30,0,13,3263,465,69358,8759,1203,87
2022,18097310309,1400000US18097310309,0.002782608695652174,0.08498635442195396,0.0008599873153858366,9.456629950504242e-43,0.0013905200169018516,0.0006956521739130435,0.02124658860548849,0.00021499682884645914,2.3641574876260606e-43,0.0003476300042254629,0.0006956521739130435,0.021708269038758284,0.0002169107236298214,8.78528582826807e-43,0.0003479705439196382,1023,187,46,73,54,62,203,132,53,48,230,138,103,116,35,41,99,100,200,111,0,13,3379,624,44773,8388,1778,153
2022,18097310312,1400000US18097310312,0.008347826086956523,0.3039236331729751,0.002993390007001,3.181442049509241e-23,0.00408384782358098,0.0006956521739130435,0.02532696943108126,0.0002494491672500833,2.6512017079243676e-24,0.00034032065196508166,0.0006956521739130435,0.029035974705757767,0.00028606937199998275,2.9485651205590376e-23,0.00034734963031198625,1837,273,0,18,116,142,133,133,350,220,63,59,247,226,68,87,396,242,464,210,0,18,6346,786,47481,7911,2986,281
2022,18097320105,1400000US18097320105,0.003130434782608696,0.07644609845390457,0.0007209422861660013,3.8052829706008265e-61,0.0013954404994423642,0.0010434782608695653,0.02548203281796819,0.0002403140953886671,1.2684276568669422e-61,0.0004651468331474547,0.001391304347826087,0.02749266285437657,0.00024148600691941826,3.158410025517489e-61,0.000664039882738513,902,151,0,13,183,115,136,96,105,126,140,127,46,48,64,65,16,31,187,139,25,43,4431,631,78688,18658,1967,113
2022,18097320106,1400000US18097320106,0.0006956521739130435,0.023303863725757164,0.0002425493677897875,3.170295373940026e-62,0.00030188008596967076,0.0006956521739130435,0.023303863725757164,0.0002425493677897875,3.170295373940026e-62,0.00030188008596967076,0.0006956521739130435,0.023303863725757164,0.0002425493677897875,3.170295373940026e-62,0.00030188008596967076,790,464,8,17,0,13,67,61,332,480,36,32,64,51,25,28,44,52,207,80,7,11,3612,1488,68697,4429,1427,461
2022,18097320107,1400000US18097320107,0.0006956521739130435,0.024420441136425525,0.00024711235111897137,3.566470283009693e-57,0.0002418113732831316,0.0006956521739130435,0.024420441136425525,0.00024711235111897137,3.566470283009693e-57,0.0002418113732831316,0.0006956521739130435,0.024420441136425525,0.00024711235111897137,3.566470283009693e-57,0.0002418113732831316,174,104,5,8,74,100,24,23,15,24,0,13,6,9,0,13,5,7,16,23,29,25,2109,517,120000,23109,908,121
2022,18097320108,1400000US18097320108,0.01773913043478261,0.2652806874224683,0.0056992615171746076,4.423989366226142e-53,0.008257864099207566,0.0007391304347826088,0.011053361975936178,0.00023746922988227532,1.843328902594226e-54,0.00034407767080031523,0.0010434782608695653,0.03079749478079332,0.0002479069399387709,2.9520969422075483e-53,0.0005495514784664392,2069,273,203,176,66,80,88,91,262,152,165,160,114,88,85,99,342,240,590,237,154,152,5054,733,33298,11496,2541,167
2022,18097320109,1400000US18097320109,0.0020869565217391307,0.07749308644216514,0.0007438128995490384,5.735773029053042e-61,0.0009568491410531786,0.0006956521739130435,0.025831028814055048,0.0002479376331830128,1.911924343017681e-61,0.0003189497136843929,0.0006956521739130435,0.02713527578590663,0.00025083457215770795,5.684852089767815e-61,0.0003307719914264403,117,48,10,15,0,13,0,13,34,32,46,29,0,13,4,8,0,13,0,13,23,24,2691,424,69583,35314,1372,318
2022,18097320202,1400000US18097320202,0.01947826086956522,0.6367695984992889,0.0068238312077513645,1.3870011917837247e-43,0.00919733585069367,0.0006956521739130435,0.022741771374974604,0.00024370825741969158,4.953575684941874e-45,0.00032847628038191676,0.0006956521739130435,0.04947977368309582,0.0002707607306318952,1.3104913989759184e-43,0.00040526378741741155,936,244,49,60,142,89,107,87,65,85,122,97,67,63,180,149,21,33,167,81,16,26,5238,641,101188,29590,2915,347
2022,18097320205,1400000US18097320205,0.004173913043478261,0.16959123778403074,0.0010724583792454316,8.681663279821174e-49,0.0021409086485415785,0.0010434782608695653,0.042397809446007684,0.0002681145948113579,2.1704158199552934e-49,0.0005352271621353946,0.001391304347826087,0.0655358082962694,0.0002709143371553315,7.329114872654401e-49,0.0006857296030070631,1260,136,31,35,75,62,136,93,462,114,82,60,178,107,26,30,38,34,150,86,82,69,1996,261,49762,3566,1583,186
2022,18097320206,1400000US18097320206,0.004869565217391305,0.1546281806904481,0.001515963102636827,4.1845116516811405e-50,0.0023490059294721194,0.0008115942028985508,0.025771363448408014,0.00025266051710613784,6.974186086135235e-51,0.00039150098824535326,0.0010434782608695653,0.03623345738404284,0.0002628344671456233,3.9691571478962746e-50,0.0005376150724480147,995,346,0,13,78,76,120,112,80,71,237,297,96,73,69,63,62,60,253,178,0,13,3067,547,39220,4110,1771,324
2022,18097320301,1400000US18097320301,0.001391304347826087,0.0715916613718193,0.0005325319294939249,1.9921933617667296e-44,0.000646312688305746,0.0006956521739130435,0.03579583068590965,0.00026626596474696245,9.960966808833648e-45,0.000323156344152873,0.0006956521739130435,0.04954948413058606,0.00027103181216183467,1.992193146459152e-44,0.00034013632760039706,290,89,25,27,41,34,75,54,26,23,7,13,44,61,24,24,0,13,48,37,0,13,3657,551,89167,32893,1925,197
2022,18097320305,1400000US18097320305,0.009043478260869566,0.08029058122295846,0.003322672512302696,5.2722283414542445e-43,0.004108050205727377,0.0006956521739130435,0.006176198555612189,0.00025559019325405353,4.055560262657111e-44,0.00031600386197902904,0.0006956521739130435,0.023562615352031708,0.0002610013405712477,4.89320083277598e-43,0.0003471324697671954,58,43,0,13,0,13,26,29,0,13,0,13,32,33,0,13,0,13,0,13,0,13,2845,354,124050,29484,1060,123
2022,18097320306,1400000US18097320306,0.00973913043478261,0.18192720341290733,0.0035859618418832076,3.1930159846984338e-40,0.004537875445931102,0.0006956521739130435,0.012994800243779095,0.00025614013156308624,2.2807257033560241e-41,0.00032413396042365016,0.0006956521739130435,0.02474043145441893,0.000266731653081249,2.9631410177460927e-40,0.00034686137518047193,1315,182,16,26,190,124,155,108,179,124,315,193,15,26,23,27,41,46,326,152,55,88,4057,394,79097,31073,2349,246
2022,18097320400,1400000US18097320400,0.004173913043478261,0.02153822879791837,0.0015362991911229446,8.548404946966202e-37,0.0020692594723116025,0.0006956521739130435,0.0035897047996530616,0.00025604986518715743,1.4247341578277003e-37,0.0003448765787186004,0.0006956521739130435,0.0039231490726453055,0.0002601874145446852,7.92219828621297e-37,0.0003468308062438846,772,228,50,53,56,42,126,68,77,56,147,108,28,29,63,49,0,13,225,175,0,13,3343,504,72000,16064,1551,217
2022,18097320500,1400000US18097320500,0.0076521739130434785,0.37153550573356325,0.0029688404923655185,3.1741446943259216e-32,0.003491890524124244,0.0006956521739130435,0.03377595506668757,0.00026989459021504715,2.8855860857508377e-33,0.000317444593102204,0.0006956521739130435,0.05116444283077668,0.0002784543474442666,2.9422961925234316e-32,0.0003426191181357119,681,146,0,13,0,13,53,40,115,61,48,36,199,130,44,32,84,57,130,58,8,12,3036,479,66477,34870,1514,207
2022,18097320600,1400000US18097320600,0.0076521739130434785,0.23504317569816344,0.002947704094537452,6.897543672272464e-31,0.0034339191697541154,0.0006956521739130435,0.021367561427105768,0.0002679730995034047,6.270494247520421e-32,0.00031217446997764683,0.0006956521739130435,0.025849263259810594,0.0002797130814107982,6.521453996477049e-31,0.00034117096648850047,284,84,14,21,17,23,30,36,23,19,87,61,16,19,0,13,31,45,48,39,18,22,2307,495,64063,15643,1146,89
2022,18097320700,1400000US18097320700,0.0017391304347826088,0.012911439895918428,0.0006555462405444883,6.00225422216295e-36,0.0010033987901485544,0.0004347826086956522,0.003227859973979607,0.00016388656013612208,1.5005635555407375e-36,0.0002508496975371386,0.0006956521739130435,0.012911439895918428,0.000268865168331517,6.00225422216295e-36,0.0003352792672579211,478,131,46,52,51,42,57,55,70,44,88,52,47,27,33,54,30,36,56,38,0,13,2151,321,114063,16423,1305,112
2022,18097320800,1400000US18097320800,0.009043478260869566,0.13462454993797465,0.0030050996674899472,9.940064365863924e-57,0.004560817017182693,0.0006956521739130435,0.010355734610613435,0.0002311615128838421,7.646203358356864e-58,0.00035083207824482255,0.0006956521739130435,0.027882242594777767,0.000254134666956926,8.406623442144526e-57,0.000405417927636788,47,30,8,13,0,13,0,13,8,11,8,11,0,13,0,13,0,13,9,9,14,18,2947,249,178750,21067,1294,101
2022,18097320901,1400000US18097320901,0.011130434782608696,0.14178451484070073,0.0038616967589449615,2.863011851126099e-34,0.00552732766957694,0.0006956521739130435,0.008861532177543796,0.0002413560474340601,1.789382406953812e-35,0.00034545797934855876,0.0006956521739130435,0.01147003116395873,0.0002507167319813015,1.5138322885548058e-34,0.00034791614386038805,809,178,45,37,66,80,52,60,37,44,80,100,221,162,56,54,46,51,206,210,0,18,6143,912,82350,8336,2674,282
2022,18097320902,1400000US18097320902,0.008347826086956523,0.0843087349853257,0.0028102746418186297,9.45765053855957e-45,0.004157549262974579,0.0006956521739130435,0.007025727915443809,0.00023418955348488582,7.881375448799641e-46,0.0003464624385812149,0.0006956521739130435,0.008408338628180691,0.00023766942693136028,8.892917009711946e-45,0.0003479765104849661,1006,169,90,80,49,45,58,67,82,68,65,48,159,104,12,20,170,106,309,129,12,23,3850,613,46882,9133,1951,135
2022,18097320903,1400000US18097320903,0.0020869565217391307,0.03816634897582524,0.0006968134269113178,2.7677585745499775e-37,0.001043837666613966,0.0006956521739130435,0.012722116325275082,0.00023227114230377262,9.225861915166591e-38,0.000347945888871322,0.0006956521739130435,0.014915494236180448,0.00023833436708436696,2.5793201605564505e-37,0.00034801364042916395,1423,323,44,66,183,119,33,38,161,125,92,91,114,131,128,119,131,110,474,308,63,67,5514,1122,39828,8835,2377,331
2022,18097321001,1400000US18097321001,0.006956521739130435,0.14458818190069891,0.0023832106465133127,4.592137455050329e-27,0.0034801202806134224,0.0006956521739130435,0.014458818190069892,0.00023832106465133127,4.592137455050329e-28,0.00034801202806134223,0.0006956521739130435,0.01816840640222686,0.000246772780793939,4.251096819953198e-27,0.0003480137117402426,301,196,0,13,123,150,28,39,0,13,16,24,0,13,39,61,44,69,28,40,23,24,2946,500,72179,13430,1093,183
2022,18097321002,1400000US18097321002,0.004173913043478261,0.11889153126985569,0.0016592875491009801,3.978293314542041e-16,0.0019894423571246056,0.0006956521739130435,0.019815255211642614,0.00027654792485016334,6.630488857570068e-17,0.0003315737261874343,0.0006956521739130435,0.028704850080179117,0.00031751059505025984,3.625295405712172e-16,0.0003479199926058619,382,155,20,30,2,5,39,44,36,39,17,13,58,73,12,19,96,105,66,80,36,38,5292,1273,90645,16533,2025,281
2022,18097321100,1400000US18097321100,0.00973913043478261,0.1998613052555142,0.0035051461689809917,1.59677540808974e-22,0.004702189831477273,0.0006956521739130435,0.014275807518251015,0.0002503675834986423,1.1405538629212428e-23,0.00033587070224837663,0.0006956521739130435,0.019959819672627152,0.0002577837332383442,1.4785062084223749e-22,0.0003480122874204724,362,106,3,4,30,29,19,19,23,21,72,42,70,84,2,4,7,7,77,63,59,59,3718,531,85537,8213,1706,180
2022,18097321200,1400000US18097321200,0.011130434782608696,0.14309025445523585,0.003118301400065071,1.7195836849434825e-29,0.0053564661302268725,0.0006956521739130435,0.00894314090345224,0.00019489383750406693,1.0747398030896765e-30,0.00033477913313917953,0.0010434782608695653,0.016428912892196907,0.00026643368222313644,1.4782509535837045e-29,0.00047211504155196863,448,133,51,50,19,31,60,51,134,71,35,45,45,46,12,20,35,44,57,69,0,18,5188,895,125875,26473,2153,229
2022,18097321300,1400000US18097321300,0.002782608695652174,0.049511603279779735,0.0010395762527922083,2.605693520065448e-34,0.0012663994057960529,0.0006956521739130435,0.012377900819944934,0.0002598940631980521,6.51423380016362e-35,0.0003165998514490132,0.0006956521739130435,0.013068409427853922,0.0002632528017248216,2.4573302046236246e-34,0.00033584549901389757,572,120,9,13,146,98,109,73,46,40,46,38,58,39,9,13,39,34,110,80,0,13,2663,343,103125,18295,1395,132
2022,18097321400,1400000US18097321400,0.010434782608695653,0.4163117606123869,0.0035833689097075974,1.5159749776212703e-29,0.005583299343559696,0.000802675585284281,0.032023981585568226,0.0002756437622851998,1.166134598170208e-30,0.0004294845648892074,0.0010434782608695653,0.057776285135094245,0.0002921456390642942,1.2038223136768232e-29,0.0005578153433009678,1181,303,0,13,192,146,155,152,91,77,243,197,33,38,91,74,55,60,170,141,151,137,4954,530,73209,12060,2583,296
2022,18097321600,1400000US18097321600,0.005565217391304348,0.06978403074037094,0.0023846232322626637,2.999400699658975e-23,0.0025535708765828335,0.0006956521739130435,0.008723003842546368,0.00029807790403283297,3.7492508745737185e-24,0.0003191963595728542,0.0006956521739130435,0.050562222020513754,0.0003024498226620806,2.8803779088802286e-23,0.0003386673126011963,986,278,4,12,15,28,45,40,180,131,87,91,69,67,215,216,105,131,178,124,88,98,5629,949,58556,10325,2617,345
2022,18097321700,1400000US18097321700,0.00973913043478261,0.4390744001694351,0.0035901152779966206,5.117794526915349e-19,0.004797343126417884,0.0008115942028985508,0.03658953334745293,0.00029917627316638503,4.264828772429457e-20,0.000399778593868157,0.001391304347826087,0.06948630903754803,0.00030431360969295125,4.919016548299169e-19,0.0006040348881345313,641,209,23,38,0,13,49,35,58,65,0,13,64,60,93,115,180,106,156,125,18,27,4283,493,73977,32359,2132,223
2022,18097321800,1400000US18097321800,0.00591304347826087,0.09541012374814681,0.0016354515876516563,3.3897185770235143e-16,0.003081939370889834,0.0007391304347826087,0.011926265468518351,0.00020443144845645704,4.237148221279393e-17,0.00038524242136122927,0.0010434782608695653,0.023771746694502435,0.00030132890817867854,3.2629817576570175e-16,0.0004720511903145968,252,76,9,16,54,49,22,22,22,20,15,16,33,38,0,13,18,21,68,60,11,17,3261,609,143534,18202,1527,127
2022,18097321900,1400000US18097321900,0.010434782608695653,0.1749870200599074,0.0036679773932281816,6.0559459777939005e-21,0.0050340451218772375,0.0007453416149068323,0.012499072861421958,0.0002619983852305844,4.325675698424215e-22,0.0003595746515626598,0.001391304347826087,0.023767268766451848,0.00027310791777707436,3.479659944655502e-21,0.0006054151668160669,241,85,0,18,11,17,13,19,16,30,22,25,19,23,0,18,0,18,150,58,10,15,5275,642,130357,35201,1260,135
2022,18097322000,1400000US18097322000,0.00973913043478261,0.27574270067471485,0.003983922632238076,4.619210919449243e-11,0.004745433950028127,0.0006956521739130435,0.01969590719105106,0.0002845659023027197,3.2994363710351737e-12,0.0003389595678591519,0.0006956521739130435,0.028028198844210463,0.00030961083720975734,4.170169732379843e-11,0.000347530213277141,751,294,22,24,51,48,111,83,212,252,22,32,99,66,0,13,50,37,151,71,33,31,3362,613,56320,4181,1882,270
2022,18097322100,1400000US18097322100,0.005565217391304348,0.21211118170907586,0.0021335976698523182,6.238917518550044e-08,0.0023727067198791303,0.0007950310559006211,0.030301597387010836,0.00030479966712175976,8.912739312214349e-09,0.00033895810283987576,0.001391304347826087,0.04993490867648986,0.0003206927846660343,4.5333330732201325e-08,0.0006073792078118218,180,75,7,12,22,25,56,54,8,13,20,22,10,21,0,13,25,24,28,34,4,7,3082,632,103450,25489,1092,76
2022,18097322200,1400000US18097322200,0.0076521739130434785,0.1163680372757254,0.0018125661230313653,7.738222030676967e-11,0.0036605021512422595,0.0007652173913043479,0.01163680372757254,0.00018125661230313653,7.738222030676967e-12,0.000366050215124226,0.0010434782608695653,0.027892045626456082,0.00030492374967220194,7.168055573495332e-11,0.0004511859261730266,227,69,0,13,4,6,69,39,16,16,54,43,28,27,0,13,23,25,24,16,9,12,2196,283,99583,25968,898,102
2022,18097322300,1400000US18097322300,0.006956521739130435,0.1531419926779825,0.002402955664328071,4.5001301589018534e-13,0.003143413274685579,0.0006956521739130435,0.015314199267798251,0.0002402955664328071,4.5001301589018535e-14,0.0003143413274685579,0.0006956521739130435,0.024819581858340142,0.00030249287946670304,2.1644658268943495e-13,0.0003664910305162175,341,173,7,11,17,19,63,38,135,140,22,20,0,13,0,13,7,12,31,31,59,75,2327,354,101969,32841,1104,176
2022,18097322400,1400000US18097322400,0.00973913043478261,0.26895730840216636,0.004192343991358336,3.3948408215310877e-16,0.004351795826045918,0.0006956521739130435,0.019211236314440456,0.00029945314223988115,2.424886301093634e-17,0.00031084255900327984,0.0006956521739130435,0.050539227254848565,0.0003043859630869321,3.2629817576570175e-16,0.0003425901125779964,662,227,0,13,99,70,42,33,99,69,61,45,23,25,44,38,157,195,110,72,27,34,2734,307,55915,12213,1785,244
2022,18097322500,1400000US18097322500,0.005565217391304348,0.09222873740582738,0.0023030755244342724,1.4825337293325036e-09,0.0027366226899686497,0.0006956521739130435,0.011528592175728422,0.00028788444055428405,1.8531671616656295e-10,0.0003420778362460812,0.0006956521739130435,0.03867259689570664,0.0003046324777098393,1.146247439225432e-09,0.00036608939909753545,599,105,0,13,104,99,55,37,28,24,71,59,14,15,88,88,22,20,196,81,21,35,1626,327,43063,12418,954,85
2022,18097322601,1400000US18097322601,0.014260869565217393,0.4928351940939759,0.004738995514539283,4.090958560734876e-11,0.006669454909723189,0.0007130434782608696,0.024641759704698795,0.00023694977572696413,2.045479280367438e-12,0.0003334727454861595,0.0010434782608695653,0.05088777949229978,0.000305921509252394,2.8963139777928035e-11,0.0004734393000940825,814,134,11,18,11,19,77,73,50,57,98,85,72,70,38,47,68,66,174,107,215,132,2075,450,-,**,1339,96
2022,18097322602,1400000US18097322602,0.004869565217391305,0.23641923088560102,0.0019110729733879297,3.721269749015265e-19,0.002359449036385615,0.0006956521739130435,0.03377417584080015,0.00027301042476970424,5.316099641450379e-20,0.00033706414805508787,0.0006956521739130435,0.05074012889171281,0.0003049361802331913,3.6938577137231905e-19,0.00034216569013614904,566,158,77,94,47,43,108,71,103,82,49,36,57,65,22,30,66,55,37,37,0,13,1789,440,61130,13948,864,159
2022,18097322700,1400000US18097322700,0.01182608695652174,0.3881196938065414,0.003587313718099468,5.395319818870715e-16,0.005897551133289796,0.0006956521739130435,0.022830570223914198,0.00021101845400585105,3.173717540512185e-17,0.0003469147725464586,0.0006956521739130435,0.030853166318719556,0.000240601607028736,4.175741958302916e-16,0.00034890495933378893,184,199,113,193,0,13,0,13,0,13,22,26,16,24,0,13,9,14,24,39,0,13,1845,376,58103,25039,1114,193
2022,18097330105,1400000US18097330105,0.014260869565217393,0.2947870866237028,0.0044584720056785095,1.984353735160501e-48,0.006819421694862054,0.0007922705314009663,0.01637706036798349,0.00024769288920436166,1.1024187417558339e-49,0.00037885676082566967,0.0020869565217391307,0.04782838643308826,0.0002605658449395068,1.6836754916420704e-48,0.00084914230038891,1647,460,0,13,171,128,130,94,637,416,121,83,0,13,78,108,27,49,418,270,65,74,4619,973,63481,3442,2795,445
2022,18097330106,1400000US18097330106,0.014260869565217393,0.279184775044628,0.004112637678746853,8.099478295074247e-52,0.006173976324411564,0.0008388746803069054,0.016422633826154588,0.0002419198634556972,4.764398997102498e-53,0.0003631750779065626,0.0010434782608695653,0.03927505975613446,0.00024821077470140975,6.81139838706473e-52,0.00046908748062075975,1828,299,0,13,33,39,454,237,225,143,228,150,210,162,185,124,131,91,362,185,0,13,4909,1132,47776,4758,2704,270
2022,18097330211,1400000US18097330211,0.002782608695652174,0.002096154428005204,0.0003939450891770321,2.3983398717220046e-40,0.0014196574170357169,0.0006956521739130435,0.000524038607001301,9.848627229425803e-05,5.995849679305012e-41,0.0003549143542589292,0.0006956521739130435,0.0013691567577380412,9.977619651332318e-05,1.413573091157026e-40,0.0003616368303877961,1168,224,0,18,31,48,192,162,95,79,29,43,68,58,202,191,80,85,383,225,88,82,5397,750,41441,6218,2123,120
2022,18097330401,1400000US18097330401,0.0034782608695652175,0.1274424374451605,0.0012436577595466996,2.1578038212270724e-43,0.0012393065734897732,0.0006956521739130435,0.025488487489032104,0.0002487315519093399,4.315607642454145e-44,0.00024786131469795464,0.0006956521739130435,0.03938361925509062,0.00024988134418070106,2.1103495459983533e-43,0.0002755092873333855,592,200,0,18,0,18,246,208,0,18,26,43,108,152,0,18,106,120,106,110,0,18,5754,810,103864,21756,2278,210
2022,18097330500,1400000US18097330500,0.00591304347826087,0.1825548394904844,0.0020107624201439285,2.6787980797296103e-36,0.0027322649008314458,0.0007391304347826087,0.02281935493631055,0.00025134530251799106,3.348497599662013e-37,0.0003415331126039307,0.0010434782608695653,0.04365084263713655,0.0002532330953201941,1.3665122647723453e-36,0.00043168616207106905,512,176,0,18,0,18,17,44,44,50,68,79,57,72,43,48,109,99,123,109,51,85,6161,1255,58359,15007,2756,357
2022,18097330600,1400000US18097330600,0.0010434782608695653,0.020166772563613808,0.00024940810672387416,1.8424338500575817e-44,0.0004187858005931661,0.0010434782608695653,0.020166772563613808,0.00024940810672387416,1.8424338500575817e-44,0.0004187858005931661,0.0010434782608695653,0.020166772563613808,0.00024940810672387416,1.8424338500575817e-44,0.0004187858005931661,1445,552,0,18,134,123,106,75,108,115,97,80,65,72,246,202,118,89,546,497,25,40,6381,1134,45780,12229,2623,558
2022,18097330803,1400000US18097330803,0.012869565217391306,0.16189367946506913,0.0036234405200795327,4.723485722460952e-28,0.006344797339409319,0.0007149758454106281,0.008994093303614953,0.0002013022511155296,2.624158734700529e-29,0.0003524887410782955,0.0010434782608695653,0.027228102024144503,0.0002799264048809384,3.6750327559689583e-28,0.00047425238395620796,1166,403,0,13,228,251,186,219,112,98,65,71,21,36,52,59,83,97,310,155,109,99,3681,878,32846,16150,2158,372
2022,18097330804,1400000US18097330804,0.0034782608695652175,0.010218147711113127,0.0005023151525097208,3.6900507639490967e-36,0.0017398777663475131,0.0006956521739130435,0.0020436295422226252,0.00010046303050194417,7.380101527898193e-37,0.00034797555326950263,0.0006956521739130435,0.0033951166379232096,0.00010248384695888538,3.259085980651023e-36,0.0003491655437421884,861,193,62,48,115,100,77,60,68,53,69,65,0,13,25,28,96,100,229,127,120,103,3031,915,44340,17400,1551,204
2022,18097330805,1400000US18097330805,0.009391304347826087,0.17575226165622826,0.001927936542544133,5.634706374352504e-27,0.004504074296405162,0.0007224080267558529,0.01351940474278679,0.0001483028109649333,4.334389518732696e-28,0.00034646725356962785,0.0010434782608695653,0.019570239932225952,0.00023722908126894626,4.3630063497833314e-27,0.0004732805036231851,723,152,35,55,45,44,45,46,101,78,89,80,21,25,31,44,148,119,163,88,45,50,2195,511,29750,14561,1352,118
2022,18097330806,1400000US18097330806,0.006956521739130435,0.10080542192369368,0.0016407654143568329,1.2752225171799334e-31,0.0033165194935008617,0.0006956521739130435,0.010080542192369368,0.0001640765414356833,1.2752225171799333e-32,0.00033165194935008615,0.0006956521739130435,0.01751559710750053,0.0002602649906655982,1.1263483618467793e-31,0.0003456916641961498,924,263,0,18,52,57,16,27,0,18,202,105,120,98,120,180,70,79,232,134,112,104,5049,1344,33138,4952,1770,279
2022,18097330900,1400000US18097330900,0.00973913043478261,0.2789308644216514,0.0027939390897572434,2.1559072898773762e-24,0.004783393400132569,0.0007491638795986623,0.02145622034012703,0.00021491839151978795,1.6583902229825972e-25,0.00036795333847173606,0.0010434782608695653,0.035305437051828994,0.00025979117906646233,1.6733350561785477e-24,0.000539187952080251,2077,500,24,43,101,131,350,289,311,346,174,124,199,147,85,97,110,120,640,265,83,113,6368,989,34154,9770,3096,429
2022,18097331000,1400000US18097331000,0.018086956521739132,0.6389839944328461,0.005612335967923745,1.623371301823706e-20,0.008896135890877583,0.0007234782608695653,0.025559359777313845,0.0002244934387169498,6.493485207294824e-22,0.00035584543563510333,0.0010434782608695653,0.05330089861123717,0.0002583532908583504,1.2568504447987862e-20,0.0005106431924951396,823,264,0,13,0,13,43,46,75,59,16,27,99,78,73,65,60,62,419,241,38,53,4142,1064,44107,8945,1866,241
2022,18097340101,1400000US18097340101,0.009043478260869566,0.055338718949502284,0.0023417292236955433,3.378400766665122e-30,0.003849335523943993,0.0007536231884057972,0.004611559912458524,0.0001951441019746286,2.815333972220935e-31,0.0003207779603286661,0.0010434782608695653,0.00964073704275211,0.00019666519748931887,3.134415669224449e-30,0.00048314168366058607,306,132,10,15,67,70,20,22,66,81,47,41,9,14,13,21,0,13,57,55,17,18,4986,730,58810,14612,2043,307
2022,18097340102,1400000US18097340102,0.008347826086956523,0.04702465886054885,0.002323579702754645,1.7731456298219848e-26,0.004473803350721041,0.0006956521739130435,0.003918721571712404,0.0001936316418962204,1.4776213581849874e-27,0.00037281694589342006,0.0006956521739130435,0.0116141720371547,0.0002040214350453906,8.397261935140809e-27,0.0004222755688642501,1501,198,168,123,80,65,149,79,98,81,126,80,143,83,97,72,192,130,438,128,10,16,3550,517,32948,4716,2202,190
2022,18097340108,1400000US18097340108,0.0076521739130434785,0.08204774439502587,0.002748690988048571,5.117426813586637e-32,0.0037763085654930577,0.0006956521739130435,0.007458885854093261,0.00024988099891350645,4.6522061941696706e-33,0.00034330077868118707,0.0006956521739130435,0.011898702005990741,0.00027111785483520894,4.7112120107063334e-32,0.00034668451832760294,1116,170,30,41,129,146,98,63,244,108,147,75,66,52,54,61,50,46,235,108,63,59,3082,570,43115,4380,1459,171
2022,18097340115,1400000US18097340115,0.009043478260869566,0.09757695682430184,0.003381636578997758,2.2730469515024078e-28,0.004142439061526265,0.0006956521739130435,0.007505919755715526,0.0002601258906921352,1.748497655001852e-29,0.0003186491585789435,0.0006956521739130435,0.011511058666908717,0.0002691612036768004,2.2569097872291685e-28,0.0003440092388403574,2284,267,47,42,168,147,292,114,414,172,417,195,217,128,169,130,268,226,208,116,84,86,5419,771,49767,6248,3163,274
2022,18097340201,1400000US18097340201,0.015304347826086957,0.2299286557138967,0.00562075798764118,3.082735963977512e-24,0.007590854414903025,0.0006956521739130435,0.01045130253244985,0.00025548899943823546,1.401243619989778e-25,0.0003450388370410466,0.0006956521739130435,0.025042146984962634,0.0002854494281441916,2.790512388618273e-24,0.0003478851209228565,409,122,30,55,35,35,49,63,113,91,0,13,0,13,15,37,37,55,122,83,8,14,3499,570,64603,11050,1242,162
2022,18097340202,1400000US18097340202,0.021565217391304348,0.818490212096457,0.007412687859297286,2.3762200097635742e-26,0.00985159723671563,0.0007701863354037267,0.029231793289159178,0.00026473885211776024,8.486500034869909e-28,0.00035184275845412963,0.001391304347826087,0.08161144897279961,0.0002835790116952204,2.134132310123113e-26,0.0005996217356740991,1239,197,12,20,92,81,83,52,159,78,267,156,116,103,149,109,108,88,179,128,74,79,4899,572,44476,6280,2074,165
2022,18097340301,1400000US18097340301,0.00973913043478261,0.11222062872530332,0.003736220598232013,3.812151183378202e-20,0.004754494984927621,0.0006956521739130435,0.008015759194664523,0.00026687289987371523,2.7229651309844298e-21,0.00033960678463768724,0.0006956521739130435,0.012953919699857796,0.00031047452735489097,3.4507988271721596e-20,0.0003480098231403286,581,365,22,39,0,13,86,89,0,13,132,133,14,23,63,70,0,13,248,315,16,25,4259,1183,46875,43125,1217,311
2022,18097340302,1400000US18097340302,0.009043478260869566,0.17476106623097637,0.0036185658794334412,2.1285641211772136e-25,0.004501232923808644,0.0006956521739130435,0.013443158940844337,0.0002783512214948801,1.6373570162901644e-26,0.0003462486864468188,0.0006956521739130435,0.017891379988502615,0.00030650581658406566,2.0083302051797561e-25,0.00035002960736075947,1086,199,114,118,68,82,70,93,227,126,54,60,0,18,128,146,55,68,266,145,104,99,5263,1049,49103,9967,1793,289
2022,18097340400,1400000US18097340400,0.010434782608695653,0.34389979123173275,0.0039027655211252865,9.053859365209454e-18,0.004831856823947002,0.0007453416149068323,0.024564270802266624,0.0002787689657946633,6.467042403721039e-19,0.0003451326302819287,0.001391304347826087,0.06890369429064173,0.00033012498969398003,7.836556891755771e-18,0.0004980094318350231,589,163,62,67,15,23,31,45,60,69,83,96,0,13,33,53,101,98,179,141,25,39,4071,741,45320,8098,1484,176
2022,18097340500,1400000US18097340500,0.006260869565217392,0.20347281474085505,0.002686684627040586,1.5938327828428863e-11,0.002803291327213793,0.0006956521739130435,0.022608090526761673,0.00029852051411562066,1.7709253142698736e-12,0.00031147681413486584,0.0006956521739130435,0.06914913315784696,0.00033262002226928824,1.5056558792661203e-11,0.0003477268852527556,1670,379,0,18,75,73,155,94,174,145,277,147,91,86,6,12,268,121,614,371,10,20,5935,890,38677,6848,2294,352
2022,18097340600,1400000US18097340600,0.01947826086956522,0.5656605851562736,0.0071511432480628,3.839731718389363e-09,0.008763091836216468,0.0007791304347826087,0.022626423406250942,0.000286045729922512,1.5358926873557452e-10,0.00035052367344865876,0.001391304347826087,0.09401167892045627,0.00035202353705693324,1.9144648287011583e-09,0.0005337084733118217,821,201,23,34,5,13,143,74,113,83,23,38,124,136,54,42,53,48,130,83,153,96,5869,819,49977,13567,2035,192
2022,18097340700,1400000US18097340700,0.01356521739130435,0.44678430304680644,0.005516812618488422,7.454941299814455e-16,0.005912857567402644,0.0007536231884057972,0.024821350169267023,0.00030648958991602343,4.1416340554524747e-17,0.0003284920870779246,0.001391304347826087,0.10092015370185471,0.0003407202217404523,3.4122855566417916e-16,0.0003709895586405415,931,235,78,81,43,45,116,85,88,88,94,123,112,103,154,132,12,20,234,154,0,13,4659,827,43316,8280,1592,204
2022,18097340800,1400000US18097340800,0.0006956521739130435,0.003425857008865087,0.00028032410446350255,1.1061543358749087e-28,0.0003463548906435456,0.0006956521739130435,0.003425857008865087,0.00028032410446350255,1.1061543358749087e-28,0.0003463548906435456,0.0006956521739130435,0.003425857008865087,0.00028032410446350255,1.1061543358749087e-28,0.0003463548906435456,165,73,37,34,0,13,10,12,28,19,0,13,0,13,23,31,0,13,28,24,39,39,1791,274,68750,7856,848,115
2022,18097340901,1400000US18097340901,0.002782608695652174,0.020143656772866177,0.0008148264801637562,2.6120632606628788e-22,0.001381581451051031,0.0006956521739130435,0.005035914193216544,0.00020370662004093906,6.530158151657197e-23,0.00034539536276275774,0.0006956521739130435,0.006009984569301988,0.00020767550617270043,2.4118358837889346e-22,0.00034819204493897733,97,64,0,13,0,13,17,25,13,21,3,7,0,13,6,9,37,39,0,13,21,33,4190,567,90288,16571,1312,123
2022,18097340903,1400000US18097340903,0.001391304347826087,0.013990257480862908,0.00042380874146672576,4.400879574794585e-20,0.0006634471785548185,0.0006956521739130435,0.006995128740431454,0.00021190437073336288,2.2004397873972926e-20,0.0003317235892774092,0.0006956521739130435,0.007323590814196242,0.00021333976870884308,4.087474796148308e-20,0.00033686951777087414,962,238,68,68,24,36,167,122,140,90,74,81,49,57,58,77,83,103,204,174,95,130,1689,365,47275,20091,1161,252
2022,18097340904,1400000US18097340904,0.013217391304347827,0.4911945780763063,0.004680180901214996,8.351092840326924e-18,0.006283718920157494,0.0006956521739130435,0.025852346214542438,0.0002463253105902629,4.395312021224696e-19,0.0003307220484293418,0.0006956521739130435,0.08213209887749236,0.0002907988676564796,6.9272975540765134e-18,0.00034768431357426677,1548,253,44,49,184,126,110,90,258,175,303,254,308,165,143,122,31,41,81,75,86,113,4652,666,51261,5672,2586,298
2022,18097341000,1400000US18097341000,0.01565217391304348,0.665502768448761,0.005866514223839207,9.027719664177778e-13,0.00786906227110349,0.0007114624505928854,0.030250125838580045,0.0002666597374472367,4.103508938262626e-14,0.0003576846486865223,0.0010434782608695653,0.085958427884179,0.00032248805313300294,7.399973105498327e-13,0.00047329874198856806,155,66,0,13,20,18,9,10,0,13,25,31,13,13,0,13,28,30,47,40,13,17,1773,245,76181,24129,834,100
2022,18097341100,1400000US18097341100,0.006260869565217392,0.2814354785029197,0.0022412119086732763,1.1849089777069155e-09,0.0028487989983907386,0.000782608695652174,0.035179434812864965,0.00028015148858415953,1.4811362221336444e-10,0.0003560998747988423,0.0010434782608695653,0.0960002420501649,0.00033382942089081266,9.898989645814525e-10,0.00037315099287293647,427,134,0,13,16,18,58,62,48,59,53,45,0,13,85,92,11,16,95,47,61,48,2027,428,42578,6221,982,97
2022,18097341200,1400000US18097341200,0.006260869565217392,0.3421290732504312,0.002596030164663691,1.6311054922171108e-06,0.002875913965636015,0.0006956521739130435,0.03801434147227013,0.00028844779607374344,1.8123394357967899e-07,0.00031954599618177945,0.0006956521739130435,0.09746839732534568,0.0003492012875822466,1.3242069623163253e-06,0.0003461681662580133,322,112,0,13,22,27,49,77,19,27,33,48,59,57,0,13,42,54,98,64,0,13,2134,704,45938,16971,1158,138
2022,18097341600,1400000US18097341600,0.006956521739130435,0.08610825693625004,0.0022124134710093334,3.4909322693748904e-07,0.0034269135342535634,0.0006956521739130435,0.008610825693625004,0.00022124134710093334,3.4909322693748904e-08,0.00034269135342535637,0.0006956521739130435,0.01657499016671205,0.0002546398882233469,2.9082205984510373e-07,0.00034773194872081826,492,129,20,30,40,38,8,11,10,11,28,31,66,77,48,42,70,45,141,69,61,45,1870,390,25852,12899,1010,178
2022,18097341701,1400000US18097341701,0.008347826086956523,0.1165235545066715,0.0026182567138345937,2.0603576983967807e-10,0.004176428377329983,0.0006956521739130435,0.009710296208889291,0.00021818805948621613,1.7169647486639838e-11,0.0003480356981108319,0.0006956521739130435,0.02402021118876887,0.0002562721850450182,1.7427992197079917e-10,0.00034922469390375274,296,124,0,13,0,13,0,13,11,18,0,13,0,13,3,5,136,93,63,63,83,74,2093,298,33286,4769,1139,152
2022,18097341702,1400000US18097341702,0.014956521739130436,0.12412175123294303,0.00433190691693204,7.759166447124792e-13,0.007571569168618171,0.0007122153209109731,0.005910559582521097,0.00020628128175866856,3.69484116529752e-14,0.0003605509127913415,0.0010434782608695653,0.02205718435145684,0.00022672110652110112,6.68447977205026e-13,0.00047334032471134044,420,173,0,13,6,13,18,33,107,94,0,13,32,52,0,13,45,47,155,112,57,59,2280,832,46838,24224,937,200
2022,18097341902,1400000US18097341902,0.002782608695652174,0.05304529363710629,0.0008425336881289136,3.0043437357534047e-22,0.001393321474240408,0.0006956521739130435,0.013261323409276573,0.0002106334220322284,7.510859339383512e-23,0.000348330368560102,0.0006956521739130435,0.014250098332879489,0.000214739235260851,2.784787184267271e-22,0.00035864511311540386,291,112,0,13,73,76,0,13,38,60,8,13,0,13,32,46,30,35,60,80,50,42,4211,698,65339,8508,1729,210
2022,18097341903,1400000US18097341903,0.0034782608695652175,0.019659919518320173,0.000987758774164754,9.050645624161317e-30,0.001740068558701213,0.0006956521739130435,0.003931983903664034,0.0001975517548329508,1.8101291248322635e-30,0.0003480137117402426,0.0006956521739130435,0.005096487246981937,0.00020166756281111948,5.496218549657032e-30,0.0003480137117402426,1714,244,118,114,86,87,387,215,22,37,190,174,341,192,21,32,80,92,308,193,161,136,5988,956,39336,6861,2503,214
2022,18097341904,1400000US18097341904,0.0034782608695652175,0.05874714834649481,0.00107187052011577,7.636021194059397e-19,0.001614950423759174,0.0006956521739130435,0.011749429669298962,0.000214374104023154,1.5272042388118793e-19,0.0003229900847518348,0.0006956521739130435,0.01624023478865995,0.00022359665187535172,7.078777464908021e-19,0.0003480137117402426,616,85,67,50,46,39,44,43,79,53,40,40,64,49,53,44,67,50,142,63,14,21,2252,304,52594,12078,1001,84
2022,18097342000,1400000US18097342000,0.010434782608695653,0.07346258812138816,0.0023061584521695587,4.035446390856178e-35,0.0051498002384977835,0.0006956521739130435,0.00489750587475921,0.00015374389681130392,2.6902975939041186e-36,0.0003433200158998522,0.0006956521739130435,0.008828416689358869,0.00016435155172878673,3.515218112448351e-35,0.0003478944653659883,369,210,0,18,0,18,79,95,57,110,128,121,0,18,0,18,18,31,87,124,0,18,6883,1124,70788,6475,2199,284
2022,18097342101,1400000US18097342101,0.006956521739130435,0.09146531118574325,0.0016939784997977135,2.0727559924580242e-30,0.0034797505590840826,0.0006956521739130435,0.009146531118574325,0.00016939784997977136,2.072755992458024e-31,0.00034797505590840826,0.0006956521739130435,0.012131191189373997,0.0001782516135753825,1.807546859890415e-30,0.00034801226160268903,789,305,79,105,12,19,18,21,176,140,212,235,89,129,0,18,56,66,147,77,0,18,5706,724,61165,8025,2264,304
2022,18097342200,1400000US18097342200,0.005565217391304348,0.09428507458170705,0.0014570711463764315,2.9376801208040667e-27,0.002784107872958103,0.0006956521739130435,0.011785634322713382,0.00018213389329705393,3.6721001510050834e-28,0.0003480134841197629,0.0006956521739130435,0.014112855889383075,0.000187780251521353,1.3909985979049536e-27,0.0003480137117402426,751,290,0,18,36,41,142,159,57,56,176,108,93,98,0,18,35,57,165,180,47,66,5630,926,55246,16588,2020,268
2022,18097342300,1400000US18097342300,0.011130434782608696,0.16723366917793714,0.0041884330557015945,4.7540495810982895e-28,0.005558070350763188,0.0006956521739130435,0.010452104323621071,0.00026177706598134965,2.971280988186431e-29,0.0003473793969226992,0.0006956521739130435,0.014905449154337237,0.0002835781376533446,4.502186150170091e-28,0.0003480137117402426,904,316,0,18,159,164,32,41,183,146,147,150,67,66,80,97,74,82,107,77,55,58,6539,919,49787,6917,2449,269
2022,18097342400,1400000US18097342400,0.016,0.4146021602977217,0.006877762887686593,4.456844452644227e-19,0.008004177527000356,0.0006956521739130435,0.018026180882509638,0.00029903316902985184,1.9377584576714033e-20,0.00034800771856523287,0.0006956521739130435,0.023170252034734197,0.00033002066650459846,3.822501602863081e-19,0.0003480137117402426,201,55,23,28,27,25,18,27,19,31,31,23,20,30,32,36,0,13,31,32,0,13,1621,267,61310,16693,613,78
2022,18097342500,1400000US18097342500,0.018086956521739132,0.46107567093280083,0.005602904670335399,4.843199648119777e-15,0.009047718544240559,0.0006956521739130435,0.01773367965126157,0.0002154963334744384,1.8627690954306835e-16,0.000347989174778483,0.0006956521739130435,0.022699948564339958,0.0002443874771670297,2.1438102738359533e-15,0.0003480137117402426,743,164,28,41,19,30,26,31,71,61,156,76,79,79,93,101,63,65,147,99,61,74,5091,817,42309,3147,1833,206
2022,18097342600,1400000US18097342600,0.006956521739130435,0.22733206256996763,0.0029066922769750516,1.0221134801369262e-09,0.00345388839984632,0.0006956521739130435,0.022733206256996763,0.0002906692276975052,1.0221134801369262e-10,0.000345388839984632,0.0006956521739130435,0.024657287222776922,0.00033972678873059325,9.04120805615968e-10,0.0003479650533892696,611,277,25,24,12,20,164,102,0,13,168,228,13,19,44,44,0,13,185,100,0,13,3509,695,37804,11613,1529,238
2022,18097350100,1400000US18097350100,0.006608695652173913,0.16806753199600616,0.002391701827125889,3.368464784260422e-15,0.003009372936431132,0.0008260869565217392,0.02100844149950077,0.00029896272839073613,4.2105809803255273e-16,0.0003761716170538915,0.0010434782608695653,0.05833239538894436,0.00032064740844065323,1.814424854028093e-15,0.00053265657851774,195,80,0,13,9,13,33,28,0,13,86,68,10,15,39,40,18,19,0,13,0,13,1460,391,48424,2410,779,100
2022,18097350300,1400000US18097350300,0.008347826086956523,0.14664161447459986,0.0023063535476005744,9.121945509994843e-14,0.004114632533537536,0.0006956521739130435,0.012220134539549989,0.00019219612896671453,7.601621258329035e-15,0.00034288604446146135,0.0006956521739130435,0.028146561374844937,0.0002961028493805311,7.978176269363349e-14,0.00035003733478034384,1335,253,0,13,51,38,121,87,119,127,147,103,84,63,303,196,33,40,348,121,129,93,2818,411,27844,10675,2069,239
2022,18097350400,1400000US18097350400,0.018086956521739132,0.3641466017165391,0.006153364473954826,1.561521417091295e-06,0.008529423847472845,0.0007863894139886579,0.015832460944197352,0.00026753758582412286,6.789223552570847e-08,0.000370844515107515,0.001391304347826087,0.036744909382469514,0.00032053361458306973,9.891386264811589e-07,0.0006360150312762542,551,130,0,13,52,80,75,48,111,94,55,59,88,99,0,13,17,29,135,97,18,29,2486,528,54595,12634,1286,113
2022,18097350500,1400000US18097350500,0.012869565217391306,0.33944066241061793,0.004718306394654634,9.901515329594994e-11,0.006558763741925897,0.0007149758454106281,0.018857814578367663,0.0002621281330363685,5.500841849774997e-12,0.0003643757634403276,0.0010434782608695653,0.05139100178511997,0.00030722310324036084,9.872647082121929e-11,0.00047400105359749937,451,149,0,13,7,24,62,75,19,31,77,63,11,16,22,29,33,50,117,68,103,104,2384,493,41346,20134,1301,143
2022,18097350600,1400000US18097350600,0.018782608695652174,0.10795255816768026,0.0059743831787757926,7.430961854581578e-17,0.009405422252746974,0.0006956521739130435,0.003998242895099269,0.0002212734510657701,2.7522080942894735e-18,0.000348348972323962,0.0006956521739130435,0.006767117485098787,0.0002658111369309605,5.750088981106334e-17,0.00035200517957600567,992,286,60,82,12,20,52,64,42,45,12,20,42,51,120,173,149,141,455,169,48,50,5417,829,33218,10392,2687,316
2022,18097350700,1400000US18097350700,0.013217391304347827,0.3031012273960445,0.0052429566257195396,3.4760710575142305e-14,0.006603158211967258,0.0006956521739130435,0.015952696178739185,0.0002759450855641863,1.8295110829022266e-15,0.0003475346427351188,0.0006956521739130435,0.05183177513539681,0.0003096516495570203,3.283597898106264e-14,0.0003480137117402426,478,203,0,13,34,37,53,60,0,13,0,13,44,42,0,13,13,19,270,200,64,56,1595,304,23343,13258,903,206
2022,18097350800,1400000US18097350800,0.017391304347826087,0.4038459754117374,0.007496916142960995,1.5971860497121012e-07,0.00821388740381167,0.0006956521739130435,0.016153839016469496,0.0002998766457184398,6.388744198848405e-09,0.0003285554961524668,0.0006956521739130435,0.039573023509122264,0.00031863387529190685,8.59988912505711e-08,0.0003478145888184388,568,102,0,13,7,12,37,39,77,48,21,33,18,21,42,33,36,28,197,84,133,76,2100,394,22839,3865,1143,93
2022,18097350900,1400000US18097350900,0.008695652173913044,0.21115786713463033,0.0033548503914907516,1.1744307027496508e-06,0.004192439587496536,0.0007905138339920949,0.01919616973951185,0.00030498639922643195,1.0676642752269553e-07,0.00038113087159059416,0.001391304347826087,0.04560923017962139,0.00032249656865593367,1.1375631394020206e-06,0.000526253781772102,306,75,7,11,6,10,12,18,22,24,38,31,12,12,37,22,25,23,107,71,40,35,1730,333,67083,28515,887,94
2022,18097351000,1400000US18097351000,0.00973913043478261,0.2541896261333495,0.003620624363068271,8.564422324120243e-06,0.004796658659337777,0.0006956521739130435,0.01815640186666782,0.0002586160259334479,6.117444517228745e-07,0.00034261847566698404,0.0006956521739130435,0.029435841578167074,0.0003126903667911258,6.050398296599285e-06,0.0004323461049899167,374,96,29,35,0,13,23,28,13,22,79,66,55,60,45,52,57,66,42,45,31,42,2415,544,36500,25511,1542,269
2022,18097351200,1400000US18097351200,0.017043478260869566,0.44582300081691933,0.0063777066793845915,1.3873156135232596e-09,0.00744191006556139,0.0007747035573122531,0.020264681855314517,0.00028989575815384507,6.305980061469362e-11,0.00033826863934369953,0.001391304347826087,0.04381374239811201,0.00030793688385253074,1.1153775273822878e-09,0.0004674796232274007,661,226,0,13,134,169,12,21,38,42,5,7,21,21,133,82,79,77,160,83,79,72,2727,514,32972,9726,1556,199
2022,18097351500,1400000US18097351500,0.010782608695652174,0.2725026978507962,0.003993061166135987,1.4948262361989213e-05,0.005171023103165294,0.0007188405797101449,0.018166846523386414,0.00026620407774239914,9.965508241326143e-07,0.000344734873544353,0.0010434782608695653,0.02872941817191613,0.00032722159242017996,1.4947614342839542e-05,0.0005812903009117664,678,136,40,61,51,28,72,44,126,61,37,34,64,49,3,5,115,60,170,71,0,13,1977,386,47975,6033,1190,226
2022,18097351600,1400000US18097351600,0.006956521739130435,0.08701921273183867,0.002557654840344463,1.0146257580996425e-06,0.0032406347216807764,0.0006956521739130435,0.008701921273183868,0.00025576548403444634,1.0146257580996425e-07,0.0003240634721680776,0.0006956521739130435,0.023161054128468125,0.00033506859280670536,1.0020454931062277e-06,0.00035169733544263384,474,105,0,13,76,67,67,46,34,30,97,66,20,22,13,20,31,37,80,59,56,44,2589,400,93750,19614,1335,149
2022,18097351700,1400000US18097351700,0.017391304347826087,0.32280616824503544,0.006926539565141718,0.00012181030100061499,0.008739248669647965,0.0007561436672967864,0.014035050793262411,0.00030115389413659644,5.296100043505e-06,0.000379967333462955,0.0010434782608695653,0.030527205429992037,0.0003318794167550448,9.130180641935535e-05,0.000563754051992458,377,133,0,13,11,20,31,31,66,62,53,44,36,56,7,12,0,13,118,83,55,62,2629,376,56792,30093,1622,164
2022,18097351900,1400000US18097351900,0.00973913043478261,0.35584835557169225,0.003933128127261334,1.1238702523125645e-15,0.004864206464391975,0.0006956521739130435,0.025417739683692302,0.0002809377233758096,8.02764465937546e-17,0.00034744331888514107,0.0006956521739130435,0.052346857886296935,0.00031272923135172525,1.0300710966389867e-15,0.000348013481427437,456,116,0,13,28,32,31,35,2,4,66,71,37,40,36,50,24,31,166,75,66,43,2207,391,42000,10771,1210,165
2022,18097352100,1400000US18097352100,0.011130434782608696,0.26146367734713016,0.004127774883987767,7.858803818296536e-16,0.0055571348120381165,0.0006956521739130435,0.016341479834195635,0.00025798593024923546,4.911752386435335e-17,0.0003473209257523823,0.0006956521739130435,0.05302241989652355,0.00031684080591029204,7.841748778274813e-16,0.0003480137117402426,416,103,0,13,27,27,40,40,65,43,13,20,19,21,42,54,7,11,169,81,34,39,1922,494,33917,14037,1088,149
2022,18097352300,1400000US18097352300,0.00973913043478261,0.2518398838159208,0.003769397521629978,1.003462746438414e-21,0.004871888415353377,0.0006956521739130435,0.01798856312970863,0.00026924268011642704,7.167591045988671e-23,0.00034799202966809837,0.0006956521739130435,0.02560793924540861,0.000292908888553181,9.478212900783001e-22,0.0003480137117402426,357,124,0,13,4,7,15,27,18,15,36,32,32,45,26,41,72,72,61,40,93,80,1186,273,29167,9736,733,77
2022,18097352400,1400000US18097352400,0.011130434782608696,0.42090236301473477,0.00476619492389702,3.1272726913694086e-16,0.0055100966582778965,0.0006956521739130435,0.026306397688420923,0.00029788718274356376,1.9545454321058804e-17,0.00034438104114236853,0.0006956521739130435,0.032930561858945266,0.0003079236578179979,2.5557726011302356e-16,0.0003480119922847569,806,166,15,23,45,43,0,13,103,85,82,71,130,129,79,85,58,53,139,82,155,133,3321,679,38147,8968,1481,122
2022,18097352500,1400000US18097352500,0.006956521739130435,0.15262533660101055,0.0028002641400617337,9.420971293139429e-11,0.003423193148596323,0.0006956521739130435,0.015262533660101055,0.00028002641400617337,9.420971293139429e-12,0.0003423193148596323,0.0006956521739130435,0.036564582009621496,0.00031391263632681634,7.885881501845584e-11,0.00034801692438612714,808,301,16,25,41,46,99,73,134,71,10,16,49,75,23,25,6,9,392,288,38,51,3181,454,44000,13948,1816,282
2022,18097352600,1400000US18097352600,0.018782608695652174,0.9239340413300656,0.00822598392142855,2.271512830594116e-08,0.008853418436569296,0.0007224080267558529,0.035535924666540986,0.0003163839969780212,8.736587809977369e-10,0.00034051609371420373,0.0010434782608695653,0.08755111796919912,0.00033727230322583784,1.827356938871423e-08,0.000469509692750579,770,236,11,17,17,20,77,50,72,60,25,32,41,41,113,160,103,108,246,120,65,60,3460,640,37845,25900,2002,225
2022,18097352700,1400000US18097352700,0.017391304347826087,0.7489023630147348,0.007574597179093932,6.158437266102567e-05,0.008070507905690182,0.0007561436672967864,0.032560972304988466,0.00032933031213451877,2.677581420044594e-06,0.0003508916480734862,0.0010434782608695653,0.05793882182082236,0.0003482040197117404,4.725370788757722e-05,0.0004692995537976629,325,124,0,13,29,25,0,13,9,14,87,73,8,12,30,27,39,56,123,90,0,13,2600,707,41390,10023,1256,83
2022,18097352800,1400000US18097352800,0.00973913043478261,0.20345405585307555,0.003923333772480513,7.073498901955582e-08,0.004816148851657085,0.0006956521739130435,0.014532432560933967,0.00028023812660575093,5.052499215682559e-09,0.0003440106322612204,0.0006956521739130435,0.04014740855042207,0.0003133076353991886,6.527941470369383e-08,0.000348012400194016,466,114,0,13,22,29,88,70,75,82,7,13,28,28,14,19,17,20,133,63,82,49,1461,313,40991,7760,769,91
2022,18097353300,1400000US18097353300,0.0191304347826087,0.542922634716045,0.006624874416638667,0.0006590702662051847,0.008881189125874621,0.0007357859531772576,0.02088163979677096,0.0002548028621784103,2.5348856392507106e-05,0.00034158419714902386,0.0010434782608695653,0.16127947717164381,0.00037311827998699596,0.00032619760526519617,0.0004714111475721918,1156,171,25,28,83,61,47,40,169,75,215,105,166,100,34,31,95,69,300,104,22,25,2453,354,49659,8770,1837,137
2022,18097353500,1400000US18097353500,0.016,0.4464575353241959,0.0068737713844333045,0.002348163385801037,0.007392369987970773,0.0006956521739130435,0.019411197188008517,0.00029885962541014366,0.00010209406025221899,0.00032140739078133796,0.0006956521739130435,0.14277232156364406,0.00036762368402247714,0.0010529862066188751,0.00035837650414914586,1057,234,13,20,65,68,87,74,67,65,103,100,145,81,33,48,55,47,435,228,54,32,2145,372,36858,27344,1324,238
2022,18097353600,1400000US18097353600,0.026086956521739132,1.1975077304771413,0.010836370254070006,1.781989909833384e-05,0.012053530927865274,0.0007672634271099745,0.03522081560226886,0.0003187167721785296,5.241146793627599e-07,0.00035451561552544926,0.001391304347826087,0.1750783939971559,0.00036399092069476334,8.0000979112224e-06,0.0005952286483213531,806,197,5,7,10,11,216,111,141,113,47,43,28,34,20,24,61,82,243,98,35,41,2901,775,39713,13208,1591,205
2022,18097354201,1400000US18097354201,0.02573913043478261,0.804431898177564,0.008370396265221972,1.3293289473291652,0.009133294100953442,0.0011699604743083006,0.03656508628079836,0.0003804725575100896,0.0604240430604166,0.0004151497318615201,0.0052173913043478265,0.1801725414258772,0.0004090700183872344,0.553528293773713,0.001571839582011296,1829,251,52,60,166,133,225,166,392,206,198,125,144,122,102,76,113,104,390,178,47,52,4738,486,86983,15814,2827,220
2022,18097354202,1400000US18097354202,0.021913043478260872,0.5294030437808236,0.00959580008995977,0.2551000329137303,0.009622677234374204,0.0008115942028985508,0.019607520140030504,0.00035540000333184334,0.009448149367175196,0.0003563954531249705,0.001391304347826087,0.042409246316299054,0.0003913088413132766,0.10765336840357878,0.0007522508128290522,1665,264,179,154,119,62,137,116,229,160,276,139,83,76,60,56,157,143,327,185,98,124,3424,654,62047,31023,2633,262
2022,18097354400,1400000US18097354400,0.007304347826086957,0.10947590088045747,0.0034299963373870643,0.00014018071362625306,0.0035439292271345615,0.0007304347826086957,0.010947590088045748,0.00034299963373870645,1.4018071362625306e-05,0.00035439292271345613,0.0010434782608695653,0.014649965205288796,0.00036888099054968056,0.00011904801788246072,0.0004480246588831506,229,65,0,13,25,18,65,34,28,21,12,15,8,12,7,10,6,9,78,42,0,13,1410,318,69375,37151,869,128
2022,18097354500,1400000US18097354500,0.004869565217391305,0.06110737950440229,0.002305693964579688,5.234522834969771e-07,0.002497848268703353,0.0006956521739130435,0.008729625643486042,0.00032938485208281257,7.477889764242529e-08,0.00035683546695762183,0.0006956521739130435,0.012864603189010922,0.00034828820422519755,2.2339606109273945e-07,0.00040748959157651084,532,157,30,35,34,23,67,44,28,27,156,150,0,13,39,33,18,20,118,52,42,36,2069,385,52212,18380,1158,160
2022,18097354700,1400000US18097354700,0.001391304347826087,0.02276748056034613,0.0006389426462471762,2.6013530653757876e-09,0.0006905826176014215,0.0006956521739130435,0.011383740280173065,0.0003194713231235881,1.3006765326878938e-09,0.00034529130880071076,0.0006956521739130435,0.011665970772442589,0.0003219318273166725,2.437504198755583e-09,0.0003462451433011541,381,159,12,15,4,8,4,8,0,13,15,24,22,26,11,17,37,36,89,55,187,151,1484,270,24107,16875,889,161
2022,18097354800,1400000US18097354800,0.0052173913043478265,0.26156388611539744,0.002286152888559182,1.0720273361069665e-08,0.0020693027687677975,0.0007453416149068323,0.03736626944505678,0.00032659326979416885,1.531467623009952e-09,0.00029561468125254253,0.0010434782608695653,0.07584871864693958,0.0003404386586404386,1.037391061652587e-08,0.00046056125125614356,217,86,0,13,11,12,44,45,12,18,16,22,0,13,20,22,5,8,67,50,42,41,1844,473,60208,15129,992,101
2022,18097354900,1400000US18097354900,0.0034782608695652175,0.031687392212035946,0.0014578462570932961,7.99286533060571e-12,0.0017376318214739495,0.0006956521739130435,0.0063374784424071896,0.0002915692514186592,1.598573066121142e-12,0.0003475263642947899,0.0006956521739130435,0.009582160902847116,0.0003042762383452319,6.843757972951644e-12,0.00034798286002143595,940,265,0,13,87,67,84,78,58,43,206,168,167,177,22,21,16,39,255,129,45,36,2515,431,33112,1523,1538,257
2022,18097355000,1400000US18097355000,0.008347826086956523,0.3935452482527004,0.003670778087103851,1.1982542008743349e-08,0.003981262977514238,0.0007588932806324111,0.03577684075024549,0.0003337070988276228,1.08932200079485e-09,0.00036193299795583985,0.0010434782608695653,0.08184962633505793,0.00037165303465713843,9.454940987231624e-09,0.0005024960421338257,333,119,7,10,57,56,14,13,33,34,5,8,0,13,36,36,30,23,79,47,72,82,2220,477,35682,11755,1172,129
2022,18097355100,1400000US18097355100,0.006260869565217392,0.12957901425070345,0.002960628564493291,9.63928748533274e-12,0.0030689778420956246,0.0006956521739130435,0.014397668250078162,0.00032895872938814343,1.0710319428147488e-12,0.000340997538010625,0.0006956521739130435,0.08114126652748782,0.00037531933654653813,5.69183496928882e-12,0.0003759365788968943,772,367,14,18,12,14,61,39,44,48,28,26,65,45,14,17,79,55,388,361,67,41,2083,568,16597,12970,1201,373
2022,18097355300,1400000US18097355300,0.004869565217391305,0.03355480923421379,0.001936699198431394,1.8103494101455823e-13,0.002430911005004217,0.0006956521739130435,0.004793544176316256,0.0002766713140616277,2.5862134430651175e-14,0.00034727300071488816,0.0006956521739130435,0.008297842727905359,0.00029441484516242985,1.7578105221692993e-13,0.0003480030435654449,804,179,67,71,125,93,18,19,57,52,21,25,24,31,97,81,70,64,266,137,59,70,2529,463,40057,15074,1306,129
2022,18097355400,1400000US18097355400,0.004869565217391305,0.030055853075549907,0.0020666539522628605,1.1262753835356446e-13,0.0024538756051981168,0.0006956521739130435,0.00429369329650713,0.00029523627889469433,1.6089648336223493e-14,0.00035055365788544526,0.0006956521739130435,0.007815436749266285,0.0003084524493925003,4.9587086413884824e-14,0.0003535526538416027,704,180,37,52,13,19,65,61,181,111,28,33,8,12,71,55,79,73,148,125,74,72,2340,483,38560,4637,1694,272
2022,18097355500,1400000US18097355500,0.01182608695652174,0.792209736467883,0.006179066456083821,6.776074108967013e-14,0.005588422729510351,0.0006956521739130435,0.04660057273340488,0.00036347449741669537,3.985925946451184e-15,0.0003287307487947265,0.0006956521739130435,0.08202571783002027,0.00038311554052071934,6.45342779805417e-14,0.0003473972901727201,540,176,110,118,68,58,104,132,0,13,83,90,12,19,31,49,50,46,35,55,47,61,4229,851,55655,18146,1648,179
2022,18097355600,1400000US18097355600,0.017391304347826087,1.2055149919820882,0.007357913981191313,3.698661721891797e-10,0.007783359434298406,0.0008695652173913044,0.06027574959910441,0.00036789569905956563,1.8493308609458984e-11,0.00038916797171492033,0.001391304347826087,0.19599644993091486,0.00038726363984856145,2.7404938009987004e-10,0.0005786245379736802,471,121,22,23,19,18,40,41,45,57,41,33,7,10,46,39,16,18,185,97,50,41,2163,449,32545,9819,1033,75
2022,18097355700,1400000US18097355700,0.009043478260869566,0.6737909695117645,0.004593204818594975,4.4349490144979595e-06,0.004404193981791268,0.0006956521739130435,0.05183007457782804,0.00035332344758422885,3.4114992419215074e-07,0.00033878415244548214,0.0006956521739130435,0.13158242312385907,0.0003895812199205052,3.5119879564731064e-06,0.0003677772221266176,450,99,0,13,24,24,75,63,44,40,37,40,20,19,7,11,34,27,138,67,71,50,2367,319,34579,3086,1236,154
2022,18097355900,1400000US18097355900,0.0076521739130434785,0.694869222312991,0.0033541678254124683,2.991230689430665e-07,0.003705395328214077,0.0006956521739130435,0.063169929301181,0.00030492434776476987,2.71930062675515e-08,0.00033685412074673426,0.0006956521739130435,0.1323103889947858,0.0003971451750923193,2.546193415538291e-07,0.00034896642204801506,388,136,46,38,34,32,66,86,71,46,0,13,64,81,46,38,5,9,52,30,4,7,2088,314,96944,25191,1328,141
2022,18097356200,1400000US18097356200,0.04173913043478261,1.7219864250199186,0.014179446312653115,0.9046656532435466,0.013665798342421685,0.0009486166007905139,0.03913605511408906,0.000322260143469389,0.020560583028262424,0.0003105863259641292,0.0020869565217391307,0.1766512359686545,0.00040892020561441315,0.1503991383178531,0.0005833753232690649,932,111,45,29,158,75,231,99,189,74,63,37,29,19,40,39,47,30,99,33,31,46,4095,254,91898,11019,1407,89
2022,18097356400,1400000US18097356400,0.018782608695652174,0.536494508486884,0.007966294493433007,0.00014931878234085088,0.008793576819908307,0.0007224080267558529,0.02063440417257246,0.00030639594205511566,5.743030090032726e-06,0.00033821449307339644,0.0010434782608695653,0.03148152854679132,0.000378706909062093,7.895808350899831e-05,0.00046430869003242554,1224,223,50,54,151,134,121,86,123,89,47,60,87,83,82,67,89,56,327,147,147,103,4244,663,34000,6875,2035,183
2022,18097356900,1400000US18097356900,0.00591304347826087,0.18251183524452108,0.00260725259100606,4.685676951731361e-07,0.0030468155256291275,0.0007391304347826087,0.022813979405565135,0.0003259065738757575,5.857096189664201e-08,0.00038085194070364094,0.0010434782608695653,0.03294177684991881,0.0003574765018309209,4.1797724784218946e-07,0.00047220902256921453,337,71,4,7,41,26,34,25,38,34,37,28,39,28,60,39,6,9,63,35,15,26,1948,328,46122,14160,1301,145
2022,18097357000,1400000US18097357000,0.008695652173913044,0.08887533407965467,0.0030221798157602157,3.766108669139788e-34,0.004172533452864652,0.0007246376811594203,0.007406277839971223,0.00025184831798001796,3.1384238909498233e-35,0.00034771112107205435,0.0010434782608695653,0.01435058949300576,0.0003130788439296643,3.5169925040151747e-34,0.00047259813136220954,306,162,0,13,5,7,12,14,12,14,63,52,14,16,17,21,16,16,167,143,0,13,1913,422,53558,22148,1143,168
2022,18097357100,1400000US18097357100,0.005565217391304348,0.07003051849162406,0.0024987562972049048,1.1771052023326963e-22,0.002726713041624995,0.0006956521739130435,0.008753814811453008,0.0003123445371506131,1.4713815029158704e-23,0.0003408391302031244,0.0006956521739130435,0.016853710931590573,0.00035000041045880344,1.1120361280520457e-22,0.00034497587761937287,366,96,48,58,55,44,45,30,30,28,35,29,33,28,0,13,83,58,20,17,17,15,1993,354,79515,11815,1271,185
2022,18097357200,1400000US18097357200,0.006956521739130435,0.19664986435105342,0.0033808384185244535,7.730415715430573e-20,0.0033873413787685737,0.0006956521739130435,0.019664986435105343,0.0003380838418524454,7.730415715430572e-21,0.0003387341378768574,0.0006956521739130435,0.03861753048319264,0.0003658229119268709,3.62530518336453e-20,0.0003463047040456749,306,92,0,13,26,28,52,43,4,8,28,26,13,18,32,30,0,13,62,49,89,71,2286,509,55409,11703,1352,143
2022,18097357300,1400000US18097357300,0.018086956521739132,0.35331110505985697,0.007960392689901251,1.455973393988532e-19,0.00889775371417614,0.0006956521739130435,0.013588888656148344,0.0003061689496115866,5.599897669186661e-21,0.00034222129669908227,0.0006956521739130435,0.04951228908858027,0.00037331191073695507,1.3849857372671943e-19,0.0003477852119408105,637,171,23,32,58,65,35,37,25,24,71,53,17,20,163,95,47,47,174,111,24,25,2024,362,24180,5655,1173,149
2022,18097357400,1400000US18097357400,0.018782608695652174,0.36693223603925246,0.008599144468334452,6.935987499554108e-19,0.00911127989954198,0.0006956521739130435,0.01359008281626861,0.0003184868321605353,2.5688842590941142e-20,0.0003374548110941474,0.0006956521739130435,0.02345187740159148,0.000365333918046426,6.552178957070277e-19,0.00034778830597625326,876,217,47,61,25,25,36,47,79,69,171,156,81,77,6,11,28,30,349,189,54,43,5084,1100,30625,9092,1935,187
2022,18097357500,1400000US18097357500,0.017043478260869566,0.20128790858572104,0.00654842381278299,1.0703054194986226e-32,0.007960197434534766,0.0007747035573122531,0.009149450390260048,0.00029765562785377225,4.865024634084648e-34,0.0003618271561152166,0.0010434782608695653,0.02522638750214315,0.00032100390890709113,9.643680093444179e-33,0.0004991440443219715,304,114,40,57,10,16,0,13,59,50,20,30,39,43,4,7,27,27,105,64,0,13,3634,231,65234,16464,1394,179
2022,18097357601,1400000US18097357601,0.008347826086956523,0.23033170958014382,0.0038480077275968297,1.678384961787639e-25,0.003902841430415673,0.0006956521739130435,0.01919430913167865,0.00032066731063306914,1.3986541348230325e-26,0.00032523678586797276,0.0006956521739130435,0.03662836222807177,0.00034677625213458684,1.4965598816265416e-25,0.0003463008482730804,837,299,48,78,92,95,53,61,0,18,120,90,60,78,103,104,188,207,159,111,14,20,5001,931,40511,10515,2179,260
2022,18097357602,1400000US18097357602,0.006608695652173913,0.2721245751515335,0.002925152533976864,3.820446613134822e-26,0.003066455952312387,0.0007342995169082126,0.030236063905725943,0.0003250169482196515,4.244940681260913e-27,0.0003407173280347097,0.0010434782608695653,0.0469655582786199,0.0003525537479718579,3.636154631620104e-26,0.00044582608765085096,147,107,0,13,0,13,56,83,14,29,11,21,54,78,12,23,0,13,0,13,0,13,1472,214,67022,16362,605,85
2022,18097357800,1400000US18097357800,0.006260869565217392,0.05964341976541305,0.0021144609817627977,5.720150418497572e-11,0.0029808650946700666,0.0006956521739130435,0.00662704664060145,0.0002349401090847553,6.355722687219525e-12,0.0003312072327411185,0.0006956521739130435,0.03075081944066241,0.00032294332143546035,5.720150418497572e-11,0.0003865781465877189,354,114,0,13,17,18,24,26,44,28,13,19,19,18,77,56,33,27,105,79,22,30,1393,323,42393,14601,916,96
2022,18097357900,1400000US18097357900,0.021913043478260872,0.6697666031284983,0.008381021587240453,6.99844919104712e-12,0.010503266297210012,0.0007068723702664798,0.02160537429446769,0.0002703555350722727,2.2575642551764903e-13,0.0003388150418454843,0.0010434782608695653,0.04470267162869505,0.00031578346219858944,6.180926137610864e-12,0.00047325602909489183,581,190,21,30,55,48,25,27,56,35,71,53,20,25,173,141,7,11,153,78,0,13,3421,763,59231,15006,1851,170
2022,18097358000,1400000US18097358000,0.007304347826086957,0.3073189918610632,0.003213313306188011,7.153037166100419e-07,0.0036284840661018627,0.0007304347826086957,0.03073189918610632,0.0003213313306188011,7.153037166100418e-08,0.00036284840661018626,0.0010434782608695653,0.04859616955614051,0.00035460121152528374,6.345008899435972e-07,0.00047322486326919393,209,87,11,21,7,12,0,13,2,4,0,13,14,23,0,13,10,12,126,81,39,46,1432,338,38438,22827,590,64
2022,18097358100,1400000US18097358100,0.005565217391304348,0.19437112341532783,0.002737291129652198,2.0349974041921792e-11,0.0027662942183102903,0.0006956521739130435,0.02429639042691598,0.00034216139120652475,2.543746755240224e-12,0.0003457867772887863,0.0006956521739130435,0.027113249220901033,0.0003609577249028903,1.7218086498396304e-11,0.00034770263942522194,308,101,0,13,0,13,112,67,0,13,27,33,29,32,0,13,13,20,127,85,0,13,2389,574,50125,26924,1236,205
2022,18097360101,1400000US18097360101,0.011130434782608696,0.46823757223684603,0.004446568324595622,5.064150980482015e-23,0.005436481295866106,0.0006956521739130435,0.029264848264802877,0.00027791052028722636,3.1650943628012595e-24,0.0003397800809916316,0.0006956521739130435,0.04392448034855223,0.0002938081811548485,4.6461929222478053e-23,0.0003480138002809056,727,132,32,36,17,27,33,53,27,42,101,64,0,13,9,18,112,90,246,102,150,77,2402,680,28774,5062,1392,181
2022,18097360102,1400000US18097360102,0.018086956521739132,0.35329504906558545,0.006428313062734934,2.579449403702452e-23,0.008994069042845063,0.0006956521739130435,0.013588271117907133,0.0002472428101051898,9.92095924500943e-25,0.0003459257324171178,0.0006956521739130435,0.04236349883513357,0.00029615612892818817,1.995209704331789e-23,0.00034943525113512413,477,163,26,39,0,13,9,14,149,137,11,17,0,13,19,36,28,48,203,101,32,50,1955,446,31324,12255,1293,145
2022,18097360201,1400000US18097360201,0.02573913043478261,0.48660954282775104,0.009377143996463718,3.471580173617728e-27,0.01208424322204689,0.0007354037267080746,0.0139031297950786,0.00026791839989896335,9.91880049605065e-29,0.00034526409205848255,0.0010434782608695653,0.029044809536776496,0.00030895798552962677,2.65553596432923e-27,0.00047243833838675323,1463,420,0,13,112,106,94,93,325,365,95,82,143,113,10,17,234,125,450,281,0,13,4001,845,39769,10469,2094,396
2022,18097360202,1400000US18097360202,0.006956521739130435,0.08413954192006293,0.0026610013317410865,1.0,0.002949051133987003,0.0006324110671936759,0.007649049265460266,0.0002419092119764624,0.09090909090909091,0.0002680955576351821,0.0006956521739130435,0.012182384799249645,0.0003045875996739041,1.0,0.00032804037248361213,419,186,0,13,0,13,12,22,0,13,16,25,60,62,0,13,0,13,149,135,182,140,2744,515,35688,18359,1166,80
2022,18097360301,1400000US18097360301,0.009043478260869566,0.332283440743094,0.0035195488049269675,1.593491317756266e-29,0.004126237079096681,0.0006956521739130435,0.025560264672545692,0.00027073452345592055,1.2257625521202047e-30,0.0003174028522382062,0.0006956521739130435,0.03833602614141781,0.00030734256116564303,1.1888159241979095e-29,0.00035023353226522493,589,147,13,21,9,14,28,35,74,92,37,34,100,86,80,73,60,41,149,111,39,64,3642,510,40870,10785,1320,83
2022,18097360302,1400000US18097360302,0.021217391304347827,0.7785354754772926,0.007485555296044822,7.742870940394319e-26,0.00958920197495598,0.0008160535117056856,0.029943672133742025,0.00028790597292480087,2.978027284767046e-27,0.00036881546057523,0.0017391304347826088,0.08716343428842292,0.000311776142140887,4.1532633419557985e-26,0.0007676036889435424,674,149,15,27,52,37,42,40,62,67,8,13,62,53,17,23,30,26,364,130,22,38,2852,679,27845,8116,1314,146
2022,18097360401,1400000US18097360401,0.011130434782608696,0.16617833045898764,0.0037578088297921673,6.78876019817129e-18,0.005604085217948393,0.0006956521739130435,0.010386145653686727,0.00023486305186201046,4.2429751238570564e-19,0.00035025532612177455,0.0006956521739130435,0.01401712504916644,0.00029951900721172605,6.208246555194473e-18,0.0004490546760623018,2228,520,22,36,150,123,646,447,340,305,215,152,126,97,115,115,68,63,546,291,0,18,6058,1044,43479,5743,2939,471
2022,18097360402,1400000US18097360402,0.011478260869565219,0.18762179661734896,0.003460341463844526,2.391599741740735e-23,0.005680703434907995,0.000765217391304348,0.01250811977448993,0.0002306894309229684,1.5943998278271568e-24,0.00037871356232719965,0.001391304347826087,0.04677546821578772,0.0003049449395027098,2.1950343011192542e-23,0.0005965260307315891,642,348,28,37,18,28,0,13,30,30,14,19,17,24,0,13,41,34,439,334,55,60,3229,1279,17002,9368,1158,354
2022,18097360406,1400000US18097360406,0.0006956521739130435,0.002045202868294454,0.0001007734023300121,1.2119551039338769e-39,0.0003478497541377439,0.0006956521739130435,0.002045202868294454,0.0001007734023300121,1.2119551039338769e-39,0.0003478497541377439,0.0006956521739130435,0.002045202868294454,0.0001007734023300121,1.2119551039338769e-39,0.0003478497541377439,1107,262,125,117,67,71,0,13,75,74,255,191,194,119,38,71,92,120,261,133,0,13,3678,648,43431,13689,2009,168
2022,18097360501,1400000US18097360501,0.002782608695652174,0.002112855889383075,0.0005883736922135893,6.488570629339829e-11,0.0014350466281708935,0.0006956521739130435,0.0005282139723457687,0.00014709342305339732,1.622142657334957e-11,0.00035876165704272337,0.0006956521739130435,0.0009839339203049832,0.00015292373758466087,1.665564867380564e-11,0.00036298271417634976,697,194,0,18,169,149,35,53,6,12,149,178,57,52,15,27,92,91,157,123,17,29,6184,919,77953,19292,2514,310
2022,18097360502,1400000US18097360502,0.04,0.42524849475053705,0.012194980140358422,5.390983887963747e-11,0.019095804348945034,0.0007272727272727273,0.0077317908136461284,0.0002217269116428804,9.801788887206812e-13,0.0003471964427080915,0.0010434782608695653,0.017248615775619498,0.00028436921696719565,1.4254832723801707e-11,0.000546837025929854,480,195,0,18,37,44,0,18,68,111,18,28,13,21,77,92,115,131,152,109,0,18,5819,870,68088,19273,2403,280
2022,18097360601,1400000US18097360601,0.017391304347826087,0.186566336873317,0.00599959503089943,8.850358527050572e-15,0.008708071114462987,0.0006956521739130435,0.00746265347493268,0.00023998380123597718,3.540143410820229e-16,0.0003483228445785195,0.0006956521739130435,0.01970663520014523,0.0002778740409110608,3.6331313282598625e-15,0.0003632617195116922,392,123,58,44,0,18,15,17,13,20,68,52,48,52,17,27,10,16,147,88,16,19,5202,769,78050,10986,2003,220
2022,18097360602,1400000US18097360602,0.03269565217391304,0.7517125654291852,0.011574929287504946,7.020346798400756e-19,0.014535689448862864,0.0007974549310710499,0.01833445281534598,0.0002823153484757304,1.7122797069270137e-20,0.00035452901094787473,0.0024347826086956524,0.12015999515899671,0.00032201648377294683,5.402260855517557e-19,0.0007546584245732582,1336,288,84,87,90,70,15,24,109,87,47,45,270,194,323,271,0,18,281,192,117,150,6522,1068,38524,6895,2627,256
2022,18097360700,1400000US18097360700,0.009043478260869566,0.06274968987322622,0.0036732628393141673,1.801205765834558e-18,0.0046187266987199466,0.0006956521739130435,0.004826899221017402,0.0002825586799472436,1.3855428967958138e-19,0.00035528666913230356,0.0006956521739130435,0.012502738192490393,0.0003074881776918732,7.726414762199143e-19,0.00040512794117482663,128,60,14,23,0,13,3,7,6,9,12,12,0,13,5,7,22,34,54,46,12,12,2032,337,85000,23115,901,115
2022,18097360800,1400000US18097360800,0.021913043478260872,0.6622842274061299,0.008696754637496222,3.840230740014752e-21,0.01002855586967224,0.0007068723702664798,0.02136400733568161,0.0002805404721772975,1.238784109682178e-22,0.0003235018022474916,0.0010434782608695653,0.04849620283803818,0.00032072337802189333,1.6713913727872571e-21,0.0003650660109171618,866,146,46,46,33,26,153,74,47,50,71,41,30,20,67,50,134,67,251,92,34,39,2576,383,36886,3495,1466,190
2022,18097360900,1400000US18097360900,0.029217391304347827,0.711139148588545,0.010397175500883921,1.0777128702414166e-14,0.01419379214856713,0.0007896592244418331,0.019219976988879596,0.000281004743267133,2.9127374871389636e-16,0.0003836160040153278,0.001391304347826087,0.05393035006505097,0.00030449546467132806,9.017842946991803e-15,0.0006461111143035767,988,216,0,18,68,66,12,20,132,106,55,65,25,40,15,24,93,78,408,170,180,145,5851,858,38529,5922,2519,262
2022,18097361000,1400000US18097361000,0.011130434782608696,0.08868258146500863,0.004475473163691716,1.3502082027373584e-16,0.005297737741799109,0.0006956521739130435,0.005542661341563039,0.00027971707273073226,8.43880126710849e-18,0.00033110860886244434,0.0006956521739130435,0.007070769416961665,0.0002907316650952874,1.1596865121965564e-16,0.0003477432387981966,98,42,12,13,0,13,23,14,16,19,8,11,6,8,7,9,0,13,26,30,0,13,2251,237,91890,6872,1050,112
2022,18097361100,1400000US18097361100,0.0076521739130434785,0.029597410063235605,0.0030266412189049164,2.784034100225995e-15,0.0038362690307688985,0.0006956521739130435,0.002690673642112328,0.00027514920171862876,2.530940091114541e-16,0.0003487517300698999,0.0006956521739130435,0.007101388762821095,0.0002951836364293752,1.7814297291000165e-15,0.00035094896615541583,635,134,34,54,48,35,107,95,61,55,36,28,50,31,13,19,39,33,213,95,34,34,3173,572,68459,22714,1719,174
2022,18097361200,1400000US18097361200,0.01391304347826087,1.0078289915585006,0.006788409951982851,1.7789529208388004e-24,0.006957242571070356,0.0006956521739130435,0.05039144957792503,0.00033942049759914255,8.894764604194002e-26,0.00034786212855351776,0.0006956521739130435,0.07504160237209162,0.00035751465518431296,1.679625103175427e-24,0.0003480073398198885,654,220,32,38,48,45,39,41,201,151,75,97,0,13,25,26,74,65,108,69,52,67,3247,424,61544,10941,1603,208
2022,18097361300,1400000US18097361300,0.01565217391304348,0.5531787843030468,0.006737962940265615,4.922804829290099e-17,0.007157028832947123,0.0007114624505928854,0.025144490195593037,0.00030627104273934613,2.237638558768227e-18,0.0003253194924066874,0.0010434782608695653,0.07080596653656471,0.00032444660131467084,3.809445219238202e-17,0.00035319304298330454,229,107,0,13,68,89,46,48,47,41,24,41,31,36,13,21,0,13,0,13,0,13,2210,382,62535,10100,1122,201
2022,18097361402,1400000US18097361402,0.005565217391304348,0.4109193670388188,0.0025916666227385698,2.674902406758421e-26,0.0026539684823193924,0.0006956521739130435,0.05136492087985235,0.0003239583278423212,3.343628008448026e-27,0.00033174606028992405,0.0006956521739130435,0.07155486974675501,0.0003292166792071235,2.5103175988271457e-26,0.0003472089450569376,733,268,137,149,36,41,59,91,218,154,52,87,58,69,57,106,0,18,116,132,0,18,5748,1057,70271,13774,2199,281
2022,18097361601,1400000US18097361601,0.004521739130434783,0.014716165925388037,0.00108569333197673,4.205873150459185e-11,0.002264195336139024,0.0007536231884057972,0.002452694320898006,0.00018094888866278832,7.009788584098642e-12,0.00037736588935650397,0.0010434782608695653,0.003673353302471937,0.0001985540892361125,1.4302463591458924e-11,0.0004949339656310113,100,88,0,18,14,22,0,18,0,18,0,18,6,10,0,18,0,18,80,86,0,18,5377,1142,88455,8391,2111,372
2022,18097370201,1400000US18097370201,0.0024347826086956524,0.005829778221536413,0.0006916450822058647,5.220183559145489e-51,0.0012930725938054134,0.0008115942028985508,0.0019432594071788045,0.00023054836073528823,1.7400611863818298e-51,0.0004310241979351378,0.0010434782608695653,0.003076457595836737,0.00023136835360600328,4.92841909403103e-51,0.000512041097128134,632,136,14,19,32,33,142,93,92,74,28,35,118,76,47,41,44,55,99,70,16,25,3354,393,51917,7730,1530,141
2022,18097370203,1400000US18097370203,0.00973913043478261,0.10897776164110012,0.0034738484395822077,5.910537583626791e-42,0.004701218428565296,0.0006956521739130435,0.007784125831507152,0.00024813203139872913,4.221812559733422e-43,0.0003358013163260926,0.0006956521739130435,0.011996732322773896,0.00026552770831736623,5.60435567065473e-42,0.0003479212176374045,814,324,0,13,76,62,186,139,33,51,31,45,0,13,0,13,62,52,410,315,16,26,4523,1138,36471,14986,1548,305
2022,18097370204,1400000US18097370204,0.0010434782608695653,0.0048437868748298085,0.00023586538479079233,2.973349303767024e-54,0.0005123610894365243,0.0010434782608695653,0.0048437868748298085,0.00023586538479079233,2.973349303767024e-54,0.0005123610894365243,0.0010434782608695653,0.0048437868748298085,0.00023586538479079233,2.973349303767024e-54,0.0005123610894365243,612,184,0,13,109,116,34,40,0,13,106,78,91,86,29,50,78,110,165,108,0,13,3348,589,44183,9719,1569,160
2022,18097370303,1400000US18097370303,0.0006956521739130435,0.000800217845148407,0.00022437360837646608,7.08719850635525e-55,0.00031812397747476434,0.0006956521739130435,0.000800217845148407,0.00022437360837646608,7.08719850635525e-55,0.00031812397747476434,0.0006956521739130435,0.000800217845148407,0.00022437360837646608,7.08719850635525e-55,0.00031812397747476434,610,188,0,18,0,18,84,73,60,53,98,104,33,53,76,69,68,78,81,63,110,111,7724,781,96270,15734,2472,279
2022,18097380200,1400000US18097380200,0.016695652173913045,0.5368561314332395,0.0056409456747211345,1.427360159228574e-17,0.00813093234688435,0.000725897920604915,0.02334157093187998,0.00024525850759657105,6.205913735776409e-19,0.0003535187976906239,0.0010434782608695653,0.040285982269825424,0.0003057536958975613,1.3466731082215516e-17,0.0005408174276001891,872,218,0,13,22,23,75,49,87,72,46,47,8,12,79,77,48,47,489,198,18,20,3378,671,34583,19724,1729,297
2022,18097380301,1400000US18097380301,0.009391304347826087,0.25850602604056355,0.0038973803550231305,1.497476222937709e-27,0.00456709168851152,0.000782608695652174,0.02154216883671363,0.00032478169625192754,1.2478968524480909e-28,0.00038059097404262665,0.0010434782608695653,0.047997377789880294,0.00033685690223715604,1.41280597094256e-27,0.00043167291739588595,245,143,10,17,12,21,0,13,0,13,0,13,44,65,14,21,19,29,146,122,0,13,2119,533,37969,6419,831,145
2022,18097380302,1400000US18097380302,0.008347826086956523,0.12679846298145292,0.003109079306831028,2.5085283858964978e-26,0.0036151656839776237,0.0008347826086956523,0.012679846298145291,0.00031090793068310277,2.5085283858964977e-27,0.0003615165683977624,0.0017391304347826088,0.025888354361441407,0.00032415157226801944,2.4941662779430225e-26,0.0006477589497236659,577,152,0,13,9,16,34,40,77,74,77,78,31,37,67,83,35,32,206,89,41,35,3031,456,38135,12767,1347,222
2022,18097380402,1400000US18097380402,0.01391304347826087,0.08971819309551904,0.00559955061794906,1.0048777930533538e-37,0.006891497299323656,0.0006956521739130435,0.004485909654775952,0.000279977530897453,5.024388965266769e-39,0.0003445748649661828,0.0006956521739130435,0.012487125956854557,0.0002948790031050685,9.02955760913701e-38,0.0004129755624949736,1451,279,0,13,117,63,196,102,189,85,267,190,101,83,78,47,60,48,419,166,24,35,4846,863,43448,12957,2353,251
2022,18097380403,1400000US18097380403,0.007304347826086957,0.08272052282835617,0.003052113821079548,6.572579394411381e-34,0.0034941365407795185,0.0007304347826086957,0.008272052282835616,0.0003052113821079548,6.572579394411381e-35,0.00034941365407795187,0.0010434782608695653,0.018026322955432512,0.00031361100213180096,5.5311312279883235e-34,0.0004740014251685631,390,140,0,13,15,24,76,55,69,54,96,82,0,13,32,28,13,21,64,61,25,27,3534,595,65516,9916,1625,228
2022,18097380404,1400000US18097380404,0.010086956521739132,0.09727286113380332,0.004234155246966606,7.365634707488213e-36,0.004605479189221101,0.000720496894409938,0.00694806150955738,0.0003024396604976147,5.261167648205867e-37,0.00032896279923007863,0.0010434782608695653,0.012665799320242454,0.00030650299160206034,5.270805880772441e-36,0.00048566094166143834,394,129,0,13,37,46,42,36,35,35,35,41,35,35,0,13,66,69,134,83,10,16,3974,600,56050,12316,1869,261
2022,18097380501,1400000US18097380501,0.0006956521739130435,0.00986862727300233,0.0002436894146390504,2.2989831557681073e-30,0.0003524287697025328,0.0006956521739130435,0.00986862727300233,0.0002436894146390504,2.2989831557681073e-30,0.0003524287697025328,0.0006956521739130435,0.00986862727300233,0.0002436894146390504,2.2989831557681073e-30,0.0003524287697025328,363,159,0,13,32,41,40,46,39,50,22,28,36,41,96,137,43,66,55,73,0,13,2472,613,45634,5967,1051,163
2022,18097380502,1400000US18097380502,0.002782608695652174,0.040603673111252306,0.0011826121001938636,1.819639583166371e-29,0.00129755690089865,0.0006956521739130435,0.010150918277813076,0.0002956530250484659,4.5490989579159275e-30,0.0003243892252246625,0.0006956521739130435,0.011109618468427581,0.00031731666055331576,1.8196393942896625e-29,0.00035677522825583647,1089,214,19,25,55,60,134,92,6,10,121,80,202,107,0,13,188,111,319,187,45,42,3975,719,38649,16286,1981,252
2022,18097380600,1400000US18097380600,0.004869565217391305,0.10253208677498411,0.0017416490900760819,1.0,0.0023573189715052983,0.0006086956521739131,0.012816510846873014,0.00021770613625951023,0.125,0.0002946648714381623,0.0006956521739130435,0.022936310550361563,0.0002596422544887142,1.0,0.0003618828803297598,1099,297,44,74,339,300,84,82,40,44,73,62,95,97,191,153,129,99,104,66,0,18,5973,1167,65049,10752,2344,361
2022,18097380700,1400000US18097380700,0.006260869565217392,0.14044210462618378,0.002204465692331192,3.7647702144550146e-32,0.0030676897249292978,0.0006956521739130435,0.015604678291798199,0.00024494063248124356,4.1830780160611276e-33,0.0003408544138810331,0.0006956521739130435,0.021675471241414782,0.0002541619761898533,3.5472344508171113e-32,0.00034801472330872726,1266,300,12,20,58,92,98,103,152,114,47,70,41,65,54,92,279,161,525,317,0,18,7113,998,55539,14423,2595,273
2022,18097380800,1400000US18097380800,0.006956521739130435,0.07541133399897129,0.0022281031412008847,3.9216838539613315e-31,0.0034880574579078563,0.0006956521739130435,0.0075411333998971295,0.00022281031412008846,3.921683853961331e-32,0.0003488057457907856,0.0006956521739130435,0.009195485764424676,0.00023750673965216543,2.913015624465342e-31,0.00035046962516879044,404,96,0,13,25,23,70,56,14,17,88,64,27,40,8,13,40,37,132,77,0,13,2789,537,53295,15097,1287,234
2022,18097380902,1400000US18097380902,0.00973913043478261,0.0765167771020544,0.0035981363538053054,7.191420056508571e-41,0.004603175444770365,0.0006956521739130435,0.005465484078718171,0.0002570097395575218,5.1367286117918364e-42,0.00032879824605502606,0.0006956521739130435,0.009691204502133066,0.00027303583957763976,6.47351446355768e-41,0.00034825732667080394,866,145,11,18,99,87,112,86,43,47,292,146,35,43,84,77,70,51,107,87,13,20,6037,793,67269,10760,2645,296
2022,18097381002,1400000US18097381002,0.0076521739130434785,0.044886145653686725,0.0021851234706002144,1.2613265074541504e-35,0.0038280800638196594,0.0006956521739130435,0.0040805586957897025,0.00019864758823638312,1.1466604613219549e-36,0.00034800727852905995,0.0006956521739130435,0.005840428428791867,0.00021079990326381554,9.429434738025821e-36,0.00034803384728522476,138,59,0,13,10,17,15,20,19,16,6,10,3,5,0,13,65,57,5,7,15,16,3632,889,84034,23190,1515,206
2022,18097381003,1400000US18097381003,0.004173913043478261,0.005546337478442407,0.0010904546989621059,4.428664016229209e-41,0.002089190684963505,0.0006956521739130435,0.0009243895797404013,0.00018174244982701766,7.381106693715348e-42,0.0003481984474939175,0.0006956521739130435,0.0019792441983601103,0.00018669746761549954,3.867429395913415e-41,0.0003485955806304682,891,175,57,58,35,30,129,81,80,72,148,81,112,148,115,92,77,53,129,67,9,10,3513,393,48375,8864,1640,191
2022,18097381004,1400000US18097381004,0.004869565217391305,0.025582887053341805,0.0013486205830001484,5.598956736421249e-41,0.0024267637202254905,0.0006956521739130435,0.0036546981504774006,0.00019266008328573547,7.998509623458927e-42,0.0003466805314607844,0.0006956521739130435,0.014753562675864572,0.0002277711594584168,4.895607876769936e-41,0.0003481347515123958,1236,300,0,13,119,78,115,92,125,101,201,117,67,81,168,130,67,69,363,246,11,19,3397,811,35482,13453,1688,239
2022,18097381101,1400000US18097381101,0.004869565217391305,0.09967710508002783,0.0016530417546578048,2.0248513122873032e-38,0.0024320968914910233,0.0006956521739130435,0.014239586440003976,0.00023614882209397212,2.8926447318390047e-39,0.0003474424130701462,0.0006956521739130435,0.019156697225499984,0.00024387574615694253,1.8456994055000832e-38,0.00034802432202665545,902,166,69,74,84,96,51,58,99,125,196,126,187,144,89,98,14,23,113,76,0,18,5782,727,83581,15473,2672,341
2022,18097381102,1400000US18097381102,0.0034782608695652175,0.06272621100723125,0.0011461550808221886,3.3202357814221574e-42,0.0017319031470004013,0.0006956521739130435,0.01254524220144625,0.00022923101616443772,6.640471562844314e-43,0.00034638062940008026,0.0006956521739130435,0.016639375510574567,0.00023440114765891178,3.141451310181554e-42,0.00034793866445430175,465,181,13,22,67,78,32,29,98,101,56,59,123,122,32,37,0,18,38,45,6,20,7315,943,60083,9472,2768,379
2022,18097381203,1400000US18097381203,0.008347826086956523,0.0660640827811564,0.0024219309516738735,2.4745566464417995e-45,0.004131478478300621,0.0006956521739130435,0.005505340231763033,0.00020182757930615612,2.0621305387014995e-46,0.00034428987319171843,0.0006956521739130435,0.014125442497957701,0.00022564489891294272,1.514931246260187e-45,0.0003553068216900858,826,204,36,36,24,34,34,34,135,114,83,66,118,76,207,192,62,48,126,81,1,20,3198,518,42835,14417,1279,211
2022,18097381204,1400000US18097381204,0.009043478260869566,0.08073123354815286,0.002710344742002056,2.4303194624795468e-48,0.004422500977283986,0.0006956521739130435,0.00621009488831945,0.00020848805707708123,1.8694765095996512e-49,0.0003401923828679989,0.0010434782608695653,0.012245680917370124,0.00021950945736840457,1.6338466788055085e-48,0.0004569769567536373,1380,173,24,25,75,61,105,60,178,80,91,52,67,47,106,71,198,88,496,163,40,45,3156,517,29470,5659,1784,153
2022,18097381205,1400000US18097381205,0.0020869565217391307,0.004812199328310792,0.0006986531857310447,1.305426188389261e-54,0.0010477783810205997,0.0006956521739130435,0.0016040664427702642,0.00023288439524368158,4.351420627964203e-55,0.0003492594603401999,0.0006956521739130435,0.0022776920516777103,0.00023551972219229767,1.231962874047693e-54,0.0003500460450485191,1509,262,83,66,158,102,160,90,176,98,372,235,83,63,72,60,120,78,276,141,9,18,7163,915,59256,23536,2628,228
2022,18097390102,1400000US18097390102,0.006608695652173913,0.10737611569997882,0.002309398834599799,1.3766009243484877e-35,0.0033704961134645305,0.0008260869565217392,0.013422014462497352,0.00028867485432497485,1.7207511554356096e-36,0.0004213120141830663,0.0010434782608695653,0.018564763547245167,0.00031374717752432376,1.2260842307651005e-35,0.00046720034173184126,1655,638,0,18,100,93,61,56,276,173,142,119,504,587,67,64,147,121,316,159,42,65,5911,1089,42929,9420,2759,626
2022,18097390405,1400000US18097390405,0.004869565217391305,0.02222480409064779,0.0016682119381440808,2.276918499091479e-51,0.0024332385466122233,0.0006956521739130435,0.003174972012949684,0.00023831599116344013,3.2527407129878273e-52,0.000347605506658889,0.0006956521739130435,0.005197301140661402,0.0002465466469628952,2.151033958923759e-51,0.00034782632272146465,1197,270,182,126,107,87,309,209,92,77,182,136,152,107,69,65,10,18,94,72,0,13,4121,402,85793,18408,2037,244
2022,18097390410,1400000US18097390410,0.0020869565217391307,0.019635593476748057,0.0007574155609260222,1.337724767596153e-47,0.0010331019558439758,0.0006956521739130435,0.0065451978255826855,0.0002524718536420074,4.459082558653843e-48,0.00034436731861465863,0.0006956521739130435,0.00721890411787843,0.00025550548802674364,1.2637296726742362e-47,0.0003462766355140509,206,52,43,69,26,29,38,48,39,50,0,13,9,10,0,13,8,14,35,32,8,13,1827,260,89698,23890,771,58
2022,18097390411,1400000US18097390411,0.004173913043478261,0.04295458533781126,0.0013260119666307754,6.618956799574474e-41,0.0017404749720349008,0.0008347826086956523,0.008590917067562253,0.0002652023933261551,1.3237913599148948e-41,0.00034809499440698017,0.001391304347826087,0.009913406553508215,0.0002718713512095975,6.476756727953045e-41,0.0004809201198515068,533,226,0,13,54,54,82,64,67,51,20,32,27,33,36,41,171,146,76,121,0,13,4254,674,58333,12011,1739,173
2022,18097390500,1400000US18097390500,0.018086956521739132,0.37792732443798976,0.0068869634171466595,3.169040923862157e-15,0.008370929596113972,0.0007536231884057972,0.015746971851582907,0.0002869568090477775,1.3204337182758988e-16,0.0003487887331714155,0.001391304347826087,0.03161889201537019,0.000302946099546621,1.818102546593413e-15,0.0005804567519772697,555,152,11,17,13,20,111,91,75,70,34,34,52,63,24,22,70,61,125,77,40,38,3008,545,44074,10240,1488,193
2022,18097390602,1400000US18097390602,0.004869565217391305,0.02200853226831261,0.0014828052738465086,3.858344820771924e-43,0.002061613346149812,0.0008115942028985508,0.003668088711385435,0.00024713421230775144,6.43057470128654e-44,0.000343602224358302,0.001391304347826087,0.019283531511905844,0.00024973285089818407,3.612253426082815e-43,0.0005214049082490463,1518,259,29,45,94,76,306,242,169,156,241,122,154,130,45,44,155,119,313,137,12,16,3200,473,57593,10339,1942,247
2022,18097390700,1400000US18097390700,0.006956521739130435,0.15883380230552782,0.0024120779083908143,1.089111650469155e-09,0.0034614171583192146,0.0006956521739130435,0.01588338023055278,0.00024120779083908143,1.089111650469155e-10,0.00034614171583192147,0.0006956521739130435,0.026660494387461802,0.0002838822795202687,9.63482679838313e-10,0.0003477779947008231,418,110,26,41,67,64,14,21,11,17,58,53,0,13,5,10,49,48,135,88,53,72,3474,828,56056,5987,1529,253
2022,18097390801,1400000US18097390801,0.0020869565217391307,0.007982693413209887,0.00043571638919358193,9.986020746248188e-42,0.00093088363185708,0.0006956521739130435,0.002660897804403296,0.00014523879639786064,3.3286735820827295e-42,0.00031029454395236,0.0006956521739130435,0.00420453238933769,0.00014817432230430596,8.946043435538493e-42,0.00032001178907766105,0,13,0,13,0,13,0,13,0,13,0,13,0,13,0,13,0,13,0,13,0,13,0,13,-,**,0,13
2022,18097390802,1400000US18097390802,0.010434782608695653,0.01657934706968019,0.0025227505220528127,1.744499110460287e-43,0.004505782261517289,0.000802675585284281,0.0012753343899753991,0.00019405773246560098,1.3419223926617594e-44,0.0003465986355013299,0.001391304347826087,0.003280747935009531,0.00023334925987245558,1.2270277110559643e-43,0.0004732705027243736,668,131,16,25,66,45,65,53,86,63,10,16,120,75,21,33,140,117,131,93,13,13,4556,756,67724,10517,1658,138
2022,18097390900,1400000US18097390900,0.01634782608695652,0.3223011709176727,0.007502963548952415,0.008750927846803848,0.0072708781919315815,0.0007107750472589791,0.0140130943877249,0.00032621580647619196,0.00038047512377408036,0.000316125138779634,0.0010434782608695653,0.028967232458927114,0.0003515764029016668,0.006258498829198269,0.00045466079848632325,850,282,135,168,78,50,66,45,105,76,34,31,63,41,62,80,65,42,213,209,29,33,3170,532,77991,33275,1838,281
2022,18097391001,1400000US18097391001,0.02365217391304348,0.7751247062620394,0.00911946515068227,0.0388527023939744,0.010164159974052988,0.000815592203898051,0.026728438146966876,0.00031446431554076797,0.0013397483584129102,0.00035048827496734445,0.0020869565217391307,0.1481194517563765,0.0004060410607193341,0.013824640073016746,0.0005169071258593085,433,91,0,13,0,13,160,91,0,13,86,68,0,13,27,37,39,46,89,71,32,40,1689,277,51205,34245,556,110
2022,18097391002,1400000US18097391002,0.03304347826086957,1.1385942936673625,0.010810555510253162,2.739094284534021,0.015368470446411304,0.0008695652173913045,0.02996300772808849,0.000284488302901399,0.07208142854036897,0.0004044334328002975,0.004173913043478261,0.15535408913497323,0.0004078328164257432,1.0,0.0012104739812392076,2994,408,99,76,736,318,562,238,283,196,148,117,180,135,88,99,285,214,397,146,216,95,5735,917,92188,16848,3834,520
2023,18081610201,1400000US18081610201,0.002224694104560623,0.001131326267564026,0.0005271002451678186,3.2466334885377793e-69,0.0011085686174408835,0.0007415647015202076,0.00037710875585467537,0.0001757000817226062,1.0822111628459264e-69,0.0003695228724802945,0.0007415647015202076,0.0008493886492189916,0.0001768301378056308,3.039545931588078e-69,0.00037064492216456633,,,,,,,,,,,,,,,,,,,,,,,,,,,,
2023,18081610300,1400000US18081610300,0.002224694104560623,0.019026525791378267,0.0003992527701906132,1.4679277974426563e-47,0.000940067913435774,0.0011123470522803114,0.009513262895689134,0.0001996263850953066,7.339638987213282e-48,0.000470033956717887,0.0014831294030404152,0.009633877184122595,0.0002004291380078767,1.386119610846237e-47,0.0006318591911831071,,,,,,,,,,,,,,,,,,,,,,,,,,,,
2023,18097310104,1400000US18097310104,0.017055988134964777,0.3010304338593602,0.004897498347804918,2.691594937609737e-47,0.008330663106068382,0.0007752721879529444,0.013683201539061827,0.0002226135612638599,1.2234522443680622e-48,0.00037866650482129007,0.0011123470522803114,0.02045835630093444,0.0002273959751056203,2.4660372739060895e-47,0.0006841542221295482,1034,291,37,44,247,229,161,123,207,165,0,13,194,150,21,33,0,13,126,99,41,41,3081,388,70062,13059,2170,300
2023,18097310105,1400000US18097310105,0.024100852799406748,0.5213633072905492,0.006806895224221387,1.7396393280741458e-46,0.011309514399269152,0.0007774468644969919,0.016818171202920944,0.0002195772652974641,5.611739767981116e-48,0.0003648230451377146,0.0011123470522803114,0.030582529879886324,0.00023116496995363245,1.2193540634072043e-46,0.0006840776511417587,836,364,0,13,85,79,46,45,27,30,92,61,311,355,66,51,132,87,77,68,0,13,4263,679,59895,11913,1958,360
2023,18097310106,1400000US18097310106,0.010011123470522803,0.223072069306593,0.0029072484623205793,4.606268808194764e-44,0.004756656661498147,0.0007700864208094464,0.017159389946661,0.00022363449710158302,3.543283698611357e-45,0.00036589666626908824,0.0011123470522803114,0.03449554896142434,0.00022879507189123386,4.2236850593966055e-44,0.00049736777981122,2098,235,139,157,231,139,397,163,340,184,213,180,145,124,91,95,106,79,403,181,33,39,4292,565,60417,9476,2348,234
2023,18097310110,1400000US18097310110,0.0014831294030404152,0.015019573347240422,0.0005293354488092964,9.066168229085977e-40,0.0007089178972276,0.0007415647015202076,0.007509786673620211,0.0002646677244046482,4.533084114542989e-40,0.0003544589486138,0.0007415647015202076,0.009797125941671645,0.00026679966334217564,7.549017399002213e-40,0.0003590262370673784,581,148,13,21,17,29,105,79,152,100,63,54,73,48,24,38,32,32,102,71,0,13,2283,286,61222,9193,1416,115
2023,18097310111,1400000US18097310111,0.011123470522803113,0.13183797288044344,0.003572720646263701,1.2812543305628788e-33,0.0052673438110839065,0.0008556515786771625,0.01014138252926488,0.0002748246650972078,9.855802542791376e-35,0.0004051802931603005,0.0011123470522803114,0.02497632640876206,0.0002839899744191755,7.513608623605224e-34,0.0005669726149168284,857,187,15,24,2,4,115,79,175,99,217,162,72,71,0,13,114,104,140,77,7,14,3263,374,52958,11252,1647,105
2023,18097310112,1400000US18097310112,0.004449388209121246,0.011558617168873207,0.0011630335116991017,2.010961678835748e-65,0.0022239890777479535,0.0007415647015202076,0.0019264361948122012,0.00019383891861651694,3.35160279805958e-66,0.0003706648462913256,0.0007415647015202076,0.0035878968718952484,0.00019938570952446888,1.8509636965454086e-65,0.0003739854494982647,118,85,0,18,0,18,0,18,18,28,19,32,8,13,32,40,0,18,0,18,41,62,6111,847,147944,27770,2523,309
2023,18097310201,1400000US18097310201,0.02521319985168706,0.37861361508391017,0.007191459838004796,1.3531555878846544e-37,0.012564759894094195,0.0007415647015202076,0.011135694561291475,0.00021151352464719988,3.9798693761313364e-39,0.00036955176159100573,0.0007415647015202076,0.023666943928246465,0.00023796635643101894,1.2397814062932982e-37,0.00037118233827744356,613,131,0,13,127,101,83,81,30,25,72,63,42,57,63,76,76,86,120,113,0,13,4613,646,70339,12920,1781,138
2023,18097310203,1400000US18097310203,0.008898776418242492,0.2703373294208644,0.002763774276486918,2.8678285668826986e-36,0.00444762336237331,0.0007415647015202076,0.022528110785072036,0.0002303145230405765,2.3898571390689157e-37,0.0003706352801977758,0.0007415647015202076,0.02642553161057071,0.00025242578919448447,2.632020574483204e-36,0.00037064897627928756,996,238,64,98,54,59,55,88,115,94,33,41,160,143,74,67,85,85,331,190,25,40,5265,833,58571,14452,2271,234
2023,18097310204,1400000US18097310204,0.008898776418242492,0.13609940267733464,0.0026610894890506977,4.061989271231861e-31,0.004447736413536289,0.0007415647015202076,0.011341616889777887,0.00022175745742089147,3.384991059359884e-32,0.0003706447011280241,0.0007415647015202076,0.0167114741184017,0.00023218737471496475,3.6391324196538237e-31,0.00037064492216456633,606,175,0,18,98,74,49,51,0,18,12,16,84,54,9,20,59,103,228,108,67,70,5280,929,92725,27914,1825,149
2023,18097310305,1400000US18097310305,0.008898776418242492,0.05104679999427873,0.002542909661354451,6.207336758522411e-38,0.003973346664344437,0.0008898776418242492,0.005104679999427873,0.0002542909661354451,6.207336758522411e-39,0.0003973346664344437,0.0014831294030404152,0.009218534936609422,0.00026410711311846037,2.724568423541035e-38,0.0005439424416970539,1843,245,75,86,105,101,224,184,369,240,354,248,152,144,165,151,286,216,113,92,0,18,6784,983,46388,3620,2824,226
2023,18097310306,1400000US18097310306,0.028921023359288096,0.625671469966813,0.0096200266488245,2.5526395998911692e-20,0.013572496905157065,0.0008033617599802249,0.017379763054633693,0.0002672229624673472,7.090665555253248e-22,0.0003770138029210296,0.0014831294030404152,0.11895764132547174,0.0003189447634837544,2.0482599963717675e-20,0.0007008673888915925,2165,533,95,94,174,187,372,228,542,465,28,46,147,148,9,33,36,54,528,254,234,193,8597,1266,55060,5585,3222,475
2023,18097310308,1400000US18097310308,0.0029662588060808304,0.11083201579070712,0.00103925977261005,6.273031320078219e-32,0.0014822734513446091,0.0007415647015202076,0.02770800394767678,0.0002598149431525125,1.5682578300195547e-32,0.0003705683628361523,0.0007415647015202076,0.028505543581229392,0.0002645524200718234,5.757490368438083e-32,0.0003706277900616402,239,126,0,13,0,13,19,32,122,94,0,13,42,69,0,13,38,46,18,22,0,13,3414,452,67122,6082,1260,99
2023,18097310309,1400000US18097310309,0.0029662588060808304,0.08641346743111646,0.0008867319302266706,1.905073953835615e-40,0.001482057223810488,0.0007415647015202076,0.021603366857779114,0.00022168298255666766,4.762684884589037e-41,0.000370514305952622,0.0007415647015202076,0.02226605779143548,0.00022444117308284596,1.7536361430433146e-40,0.0003707141111258665,988,216,51,72,74,79,238,121,76,62,175,157,8,14,70,66,77,62,190,119,29,47,3103,497,41950,15889,1818,139
2023,18097310312,1400000US18097310312,0.008898776418242492,0.32632697722164095,0.00305422691273593,2.0296128472790146e-25,0.004423348984729081,0.0007415647015202076,0.02719391476847008,0.00025451890939466083,1.6913440393991787e-26,0.0003686124153940901,0.0007415647015202076,0.03196388667923146,0.00028743314457197237,1.8627268647559875e-25,0.00037088372025159433,1648,315,0,18,128,126,180,191,274,263,118,114,197,194,96,95,294,258,361,216,0,18,5680,666,55773,5850,2957,266
2023,18097320105,1400000US18097320105,0.003337041156840934,0.06928211255719896,0.0006925728840317019,3.169158531361203e-56,0.0014861212536708803,0.0011123470522803114,0.02309403751906632,0.0002308576280105673,1.056386177120401e-56,0.0004953737512236267,0.0014831294030404152,0.026620824985229222,0.00023104845510220373,2.5824097777270854e-56,0.0007071772188755254,892,190,0,13,132,121,213,108,144,130,132,103,32,31,48,55,20,38,150,128,21,33,4623,544,83429,11396,1997,126
2023,18097320106,1400000US18097320106,0.0007415647015202076,0.018532928663456155,0.00023122337474589845,4.24097341915625e-58,0.0003215061315331838,0.0007415647015202076,0.018532928663456155,0.00023122337474589845,4.24097341915625e-58,0.0003215061315331838,0.0007415647015202076,0.018532928663456155,0.00023122337474589845,4.24097341915625e-58,0.0003215061315331838,823,458,8,22,0,13,107,78,380,485,25,29,12,19,25,38,0,13,261,94,5,9,3745,1497,71721,10044,1445,466
2023,18097320107,1400000US18097320107,0.0007415647015202076,0.01883769635235986,0.00023226701487830508,2.4010596129017763e-53,0.00025746252348725574,0.0007415647015202076,0.01883769635235986,0.00023226701487830508,2.4010596129017763e-53,0.00025746252348725574,0.0007415647015202076,0.01883769635235986,0.00023226701487830508,2.4010596129017763e-53,0.00025746252348725574,154,110,5,9,73,99,16,20,15,25,0,13,7,10,0,13,0,13,10,10,28,23,2014,487,119265,24550,899,118
2023,18097320108,1400000US18097320108,0.018909899888765295,0.31730222282368914,0.0054981715000552624,1.7140712586402117e-48,0.008793782550131682,0.0007879124953652206,0.013220925950987047,0.00022909047916896928,7.141963577667549e-50,0.00036640760625548675,0.0011123470522803114,0.02928080326640547,0.00023427423177060537,1.1069097560434012e-48,0.0005864118768320076,1895,248,171,127,63,71,72,67,271,130,239,147,109,86,102,99,147,141,672,234,49,77,4783,704,47679,17490,2535,177
2023,18097320109,1400000US18097320109,0.002224694104560623,0.06515468335517319,0.0007026352861719174,5.666744751756206e-57,0.0010188267072321583,0.0007415647015202076,0.02171822778505773,0.0002342117620573058,1.8889149172520685e-57,0.0003396089024107194,0.0007415647015202076,0.023434654836839264,0.00023616329839026406,5.408674055403341e-57,0.00035218358546948116,153,73,4,8,0,13,0,13,59,60,43,29,0,13,4,7,16,24,0,13,27,26,2670,411,74688,28982,1379,318
2023,18097320202,1400000US18097320202,0.020763811642565813,0.48664674674245156,0.00639521609507266,9.755648169344176e-41,0.0098709751411133,0.0007415647015202076,0.017380240955087556,0.00022840057482402358,3.4841600604800627e-42,0.00035253482646833214,0.0007415647015202076,0.03324470864979112,0.0002546795028365269,8.551709210389711e-41,0.0004316217872720418,947,260,48,61,103,72,56,57,85,92,94,64,74,75,194,186,85,90,175,82,33,39,5068,655,94500,28770,2876,348
2023,18097320205,1400000US18097320205,0.004449388209121246,0.12076474685027547,0.0009984572484435022,2.824584187652297e-45,0.0022422546913983743,0.0011123470522803114,0.030191186712568867,0.00024961431211087555,7.061460469130743e-46,0.0005605636728495936,0.0014831294030404152,0.04711755230836769,0.0002526014498145154,2.162397516020205e-45,0.0007324299092807036,1197,148,41,47,119,71,218,101,299,108,111,79,115,72,41,45,43,45,104,66,106,92,1885,266,69085,8435,1632,176
2023,18097320206,1400000US18097320206,0.005190952910641453,0.12792321174532864,0.0014143896452243842,1.395094363219157e-46,0.0024825580548701915,0.0008651588184402422,0.021320535290888107,0.00023573160753739735,2.325157272031928e-47,0.0004137596758116986,0.0011123470522803114,0.029213275768548198,0.0002441510152696689,1.315075376821822e-46,0.0005720537788884734,1053,325,0,13,61,74,126,121,74,67,249,303,72,74,53,56,63,50,340,163,15,25,2712,542,41453,5685,1855,324
2023,18097320301,1400000US18097320301,0.0014831294030404152,0.052712707492334046,0.0004988015118240499,6.977822343856427e-41,0.0006852806544303412,0.0007415647015202076,0.026356353746167023,0.00024940075591202497,3.4889111719282134e-41,0.0003426403272151706,0.0007415647015202076,0.03342198552298466,0.000255595239970832,6.977821543928487e-41,0.0003654262739426041,341,89,31,35,40,36,48,46,31,35,49,54,46,62,34,32,13,22,49,37,0,13,3767,520,82535,23060,1899,204
2023,18097320305,1400000US18097320305,0.009640341119762698,0.12207995145721866,0.003182522621343939,1.5172883526289147e-40,0.0043735707148582145,0.0007415647015202076,0.009390765496709128,0.00024480943241107225,1.1671448866376267e-41,0.00033642851652755494,0.0007415647015202076,0.018997781907361625,0.0002491689255712179,1.3945873018822072e-40,0.0003695631534802265,90,48,0,13,0,13,42,46,0,13,0,13,34,38,14,22,0,13,0,13,0,13,2804,347,129202,29390,1052,127
2023,18097320306,1400000US18097320306,0.010381905821282907,0.15211524729642456,0.0033911892668710944,1.628646778336095e-38,0.004813804288904757,0.0007415647015202076,0.010865374806887469,0.00024222780477650674,1.163319127382925e-39,0.00034384316349319693,0.0007415647015202076,0.018892708570573527,0.0002490268028588482,1.4969265297418197e-38,0.0003693639293606098,1318,222,0,13,184,109,72,74,168,118,320,206,157,128,25,29,130,150,208,127,54,86,4116,387,71838,18413,2361,251
2023,18097320400,1400000US18097320400,0.004449388209121246,0.0492190190441297,0.0014896909481687363,3.104707862952421e-35,0.0021987343835922586,0.0007415647015202076,0.008203169840688284,0.0002482818246947894,5.174513104920702e-36,0.00036645573059870975,0.0007415647015202076,0.010049081901090233,0.00025332903209180035,2.828733429473644e-35,0.0003688774183589984,676,213,62,81,48,57,39,27,58,53,102,90,37,38,71,50,22,34,237,173,0,13,3148,521,74375,15376,1556,199
2023,18097320500,1400000US18097320500,0.008157211716722283,0.272380758266411,0.0028295273339025437,7.2517730785340835e-31,0.0037479610939414607,0.0007415647015202076,0.024761887115128275,0.00025722975762750396,6.592520980485531e-32,0.00034072373581286005,0.0007415647015202076,0.03534273712191478,0.0002658078794992827,6.609419895163961e-31,0.0003670297634716265,671,145,0,13,0,13,52,44,104,65,73,43,187,128,49,39,41,42,165,107,0,13,3206,512,71481,38073,1561,218
2023,18097320600,1400000US18097320600,0.008157211716722283,0.19545359774405896,0.002800098275253135,1.0025154056547471e-29,0.003684495390314121,0.0007415647015202076,0.017768508885823542,0.0002545543886593759,9.113776415043155e-31,0.0003349541263921928,0.0007415647015202076,0.023286396908753434,0.00027032599455143754,9.405179707620389e-30,0.00036535439004949826,280,87,0,13,27,33,81,50,20,19,52,59,21,19,9,16,40,58,30,40,0,13,2579,521,68813,25387,1139,91
2023,18097320700,1400000US18097320700,0.001853911753800519,0.021018243151804016,0.0006275878597874686,1.4137316948381612e-34,0.0010679347909681592,0.00046347793845012973,0.005254560787951004,0.00015689696494686716,3.534329237095403e-35,0.0002669836977420398,0.0007415647015202076,0.021018243151804016,0.0002600279483363464,1.4137316948381612e-34,0.0003563739336887848,540,130,55,64,49,37,77,57,82,41,81,48,56,34,51,58,24,30,65,39,0,13,2181,294,125757,17463,1357,126
2023,18097320800,1400000US18097320800,0.009640341119762698,0.11872296837127527,0.0028321762068421567,6.875262173484148e-53,0.0048567358627104006,0.0007415647015202076,0.009132536028559636,0.00021785970821862745,5.288663210372422e-54,0.0003735950663623385,0.0007415647015202076,0.024178695088179086,0.00023887381793806842,5.679669509098916e-53,0.00043178583877671926,67,29,9,13,1,2,0,13,12,12,9,12,8,11,0,13,0,13,7,9,21,17,2901,213,193438,25027,1273,103
2023,18097320901,1400000US18097320901,0.011865035224323322,0.2291230007184596,0.003805571832320803,1.9957358773307202e-30,0.00578133548850331,0.0007415647015202076,0.014320187544903724,0.0002378482395200502,1.2473349233317001e-31,0.0003613334680314569,0.0007415647015202076,0.019106155977242547,0.0002485064023505075,1.0086754717898024e-30,0.00037037774314406757,766,215,35,31,61,72,57,61,51,52,112,104,188,123,17,28,24,38,221,198,0,18,6126,810,86711,12136,2695,284
2023,18097320902,1400000US18097320902,0.008898776418242492,0.14117936843773005,0.0027589547539821485,1.7393916948363422e-40,0.004427587675458104,0.0007415647015202076,0.011764947369810838,0.00022991289616517904,1.449493079030285e-41,0.00036896563962150866,0.0007415647015202076,0.01556323159373697,0.0002346197879991679,1.6228170646582028e-40,0.0003705233258738454,1070,197,67,80,45,45,125,116,80,60,63,54,118,91,15,23,184,111,346,174,27,33,4186,657,49325,11066,2022,130
2023,18097320903,1400000US18097320903,0.002224694104560623,0.04567224380534917,0.0006835335077787713,1.9235163552565167e-35,0.0011116370025495651,0.0007415647015202076,0.015224081268449723,0.0002278445025929238,6.411721184188389e-36,0.0003705456675165217,0.0007415647015202076,0.01575192350220984,0.00023536519829004933,1.775127102731942e-35,0.00037064484809824316,1284,303,67,101,116,103,50,45,179,110,52,54,126,144,108,104,36,44,468,305,82,108,5240,933,44744,20678,2389,321
2023,18097321001,1400000US18097321001,0.007415647015202076,0.14900898239498994,0.0023477000177815665,9.933671806247305e-26,0.0037060146548678645,0.0007415647015202076,0.014900898239498995,0.00023477000177815665,9.933671806247305e-27,0.00037060146548678646,0.0007415647015202076,0.01907589925722503,0.00024404994647382307,8.928894325467164e-26,0.00037064484727010515,254,185,0,13,110,153,32,48,0,13,14,20,0,13,0,13,49,76,43,55,6,11,3052,539,77589,12726,1156,186
2023,18097321002,1400000US18097321002,0.004449388209121246,0.17405146099615393,0.0016475741890961868,5.9258119897881925e-18,0.0020663017838304714,0.0007415647015202076,0.029008576832692323,0.0002745956981826978,9.876353316313654e-19,0.0003443836306384119,0.0007415647015202076,0.055056548892842436,0.00031716515913406823,5.018417573246102e-18,0.0003699294243095202,314,127,0,13,3,5,48,45,17,25,31,27,52,64,15,23,27,30,92,91,29,32,4830,1095,102460,14463,2075,283
2023,18097321100,1400000US18097321100,0.007415647015202076,0.1749008954888881,0.002466640777245065,2.031689185098533e-21,0.003622863143797453,0.0007415647015202076,0.01749008954888881,0.0002466640777245065,2.031689185098533e-22,0.0003622863143797453,0.0007415647015202076,0.021128955240959018,0.0002553760765511098,1.830451840508777e-21,0.00037061972138642746,279,78,3,5,23,25,23,21,8,11,54,34,28,29,5,5,7,7,65,42,63,57,3790,520,92885,22425,1678,170
2023,18097321200,1400000US18097321200,0.011865035224323322,0.20234662868623124,0.00301740126577524,2.962454396786308e-28,0.005701209275030755,0.0007415647015202076,0.012646664292889452,0.0001885875791109525,1.8515339979914425e-29,0.00035632557968942217,0.0011123470522803114,0.025159700469474272,0.00025769625954838254,2.5025648135029354e-28,0.0005028112955807723,414,143,26,32,18,31,53,44,139,82,36,45,49,53,0,13,27,43,66,75,0,13,4990,981,137790,19833,2169,222
2023,18097321300,1400000US18097321300,0.0029662588060808304,0.05368381067435078,0.0009934367145846513,9.664116299267608e-33,0.0013164076723642783,0.0007415647015202076,0.013420952668587696,0.00024835917864616283,2.416029074816902e-33,0.0003291019180910696,0.0007415647015202076,0.01389168534331475,0.000250414632178321,9.050045872900034e-33,0.00035498334808245225,526,105,7,14,114,92,102,60,53,42,124,79,55,44,10,15,18,19,43,33,0,13,2565,362,110300,20004,1396,136
2023,18097321400,1400000US18097321400,0.011123470522803115,0.3780593669854075,0.0034454728972223665,2.233113607618582e-28,0.005918943812960624,0.0008556515786771626,0.029081489768108267,0.0002650363767094128,1.71777969816814e-29,0.0004553033702277403,0.0011123470522803114,0.0488864701850281,0.00028504147903265446,1.5464657986386146e-28,0.0005940978822125749,1295,303,19,31,143,121,142,150,108,105,348,239,72,70,80,73,0,18,205,166,178,181,5263,682,74773,17250,2658,281
2023,18097321600,1400000US18097321600,0.005932517612161661,0.07161091728472894,0.002359697143912208,1.0832223394221544e-22,0.0027059573216428067,0.0007415647015202076,0.008951364660591118,0.000294962142989026,1.354027924277693e-23,0.00033824466520535084,0.0007415647015202076,0.05137976144501694,0.0002974696517758436,1.0297655958049637e-22,0.00035955241075615756,940,293,47,53,6,17,34,45,152,106,54,85,65,57,273,213,133,189,152,129,24,41,5771,1198,57695,10803,2626,347
2023,18097321700,1400000US18097321700,0.010381905821282907,0.5406910249766473,0.003534020499816369,1.3030324847602859e-18,0.005086254280255125,0.0008651588184402422,0.04505758541472061,0.00029450170831803077,1.0858604039669048e-19,0.00042385452335459375,0.0014831294030404152,0.07414771404062175,0.00029955617497830976,1.2462765450894204e-18,0.0006433185346692437,553,205,17,27,0,13,64,54,46,39,0,13,36,42,101,112,135,86,154,125,0,13,3856,555,108429,19880,2152,216
2023,18097321800,1400000US18097321800,0.006303299962921765,0.1374790632666182,0.001594987417006358,6.855916664888302e-16,0.003281379695445938,0.0007879124953652206,0.017184882908327277,0.00019937342712579475,8.569895831110377e-17,0.00041017246193074224,0.0011123470522803114,0.03925882771896973,0.0002974561814777923,6.569758388672293e-16,0.0005027088921060918,278,71,23,24,32,35,35,31,25,23,19,23,51,49,12,18,16,19,53,49,12,19,3326,553,139023,23162,1494,127
2023,18097321900,1400000US18097321900,0.011123470522803113,0.20346365177705972,0.0034781825347409054,3.550472125430805e-20,0.005361396885205482,0.000794533608771651,0.014533117984075694,0.00024844160962435037,2.5360515181648607e-21,0.00038295692037182015,0.0014831294030404152,0.027592065697791483,0.00025326093522197446,3.022661958610828e-20,0.0006447905114138697,264,91,0,18,12,20,12,18,16,29,22,23,21,26,0,18,0,18,146,78,35,33,5287,625,144844,32020,1271,131
2023,18097322000,1400000US18097322000,0.010381905821282907,0.41940499151528227,0.0038555359745850192,8.978039323328794e-12,0.00498915458844465,0.0007415647015202076,0.029957499393948733,0.0002753954267560728,6.412885230949138e-13,0.00035636818488890353,0.0007415647015202076,0.05455483746273381,0.0003141466805021121,8.46773084457343e-12,0.0003695896493404437,710,281,10,16,10,15,125,91,214,254,18,26,70,57,0,13,51,39,177,82,35,24,3605,592,59311,9631,1883,272
2023,18097322100,1400000US18097322100,0.006303299962921765,0.3529393670000774,0.002156992990373287,6.505092107549206e-08,0.0025531736051260276,0.0009004714232745378,0.050419909571439624,0.0003081418557676124,9.292988725070295e-09,0.00036473908644657537,0.0014831294030404152,0.07689309879057471,0.00031456645488851944,4.6137246576743196e-08,0.0005934400424990782,190,77,12,21,11,20,73,68,12,21,27,32,0,13,0,13,16,22,24,32,15,21,3073,603,108250,16458,1084,79
2023,18097322200,1400000US18097322200,0.008157211716722283,0.17855888709549061,0.0018200456695336405,1.0014209289417699e-10,0.0038997297544560647,0.0008157211716722283,0.017855888709549062,0.00018200456695336405,1.0014209289417699e-11,0.0003899729754456065,0.0011123470522803114,0.043298237371853635,0.00030342657985858604,9.110970959770442e-11,0.0004806823015458794,244,59,0,13,0,13,110,61,14,16,44,37,19,21,0,13,9,10,35,33,13,18,2292,279,103534,24781,877,105
2023,18097322300,1400000US18097322300,0.007415647015202076,0.23734356817315796,0.002393798960929515,7.261318947802671e-13,0.0033467100625570122,0.0007415647015202076,0.023734356817315796,0.0002393798960929515,7.261318947802672e-14,0.00033467100625570123,0.0007415647015202076,0.03927519385388829,0.00030139306418742334,3.463254082851058e-13,0.0003903185399208884,365,228,0,13,27,24,60,46,151,190,38,34,8,13,0,13,0,13,22,28,59,74,2396,433,108264,53940,1147,202
2023,18097322400,1400000US18097322400,0.010381905821282907,0.3666053647181706,0.004149195856421,6.869027196965306e-16,0.004661512681397391,0.0007415647015202076,0.02618609747986933,0.00029637113260149996,4.9064479978323615e-17,0.00033296519152838507,0.0007415647015202076,0.0543647702488056,0.000299175931180175,6.569758388672293e-16,0.0003645707764505285,767,245,0,13,82,63,84,49,117,82,71,49,34,42,49,47,188,203,132,84,10,16,2791,334,57109,10914,1792,243
2023,18097322500,1400000US18097322500,0.005932517612161661,0.1569216648017525,0.0023491143493353573,3.540296310641209e-09,0.003100579825358728,0.0007415647015202076,0.01961520810021906,0.00029363929366691966,4.4253703883015113e-10,0.000387572478169841,0.0007415647015202076,0.054175940809787194,0.00029758549881702095,2.4742539322683784e-09,0.0004818362231893634,589,109,0,13,72,64,55,38,31,27,98,54,21,20,74,58,9,13,211,82,18,28,1524,276,40000,14262,960,84
2023,18097322601,1400000US18097322601,0.015202076381164257,0.5921365718659448,0.004898951040901271,2.2152187188301016e-10,0.007173152258200215,0.0007601038190582128,0.02960682859329724,0.00024494755204506355,1.1076093594150507e-11,0.00035865761291001074,0.0011123470522803114,0.054191756822523626,0.00029758854413958056,1.4741886019866532e-10,0.0005093153866156779,834,165,13,21,18,28,30,34,71,70,138,91,30,41,116,81,69,75,197,126,152,109,1920,405,27000,18643,1361,100
2023,18097322602,1400000US18097322602,0.005190952910641453,0.2709962382645186,0.0019255202205461567,5.2876693147996255e-18,0.0025326329945457565,0.0007415647015202076,0.038713748323502654,0.00027507431722087954,7.553813306856608e-19,0.00036180471350653664,0.0007415647015202076,0.05414087052067598,0.00029723966183009364,5.026602641716134e-18,0.000366766611740959,545,140,71,82,56,46,125,69,115,93,12,18,72,69,41,41,25,30,28,42,0,13,1801,481,67212,12293,863,154
2023,18097322700,1400000US18097322700,0.01260659992584353,0.4426863914808813,0.003742171008649557,8.176112284994773e-15,0.0062812126956070585,0.0007415647015202076,0.026040375969463604,0.0002201277063911504,4.809477814702808e-16,0.00036948309974159165,0.0007415647015202076,0.03284669525101525,0.0002523233389789213,6.075016106583131e-15,0.00037163368771310777,186,205,115,195,0,13,16,20,0,13,10,16,17,25,0,13,9,15,19,31,0,13,1873,369,59493,31067,1102,217
2023,18097330105,1400000US18097330105,0.015202076381164257,0.2793931657221069,0.004418854807899025,1.9903837214289168e-44,0.007261628105854458,0.0008445597989535698,0.01552184254011705,0.00024549193377216807,1.105768734127176e-45,0.000403423783658581,0.002224694104560623,0.04271437436254592,0.0002536706383281508,1.1502402263437406e-44,0.0009038753196980796,1719,517,0,13,124,122,328,184,494,396,127,84,0,13,15,24,56,67,477,299,98,78,4613,770,66156,2454,2759,451
2023,18097330106,1400000US18097330106,0.015202076381164257,0.27411405573177805,0.004150082728566658,8.557526599437624e-48,0.0065754122437458595,0.0008942397871273092,0.016124356219516356,0.00024412251344509752,5.033839176139779e-49,0.0003867889555144623,0.0011123470522803114,0.0391692494903118,0.0002524390352884067,4.0469062454960897e-48,0.0004995912461052462,1686,337,0,18,21,32,354,246,216,135,182,137,239,182,135,121,130,84,389,203,20,32,5041,1421,46800,5943,2734,263
2023,18097330211,1400000US18097330211,0.0029662588060808304,0.0022376219758408343,0.0004021925466133365,1.9910428583083235e-37,0.0015119772509231257,0.0007415647015202076,0.0005594054939602086,0.00010054813665333413,4.977607145770809e-38,0.0003779943127307814,0.0007415647015202076,0.0014596116797540735,0.00010189237759615716,1.1057117063154957e-37,0.0003851539129896699,1007,286,0,18,0,18,211,177,100,97,32,50,59,62,200,223,36,59,199,158,170,129,5396,724,49428,11360,2161,160
2023,18097330401,1400000US18097330401,0.003707823507601038,0.13261327840913467,0.0012745865747965013,7.240400271670363e-40,0.0013189129448965622,0.0007415647015202076,0.026522655681826934,0.00025491731495930024,1.4480800543340726e-40,0.00026378258897931243,0.0007415647015202076,0.04061221997405624,0.0002556092499545495,6.912267060988796e-40,0.0002934168767808733,534,186,0,18,0,18,236,216,43,58,18,33,77,110,0,18,90,101,70,120,0,18,5528,760,104612,20739,2261,191
2023,18097330500,1400000US18097330500,0.006303299962921765,0.1679235583223034,0.0020584274679565835,4.869652013246629e-33,0.002910422447871034,0.0007879124953652206,0.020990444790287926,0.00025730343349457293,6.087065016558286e-34,0.00036380280598387923,0.0011123470522803114,0.044285385784182674,0.0002615776389331984,2.4519772608655385e-33,0.00045940662803496137,591,190,29,53,0,18,11,34,39,44,156,159,53,75,121,101,67,80,82,93,33,58,6061,1182,72984,19673,2691,345
2023,18097330803,1400000US18097330803,0.013718946978123842,0.12029067905981919,0.0029085606271382182,1.1694890834257204e-18,0.006737167656088632,0.0007621637210068801,0.006682815503323288,0.0001615867015076788,6.497161574587336e-20,0.000374287092004924,0.0011123470522803114,0.017234915374704722,0.00019656129713811307,9.10314797073288e-19,0.0005036806015397629,1135,366,0,13,253,267,204,225,86,101,36,58,22,36,50,67,95,106,336,169,53,65,4223,1043,38056,20174,2157,344
2023,18097330804,1400000US18097330804,0.003707823507601038,0.010889668595395039,0.0005130438867561531,1.843975636011305e-33,0.0018530211712846857,0.0007415647015202076,0.0021779337190790077,0.00010260877735123063,3.6879512720226104e-34,0.00037060423425693716,0.0007415647015202076,0.0036174659391850932,0.00010471648803435871,1.601853232388159e-33,0.000371871654387832,949,234,83,77,140,122,144,93,79,62,29,50,12,21,32,38,105,99,239,172,86,105,3189,878,56994,24499,1628,210
2023,18097330805,1400000US18097330805,0.010011123470522803,0.1562063684344293,0.0017424934393531493,7.627364263745191e-25,0.004796958343074906,0.0007700864208094464,0.012015874494956101,0.00013403795687331918,5.867203279803993e-26,0.0003689967956211466,0.0011123470522803114,0.02084330429788456,0.0001787991861434551,5.652894085439018e-25,0.0005040598043214546,884,145,38,61,26,38,85,73,79,80,42,47,46,48,44,59,199,137,308,136,17,28,2486,399,29024,6330,1431,109
2023,18097330806,1400000US18097330806,0.007415647015202076,0.07067942289982605,0.0013823658204151679,1.704589066152399e-25,0.0035315354110767626,0.0007415647015202076,0.0070679422899826054,0.00013823658204151679,1.7045890661523988e-26,0.0003531535411076763,0.0007415647015202076,0.00930270363047633,0.00018689413844414106,1.4787322717693222e-25,0.0003681722423446487,1008,251,0,13,90,99,28,46,0,13,338,152,128,127,120,180,0,13,293,155,11,17,4975,1306,40918,8126,1800,264
2023,18097330900,1400000US18097330900,0.01075268817204301,0.3731331603749193,0.002881525346732746,1.736516468410562e-22,0.0051718829222808195,0.0008271298593879238,0.028702550798070714,0.00022165579590251893,1.3357818987773553e-23,0.0003978371478677553,0.0011123470522803114,0.04788717324117687,0.00026748285927921396,1.2959203392807957e-22,0.0005758314063735923,2160,523,55,90,96,128,452,330,403,294,144,110,131,120,48,80,212,206,589,300,30,49,6174,1093,35431,15243,3179,469
2023,18097331000,1400000US18097331000,0.019280682239525396,0.6811602773642693,0.0057891879737417265,6.052220142275456e-19,0.009475020468405678,0.0007712272895810158,0.027246411094570773,0.00023156751894966906,2.4208880569101825e-20,0.0003790008187362271,0.0011123470522803114,0.048646571070101334,0.0002641829481606207,4.49820636071538e-19,0.000543868654791611,840,289,0,13,0,13,40,56,106,83,20,36,115,101,33,37,67,77,442,268,17,28,4296,1076,46761,14094,1876,243
2023,18097340101,1400000US18097340101,0.009640341119762698,0.06269357424283933,0.0023984868468655083,1.5074143886478941e-27,0.004098475831616689,0.0008033617599802249,0.0052244645202366114,0.00019987390390545902,1.2561786572065785e-28,0.00034153965263472407,0.0011123470522803114,0.010637162513794315,0.00020146721778058086,1.3857083100105754e-27,0.0005143806328118529,363,140,11,17,74,62,18,21,75,98,49,39,9,15,28,32,0,13,76,63,23,23,4709,691,67063,13782,1947,296
2023,18097340102,1400000US18097340102,0.008898776418242492,0.053340396902151976,0.0023759716414640296,4.770967119228926e-24,0.004756204830096112,0.0007415647015202076,0.004445033075179332,0.00019799763678866913,3.9758059326907717e-25,0.0003963504025080093,0.0007415647015202076,0.012735603577554575,0.0002091767726260804,2.4955265019709787e-24,0.00044945199761679464,1682,216,147,113,87,65,370,151,83,75,52,46,116,77,163,123,221,142,429,169,14,24,4610,582,39005,11335,2233,192
2023,18097340108,1400000US18097340108,0.008157211716722283,0.06543006535084776,0.002828950662035963,7.067421958836346e-30,0.00404100703525884,0.0007415647015202076,0.005948187759167978,0.0002571773329123603,6.424929053487587e-31,0.0003673642759326218,0.0007415647015202076,0.007825075449257281,0.00026881305570421914,6.438788024263486e-30,0.00037211423688556053,1171,205,0,13,259,177,49,44,207,96,104,68,55,56,0,13,120,87,311,136,66,66,3566,640,45815,3540,1490,188
2023,18097340115,1400000US18097340115,0.009640341119762698,0.09193224731879618,0.0035449895613009017,7.375146068534297e-33,0.00456168185354536,0.0007415647015202076,0.007071711332215091,0.000272691504715454,5.67318928348792e-34,0.00035089860411887384,0.0007415647015202076,0.024608844791094774,0.0002866792797345494,7.344192452587249e-33,0.0003685518379809067,2265,290,25,30,174,144,246,132,561,240,252,173,148,108,180,145,375,259,210,119,94,93,5499,994,56420,9667,3124,295
2023,18097340201,1400000US18097340201,0.016314423433444566,0.27969059844858213,0.005775321725934191,7.469729784788988e-28,0.008027018820473878,0.0007415647015202076,0.012713209020390097,0.0002625146239060996,3.3953317203586305e-29,0.00036486449183972174,0.0007415647015202076,0.027994617604569977,0.0002984535707531838,7.041500404359499e-28,0.000370554526573259,507,133,36,66,49,45,0,13,215,111,0,13,0,13,14,31,93,88,91,84,9,15,4141,641,66908,9352,1325,196
2023,18097340202,1400000US18097340202,0.022988505747126436,0.8183814250144958,0.007568862493402715,5.364623042710877e-24,0.010408975193722268,0.0008210180623973727,0.029227908036231993,0.00027031651762152555,1.9159368009681704e-25,0.0003717491140615096,0.0014831294030404152,0.07881421713762628,0.0002853907758505303,4.7834998488126556e-24,0.0006391086142240236,1107,213,14,24,88,81,115,82,218,112,250,171,65,87,157,104,60,65,81,78,59,70,4871,682,54943,15268,2052,205
2023,18097340301,1400000US18097340301,0.010381905821282907,0.16602669119478103,0.0037571161778975027,7.166919207729384e-23,0.0050382019804893485,0.0007415647015202076,0.011859049371055789,0.00026836544127839307,5.119228005520989e-24,0.0003598715700349535,0.0007415647015202076,0.029420488457153,0.00031256159808219005,6.751612916399698e-23,0.0003706430574851886,603,394,15,25,0,13,94,103,0,13,60,55,29,53,102,78,0,13,303,355,0,13,3459,943,38815,12407,1219,336
2023,18097340302,1400000US18097340302,0.009640341119762698,0.08464138635190877,0.0035266740250635823,2.1921619186130017e-23,0.004778295937919631,0.0007415647015202076,0.006510875873223751,0.00027128261731258324,1.6862783989330782e-24,0.00036756122599381776,0.0007415647015202076,0.010596728533407271,0.0002886320039723008,2.052952340707368e-23,0.00037279887152203003,1144,191,113,107,105,112,139,154,99,124,75,77,40,65,80,130,146,126,303,158,44,71,5575,982,59423,22271,1851,299
2023,18097340400,1400000US18097340400,0.011123470522803113,0.3932735002110636,0.003809502584575492,3.0512110353808767e-17,0.005224936984430903,0.000794533608771651,0.028090964300790257,0.000272107327469678,2.1794364538434835e-18,0.0003732097846022073,0.0014831294030404152,0.08491626406891639,0.0003180318949142048,2.2441288757382986e-17,0.000497653599651222,589,156,21,29,0,13,19,31,58,69,72,87,73,90,34,56,104,102,186,141,22,35,4039,711,44368,12077,1532,156
2023,18097340500,1400000US18097340500,0.007415647015202076,0.24711057492535762,0.002889270697950834,4.150655231518057e-10,0.0033511584354719475,0.0007415647015202076,0.024711057492535764,0.0002889270697950834,4.150655231518057e-11,0.00033511584354719475,0.0007415647015202076,0.08481820478995053,0.00031717460421043584,3.892637169680057e-10,0.00037047486249288167,1632,359,0,18,102,105,214,138,224,153,241,137,54,60,31,37,272,172,473,326,21,33,5539,925,41596,7775,2230,341
2023,18097340600,1400000US18097340600,0.02150537634408602,0.6765911917370182,0.007435095639792009,5.176077683863837e-08,0.00970329624808448,0.0008271298593879238,0.026022738143731468,0.00028596521691507727,1.990799109178399e-09,0.0003732037018494031,0.0014831294030404152,0.09520254031753786,0.0003309724668414612,2.971678572675818e-08,0.0005820907960035068,797,244,66,56,37,44,69,63,90,79,10,22,120,144,59,51,108,88,115,80,123,94,5873,877,48456,9302,2003,213
2023,18097340700,1400000US18097340700,0.014460511679644048,0.40806614815817266,0.005337378219416599,2.043135691109203e-14,0.006310755684920698,0.0008033617599802249,0.022670341564342927,0.00029652101218981107,1.1350753839495573e-15,0.0003505975380511499,0.0014831294030404152,0.1042217476501531,0.00031998971538710374,1.0871149081226616e-14,0.0003939280674077507,802,228,13,20,100,83,161,118,93,88,13,21,79,81,111,130,0,13,232,177,0,13,4296,1033,46033,20701,1571,222
2023,18097340800,1400000US18097340800,0.0007415647015202076,0.0038079457447499094,0.00028296726618479753,1.3138410794182915e-28,0.0003676559216099275,0.0007415647015202076,0.0038079457447499094,0.00028296726618479753,1.3138410794182915e-28,0.0003676559216099275,0.0007415647015202076,0.0038079457447499094,0.00028296726618479753,1.3138410794182915e-28,0.0003676559216099275,157,67,22,32,0,13,11,15,14,16,0,13,5,7,0,13,0,13,42,32,63,51,1631,265,70800,9005,767,118
2023,18097340901,1400000US18097340901,0.0029662588060808304,0.020738781083278597,0.0008289770110293825,3.707882066128211e-20,0.0014714249821462114,0.0007415647015202076,0.005184695270819649,0.00020724425275734564,9.269705165320528e-21,0.00036785624553655285,0.0007415647015202076,0.006188049365764137,0.00021121238754762763,3.38815223788377e-20,0.00037083507520029735,123,79,0,13,0,13,15,26,7,14,46,56,0,13,8,13,26,31,0,13,21,32,4031,655,87656,24017,1260,140
2023,18097340903,1400000US18097340903,0.0014831294030404152,0.014395047139969789,0.0004308451012649601,4.945952241420103e-18,0.0007065927694566321,0.0007415647015202076,0.007197523569984894,0.00021542255063248004,2.4729761207100517e-18,0.00035329638472831606,0.0007415647015202076,0.007535573650907867,0.00021686153401638008,4.553098466636706e-18,0.0003587771502664647,956,186,60,60,25,31,176,123,169,107,68,66,47,56,75,77,116,109,207,129,13,20,1817,323,47264,15492,1162,215
2023,18097340904,1400000US18097340904,0.014089729328883945,0.47235677293926986,0.004768086455729663,7.000997171458077e-16,0.006754749671926625,0.0007415647015202076,0.02486088278627736,0.00025095191872261384,3.684735353398988e-17,0.0003555131406277171,0.0007415647015202076,0.07880293963289248,0.00029054848177714017,6.118586302035819e-16,0.0003769415218405773,1610,268,19,31,182,126,110,81,218,164,269,231,341,227,109,89,48,55,165,91,149,135,4726,738,52603,5295,2543,280
2023,18097341000,1400000US18097341000,0.01668520578420467,0.6463734845509188,0.005828504784812479,3.9392847259911666e-11,0.008375518481322255,0.000758418444736576,0.029380612934132674,0.0002649320356732945,1.7905839663596212e-12,0.00038070538551464794,0.0011123470522803114,0.08262670139037881,0.0003119717783208425,3.178672006263498e-11,0.0005041447824247773,118,52,0,13,18,18,15,14,11,17,24,29,8,11,0,13,23,28,10,10,9,15,1627,243,81071,10661,794,110
2023,18097341100,1400000US18097341100,0.006674082313681868,0.2753039700117396,0.0021559066819538575,3.208396548861884e-08,0.0030313004042562316,0.0008342602892102335,0.03441299625146745,0.0002694883352442322,4.010495686077355e-09,0.00037891255053202895,0.0011123470522803114,0.0989182947532647,0.0003192748331979706,2.612272996819994e-08,0.0003966447031435444,457,131,9,14,10,15,26,24,60,48,100,83,0,13,109,100,47,42,41,32,55,45,2071,370,39846,6397,955,120
2023,18097341200,1400000US18097341200,0.006674082313681868,0.34668782436579165,0.002516588351956558,2.6876571895156562e-05,0.0030273029645423357,0.0007415647015202076,0.03852086937397685,0.00027962092799517307,2.9862857661285067e-06,0.0003363669960602595,0.0007415647015202076,0.10045698649670093,0.0003294009380372304,2.1467977452970898e-05,0.0003687166201640376,407,140,0,13,25,27,47,75,14,21,45,53,109,80,0,13,72,77,95,63,0,13,2022,536,44500,13034,1134,152
2023,18097341600,1400000US18097341600,0.007415647015202076,0.10817313775389516,0.0023870814227378483,2.266966386928174e-06,0.0036500530642833823,0.0007415647015202076,0.010817313775389515,0.00023870814227378484,2.2669663869281738e-07,0.0003650053064283382,0.0007415647015202076,0.02073052925054655,0.0002543926990574593,1.830933423874013e-06,0.0003702606165782287,396,114,0,13,4,8,18,20,7,10,38,39,64,73,41,34,48,51,122,81,54,44,1867,398,21563,5439,1034,194
2023,18097341701,1400000US18097341701,0.008898776418242492,0.13835971719318862,0.002593161683775142,2.1506046741996976e-09,0.004446709993591819,0.0007415647015202076,0.011529976432765718,0.00021609680698126183,1.7921705618330814e-10,0.0003705591661326516,0.0007415647015202076,0.025795641712024243,0.00023845791835752682,1.7806468093659207e-09,0.0003715528285855019,366,137,0,13,0,13,0,13,22,25,71,103,23,28,3,5,110,100,27,37,110,88,2505,436,43011,17093,1165,158
2023,18097341702,1400000US18097341702,0.014460511679644048,0.16686168498023413,0.004249534457517206,1.1602565340124116e-11,0.007196553099975676,0.0007610795620865288,0.008782193946328112,0.00022365970829037925,6.106613336907429e-13,0.00037876595263029874,0.0011123470522803114,0.02135037941926902,0.00023595034304738606,9.805306042728476e-12,0.00046692976781175476,350,125,7,11,16,18,16,23,138,116,0,13,30,50,0,13,6,9,100,75,37,42,2165,763,48850,16915,874,203
2023,18097341902,1400000US18097341902,0.0029662588060808304,0.05794822029972858,0.00086447768254709,5.947822732751467e-20,0.001389665674880172,0.0007415647015202076,0.014487055074932144,0.0002161194206367725,1.4869556831878667e-20,0.000347416418720043,0.0007415647015202076,0.01553847609554082,0.00022043361177052074,5.458946831827912e-20,0.0003744998705499851,408,151,0,13,117,105,0,13,0,13,10,16,0,13,63,69,86,76,56,79,76,57,4220,712,66406,12055,1699,228
2023,18097341903,1400000US18097341903,0.005190952910641453,0.02461315408152151,0.0014893034703364711,5.736938472573517e-20,0.0024567381903982223,0.0007415647015202076,0.003516164868788787,0.00021275763861949588,8.195626389390739e-21,0.00035096259862831745,0.0007415647015202076,0.005538217538115216,0.00022051809233642332,5.280571054916101e-20,0.00036886829358233114,1596,307,117,125,43,63,439,271,0,18,372,232,261,158,103,102,103,111,158,169,0,18,5617,1360,42931,10588,2461,235
2023,18097341904,1400000US18097341904,0.005932517612161661,0.11201780415430268,0.0015759464203516178,3.157049151844671e-17,0.0028582382004157325,0.0008475025160230943,0.016002543450614668,0.000225135202907374,4.510070216920958e-18,0.00040831974291653323,0.0011123470522803114,0.02909499949938882,0.00023583967889139504,2.4708016538692093e-17,0.0005268369305019651,550,88,51,47,86,55,72,57,31,25,33,33,53,48,21,21,91,76,97,58,15,23,2273,396,74205,18258,1004,88
2023,18097342000,1400000US18097342000,0.011123470522803113,0.07816974900125319,0.0017482606857077195,7.170759037604532e-50,0.005485894348136108,0.0007415647015202076,0.005211316600083546,0.00011655071238051463,4.780506025069688e-51,0.0003657262898757406,0.0007415647015202076,0.009642404077945713,0.00012342789987143925,3.4165571853405956e-50,0.0003705235393640555,472,205,0,18,0,18,76,92,46,88,173,124,0,18,0,18,25,44,105,148,47,60,6622,1179,69617,9365,2208,316
2023,18097342101,1400000US18097342101,0.007415647015202076,0.09745414456550801,0.0012547742580977079,1.8773806099066497e-45,0.003706040227752051,0.0007415647015202076,0.009745414456550801,0.00012547742580977078,1.8773806099066496e-46,0.0003706040227752051,0.0007415647015202076,0.01315493421088824,0.00013109131208391604,8.297930842512365e-46,0.00037064340847469855,874,314,80,102,11,16,19,23,197,152,225,267,86,124,11,18,11,17,211,99,23,25,5790,694,63499,6098,2305,328
2023,18097342200,1400000US18097342200,0.005932517612161661,0.09993505807639877,0.001057653827939457,2.367374878342402e-41,0.0029651574418116076,0.0007415647015202076,0.012491882259549846,0.00013220672849243212,2.9592185979280024e-42,0.00037064468022645096,0.0007415647015202076,0.015262452290653756,0.00013616329318551836,2.0158063299456526e-41,0.00037064492216456633,825,273,0,18,23,29,140,155,29,37,171,134,45,76,0,18,34,54,338,280,45,64,5332,970,52903,18235,2125,238
2023,18097342300,1400000US18097342300,0.011865035224323322,0.17158544662769604,0.0027362164797287885,6.115372049087418e-44,0.0059195091129128794,0.0007415647015202076,0.010724090414231002,0.00017101352998304928,3.822107530679636e-45,0.00036996931955705497,0.0007415647015202076,0.01539902012236918,0.00018020159465424152,5.751668499820962e-44,0.00037064492216456633,951,278,0,18,147,152,16,26,183,140,107,94,95,77,119,113,77,77,160,101,47,49,6346,955,53169,9966,2404,285
2023,18097342400,1400000US18097342400,0.017055988134964773,0.44552855189137514,0.004264029662117992,8.782069894818803e-35,0.008524687203630232,0.0007415647015202075,0.01937080660397283,0.0001853925940051301,3.818291258616871e-36,0.00037063857407087966,0.0007415647015202076,0.025125730424727336,0.0001965603268012031,6.087636091552275e-35,0.00037064492216456633,169,60,0,13,17,17,50,40,9,13,21,21,0,13,50,57,0,13,22,21,0,13,1560,266,57045,15900,612,90
2023,18097342500,1400000US18097342500,0.019280682239525396,0.49078036481902637,0.0038785575560993154,6.0319280566025906e-30,0.009636102869493601,0.0007415647015202076,0.01887616787765486,0.00014917529061920444,2.3199723294625348e-31,0.00037061934113436927,0.0007415647015202076,0.024391729903211506,0.0001635845955940831,5.0878568691621714e-30,0.00037064492216456633,748,199,105,92,24,28,35,34,40,48,83,80,43,68,72,67,40,60,231,142,75,92,5120,928,46395,9721,1814,192
2023,18097342600,1400000US18097342600,0.007415647015202076,0.24050475360577586,0.0018135273353951185,1.0737280257104362e-24,0.0036795447048789797,0.0007415647015202076,0.024050475360577587,0.00018135273353951184,1.0737280257104362e-25,0.00036795447048789797,0.0007415647015202076,0.026522903236808896,0.00019995336829193374,9.312279422078749e-25,0.0003705953513919434,557,230,27,35,27,30,159,96,0,13,163,222,3,17,51,38,0,13,127,63,0,13,3402,731,45224,13725,1507,252
2023,18097350100,1400000US18097350100,0.006674082313681868,0.11306028568945163,0.0021965472412133155,8.883909214543791e-14,0.002986707052862682,0.0008342602892102335,0.014132535711181454,0.00027456840515166443,1.1104886518179738e-14,0.00037333838160783525,0.0011123470522803114,0.03308256013660634,0.00029281309068826273,4.211980763147112e-14,0.0004608144424909003,151,71,0,13,19,21,26,29,0,13,57,52,9,13,33,44,7,12,0,13,0,13,1548,404,53333,18198,786,98
2023,18097350300,1400000US18097350300,0.008898776418242492,0.2068955890103192,0.002245455951487569,1.39226246256855e-13,0.0043586146748085305,0.0007415647015202076,0.01724129908419327,0.00018712132929063073,1.1602187188071249e-14,0.00036321788956737754,0.0007415647015202076,0.04768995443888088,0.0003109374704588502,1.2300343002678122e-13,0.000372801097599499,1316,250,21,33,47,39,111,98,167,129,126,105,51,50,299,227,66,64,338,122,90,89,2858,384,32679,12919,2065,239
2023,18097350400,1400000US18097350400,0.021134593993325918,0.7049883154048515,0.006678223982836318,1.1340011907615626e-06,0.009513669140515725,0.0008806080830552466,0.029374513141868813,0.0002782593326181799,4.725004961506511e-08,0.0003964028808548219,0.0014831294030404152,0.06733536768516288,0.0003164331125836466,6.569074736249241e-07,0.0006292361085083887,562,185,0,13,0,13,70,59,189,149,29,42,117,119,0,13,34,55,88,90,35,54,2528,535,56184,18047,1243,142
2023,18097350500,1400000US18097350500,0.012977382276603633,0.5117361691031579,0.004194833860483124,4.772692535010695e-10,0.006277845434179789,0.0008110863922877271,0.03198351056894737,0.00026217711628019526,2.982932834381684e-11,0.0003923653396362368,0.0011123470522803114,0.05437274702044659,0.0002988519930702677,4.368485420068246e-10,0.0005455499627935458,313,132,0,13,28,46,0,13,8,12,95,90,17,28,14,26,0,13,140,80,11,16,2038,542,41117,9851,1263,154
2023,18097350600,1400000US18097350600,0.020022246941045607,0.35041834041340586,0.005729212902293556,6.08408861295908e-15,0.010003824715014348,0.0007415647015202076,0.012978457052348366,0.00021219307045531688,2.2533661529478075e-16,0.0003705120264820129,0.0007415647015202076,0.028273392020367726,0.0002477640409805298,4.497678356039657e-15,0.0003761247866759951,948,290,64,89,16,26,16,27,26,32,14,24,0,13,118,172,126,144,526,221,42,48,4999,1223,28108,10767,2648,321
2023,18097350700,1400000US18097350700,0.014831294030404151,0.5106888739989152,0.004966346262206986,2.83931741919294e-14,0.007224263239753421,0.0007415647015202076,0.025534443699945758,0.0002483173131103493,1.41965870959647e-15,0.00036121316198767104,0.0007415647015202076,0.05191049182023328,0.0003012855974802916,2.6665797509626328e-14,0.00037064492216456633,480,209,0,13,42,47,61,71,0,13,0,13,51,61,0,13,17,26,232,183,77,79,1783,347,28578,19880,923,198
2023,18097350800,1400000US18097350800,0.006674082313681868,0.28475328120375537,0.0024014161382000672,4.3849478665673725e-13,0.003179024723952883,0.0007415647015202076,0.03163925346708393,0.00026682401535556305,4.872164296185969e-14,0.0003532249693280981,0.0007415647015202076,0.054844201730537695,0.00030206514106946916,4.384899391535534e-13,0.0003706424199913054,598,123,0,13,18,20,39,36,58,57,13,17,16,19,46,36,38,31,254,90,116,84,2312,506,21592,2017,1153,90
2023,18097350900,1400000US18097350900,0.008527994067482388,0.18740278882606495,0.003141256003204353,1.2884150024954652e-07,0.004454060475181692,0.0007752721879529444,0.017036617166005904,0.00028556872756403207,1.1712863659049683e-08,0.0004049145886528811,0.0011123470522803114,0.02510537590398828,0.0003054435215807363,8.168504955653023e-08,0.0005617495630193539,280,82,18,17,0,13,8,11,20,20,31,31,13,14,44,32,22,20,103,83,21,23,1809,323,73068,38379,885,124
2023,18097351000,1400000US18097351000,0.010381905821282907,0.1864115144973699,0.0031529782323767457,4.2467765567502686e-06,0.005259579697461635,0.0007415647015202076,0.013315108178383564,0.00022521273088405326,3.0334118262501917e-07,0.0003756842641044025,0.0007415647015202076,0.024533386365111695,0.00028264501548261106,2.871141021917393e-06,0.00042752585462966375,367,119,21,35,40,63,33,38,0,13,58,46,24,41,0,13,80,89,66,59,45,47,2034,431,-,**,1500,280
2023,18097351200,1400000US18097351200,0.018909899888765295,0.49426112539595046,0.005682660441272113,2.615445899696205e-08,0.007994114509035515,0.0009004714232745378,0.02353624406647383,0.0002706028781558149,1.2454504284267644e-09,0.00038067211947788167,0.0014831294030404152,0.05552795775941837,0.00028089411913833907,1.9596244266803233e-08,0.0005793369537403859,570,217,0,13,190,185,3,17,36,41,13,22,36,55,117,97,0,13,121,77,54,41,2491,510,36026,6566,1423,226
2023,18097351500,1400000US18097351500,0.011123470522803113,0.2488734873015297,0.003615337360260313,5.989547610303564e-06,0.005410324905011678,0.0007415647015202076,0.01659156582010198,0.00024102249068402086,3.993031740202376e-07,0.0003606883270007785,0.0007415647015202076,0.027447521094435077,0.0003002148867584254,5.987264534937309e-06,0.00044804350937622427,647,132,54,64,69,37,69,43,100,52,23,18,52,44,3,6,101,48,176,69,0,13,1703,308,53125,11596,1187,211
2023,18097351600,1400000US18097351600,0.007415647015202076,0.08490654524369863,0.0022948600552539443,3.5620312244092687e-06,0.0034572167693806446,0.0007415647015202076,0.008490654524369864,0.00022948600552539442,3.562031224409269e-07,0.0003457216769380645,0.0007415647015202076,0.026670060920530453,0.000307130846379972,3.217664317186833e-06,0.00037452942390303444,496,107,0,13,96,80,24,29,37,33,130,82,21,24,13,19,46,54,65,58,64,50,2643,407,109745,31120,1329,147
2023,18097351700,1400000US18097351700,0.016314423433444566,0.3159318226244716,0.00587565517907808,8.033648279803156e-05,0.00797908188275932,0.0007768773063545032,0.01504437250592722,0.00027979310376562285,3.825546799906264e-06,0.00037995628013139614,0.0011123470522803114,0.024278817325327957,0.0003103536842408833,6.296825686022657e-05,0.0005036649422966729,498,158,0,13,58,52,43,44,121,96,46,43,15,24,32,36,0,13,128,91,55,62,2734,430,88245,33248,1609,157
2023,18097351900,1400000US18097351900,0.010381905821282907,0.3773973866262364,0.003662045889839409,6.727850938013754e-15,0.005185588866666308,0.0007415647015202076,0.026956956187588314,0.00026157470641710064,4.805607812866966e-16,0.00037039920476187915,0.0007415647015202076,0.05525431781732057,0.0003050243945127239,5.304798010243256e-15,0.00037064481176139286,453,111,0,13,28,41,49,45,7,11,30,44,81,78,47,51,29,39,127,77,55,42,2435,449,42008,10809,1215,173
2023,18097352100,1400000US18097352100,0.011865035224323322,0.2831565515701037,0.003875157037238005,1.0322493104052834e-14,0.005925099507056469,0.0007415647015202076,0.017697284473131483,0.0002421973148273753,6.451558190033021e-16,0.00037031871919102934,0.0007415647015202076,0.05285945258441901,0.0003084209276659459,7.74242267211719e-15,0.00037064492216456633,410,129,0,13,76,70,31,36,81,51,0,13,8,12,26,37,0,13,146,72,42,46,1952,377,43762,7933,1119,136
2023,18097352300,1400000US18097352300,0.010381905821282907,0.20817723616415207,0.0032965251797156983,1.4038593935284817e-24,0.0051889897489565025,0.0007415647015202076,0.01486980258315372,0.00023546608426540703,1.0027567096632011e-25,0.00037064212492546447,0.0007415647015202076,0.021727075583487094,0.000249784186818505,1.4031600216951483e-24,0.00037064492216456633,307,118,0,13,7,10,0,13,21,22,14,23,35,50,0,13,77,80,39,39,114,85,1243,297,29099,4887,746,80
2023,18097352400,1400000US18097352400,0.011865035224323322,0.656840430092857,0.004703311828948091,7.088230880548029e-16,0.005855073787472691,0.0007415647015202076,0.04105252688080356,0.00029395698930925567,4.430144300342518e-17,0.0003659421117170432,0.0007415647015202076,0.048235263051923834,0.0003104030776687293,5.6103156994999e-16,0.0003706434116380233,905,194,0,13,102,83,16,25,107,89,49,57,202,168,97,96,60,59,121,80,151,176,3407,598,39717,9736,1533,132
2023,18097352500,1400000US18097352500,0.007415647015202076,0.2298267445199579,0.0027784857465900183,1.4316393445047493e-09,0.0036331914548822486,0.0007415647015202076,0.02298267445199579,0.00027784857465900183,1.4316393445047492e-10,0.00036331914548822484,0.0007415647015202076,0.05620584581835626,0.00031274852147604676,1.165122222127894e-09,0.0003705895482670969,815,287,20,23,51,56,193,107,89,64,31,35,48,73,15,26,6,9,362,285,0,13,3185,441,54917,11323,1821,292
2023,18097352600,1400000US18097352600,0.01853911753800519,1.1612750108465757,0.007465786986044413,2.844080599570031e-07,0.008575475869789906,0.0007724632307502163,0.048386458785273985,0.00031107445775185053,1.1850335831541796e-08,0.0003573114945745794,0.0011123470522803114,0.15199449547744556,0.000325205906935802,1.87479158963799e-07,0.0004989765967673388,842,251,13,21,11,17,177,99,165,127,25,32,58,61,164,197,77,59,106,92,46,54,4176,815,59773,19237,2000,264
2023,18097352700,1400000US18097352700,0.01853911753800519,1.4198976717729008,0.00738940786686728,0.0004840768384759182,0.008663304398983673,0.0008060485886089213,0.06173468138143047,0.000321278602907273,2.1046819064170357e-05,0.00037666540865146405,0.0011123470522803114,0.12805693727910303,0.0003359041883014078,0.0003691241203828885,0.000492920125922152,290,114,0,13,44,46,15,23,28,30,39,37,9,11,37,34,0,13,118,89,0,13,2976,712,53142,26088,1215,107
2023,18097352800,1400000US18097352800,0.010381905821282907,0.2277463658011778,0.0036228333964291584,1.6416972209003155e-07,0.005140359192794801,0.0007415647015202076,0.016267597557226985,0.00025877381403065415,1.172640872071654e-08,0.0003671685137710572,0.0007415647015202076,0.055509849570923045,0.0003070275173662938,1.4922714248334972e-07,0.00037064352424122474,581,144,0,13,0,13,102,79,94,107,0,13,32,32,18,24,33,41,187,75,115,67,1491,344,38158,12983,875,107
2023,18097353300,1400000US18097353300,0.020393029291805708,0.42884848058087044,0.005913485060625494,0.0013075008155780821,0.0095282697907361,0.0007843472804540657,0.016494172330033478,0.00022744173310098052,5.028849290684931e-05,0.0003664719150283116,0.0011123470522803114,0.11826260779185727,0.00033958509016112205,0.0011061365532798644,0.000501695513771561,1163,182,26,29,81,60,99,53,166,87,176,93,139,93,44,38,124,73,279,106,29,31,2441,301,52439,10968,1876,137
2023,18097353500,1400000US18097353500,0.017055988134964773,0.5984496364975995,0.006940068476031315,0.02123992841476792,0.007785954636319401,0.0007415647015202075,0.02601954941293911,0.0003017421076535354,0.0009234751484681704,0.00033851976679649573,0.0007415647015202076,0.09739386034304888,0.00033796652390093884,0.009226153682436558,0.00037844185458618993,1138,234,16,26,47,50,86,67,81,60,142,110,110,71,42,52,123,78,448,214,43,38,2033,373,37992,13239,1359,233
2023,18097353600,1400000US18097353600,0.027808676307007785,0.9929604073398036,0.0105156519475781,0.00020243689300448854,0.01281761771251198,0.0008179022443237584,0.029204717862935402,0.0003092838808111206,5.954026264837898e-06,0.00037698875625035236,0.0014831294030404152,0.16002664608476208,0.0003367971338467621,0.00011496073344294171,0.0006424013892427152,813,195,6,11,13,15,238,125,145,113,14,22,34,42,44,38,68,95,233,89,18,29,2570,629,42265,13187,1599,201
2023,18097354201,1400000US18097354201,0.024100852799406748,1.2683625283175395,0.006314490619701284,1.2059835545641142,0.008679598522522796,0.0012684659368108816,0.0667559225430284,0.00033234161156322546,0.06347281866126916,0.0004568209748696208,0.005190952910641453,0.12138363430517919,0.00035579550536617643,0.5017162296133804,0.001525286272209862,1837,298,76,75,163,132,182,159,372,209,236,137,246,145,84,66,118,124,324,162,36,53,4419,374,87047,13957,2888,236
2023,18097354202,1400000US18097354202,0.017797552836484983,0.8984786187678951,0.006543536015744194,0.8786831296011205,0.008049705338907115,0.0008898776418242492,0.04492393093839476,0.0003271768007872097,0.043934156480056025,0.00040248526694535575,0.0014831294030404152,0.1427915014924815,0.0003457239466048644,0.3219499018471183,0.0007214899625443262,1801,269,191,158,149,101,77,59,211,116,462,153,126,120,72,70,38,54,339,185,136,143,3670,657,70234,14034,2648,271
2023,18097354400,1400000US18097354400,0.00778642936596218,0.43397323545559474,0.0031094512743283197,0.0004996438141095197,0.003730049157952166,0.000778642936596218,0.043397323545559474,0.00031094512743283194,4.9964381410951973e-05,0.0003730049157952166,0.0011123470522803114,0.1186888607959828,0.00034047050557771164,0.00025558165767593173,0.0004512258796235848,184,49,0,13,15,13,63,29,22,16,9,11,24,19,5,10,9,13,37,22,0,13,1443,295,70078,21884,870,130
2023,18097354500,1400000US18097354500,0.005190952910641453,0.28466512412406797,0.0020910219703925634,1.3445341707788088e-05,0.0026412194694503356,0.0007415647015202076,0.04066644630343828,0.00029871742434179477,1.920763101112584e-06,0.00037731706706433364,0.0007415647015202076,0.1028718853457353,0.0003292924738844468,1.3370996276659528e-05,0.00041945539456148787,471,153,39,45,46,32,73,46,21,20,109,136,0,13,31,33,18,20,104,48,30,35,1905,410,73438,37837,1124,163
2023,18097354700,1400000US18097354700,0.0014831294030404152,0.02182307190426994,0.0006194587120228112,5.877573468987964e-09,0.0007356233844139364,0.0007415647015202076,0.01091153595213497,0.0003097293560114056,2.938786734493982e-09,0.0003678116922069682,0.0007415647015202076,0.011193060978843402,0.0003118985033324511,5.464851267003774e-09,0.00036892516555106947,416,206,9,13,7,11,6,8,0,13,24,39,16,24,8,12,42,37,66,42,238,186,1361,263,24051,17865,914,185
2023,18097354800,1400000US18097354800,0.006303299962921765,0.6233716841843908,0.002511925337611342,6.92998882848715e-07,0.002661636873432785,0.0007879124953652206,0.07792146052304885,0.00031399066720141775,8.662486035608937e-08,0.00033270460917909813,0.0011123470522803114,0.10530205008532396,0.0003252073780169702,6.872189055414134e-07,0.0004643002713974881,205,74,0,13,5,7,20,25,11,17,37,30,0,13,32,37,10,16,69,49,21,23,2090,614,64125,11532,1010,107
2023,18097354900,1400000US18097354900,0.004449388209121246,0.03457297865856007,0.0017171914948890376,4.94052423931444e-09,0.0022221928387440213,0.0007415647015202076,0.005762163109760012,0.00028619858248150627,8.234207065524067e-10,0.00037036547312400357,0.0007415647015202076,0.009209870512240769,0.00029730470756792734,4.0704337801357055e-09,0.00037065232334187206,934,280,0,13,21,35,95,73,64,49,224,197,182,178,7,12,34,43,224,117,83,95,2458,408,36055,1105,1543,271
2023,18097355000,1400000US18097355000,0.008898776418242492,0.5960340958393526,0.0032336152716130823,1.935711710817616e-11,0.004308585739767457,0.000808979674385681,0.05418491780357751,0.0002939650246920984,1.7597379189251056e-12,0.00039168961270613244,0.0011123470522803114,0.11324856500628791,0.0003100723635845807,1.7336721862067926e-11,0.0005434551583110218,329,127,11,17,53,57,20,20,72,56,20,21,0,13,12,14,0,13,89,65,52,73,2116,506,45959,11863,1153,146
2023,18097355100,1400000US18097355100,0.006674082313681868,0.11686176749856145,0.002404049503786401,1.7581009355106687e-14,0.00324797171675013,0.0007415647015202076,0.012984640833173494,0.00026711661153182233,1.953445483900743e-15,0.00036088574630557,0.0007415647015202076,0.0518421391391028,0.0002840991758778915,1.1827962742712072e-14,0.00038806766484534964,733,394,15,20,28,21,59,45,29,45,19,20,37,39,17,19,80,58,392,376,57,36,1970,578,19643,14018,1167,357
2023,18097355300,1400000US18097355300,0.005190952910641453,0.03424235522709594,0.0019111714288419673,2.504988451344882e-11,0.002589987491776725,0.0007415647015202076,0.004891765032442277,0.00027302448983456675,3.578554930492689e-12,0.0003699982131109607,0.0007415647015202076,0.008357731252111094,0.00029142333641870037,2.4117354662741754e-11,0.0003706344509998502,676,177,84,93,126,109,56,55,0,13,16,27,88,95,52,49,63,62,166,120,25,37,2235,453,42391,17293,1293,123
2023,18097355400,1400000US18097355400,0.005190952910641453,0.049056045347671724,0.0017393993146752186,8.800387105821303e-16,0.0026028721187853045,0.0007415647015202076,0.007008006478238818,0.0002484856163821741,1.2571981579744717e-16,0.0003718388741121864,0.0007415647015202076,0.00855811325695437,0.0002789608932678786,6.456873567522299e-16,0.0003742407958482967,733,210,42,51,6,13,93,76,186,120,53,47,8,13,69,53,89,84,142,130,45,51,2263,479,41192,1753,1713,271
2023,18097355500,1400000US18097355500,0.0029662588060808304,0.12739179371738465,0.001054313766722,4.810401624933172e-17,0.0012542335194860362,0.0007415647015202076,0.031847948429346164,0.0002635784416805,1.202600406233293e-17,0.00031355837987150905,0.0007415647015202076,0.05138526266683831,0.00027280877979368794,4.3353790218791373e-17,0.00033307134131454845,468,181,115,113,37,44,0,13,73,64,80,93,14,22,34,53,66,63,49,78,0,13,3953,783,51968,9959,1643,165
2023,18097355600,1400000US18097355600,0.014831294030404151,0.46142584518021457,0.004513844828910203,2.211887070359708e-12,0.006891056342681558,0.0008724290606120089,0.02714269677530674,0.00026552028405354137,1.3011100413880636e-13,0.00040535625545185634,0.0014831294030404152,0.09685941664310312,0.0003061380052841868,1.5026669797613025e-12,0.0006158888064583901,540,133,12,17,26,24,50,49,46,61,82,55,9,15,44,39,7,10,235,101,29,35,2175,430,37303,10191,1073,82
2023,18097355700,1400000US18097355700,0.009640341119762698,0.539982375919025,0.0033729205828066794,4.573561869100215e-13,0.004708374768098556,0.0007415647015202076,0.041537105839924995,0.00025945542944666764,3.518124514692473e-14,0.00036218267446911967,0.0007415647015202076,0.06658458843709189,0.0002931280132960435,3.5068525612041894e-13,0.0003807059162881215,511,148,0,13,26,25,82,74,22,23,43,45,88,62,8,12,32,31,169,110,41,35,2166,374,36551,7382,1292,170
2023,18097355900,1400000US18097355900,0.008157211716722283,0.14878132349861573,0.00225547287290925,4.145682348691078e-24,0.0039545723584234116,0.0007415647015202076,0.01352557486351052,0.00020504298844629547,3.768802135173707e-25,0.00035950657803849196,0.0007415647015202076,0.03222945816265793,0.00025967021592259956,3.2888461417766388e-24,0.0003774394812227872,454,142,21,22,46,34,75,91,80,46,0,13,70,80,56,44,10,17,96,71,0,13,2199,299,108688,29375,1331,149
2023,18097356200,1400000US18097356200,0.04189840563589173,1.2679588761663976,0.010297763548723011,1.0202725885458626,0.01431890005187036,0.0009975810865688506,0.030189497051580895,0.00024518484639816696,0.024292204489187202,0.000340926191711199,0.0025954764553207266,0.14942276596298662,0.00035585709634956304,0.16110582682688837,0.0007908278162089993,997,140,47,36,180,90,289,108,160,77,50,36,32,26,41,36,56,42,112,50,30,45,4151,306,96417,12565,1527,93
2023,18097356400,1400000US18097356400,0.020022246941045607,0.5811322944826046,0.005437159067009935,7.614694065616018e-05,0.009391812039933625,0.0007700864208094464,0.022351242095484794,0.0002091215025773052,2.9287284867753915e-06,0.00036122353999744713,0.0011123470522803114,0.03417400254596546,0.00026118842785892264,5.871106950465772e-05,0.0004969396948071557,1304,271,49,52,195,164,141,91,146,90,46,54,33,36,97,91,123,95,360,153,114,125,4484,837,42847,12499,2086,240
2023,18097356900,1400000US18097356900,0.005932517612161661,0.4187917886562606,0.002199930472950948,1.7600905196894477e-06,0.0029523894055656025,0.0007415647015202076,0.052348973582032575,0.0002749913091188685,2.2001131496118096e-07,0.0003690486756957003,0.0007415647015202076,0.08664218072833978,0.00032041042505757326,1.546331546009367e-06,0.00039124905510220457,291,64,0,13,28,25,20,16,44,41,68,45,23,22,25,25,6,9,64,37,13,20,2116,452,46474,14631,1279,161
2023,18097357000,1400000US18097357000,0.004449388209121246,0.047746296119034706,0.0009607467016226073,1.7675367179101825e-33,0.0021998401687034043,0.0007415647015202076,0.007957716019839118,0.00016012445027043456,2.945894529850304e-34,0.00036664002811723407,0.0007415647015202076,0.012378253376741644,0.00024002030029422893,1.6506335805610737e-33,0.00037960563964564633,311,164,0,13,55,54,30,38,7,10,50,51,15,16,18,21,14,16,122,137,0,13,1950,375,76061,18975,1135,169
2023,18097357100,1400000US18097357100,0.002224694104560623,0.006910909913091698,0.0007471597772351244,4.322203915735e-26,0.0010965318156339683,0.0007415647015202076,0.0023036366376972327,0.0002490532590783748,1.4407346385783333e-26,0.0003655106052113228,0.0007415647015202076,0.002694223387014256,0.00025096374729555626,4.003294353467396e-26,0.0003682944882783658,498,103,48,57,56,39,44,27,33,29,52,40,118,72,0,13,91,62,49,49,7,11,2058,396,81389,20198,1310,161
2023,18097357200,1400000US18097357200,0.004449388209121246,0.03953159663427914,0.001467597677025043,1.1750544562699653e-22,0.0022029349213619747,0.0007415647015202076,0.006588599439046523,0.00024459961283750716,1.9584240937832753e-23,0.0003671558202269958,0.0007415647015202076,0.017322109740573383,0.000255142472986389,1.0198869790562509e-22,0.0003706255035162309,373,120,0,13,73,69,58,42,38,44,9,14,0,13,70,62,0,13,51,42,74,60,2536,565,66172,22519,1341,150
2023,18097357300,1400000US18097357300,0.007415647015202076,0.1398704902358814,0.002363673601776583,9.806672037484947e-23,0.003701558227182263,0.0007415647015202076,0.013987049023588142,0.0002363673601776583,9.806672037484947e-24,0.00037015582271822633,0.0007415647015202076,0.01741975642790264,0.000257472557690696,9.806672037484947e-23,0.000371600377946881,497,119,67,69,40,46,38,30,42,41,47,35,18,25,71,58,33,39,108,80,33,32,2219,424,48407,18141,1113,140
2023,18097357400,1400000US18097357400,0.017055988134964773,0.2733779922520792,0.0055866785697888015,7.42295397849259e-21,0.008455815692088376,0.0007415647015202075,0.011885999663133879,0.00024289906825168702,3.227371294996778e-22,0.0003676441605255816,0.0007415647015202076,0.017825196476137353,0.0002612462451766649,6.056565541005787e-21,0.0003799658680402696,690,183,14,23,22,24,15,26,112,90,68,70,128,132,16,18,28,31,238,139,49,50,4203,1042,31406,6241,1868,171
2023,18097357500,1400000US18097357500,0.008898776418242492,0.17108598152983112,0.0026219432714087616,9.713526708912378e-35,0.004393549018068571,0.000808979674385681,0.015553271048166466,0.00023835847921897834,8.83047882628398e-36,0.0003994135470971428,0.0011123470522803114,0.02219105780060418,0.00024013610443787865,9.199596036079826e-35,0.0004648730909892508,325,108,0,13,18,24,11,20,31,28,12,24,46,49,4,7,87,63,116,69,0,13,3497,219,56250,26739,1414,178
2023,18097357601,1400000US18097357601,0.003707823507601038,0.24874448364981863,0.0012376269842539415,2.835812846660488e-25,0.001755109865631926,0.0007415647015202076,0.04974889672996373,0.0002475253968507883,5.671625693320976e-26,0.0003510219731263852,0.0007415647015202076,0.05846547268148256,0.00025329823894659596,2.659569625405585e-25,0.00037051610809451846,913,312,55,92,111,119,73,74,40,48,85,75,70,80,109,102,236,246,134,103,0,18,5207,899,42029,13192,2200,286
2023,18097357602,1400000US18097357602,0.0007415647015202076,0.012956890225319045,0.00024054943226877078,1.7413434981822113e-33,0.00033203303935295506,0.0007415647015202076,0.012956890225319045,0.00024054943226877078,1.7413434981822113e-33,0.00033203303935295506,0.0007415647015202076,0.012956890225319045,0.00024054943226877078,1.7413434981822113e-33,0.00033203303935295506,258,107,0,13,0,13,29,43,12,21,6,14,58,77,8,14,0,13,57,48,88,65,1657,137,40724,18986,627,84
2023,18097357800,1400000US18097357800,0.006674082313681868,0.16454108624192101,0.001713060612452867,3.3866702518199216e-10,0.0034109488649519426,0.0007415647015202076,0.018282342915769002,0.00019034006805031855,3.7629669464665794e-11,0.00037899431832799364,0.0007415647015202076,0.08433881915173361,0.00029275317425008987,3.3866702518199216e-10,0.000411744079305774,367,104,0,13,22,20,23,27,42,21,25,22,21,16,74,51,17,20,118,76,25,32,1438,302,42554,11468,887,103
2023,18097357900,1400000US18097357900,0.023359288097886538,1.350770556140519,0.007462886765966761,4.738596045590905e-11,0.01135319237119648,0.0007535254225124689,0.04357324374646836,0.00024073828277312132,1.5285793695454533e-12,0.00036623201197408,0.0011123470522803114,0.08623068933610156,0.00028694661753299474,4.1189484149172654e-11,0.0005040438839028419,575,176,20,29,43,59,43,56,84,51,40,42,24,27,180,158,8,14,133,79,0,13,3712,683,63191,11709,1866,179
2023,18097358000,1400000US18097358000,0.00778642936596218,0.5080044611241491,0.0028996356954384362,2.4131023802012444e-06,0.0038647313402303822,0.000778642936596218,0.05080044611241491,0.00028996356954384363,2.4131023802012444e-07,0.00038647313402303824,0.0011123470522803114,0.06873423670730604,0.00031791684538752947,2.106254906592136e-06,0.0005040174204295064,216,85,17,24,8,12,6,9,8,10,16,23,18,29,0,13,22,19,89,73,32,38,1321,282,41528,25023,590,69
2023,18097358100,1400000US18097358100,0.005932517612161661,0.2068074319306318,0.0016110163827059753,2.1932894921959964e-27,0.0029464476897098323,0.0007415647015202076,0.025850928991328976,0.0002013770478382469,2.7416118652449955e-28,0.00036830596121372903,0.0007415647015202076,0.02931546096388008,0.00020710317851719564,1.5731035673716883e-27,0.0003703253528881471,397,108,0,13,0,13,112,68,13,21,10,16,17,21,0,13,52,55,164,72,29,32,2330,527,42056,17791,1241,195
2023,18097360101,1400000US18097360101,0.011865035224323322,0.46864202706087693,0.004216232841996213,2.1176532807437273e-20,0.0058002734409559244,0.0007415647015202076,0.029290126691304808,0.0002635145526247633,1.3235333004648296e-21,0.0003625170900597453,0.0007415647015202076,0.037704915928494384,0.00027858030357702144,1.9561054368241874e-20,0.000370645016463051,757,131,39,41,70,81,0,13,38,60,64,58,0,13,13,21,125,91,292,125,116,73,2382,686,29527,17291,1385,174
2023,18097360102,1400000US18097360102,0.019280682239525396,0.46146802121417835,0.005682497939183734,7.605862410051752e-21,0.009579561879399835,0.0007415647015202076,0.017748770046699166,0.00021855761304552824,2.9253316961737507e-22,0.0003684446876692244,0.0007415647015202076,0.0362718476440284,0.00026994498998768606,5.652056132837817e-21,0.00037157552976103107,375,143,0,13,0,13,0,13,55,89,29,34,0,13,0,13,15,23,222,83,54,83,2203,559,32005,7942,1215,162
2023,18097360201,1400000US18097360201,0.026325546903967368,0.581043312219644,0.007517841237970686,1.8042373078246573e-20,0.013180496701424238,0.0007521584829704962,0.01660123749198983,0.0002147954639420196,5.154963736641878e-22,0.00037658562004069254,0.0011123470522803114,0.035384546407757164,0.000273624871438939,1.6917154255008198e-20,0.0005031625590846804,1392,482,0,13,137,135,82,100,363,373,159,139,52,81,0,13,177,118,422,269,0,13,3958,902,43545,9121,2082,421
2023,18097360202,1400000US18097360202,0.008157211716722283,0.10619035987892911,0.0021504089668986618,4.1296574335160114e-19,0.003741435801795473,0.0007415647015202076,0.009653669079902645,0.0001954917242635147,3.7542340304691014e-20,0.0003401305274359521,0.0007415647015202076,0.019058845469578794,0.0002081575102934641,2.0379826682755254e-19,0.00036854319461685295,220,116,0,13,29,46,12,21,0,13,10,17,36,56,0,13,0,13,55,68,78,76,3350,682,44543,8133,1114,86
2023,18097360301,1400000US18097360301,0.005932517612161661,0.17729667759209322,0.0018664090358582984,2.1633308665166494e-20,0.0029400618770779098,0.0007415647015202076,0.022162084699011653,0.0002333011294822873,2.7041635831458117e-21,0.0003675077346347387,0.0007415647015202076,0.024242784322398007,0.00024264719935765725,1.1884409186933514e-20,0.0003730090976651569,699,174,22,38,39,48,68,61,98,114,59,68,73,87,219,196,25,36,39,48,57,87,3993,589,49632,22704,1368,117
2023,18097360302,1400000US18097360302,0.01853911753800519,0.5968744533160816,0.005949776616675402,7.355113243604456e-17,0.008894218915366651,0.0007724632307502163,0.024869768888170066,0.00024790735902814175,3.0646305181685232e-18,0.0003705924548069438,0.0014831294030404152,0.03938861071043879,0.0002797580980770939,6.827339136383325e-17,0.0006255248750058776,745,154,16,27,56,38,39,46,53,60,24,28,65,62,42,42,26,28,407,152,17,27,2917,649,26144,12429,1288,160
2023,18097360401,1400000US18097360401,0.011865035224323322,0.2772691439768773,0.0034389678662214243,1.6777398895629795e-08,0.0057524870201788175,0.0007415647015202076,0.01732932149855483,0.00021493549163883902,1.0485874309768622e-09,0.0003595304387611761,0.0007415647015202076,0.02040815765181447,0.00022948936463526245,1.5339718878135742e-08,0.00036990427637558475,2261,554,21,36,188,143,671,454,322,272,131,108,156,141,139,133,111,88,522,281,0,18,5902,1231,44324,5959,2950,488
2023,18097360402,1400000US18097360402,0.012235817575083425,0.21734777294037008,0.0028794560898297954,5.922936192616429e-14,0.005815537070703595,0.0008157211716722283,0.014489851529358005,0.00019196373932198635,3.9486241284109524e-15,0.00038770247138023966,0.0014831294030404152,0.032888642067403176,0.0002082215837444711,5.43715397385201e-14,0.0006363794770092807,561,343,6,9,13,27,0,13,35,43,2,18,21,30,0,13,19,25,456,336,9,14,3211,1260,19303,12442,1153,347
2023,18097360406,1400000US18097360406,0.0007415647015202076,0.002179721616170952,0.00010293219754015735,8.410227090581675e-37,0.0003704703436230987,0.0007415647015202076,0.002179721616170952,0.00010293219754015735,8.410227090581675e-37,0.0003704703436230987,0.0007415647015202076,0.002179721616170952,0.00010293219754015735,8.410227090581675e-37,0.0003704703436230987,1064,273,101,94,55,68,16,27,59,66,232,180,210,147,48,88,137,164,206,148,0,13,3667,734,40725,5700,2032,174
2023,18097360501,1400000US18097360501,0.0029662588060808304,0.0027975088267104126,0.0005724266992095811,0.16052228599315965,0.001528368880708172,0.0007415647015202076,0.0006993772066776031,0.00014310667480239527,0.04013057149828991,0.000382092220177043,0.0007415647015202076,0.0012192082861603563,0.000148712631263675,0.04125644212659651,0.0003865885126221877,639,175,0,18,61,68,135,146,10,19,117,148,31,36,34,40,99,87,136,112,16,27,6331,1029,69894,15984,2456,323
2023,18097360502,1400000US18097360502,0.04263997033741194,0.6999817909557713,0.011193273481947387,0.1333516084978787,0.020297127351662513,0.0007752721879529444,0.012726941653741296,0.0002035140633081343,0.002424574699961431,0.0003690386791211366,0.0011123470522803114,0.031985203913789256,0.0002262727586966925,0.03522171298323956,0.0005823972410147842,560,226,0,18,54,63,0,18,0,18,0,18,0,18,127,129,181,198,198,136,0,18,5733,840,59605,12621,2432,289
2023,18097360601,1400000US18097360601,0.01853911753800519,0.31620142833723375,0.0052296434520736484,2.1894342319103816e-05,0.0092686149571691,0.0007415647015202076,0.01264805713348935,0.00020918573808294594,8.757736927641527e-07,0.00037074459828676404,0.0007415647015202076,0.034795503081234344,0.00023574818582269467,8.976961917077887e-06,0.0003827676461155145,388,127,49,38,0,13,22,24,26,40,47,44,40,47,14,22,64,81,111,65,15,17,4777,740,74353,12090,1953,210
2023,18097360602,1400000US18097360602,0.03337041156840934,0.6043114175658414,0.010155596618599681,1.7249967622657763e-09,0.014978031200812118,0.0008139124772782767,0.014739302867459546,0.00024769747850243127,4.207309176257991e-11,0.0003653178341661492,0.001853911753800519,0.04804203263544834,0.00027882595405179814,1.3347577540584413e-09,0.0006362781933953814,1223,294,101,73,43,51,17,32,100,93,62,62,166,133,291,223,0,18,320,158,123,140,6523,1148,42074,12393,2577,259
2023,18097360700,1400000US18097360700,0.009640341119762698,0.11595172787876187,0.0031303376000921188,2.29164573160692e-11,0.004930107496153669,0.0007415647015202076,0.008919363682981683,0.00024079520000708606,1.7628044089284e-12,0.0003792390381656668,0.0007415647015202076,0.01858532780130467,0.00027153060069136847,1.680128753808446e-11,0.0004171076494641838,142,65,17,19,0,13,15,17,9,10,5,8,0,13,12,18,23,36,50,43,11,11,1971,299,78750,21404,860,115
2023,18097360800,1400000US18097360800,0.023359288097886538,0.7271022644129261,0.0082400177020152,2.513139046098921e-12,0.010670935840510275,0.0007535254225124689,0.023454911755255683,0.0002658070226456516,8.106900148706197e-14,0.00034422373679065404,0.0011123470522803114,0.04062157205115256,0.00028835473905802555,1.8105407738866883e-12,0.00038712111813750345,767,152,24,23,20,22,134,89,59,69,59,32,26,20,58,46,99,59,272,115,16,17,2551,436,38867,4267,1455,200
2023,18097360900,1400000US18097360900,0.03114571746384872,1.109878837423125,0.010414605505835567,3.012319015747315e-13,0.015153518216172038,0.000841776147671587,0.029996725335760133,0.0002814758244820423,8.141402745263014e-15,0.00040955454638302803,0.0014831294030404152,0.061537217415988096,0.00030587876762307783,2.4472816702946747e-13,0.0006880985206633673,1109,228,0,18,79,81,9,17,119,104,59,67,15,29,18,29,203,152,479,186,128,113,5577,877,39911,11945,2476,267
2023,18097361000,1400000US18097361000,0.011123470522803113,0.09174731457856791,0.004161968215755014,3.05610599026472e-14,0.005277567270060032,0.0007415647015202076,0.0061164876385711945,0.00027746454771700093,2.0374039935098134e-15,0.0003518378180040021,0.0007415647015202076,0.007482211799240612,0.0002856081149294681,2.5852902234378567e-14,0.00037035862087544334,113,48,10,16,0,13,11,12,21,20,7,12,4,6,6,9,28,28,26,25,0,13,2140,247,93804,8662,1018,120
2023,18097361100,1400000US18097361100,0.008898776418242492,0.0759472553854211,0.002836298762953461,2.7854751515755044e-14,0.004451790176306718,0.0007415647015202076,0.006328937948785092,0.00023635823024612175,2.321229292979587e-15,0.0003709825146922265,0.0007415647015202076,0.007678467887717863,0.00027630768816822905,1.2057718804337304e-14,0.0003732445202481863,522,130,38,62,37,36,70,61,86,63,36,29,39,32,23,25,43,41,134,89,16,19,2947,576,76000,25769,1669,182
2023,18097361300,1400000US18097361300,0.006303299962921765,0.06764632424861562,0.0018058686077921137,1.2166854297576852e-07,0.002967961692627455,0.0007879124953652206,0.008455790531076953,0.0002257335759740142,1.5208567871971065e-08,0.00037099521157843185,0.0011123470522803114,0.017654108477492853,0.00024914606662871725,9.412612438814195e-08,0.00037711350259243424,211,90,16,28,80,106,29,34,28,36,0,13,35,41,23,31,0,13,0,13,0,13,2106,358,66045,2250,1125,193
2023,18097361402,1400000US18097361402,0.002224694104560623,0.02192085612214473,0.0007026198837319763,7.408877110142438e-27,0.001120610294599466,0.0007415647015202076,0.00730695204071491,0.00023420662791065876,2.4696257033808127e-27,0.0003735367648664887,0.0007415647015202076,0.007930973969318586,0.0002364870077247619,6.930505619173986e-27,0.0003766903500459578,789,279,128,174,47,55,95,142,158,129,74,109,19,50,44,76,40,64,184,176,0,18,5739,1034,74632,18491,2254,286
2023,18097361601,1400000US18097361601,0.004820170559881349,0.01563034649995764,0.0010239416281432006,0.10407161152596896,0.002411436464252079,0.0008033617599802249,0.00260505774999294,0.00017065693802386677,0.017345268587661493,0.00040190607737534647,0.0011123470522803114,0.004867618598090637,0.00018215958883776307,0.03542754749148589,0.0005271198634976494,154,95,0,18,14,21,0,18,0,18,12,27,9,14,0,18,12,23,107,102,0,18,5081,1187,90043,11688,2078,376
2023,18097370201,1400000US18097370201,0.0025954764553207266,0.006813400756307977,0.00047119256564836284,5.347894250437177e-66,0.0013771591612043452,0.0008651588184402422,0.0022711335854359925,0.0001570641885494543,1.7826314168123923e-66,0.0004590530537347817,0.0011123470522803114,0.00289323008640219,0.0001576304419907673,5.009683029245964e-66,0.0005453428593130273,705,138,51,52,56,46,72,50,72,66,0,13,146,80,124,84,28,46,137,67,19,29,3356,402,54333,9490,1495,138
2023,18097370203,1400000US18097370203,0.010381905821282907,0.1200374853254908,0.002302583558066696,6.440035686196616e-56,0.005006937260452191,0.0007415647015202076,0.008574106094677915,0.00016447025414762116,4.60002549014044e-57,0.0003576383757465851,0.0007415647015202076,0.013248592512397005,0.00017177906272316287,6.065453612904974e-56,0.00037054636739129607,937,342,0,13,69,59,170,156,47,47,27,31,48,60,0,13,71,52,490,339,15,23,4965,1102,34671,17557,1599,312
2023,18097370204,1400000US18097370204,0.0011123470522803114,0.005682349549835019,0.00015892064893874175,5.824189798171068e-69,0.0005456836622427476,0.0011123470522803114,0.005682349549835019,0.00015892064893874175,5.824189798171068e-69,0.0005456836622427476,0.0011123470522803114,0.005682349549835019,0.00015892064893874175,5.824189798171068e-69,0.0005456836622427476,481,127,0,13,117,119,0,13,0,13,93,75,81,81,0,13,74,87,116,62,0,13,3490,474,53561,12362,1519,165
2023,18097370303,1400000US18097370303,0.0007415647015202076,0.0010937804286331996,0.00015451466803122633,1.0218044057806605e-69,0.0003388131715469752,0.0007415647015202076,0.0010937804286331996,0.00015451466803122633,1.0218044057806605e-69,0.0003388131715469752,0.0007415647015202076,0.0010937804286331996,0.00015451466803122633,1.0218044057806605e-69,0.0003388131715469752,713,166,0,18,122,70,74,66,94,70,73,73,169,133,66,70,58,76,24,26,33,52,7934,706,84262,15999,2502,259
2023,18097380200,1400000US18097380200,0.017055988134964773,0.5047894095611969,0.005052978418323237,1.532731034858347e-16,0.008554738902971738,0.0007415647015202075,0.021947365633095517,0.00021969471384014074,6.664047977644987e-18,0.0003719451696944234,0.0011123470522803114,0.051164388610710446,0.00026738050358886175,1.435408830400881e-16,0.0005765461062747291,837,231,0,13,11,18,47,34,150,120,52,55,11,17,95,84,43,61,417,202,11,18,3244,745,38500,18997,1751,301
2023,18097380301,1400000US18097380301,0.008898776418242492,0.21338070435443715,0.002687998006113136,4.0455712766283195e-26,0.004092050677639201,0.000808979674385681,0.019398245850403378,0.0002443634551011942,3.677792069662109e-27,0.00037200460705810913,0.0011123470522803114,0.059434512905316275,0.00024866035404679063,3.7883704857444123e-26,0.0005336067091871555,230,129,0,13,21,24,0,13,0,13,0,13,46,65,0,13,32,42,131,98,0,13,2287,560,43902,21558,874,150
2023,18097380302,1400000US18097380302,0.008898776418242492,0.20863897204902546,0.002385701008957021,5.992194308198433e-25,0.004017011332960992,0.0008898776418242492,0.020863897204902546,0.0002385701008957021,5.992194308198433e-26,0.0004017011332960992,0.001853911753800519,0.046815672760920204,0.0002504724800595385,5.966189594594988e-25,0.0007425178829035602,588,141,0,13,0,13,74,69,96,80,84,79,26,36,48,73,56,55,173,66,31,29,3634,743,45690,7629,1332,202
2023,18097380402,1400000US18097380402,0.014831294030404151,0.2757871148182011,0.00425345957509822,2.1910132443298276e-40,0.007407999826959762,0.0007415647015202076,0.013789355740910055,0.000212672978754911,1.0955066221649137e-41,0.0003703999913479881,0.0007415647015202076,0.017863567498341382,0.0002233808726092378,1.6536709051414455e-40,0.00037064492028591464,1423,308,18,28,75,51,154,110,172,87,241,184,168,120,76,56,61,51,441,212,17,26,4703,826,43060,12520,2351,201
2023,18097380403,1400000US18097380403,0.007415647015202076,0.06188489463509846,0.00229871157337488,1.895337256048226e-30,0.0036941016531848313,0.0007415647015202076,0.006188489463509846,0.000229871157337488,1.895337256048226e-31,0.0003694101653184831,0.0007415647015202076,0.008166151202182005,0.0002366148926726745,1.7703410578123536e-30,0.0003706448393262123,345,151,0,13,6,11,57,56,65,59,51,48,11,18,11,18,49,44,61,63,34,32,3664,532,65667,15168,1592,226
2023,18097380404,1400000US18097380404,0.007415647015202076,0.17948002084596323,0.0023152203250075597,2.6536886709059534e-36,0.0032542962112362805,0.0007415647015202076,0.017948002084596324,0.00023152203250075598,2.6536886709059536e-37,0.000325429621123628,0.0007415647015202076,0.020697796980709417,0.00024123464733031124,1.8753701087244264e-36,0.0003737683922470127,370,106,14,16,35,45,37,26,36,35,11,18,32,35,0,13,71,66,134,85,0,13,4004,535,55712,8117,1800,257
2023,18097380501,1400000US18097380501,0.0007415647015202076,0.011967495480746274,0.00023175667843911235,1.9346629454752584e-29,0.00036403135957983424,0.0007415647015202076,0.011967495480746274,0.00023175667843911235,1.9346629454752584e-29,0.00036403135957983424,0.0007415647015202076,0.011967495480746274,0.00023175667843911235,1.9346629454752584e-29,0.00036403135957983424,386,172,0,13,17,27,41,48,33,35,23,21,36,40,105,138,70,74,53,69,8,13,2550,591,48273,7880,1078,173
2023,18097380502,1400000US18097380502,0.0029662588060808304,0.07547992659169603,0.0009329636473380464,2.243145166315568e-28,0.0013816982216787405,0.0007415647015202076,0.018869981647924007,0.0002332409118345116,5.60786291578892e-29,0.0003454245554196851,0.0007415647015202076,0.02211408653862023,0.00023689134956198204,2.2431198033263542e-28,0.0003609111758719393,1067,240,9,16,61,68,162,104,33,32,130,77,186,113,28,32,132,86,277,198,49,49,3780,670,40724,9627,1942,276
2023,18097380600,1400000US18097380600,0.005190952910641453,0.1045465947987048,0.0016312991040869143,7.2285263530164225e-28,0.0024448501743882137,0.0007415647015202076,0.0149352278283864,0.00023304272915527347,1.032646621859489e-28,0.00034926431062688766,0.0007415647015202076,0.020265813537186612,0.0002395918850126904,3.8801107177279997e-28,0.00037064479156973803,1151,286,33,54,427,313,11,19,54,49,38,42,52,78,164,143,119,98,239,175,14,22,5880,1203,66056,11949,2434,354
2023,18097380700,1400000US18097380700,0.006674082313681868,0.13706693006516749,0.0020494934730078775,1.1568160694684861e-30,0.0032893823438871804,0.0007415647015202076,0.01522965889612972,0.00022772149700087528,1.285351188298318e-31,0.0003654869270985756,0.0007415647015202076,0.018891058204027117,0.00023492944565256613,1.0799932588860425e-30,0.00037064492216456633,1238,323,13,23,69,95,102,106,146,106,63,70,47,95,0,18,150,117,648,352,0,18,7141,1038,58708,11869,2719,296
2023,18097380800,1400000US18097380800,0.007415647015202076,0.09479801713960671,0.0021924534994001974,2.0993092617877653e-30,0.0036907309591593124,0.0007415647015202076,0.009479801713960671,0.00021924534994001974,2.0993092617877653e-31,0.00036907309591593127,0.0007415647015202076,0.01125178652178649,0.0002283000032118439,1.66921349363469e-30,0.0003703531708240781,397,104,0,13,55,44,36,36,17,21,106,76,0,13,8,14,16,19,148,78,11,18,2764,535,56189,16657,1324,233
2023,18097380902,1400000US18097380902,0.010381905821282907,0.11605047481045541,0.0027204635968758164,7.339650851275371e-49,0.005189779895454884,0.0007415647015202076,0.008289319629318243,0.0001943188283482726,5.24260775091098e-50,0.00037069856396106316,0.0007415647015202076,0.012895689132556343,0.0002064943091957815,6.873627750702792e-49,0.0003710035255646294,781,157,0,18,91,85,112,90,47,44,287,146,17,27,35,56,72,54,107,82,13,21,5985,732,75462,9644,2649,275
2023,18097381002,1400000US18097381002,0.008157211716722283,0.06446978123841306,0.0022497043744662062,1.0027010201770402e-35,0.004076326111991243,0.0007415647015202076,0.005860889203492096,0.00020451857949692784,9.115463819791274e-37,0.00037057510109011295,0.0007415647015202076,0.007734992941932404,0.00021273805561219852,7.972119599262753e-36,0.00037063491003718266,144,70,0,13,0,13,47,52,35,26,8,12,0,13,0,13,45,54,0,13,9,10,3707,879,86458,21932,1554,238
2023,18097381003,1400000US18097381003,0.004449388209121246,0.011717327418419632,0.0011479974017327506,3.595245365118986e-42,0.0022234911903659107,0.0007415647015202076,0.0019528879030699386,0.00019133290028879176,5.9920756085316434e-43,0.0003705818650609851,0.0007415647015202076,0.0036367202155598763,0.0001970496938268061,3.2850473840623747e-42,0.0003707659960689771,939,175,18,17,32,28,115,71,93,91,159,90,169,162,128,105,80,58,136,67,9,13,3624,367,44238,7318,1684,191
2023,18097381004,1400000US18097381004,0.005190952910641453,0.02946440654469358,0.001373906920225063,7.14829850398047e-42,0.0025885880546156195,0.0007415647015202076,0.004209200934956226,0.00019627241717500902,1.0211855005686387e-42,0.0003697982935165171,0.0007415647015202076,0.012081920894630699,0.00021225709199887817,5.682419249570825e-42,0.0003707659960689771,1132,270,0,13,61,46,105,97,95,82,201,115,133,112,182,135,67,45,277,220,11,18,3749,633,37080,15519,1728,258
2023,18097381101,1400000US18097381101,0.005190952910641453,0.08312965059539724,0.0015397376867980097,1.1278962951102229e-36,0.0025918775993336368,0.0007415647015202076,0.011875664370771035,0.00021996252668542998,1.6112804215860327e-37,0.00037026822847623385,0.0007415647015202076,0.015472874025321026,0.00022613630263470917,1.0015644403549966e-36,0.000370642927289385,919,203,46,55,75,85,76,80,156,142,70,71,166,148,105,117,15,29,210,156,0,18,5844,776,84698,15729,2699,343
2023,18097381102,1400000US18097381102,0.003707823507601038,0.048239939090472,0.0010696905430303916,2.5616731311040383e-40,0.0018486052626133984,0.0007415647015202076,0.0096479878180944,0.0002139381086060783,5.123346262208077e-41,0.00036972105252267967,0.0007415647015202076,0.013435221462686863,0.0002179871931476275,2.4053193702163226e-40,0.0003705354896121152,486,152,15,24,96,111,32,30,74,108,57,65,63,97,44,59,21,36,61,64,23,37,7441,897,63769,13664,2829,391
2023,18097381203,1400000US18097381203,0.008157211716722283,0.04078385809488288,0.0021513373922967603,6.136934950876071e-44,0.004041694542150428,0.0007415647015202076,0.003707623463171171,0.00019557612657243275,5.5790317735237016e-45,0.00036742677655912984,0.0007415647015202076,0.011406783446603492,0.00021041418481148038,5.774067181420187e-44,0.00037160277395222426,808,214,0,13,0,13,32,35,166,111,117,60,150,85,182,130,34,42,127,90,0,13,3249,523,44871,9470,1293,200
2023,18097381204,1400000US18097381204,0.008898776418242492,0.040119035437770734,0.002364194001505046,2.2328324156720075e-46,0.004296334780570865,0.0007415647015202076,0.003343252953147561,0.00019701616679208717,1.860693679726673e-47,0.0003580278983809054,0.0007415647015202076,0.010062422364007046,0.00020507721464751825,2.230566961972963e-46,0.000373013273616711,1390,185,9,15,84,74,57,47,190,98,69,42,111,52,109,62,204,86,505,161,52,47,2835,550,29622,7668,1789,157
2023,18097381205,1400000US18097381205,0.002224694104560623,0.006799510171209026,0.0005396356768111673,1.26803528441091e-65,0.0011159627257141006,0.0007415647015202076,0.0022665033904030085,0.00017987855893705578,4.2267842813696996e-66,0.00037198757523803353,0.0007415647015202076,0.0029750607609950173,0.000181429032553488,1.1878238283936783e-65,0.00037281247422312494,1562,290,60,63,119,84,71,57,253,181,360,226,137,100,115,71,149,113,242,138,56,68,7302,846,55746,12668,2681,234
2023,18097390102,1400000US18097390102,0.005932517612161661,0.026383997385819393,0.001764479061137126,4.240849070656187e-34,0.0029628973296687007,0.0007415647015202076,0.003297999673227424,0.00022055988264214075,5.301061338320233e-35,0.0003703621662085876,0.0007415647015202076,0.004510864362975017,0.00022459665764252708,3.982898238953795e-34,0.00037064244119119227,1721,605,0,18,47,56,50,75,369,201,167,133,486,605,75,60,147,110,319,185,61,92,5535,1007,47000,11353,2725,637
2023,18097390405,1400000US18097390405,0.005190952910641453,0.020842754175702426,0.0012660438744006729,1.809866517030942e-63,0.002593106246767351,0.0007415647015202076,0.0029775363108146325,0.00018086341062866756,2.5855235957584886e-64,0.000370443749538193,0.0007415647015202076,0.005104858789137068,0.0001855218216677907,1.6973603796119285e-63,0.00037063197205649303,1311,257,243,189,90,64,369,214,45,56,237,149,102,80,83,84,11,17,114,86,17,26,4004,469,82536,20670,2034,245
2023,18097390410,1400000US18097390410,0.002224694104560623,0.019569221324056075,0.0005664311224544419,7.536976204787134e-60,0.001111926116995903,0.0007415647015202076,0.006523073774685358,0.00018881037415148063,2.512325401595711e-60,0.00037064203899863437,0.0007415647015202076,0.007232181267459503,0.00019048372545483024,7.070283939927513e-60,0.00037064409517344166,229,51,44,67,35,32,44,55,48,53,0,13,15,15,0,13,11,16,27,29,5,9,1958,244,109750,16685,794,60
2023,18097390411,1400000US18097390411,0.003707823507601038,0.039073665761165555,0.000998911890193634,1.2334124490467807e-42,0.001853216354266766,0.0007415647015202076,0.00781473315223311,0.0001997823780387268,2.4668248980935612e-43,0.00037064327085335324,0.0007415647015202076,0.010068611238556084,0.00021952770144100688,1.2334124490462755e-42,0.00037064491774420946,427,163,0,13,43,49,65,54,42,38,30,33,30,34,34,40,22,27,161,153,0,13,3875,581,60750,10775,1697,169
2023,18097390500,1400000US18097390500,0.012977382276603633,0.3878918382772814,0.004412439275387154,1.3631150781222789e-14,0.005782094463236192,0.0008110863922877271,0.024243239892330088,0.0002757774547116971,8.519469238264243e-16,0.000361380903952262,0.0014831294030404152,0.04763480469012168,0.00031103208486631405,1.0263158187507666e-14,0.000530816996290885,460,138,10,16,25,28,115,108,43,56,43,40,70,77,23,26,39,63,40,36,52,57,2830,614,50763,15784,1486,195
2023,18097390602,1400000US18097390602,0.005190952910641453,0.02859631374128194,0.001522851602431781,1.2966267875131869e-39,0.0021938420351802655,0.0008651588184402422,0.004766052290213657,0.00025380860040529683,2.1610446458553114e-40,0.0003656403391967109,0.0014831294030404152,0.02569221874178255,0.0002565502606332062,1.204168964309262e-39,0.0005545254242924817,1460,263,0,13,38,47,220,215,240,172,290,173,106,110,32,33,170,118,357,144,7,11,3232,421,57137,7718,2021,242
2023,18097390700,1400000US18097390700,0.008157211716722283,0.21235018797674965,0.0023891623665837467,2.2923176177617712e-11,0.0040569617454443915,0.0007415647015202076,0.019304562543340877,0.00021719657878034062,2.0839251070561556e-12,0.0003688147041313083,0.0007415647015202076,0.02860346532964972,0.0002457760523773774,1.2781156215238564e-11,0.00037036347079364107,397,153,39,56,45,49,0,13,34,40,42,47,0,13,6,12,71,62,111,73,49,69,4154,971,58710,4224,1672,318
2023,18097390801,1400000US18097390801,0.002224694104560623,0.009014714668127793,0.00033582402704687405,2.173887564360868e-56,0.000992005737801844,0.0007415647015202076,0.003004904889375931,0.00011194134234895801,7.246291881202893e-57,0.00033066857926728133,0.0007415647015202076,0.004724861891826175,0.00011408923583424976,1.6346521062787232e-56,0.0003420675695694587,0,13,0,13,0,13,0,13,0,13,0,13,0,13,0,13,0,13,0,13,0,13,0,13,-,**,0,13
2023,18097390802,1400000US18097390802,0.011123470522803115,0.01771847277280284,0.0017912773185258,9.471565093279734e-58,0.004796993815067664,0.0008556515786771626,0.001362959444061757,0.00013779056296352307,7.285819302522873e-59,0.00036899952423597414,0.0014831294030404152,0.003319849838649164,0.00015777449515972966,4.422091122125267e-58,0.0005039716800264366,689,158,0,13,104,83,62,42,41,52,73,94,64,52,21,32,99,85,212,157,13,18,4056,806,73500,12741,1693,125
2023,18097390900,1400000US18097390900,0.015202076381164257,0.32192173631763615,0.005953474508887066,0.022635386041455728,0.006485189693673459,0.0007601038190582128,0.01609608681588181,0.00029767372544435333,0.0011317693020727864,0.00032425948468367294,0.0011123470522803114,0.02389772018365279,0.0003246411794270765,0.0111474683391326,0.00045844023294549987,870,312,129,162,79,45,42,40,135,70,61,48,76,53,71,99,42,29,206,206,29,33,3148,607,80250,38385,1913,293
2023,18097391001,1400000US18097391001,0.02447163515016685,0.9750048319064999,0.007867275605462616,0.15893783750332385,0.010952195234485108,0.0008438494879367879,0.03362085627263793,0.0002712853657056074,0.005480615086321512,0.0003776619046374175,0.0014831294030404152,0.08723823811268483,0.0003539871698826124,0.055050968172886044,0.000576894996718212,378,94,0,13,0,13,97,67,31,48,73,60,19,24,33,38,32,39,66,54,27,34,1991,278,54605,28482,594,102
2023,18097391002,1400000US18097391002,0.0292918057100482,0.9106222908774707,0.008268325227497623,1.0188572798667983,0.013946184012312731,0.0008876304760620668,0.02759461487507487,0.0002505553099241704,0.030874463026266615,0.0004226116367367494,0.001853911753800519,0.12299998496332705,0.0003542007170737182,0.35482646431245485,0.000745731628478819,3220,380,125,85,601,305,691,239,359,175,183,123,227,133,140,118,207,143,557,201,130,80,5797,810,97446,18905,4105,506
2024,18063210614,1400000US18063210614,0.0008107012565869477,0.0023642165801885783,0.00017858737046598739,0.0,0.000405184678614492,0.0008107012565869477,0.0023642165801885783,0.00017858737046598739,0.0,0.000405184678614492,0.0008107012565869477,0.0023642165801885783,0.00017858737046598739,0.0,0.000405184678614492,,,,,,,,,,,,,,,,,,,,,,,,,,,,
2024,18081610201,1400000US18081610201,0.0024321037697608433,0.00126437835881322,0.0005474750671033746,0.0,0.0012118793070727322,0.0008107012565869478,0.00042145945293774,0.0001824916890344582,0.0,0.00040395976902424404,0.0008107012565869477,0.0009274080473770395,0.00018372883068656522,0.0,0.00040518638573743915,,,,,,,,,,,,,,,,,,,,,,,,,,,,
2024,18081610300,1400000US18081610300,0.0024321037697608433,0.010755270462234503,0.00041647617656496457,0.0,0.0010276756523102382,0.0012160518848804217,0.005377635231117252,0.00020823808828248228,0.0,0.0005138378261551191,0.0016214025131738954,0.009774111540789351,0.00020860449888773227,0.0,0.0006907439618363139,,,,,,,,,,,,,,,,,,,,,,,,,,,,
2024,18081610401,1400000US18081610401,0.0016214025131738954,0.004047260003991043,0.0004215136024279077,0.0,0.0007619995228491485,0.0008107012565869477,0.0020236300019955216,0.00021075680121395384,0.0,0.00038099976142457425,0.0008107012565869477,0.002379010398739435,0.0002117438737323693,0.0,0.00038714908620300555,,,,,,,,,,,,,,,,,,,,,,,,,,,,
2024,18097310104,1400000US18097310104,0.014997973246858533,0.14120157366779196,0.0035828807119724438,0.0,0.007368461719592372,0.0008332207359365852,0.007844531870432887,0.00019904892844291354,0.0,0.0004093589844217985,0.0012160518848804217,0.019395189247458176,0.00021076769119096018,0.0,0.0006302924640068336,,,,,,,,,,,,,,,,,,,,,,,3510,396,78696,15903,,
2024,18097310105,1400000US18097310105,0.023104985812728008,0.42510415670138607,0.005666584647282333,0.0,0.011146581920356927,0.000825178064740286,0.015182291310763789,0.0002023780231172262,0.0,0.00039809221144131884,0.0012160518848804217,0.03326373663583963,0.00022658789128029703,0.0,0.0006302894768408453,,,,,,,,,,,,,,,,,,,,,,,4316,694,63333,14659,,
2024,18097310106,1400000US18097310106,0.005674908796108634,0.0540194640626916,0.0014266467639455751,0.0,0.0027597906825298953,0.0008107012565869477,0.007717066294670228,0.0002038066805636536,0.0,0.00039425581178998505,0.0008107012565869477,0.00958935318466532,0.0002104702458629933,0.0,0.0004051834635658591,,,,,,,,,,,,,,,,,,,,,,,3945,527,62127,13800,,
2024,18097310110,1400000US18097310110,0.0016214025131738954,0.01950351287440278,0.0005674872781569326,0.0,0.0007729012147062,0.0008107012565869477,0.00975175643720139,0.0002837436390784663,0.0,0.0003864506073531,0.0008107012565869477,0.013623627503483943,0.0002863751435792822,0.0,0.00039183352530973485,,,,,,,,,,,,,,,,,,,,,,,2330,338,69098,13176,,
2024,18097310111,1400000US18097310111,0.012160518848804217,0.15673311063705142,0.0038387322424893997,0.0,0.005764089551415793,0.0009354245268310935,0.012056393125927033,0.00029528709557610766,0.0,0.000443391503955061,0.0012160518848804217,0.029813982525541526,0.00030655408550038824,0.0,0.0006198004951035838,,,,,,,,,,,,,,,,,,,,,,,3541,433,63021,7088,,
2024,18097310112,1400000US18097310112,0.004864207539521687,0.01552463318726903,0.0010851256313682087,0.0,0.0024315436354025565,0.0008107012565869478,0.002587438864544838,0.00018085427189470146,0.0,0.00040525727256709277,0.0008107012565869477,0.004503402742642458,0.000185976083697695,0.0,0.0004088523344529705,,,,,,,,,,,,,,,,,,,,,,,6200,906,158510,24887,,
2024,18097310201,1400000US18097310201,0.027563842723956223,0.3093449921773575,0.006678016674380476,0.0,0.013749418233214076,0.0008107012565869477,0.009098382122863456,0.00019641225512883752,0.0,0.00040439465391806106,0.0008107012565869477,0.03595637598785723,0.00023869130031007067,0.0,0.00040577980441871127,,,,,,,,,,,,,,,,,,,,,,,4817,672,73577,13701,,
2024,18097310203,1400000US18097310203,0.009728415079043373,0.27875663543855944,0.002668243573900139,0.0,0.004862100454772009,0.0008107012565869478,0.023229719619879952,0.0002223536311583449,0.0,0.00040517503789766745,0.0008107012565869477,0.04017738117194,0.00026033292055886975,0.0,0.00040518606688221155,,,,,,,,,,,,,,,,,,,,,,,5391,862,68103,13034,,
2024,18097310204,1400000US18097310204,0.009728415079043373,0.11138594738463369,0.002472857931935313,0.0,0.004862233843820216,0.0008107012565869478,0.009282162282052807,0.00020607149432794276,0.0,0.0004051861536516846,0.0008107012565869477,0.011406034102710523,0.00021758322467018952,0.0,0.0004051863857374392,,,,,,,,,,,,,,,,,,,,,,,4960,895,97270,26099,,
2024,18097310305,1400000US18097310305,0.009728415079043373,0.06811583625675625,0.0027008460286374433,0.0,0.004334662584957712,0.0009728415079043373,0.006811583625675625,0.00027008460286374436,0.0,0.0004334662584957712,0.0016214025131738954,0.013005245888058133,0.00028324151658494875,0.0,0.0005972297737282942,,,,,,,,,,,,,,,,,,,,,,,6570,1012,57044,11030,,
2024,18097310306,1400000US18097310306,0.03161734900689096,0.7037458934825339,0.009846761497747183,0.0,0.014899018175763173,0.0008782596946358601,0.019548497041181497,0.0002735211527151995,0.0,0.0004138616159934215,0.0016214025131738954,0.15825851770540642,0.00034939865210683533,0.0,0.0007632104464781681,,,,,,,,,,,,,,,,,,,,,,,8468,1352,54266,5515,,
2024,18097310308,1400000US18097310308,0.0032428050263477908,0.1678335701988059,0.0010830772246482202,0.0,0.0016203947911093688,0.0008107012565869477,0.041958392549701476,0.00027076930616205504,0.0,0.0004050986977773422,0.0008107012565869477,0.043029629388545175,0.0002773156786783675,0.0,0.00040516708833650413,,,,,,,,,,,,,,,,,,,,,,,3336,382,65214,13303,,
2024,18097310309,1400000US18097310309,0.0032428050263477908,0.041680761888230396,0.0008053394484530778,0.0,0.0016189231399856947,0.0008107012565869477,0.010420190472057599,0.00020133486211326945,0.0,0.00040473078499642367,0.0008107012565869477,0.011511234590183281,0.00020489151154626356,0.0,0.0004051340927186953,,,,,,,,,,,,,,,,,,,,,,,3141,510,46083,18193,,
2024,18097310312,1400000US18097310312,0.009728415079043373,0.35765453540670344,0.003050828168647459,0.0,0.004770395495086351,0.0008107012565869478,0.029804544617225287,0.0002542356807206216,0.0,0.00039753295792386255,0.0008107012565869477,0.04736684823613301,0.0003078898381860217,0.0,0.0004046849516177329,,,,,,,,,,,,,,,,,,,,,,,6198,749,52623,5335,,
2024,18097320108,1400000US18097320108,0.01459262261856506,0.23908388785496534,0.0036050299485350444,0.0,0.006764890358555468,0.0009120389136603162,0.014942742990935334,0.00022531437178344027,0.0,0.00042280564740971677,0.0012160518848804217,0.02749661303743066,0.00023901267769484627,0.0,0.0005304704358871507,,,,,,,,,,,,,,,,,,,,,,,4771,996,48611,16053,,
2024,18097320202,1400000US18097320202,0.021888933927847586,0.16051539691322045,0.005772901337697626,0.0,0.010218958230824117,0.0008107012565869476,0.0059450147004896465,0.00021381116065546764,0.0,0.0003784799344749673,0.0008107012565869477,0.0166644147187317,0.0002493921407979673,0.0,0.0004050130406280256,,,,,,,,,,,,,,,,,,,,,,,5280,644,105662,36120,,
2024,18097320205,1400000US18097320205,0.0064856100526955816,0.04281183150432423,0.0010457547459123628,0.0,0.002970922613130397,0.0012971220105391164,0.008562366300864845,0.00020915094918247254,0.0,0.0005941845226260794,0.002026753141467369,0.015999350386989856,0.00021349252750932975,0.0,0.0008344355606688502,,,,,,,,,,,,,,,,,,,,,,,1827,251,74303,5668,,
2024,18097320206,1400000US18097320206,0.0032428050263477908,0.00881185583193696,0.0007943449761298845,0.0,0.00153624068145259,0.0008107012565869477,0.00220296395798424,0.00019858624403247112,0.0,0.0003840601703631475,0.0008107012565869477,0.002749184614034205,0.00020141010607342948,0.0,0.0004029085825775782,,,,,,,,,,,,,,,,,,,,,,,2507,512,41835,6259,,
2024,18097320301,1400000US18097320301,0.0016214025131738954,0.022405238195272487,0.00042022924744688974,0.0,0.0007682911390322407,0.0008107012565869477,0.011202619097636243,0.00021011462372344487,0.0,0.00038414556951612037,0.0008107012565869477,0.017230524841944487,0.00022348230137896372,0.0,0.0003910643952694273,,,,,,,,,,,,,,,,,,,,,,,3662,563,81875,15630,,
2024,18097320305,1400000US18097320305,0.004864207539521687,0.02674245704286032,0.001163429404433738,0.0,0.0023045653234908276,0.0008107012565869478,0.004457076173810053,0.00019390490073895633,0.0,0.0003840942205818046,0.0008107012565869477,0.005056362804921147,0.0001967833015751898,0.0,0.00039772584163005577,,,,,,,,,,,,,,,,,,,,,,,2863,332,132793,22778,,
2024,18097320306,1400000US18097320306,0.0064856100526955816,0.03956639646578962,0.0015833216916060636,0.0,0.003129644961569173,0.0008107012565869477,0.004945799558223702,0.00019791521145075795,0.0,0.0003912056201961466,0.0008107012565869477,0.006331589964004995,0.00020683841100580747,0.0,0.00039595572493346414,,,,,,,,,,,,,,,,,,,,,,,4101,421,68828,14284,,
2024,18097320500,1400000US18097320500,0.006080259424402108,0.13888058791292424,0.0016323018317131908,0.0,0.0026322295133845556,0.0008686084892003011,0.019840083987560604,0.00023318597595902726,0.0,0.0003760327876263651,0.0012160518848804217,0.02296625266987331,0.00024148769872301543,0.0,0.00044148662361783196,,,,,,,,,,,,,,,,,,,,,,,3216,504,52024,29269,,
2024,18097320600,1400000US18097320600,0.009323064450749898,0.08308668750293821,0.0024638411409009945,0.0,0.004264367064523211,0.0008475513137045362,0.007553335227539837,0.00022398555826372678,0.0,0.00038766973313847375,0.0012160518848804217,0.01948970531042198,0.0002532604334454192,0.0,0.0004547699139216111,,,,,,,,,,,,,,,,,,,,,,,2529,555,86953,20170,,
2024,18097320700,1400000US18097320700,0.0064856100526955816,0.051158997058002614,0.0015160157427413997,0.0,0.0031916936785623385,0.0008107012565869477,0.006394874632250327,0.00018950196784267497,0.0,0.0003989617098202923,0.0008107012565869477,0.010302415238816613,0.00026226116768164284,0.0,0.0004853974412343775,,,,,,,,,,,,,,,,,,,,,,,2330,275,110938,15968,,
2024,18097320800,1400000US18097320800,0.007296311309282529,0.04337909225786875,0.0019271770048340572,0.0,0.003630221280895174,0.0008107012565869477,0.004819899139763194,0.00021413077831489524,0.0,0.0004033579200994638,0.0008107012565869477,0.007321132049295633,0.00022899686603011752,0.0,0.00040469253167000485,,,,,,,,,,,,,,,,,,,,,,,3112,247,185893,8017,,
2024,18097320901,1400000US18097320901,0.012971220105391163,0.364905643381525,0.004182352856313258,0.0,0.006291858926525906,0.0008107012565869477,0.02280660271134531,0.0002613970535195786,0.0,0.00039324118290786915,0.0008107012565869477,0.03756199842791021,0.00028236933218503483,0.0,0.00040488999007086006,,,,,,,,,,,,,,,,,,,,,,,5892,724,79405,15919,,
2024,18097320902,1400000US18097320902,0.009728415079043373,0.18954974520113183,0.0028823664744076945,0.0,0.004807106394985356,0.0008107012565869478,0.015795812100094318,0.00024019720620064122,0.0,0.000400592199582113,0.0008107012565869477,0.030686160316995368,0.0002512423921985232,0.0,0.00040471872365690023,,,,,,,,,,,,,,,,,,,,,,,4228,701,49709,6168,,
2024,18097320903,1400000US18097320903,0.0024321037697608433,0.04949140495579771,0.0006712101049379576,0.0,0.0012151957947422666,0.0008107012565869478,0.016497134985265904,0.00022373670164598587,0.0,0.0004050652649140889,0.0008107012565869477,0.03133412956952289,0.0002538767634745155,0.0,0.0004051863857374392,,,,,,,,,,,,,,,,,,,,,,,5788,1044,51389,20491,,
2024,18097321001,1400000US18097321001,0.008107012565869477,0.12830530890972516,0.0022071625982344554,0.0,0.004051353353366046,0.0008107012565869477,0.012830530890972516,0.00022071625982344553,0.0,0.0004051353353366046,0.0008107012565869477,0.014582760072864487,0.00023096257664021225,0.0,0.00040518628057488275,,,,,,,,,,,,,,,,,,,,,,,2571,591,73548,12000,,
2024,18097321002,1400000US18097321002,0.004864207539521687,0.23261504412996073,0.0016588134876560575,0.0,0.002255258409608701,0.0008107012565869478,0.03876917402166012,0.00027646891460934294,0.0,0.0003758764016014502,0.0008107012565869477,0.08050122114753348,0.0003477850204878988,0.0,0.0004040969564699663,,,,,,,,,,,,,,,,,,,,,,,5091,1193,103444,13280,,
2024,18097321100,1400000US18097321100,0.008107012565869477,0.2002113214792109,0.0024283801771187944,0.0,0.003952192731857169,0.0008107012565869477,0.02002113214792109,0.00024283801771187943,0.0,0.00039521927318571687,0.0008107012565869477,0.038269800457687866,0.00028601966280031733,0.0,0.00040514888527199127,,,,,,,,,,,,,,,,,,,,,,,3943,567,94145,4961,,
2024,18097321200,1400000US18097321200,0.014592622618565058,0.27010241596206996,0.003274163988711526,0.0,0.0062401616441877346,0.0009120389136603161,0.016881400997629373,0.00020463524929447037,0.0,0.0003900101027617334,0.0016214025131738954,0.05462222998075817,0.0002897715580229639,0.0,0.000605402039298213,,,,,,,,,,,,,,,,,,,,,,,5187,907,143659,19761,,
2024,18097321300,1400000US18097321300,0.0032428050263477908,0.04387024703375719,0.000930979059493666,0.0,0.0017869304512002696,0.0008107012565869477,0.010967561758439298,0.0002327447648734165,0.0,0.0004467326128000674,0.0008107012565869477,0.011807110961200415,0.000242803227306358,0.0,0.00048327637744002806,,,,,,,,,,,,,,,,,,,,,,,2566,359,107546,19287,,
2024,18097321400,1400000US18097321400,0.008107012565869477,0.06632644171514929,0.0021531842363756966,0.0,0.0042796075749852195,0.0009007791739854974,0.007369604635016587,0.00023924269293063295,0.0,0.0004755119527761355,0.0012160518848804217,0.020422537757934334,0.0002605538184074588,0.0,0.0005660230293682577,,,,,,,,,,,,,,,,,,,,,,,5383,660,81935,17968,,
2024,18097321600,1400000US18097321600,0.0012160518848804217,0.03457529083825392,0.00029090073270241347,0.0,0.0005512677658253086,0.0012160518848804217,0.03457529083825392,0.00029090073270241347,0.0,0.0005512677658253086,0.0012160518848804217,0.03457529083825392,0.00029090073270241347,0.0,0.0005512677658253086,,,,,,,,,,,,,,,,,,,,,,,5144,981,69402,18066,,
2024,18097321700,1400000US18097321700,0.004864207539521687,0.10291796564612331,0.0015937558287978926,0.0,0.0024643795051228863,0.0008107012565869478,0.017152994274353885,0.00026562597146631545,0.0,0.00041072991752048106,0.0008107012565869477,0.022026023313085525,0.0002738591845394632,0.0,0.00045150304084639985,,,,,,,,,,,,,,,,,,,,,,,3810,517,103364,29118,,
2024,18097321800,1400000US18097321800,0.00526955816781516,0.0766992097799633,0.0011443033424922585,0.0,0.002397538310344539,0.00087825969463586,0.012783201629993884,0.00019071722374870974,0.0,0.0003995897183907565,0.0012160518848804217,0.03861137329045098,0.00028999883917278847,0.0,0.0005434083178773601,,,,,,,,,,,,,,,,,,,,,,,3477,541,156250,28449,,
2024,18097321900,1400000US18097321900,0.01256586947709769,0.7085685139543515,0.004369589068446494,0.0,0.0060287165552343714,0.0008975621055069778,0.050612036711025106,0.0003121135048890353,0.0,0.0004306226110881694,0.0016214025131738954,0.09655481553587648,0.00033107755828934893,0.0,0.0007173368288832284,,,,,,,,,,,,,,,,,,,,,,,5597,621,137443,26249,,
2024,18097322000,1400000US18097322000,0.010944466963923795,0.7569321368092888,0.0042368947674154365,0.0,0.00483427442946454,0.0008418820741479843,0.05822554898532991,0.00032591498210887975,0.0,0.0003718672638049646,0.0012160518848804217,0.0974071038601675,0.00034502618184551744,0.0,0.0005380162388557363,,,,,,,,,,,,,,,,,,,,,,,3488,529,62073,15165,,
2024,18097322100,1400000US18097322100,0.00729631130928253,0.3744180687097258,0.002383631538035628,0.0,0.0027796055126226757,0.0010423301870403614,0.05348829552996083,0.00034051879114794685,0.0,0.00039708650180323937,0.0016214025131738954,0.0746624297170337,0.0003485296584943088,0.0,0.0004941266777369886,,,,,,,,,,,,,,,,,,,,,,,3007,532,104643,27414,,
2024,18097322200,1400000US18097322200,0.008107012565869477,0.23088909863236076,0.0019701458831977497,0.0,0.0037189807740939935,0.0008107012565869477,0.023088909863236078,0.00019701458831977497,0.0,0.0003718980774093994,0.0008107012565869477,0.04590406833297663,0.0003286505698077463,0.0,0.00039473637951945126,,,,,,,,,,,,,,,,,,,,,,,2258,270,120850,18267,,
2024,18097322300,1400000US18097322300,0.0032428050263477908,0.08916037189687327,0.0006492621201580442,0.0,0.001554432677760141,0.0008107012565869477,0.022290092974218318,0.00016231553003951104,0.0,0.0003886081694400353,0.0008107012565869477,0.04466073007165797,0.00031759932487689454,0.0,0.0003953476129270075,,,,,,,,,,,,,,,,,,,,,,,2406,446,113750,56341,,
2024,18097322400,1400000US18097322400,0.006080259424402108,0.24919990098004113,0.002055587214183477,0.0,0.002997551133871607,0.0008686084892003011,0.03559998585429159,0.0002936553163119253,0.0,0.00042822159055308674,0.0012160518848804217,0.046078635391876746,0.0003075336918915415,0.0,0.0005480303420358254,,,,,,,,,,,,,,,,,,,,,,,2742,351,60706,9758,,
2024,18097322500,1400000US18097322500,0.005674908796108634,0.2166107624701206,0.001832137701101647,0.0,0.0026439792502222902,0.0008107012565869477,0.030944394638588658,0.0002617339573002353,0.0,0.0003777113214603272,0.0008107012565869477,0.060173528204086314,0.0003316383542636907,0.0,0.0005080722524161386,,,,,,,,,,,,,,,,,,,,,,,1570,293,51375,7914,,
2024,18097322601,1400000US18097322601,0.015403323875152006,0.4354604871900325,0.004475293836420539,0.0,0.007318218007812367,0.0008107012565869477,0.02291897301000171,0.00023554178086423888,0.0,0.0003851693688322298,0.0008107012565869477,0.035655897095513166,0.0003191046221280764,0.0,0.0004051863857374392,,,,,,,,,,,,,,,,,,,,,,,1533,387,28066,6907,,
2024,18097322602,1400000US18097322602,0.005674908796108634,0.19972641298226615,0.00201816001458928,0.0,0.0026446235335897345,0.0008107012565869477,0.028532344711752308,0.0002883085735127543,0.0,0.00037780336194139066,0.0008107012565869477,0.03325305221133068,0.00029699573694226544,0.0,0.0004042016235156635,,,,,,,,,,,,,,,,,,,,,,,1741,484,77969,19135,,
2024,18097322700,1400000US18097322700,0.009728415079043373,0.2893887884552985,0.0028689050109487997,0.0,0.004853437179491716,0.0008107012565869478,0.024115732371274873,0.00023907541757906665,0.0,0.00040445309829097636,0.0008107012565869477,0.03208466929733635,0.00029123614312436165,0.0,0.00040497289525242484,,,,,,,,,,,,,,,,,,,,,,,1961,337,61173,20386,,
2024,18097330105,1400000US18097330105,0.012160518848804215,0.1214570859267719,0.0030011163268768974,0.0,0.005751248061612809,0.000868608489200301,0.008675506137626564,0.00021436545191977837,0.0,0.00041080343297234353,0.0016214025131738954,0.01532639601868755,0.00023425062713425276,0.0,0.0006939675710494384,,,,,,,,,,,,,,,,,,,,,,,4518,679,67271,4082,,
2024,18097330106,1400000US18097330106,0.013781921361978111,0.14297074999071277,0.0033141311986130844,0.0,0.006150737546145776,0.0009187947574652074,0.009531383332714185,0.00022094207990753896,0.0,0.00041004916974305176,0.0012160518848804217,0.013938735838617192,0.0002289387631844403,0.0,0.0005781129342737165,,,,,,,,,,,,,,,,,,,,,,,4643,1232,50818,4176,,
2024,18097330204,1400000US18097330204,0.0008107012565869477,0.007225958483285121,0.00019798866254142828,0.0,0.0003510839912816203,0.0008107012565869477,0.007225958483285121,0.00019798866254142828,0.0,0.0003510839912816203,0.0008107012565869477,0.007225958483285121,0.00019798866254142828,0.0,0.0003510839912816203,,,,,,,,,,,,,,,,,,,,,,,6281,862,121156,33388,,
2024,18097330401,1400000US18097330401,0.004053506282934738,0.07510854553422286,0.0011912567429313101,0.0,0.002003125724166831,0.0008107012565869477,0.015021709106844573,0.00023825134858626202,0.0,0.00040062514483336616,0.0008107012565869477,0.01742284448310562,0.00024096398706942534,0.0,0.0004024053857833955,,,,,,,,,,,,,,,,,,,,,,,5210,643,124151,28614,,
2024,18097330500,1400000US18097330500,0.0064856100526955816,0.12280217278456813,0.0020084651054675983,0.0,0.00295515213680409,0.0008107012565869477,0.015350271598071017,0.0002510581381834498,0.0,0.00036939401710051127,0.0008107012565869477,0.020948704571059806,0.0002547374790731126,0.0,0.00039734801024383394,,,,,,,,,,,,,,,,,,,,,,,6061,1082,76875,7357,,
2024,18097330701,1400000US18097330701,0.0008107012565869477,0.0001466231794151576,7.332291868680635e-06,0.0,0.0004069312829513482,0.0008107012565869477,0.0001466231794151576,7.332291868680635e-06,0.0,0.0004069312829513482,0.0008107012565869477,0.0001466231794151576,7.332291868680635e-06,0.0,0.0004069312829513482,,,,,,,,,,,,,,,,,,,,,,,2668,832,37175,26439,,
2024,18097330702,1400000US18097330702,0.0008107012565869477,0.0001535269614055574,7.400004305245833e-06,0.0,0.00040344123269273757,0.0008107012565869477,0.0001535269614055574,7.400004305245833e-06,0.0,0.00040344123269273757,0.0008107012565869477,0.0001535269614055574,7.400004305245833e-06,0.0,0.00040344123269273757,,,,,,,,,,,,,,,,,,,,,,,4175,807,50542,18281,,
2024,18097330803,1400000US18097330803,0.012160518848804217,0.12838535990566144,0.00262059084287899,0.0,0.005949205419930045,0.0008686084892003011,0.009170382850404389,0.00018718506020564215,0.0,0.00042494324428071745,0.0012160518848804217,0.014704891263789892,0.0002060229624301403,0.0,0.000557561426130358,,,,,,,,,,,,,,,,,,,,,,,4218,990,41773,22503,,
2024,18097330804,1400000US18097330804,0.004864207539521687,0.03763761127828126,0.0010020349478032074,0.0,0.0023658975968532244,0.0008107012565869478,0.0062729352130468765,0.0001670058246338679,0.0,0.00039431626614220406,0.0008107012565869477,0.0078190262314128,0.00020019128303401586,0.0,0.00040422100324345197,,,,,,,,,,,,,,,,,,,,,,,3501,733,49007,29145,,
2024,18097330805,1400000US18097330805,0.008107012565869477,0.03950146803992753,0.0014737289126188048,0.0,0.0038729646892739925,0.0008107012565869477,0.003950146803992753,0.00014737289126188048,0.0,0.00038729646892739927,0.0008107012565869477,0.00951604159495774,0.00021216072514096388,0.0,0.00040545356736583054,,,,,,,,,,,,,,,,,,,,,,,2338,413,28908,7289,,
2024,18097330806,1400000US18097330806,0.007296311309282529,0.031041211962215928,0.0014297736253962908,0.0,0.0035158714191774573,0.0008107012565869477,0.003449023551357325,0.00015886373615514344,0.0,0.0003906523799086064,0.0008107012565869477,0.00856710032280112,0.00020365877957253398,0.0,0.0004061480800339596,,,,,,,,,,,,,,,,,,,,,,,5102,1256,42080,7825,,
2024,18097330900,1400000US18097330900,0.009728415079043373,0.18505949251942344,0.0025253180177043193,0.0,0.004623102661904007,0.0008844013708221248,0.016823590229038496,0.0002295743652458472,0.0,0.0004202820601730915,0.0012160518848804217,0.03035379252688612,0.00026058933466367756,0.0,0.0006264455645263057,,,,,,,,,,,,,,,,,,,,,,,6348,1028,41296,13540,,
2024,18097331000,1400000US18097331000,0.018646128901499796,0.5590275003936799,0.0054038689378840205,0.0,0.009105810047164008,0.0008475513137045362,0.02541034092698545,0.0002456304062674555,0.0,0.0004139004566892731,0.0012160518848804217,0.044005035158331665,0.0002773876088511312,0.0,0.0005931994321689696,,,,,,,,,,,,,,,,,,,,,,,4953,1110,49023,18219,,
2024,18097340101,1400000US18097340101,0.007296311309282529,0.03991898247458504,0.0016671894119809245,0.0,0.00364338503200043,0.0008107012565869477,0.004435442497176115,0.0001852432679978805,0.0,0.00040482055911115886,0.0008107012565869477,0.007485179059448466,0.00019521643276995142,0.0,0.0004083568053412051,,,,,,,,,,,,,,,,,,,,,,,4944,826,70673,12740,,
2024,18097340102,1400000US18097340102,0.009728415079043373,0.06122914934557078,0.0022599268049435777,0.0,0.004853962349713246,0.0008107012565869478,0.005102429112130898,0.00018832723374529814,0.0,0.00040449686247610384,0.0008107012565869477,0.009707046230025468,0.00020342780543278324,0.0,0.00040615432851920076,,,,,,,,,,,,,,,,,,,,,,,4134,550,45833,14013,,
2024,18097340108,1400000US18097340108,0.008917713822456425,0.06366667751546694,0.002927235879516484,0.0,0.004416922683367957,0.0008107012565869477,0.005787879774133358,0.00026611235268331673,0.0,0.0004015384257607234,0.0008107012565869477,0.006999941810980366,0.0002898948204338443,0.0,0.00040405090246272996,,,,,,,,,,,,,,,,,,,,,,,3620,609,42100,8463,,
2024,18097340115,1400000US18097340115,0.01053911633563032,0.09637515282836441,0.0037988955398261183,0.0,0.00497345222110397,0.0008107012565869477,0.00741347329448957,0.0002922227338327783,0.0,0.00038257324777722846,0.0008107012565869477,0.02924968053570718,0.0003098720910876488,0.0,0.0004025936663027183,,,,,,,,,,,,,,,,,,,,,,,5571,1078,54304,11046,,
2024,18097340201,1400000US18097340201,0.01783542764491285,0.2635265636162141,0.00595936993005428,0.0,0.008777130615677208,0.0008107012565869477,0.011978480164373369,0.00027088045136610365,0.0,0.00039896048253078217,0.0008107012565869477,0.031682113056991375,0.0003241681942495908,0.0,0.00040508236418854794,,,,,,,,,,,,,,,,,,,,,,,3568,625,69632,27118,,
2024,18097340202,1400000US18097340202,0.02432103769760843,0.719835979289969,0.007498040152114722,0.0,0.01143591124038635,0.000868608489200301,0.02570842783178461,0.0002677871482898115,0.0,0.00040842540144236966,0.0016214025131738954,0.04892776046901007,0.00029334796388906043,0.0,0.0006968029667917387,,,,,,,,,,,,,,,,,,,,,,,4980,598,54968,15827,,
2024,18097340301,1400000US18097340301,0.011349817592217268,0.18266092140504453,0.003930172317713914,0.0,0.005510130463989488,0.0008107012565869477,0.013047208671788895,0.00028072659412242245,0.0,0.00039358074742782057,0.0008107012565869477,0.03425294996960692,0.0003407554982249144,0.0,0.0004051842455161974,,,,,,,,,,,,,,,,,,,,,,,3477,1010,36083,10816,,
2024,18097340302,1400000US18097340302,0.01053911633563032,0.08752976434104551,0.0036853679340680154,0.0,0.0052477835306045766,0.0008107012565869477,0.006733058795465039,0.00028348984108215504,0.0,0.000403675656200352,0.0008107012565869477,0.01009826054281479,0.0003134223655745982,0.0,0.00041213294227302496,,,,,,,,,,,,,,,,,,,,,,,5259,907,51922,15078,,
2024,18097340400,1400000US18097340400,0.012160518848804215,0.5502010151189538,0.004082426490092523,0.0,0.00568679975583378,0.000868608489200301,0.0393000725084967,0.00029160189214946596,0.0,0.00040619998255955574,0.0016214025131738954,0.12916581602209998,0.000352765281681197,0.0,0.0005402469172457339,,,,,,,,,,,,,,,,,,,,,,,4491,764,54375,6362,,
2024,18097340500,1400000US18097340500,0.008107012565869477,0.3128560584467608,0.0031546897886524923,0.0,0.0036182697080136402,0.0008107012565869477,0.03128560584467608,0.00031546897886524923,0.0,0.00036182697080136404,0.0008107012565869477,0.12931671297131872,0.0003543229148117617,0.0,0.00040479817416865405,,,,,,,,,,,,,,,,,,,,,,,5440,643,45692,6541,,
2024,18097340600,1400000US18097340600,0.01783542764491285,0.7433576576585461,0.005957674490137417,0.0,0.007891446727279462,0.0009387067181533079,0.03912408724518664,0.0003135618152703904,0.0,0.00041533930143576115,0.0016214025131738954,0.1396097587917198,0.0003668747993628999,0.0,0.0006554567247464274,,,,,,,,,,,,,,,,,,,,,,,5304,936,60612,32358,,
2024,18097340700,1400000US18097340700,0.014997973246858533,0.681448485786921,0.005538034382240416,0.0,0.0063928297926654325,0.0008822337204034431,0.04008520504628947,0.0003257667283670833,0.0,0.00037604881133326075,0.0016214025131738954,0.12965631329494173,0.00035791971800707215,0.0,0.0004233343180841523,,,,,,,,,,,,,,,,,,,,,,,4258,851,51128,15395,,
2024,18097340800,1400000US18097340800,0.0008107012565869477,0.03734206365878748,0.0002876252478467239,0.0,0.0004028933103622067,0.0008107012565869477,0.03734206365878748,0.0002876252478467239,0.0,0.0004028933103622067,0.0008107012565869477,0.03734206365878748,0.0002876252478467239,0.0,0.0004028933103622067,,,,,,,,,,,,,,,,,,,,,,,1657,247,76250,11149,,
2024,18097340901,1400000US18097340901,0.0032428050263477908,0.03334000698925738,0.0008002863978261857,0.0,0.001606621064854203,0.0008107012565869477,0.008335001747314346,0.00020007159945654643,0.0,0.00040165526621355077,0.0008107012565869477,0.009406074210396373,0.00020421725511725282,0.0,0.0004043020427885878,,,,,,,,,,,,,,,,,,,,,,,3813,609,82305,18772,,
2024,18097340903,1400000US18097340903,0.0016214025131738954,0.02096711465636754,0.0004172498419962546,0.0,0.0007726819566975507,0.0008107012565869477,0.01048355732818377,0.0002086249209981273,0.0,0.00038634097834877536,0.0008107012565869477,0.010843375870492939,0.000210125370266327,0.0,0.0003922673403238052,,,,,,,,,,,,,,,,,,,,,,,1825,242,48835,15578,,
2024,18097340904,1400000US18097340904,0.015403323875152006,0.4119222068695261,0.004716068059383917,0.0,0.007327311059707128,0.0008107012565869477,0.02168011615102769,0.00024821410838862725,0.0,0.00038564795051090146,0.0008107012565869477,0.04740153152184669,0.0003018596234037693,0.0,0.000404674921342389,,,,,,,,,,,,,,,,,,,,,,,4898,757,55707,7636,,
2024,18097341000,1400000US18097341000,0.018240778273206325,0.6414621092500487,0.006000947505002543,0.0,0.009152774179065118,0.000829126285145742,0.029157368602274938,0.00027277034113647923,0.0,0.00041603518995750533,0.0012160518848804217,0.05195211010809021,0.00033828166475974634,0.0,0.0005510722254801277,,,,,,,,,,,,,,,,,,,,,,,1643,251,83281,15739,,
2024,18097341100,1400000US18097341100,0.00729631130928253,0.21450247895086183,0.0023145285199244804,0.0,0.003285800314544131,0.0009120389136603162,0.02681280986885773,0.00028931606499056005,0.0,0.00041072503931801637,0.0012160518848804217,0.09546056609039812,0.00035116728642583774,0.0,0.000428278538732262,,,,,,,,,,,,,,,,,,,,,,,2397,409,50511,11167,,
2024,18097341200,1400000US18097341200,0.0064856100526955816,0.2546571762676905,0.0023524985678402602,0.0,0.0029116996694465228,0.0008107012565869477,0.031832147033461315,0.00029406232098003253,0.0,0.00036396245868081534,0.0008107012565869477,0.09658292379112311,0.0003628988099476286,0.0,0.0004036093522605923,,,,,,,,,,,,,,,,,,,,,,,2391,583,53077,15476,,
2024,18097341600,1400000US18097341600,0.008107012565869477,0.1088340136846109,0.0024118710603722522,0.0,0.003993999650507473,0.0008107012565869477,0.01088340136846109,0.00024118710603722522,0.0,0.0003993999650507473,0.0008107012565869477,0.01798583146684656,0.0002725967202419616,0.0,0.00040516868237719443,,,,,,,,,,,,,,,,,,,,,,,2114,423,22813,10688,,
2024,18097341701,1400000US18097341701,0.008107012565869477,0.08994559491040041,0.0022968104716231037,0.0,0.004051336768269269,0.0008107012565869477,0.008994559491040041,0.00022968104716231038,0.0,0.00040513367682692693,0.0008107012565869477,0.014197463287495507,0.0002537259545603058,0.0,0.00040632503761413004,,,,,,,,,,,,,,,,,,,,,,,2806,426,47083,25499,,
2024,18097341702,1400000US18097341702,0.01580867450344548,0.16365891897951582,0.004295934013878512,0.0,0.007880455593151547,0.0008320355001813412,0.008613627314711358,0.0002261017902041322,0.0,0.00041476082069218665,0.0012160518848804217,0.019258099862220237,0.00024106863401605766,0.0,0.0005197051636682969,,,,,,,,,,,,,,,,,,,,,,,2323,792,49531,15819,,
2024,18097341902,1400000US18097341902,0.0032428050263477908,0.04627605068164985,0.0008437087310063889,0.0,0.0015111907970877748,0.0008107012565869477,0.011569012670412462,0.00021092718275159722,0.0,0.0003777976992719437,0.0008107012565869477,0.012688986922593152,0.0002156165705393393,0.0,0.0003964878760265529,,,,,,,,,,,,,,,,,,,,,,,4020,713,72609,14967,,
2024,18097341903,1400000US18097341903,0.005674908796108634,0.020996044790422545,0.0015053700519665773,0.0,0.0026640941090757815,0.0008107012565869477,0.0029994349700603637,0.0002150528645666539,0.0,0.00038058487272511163,0.0008107012565869477,0.003848858459647887,0.00021831003805076863,0.0,0.000403019724916735,,,,,,,,,,,,,,,,,,,,,,,6650,1248,47619,25676,,
2024,18097341904,1400000US18097341904,0.0064856100526955816,0.09314796349937586,0.0015807724269627024,0.0,0.0031045661528451775,0.0009265157218136545,0.013306851928482267,0.0002258246324232432,0.0,0.0004435094504064539,0.0012160518848804217,0.02345001053648632,0.00023153836019686937,0.0,0.0005743043461034264,,,,,,,,,,,,,,,,,,,,,,,2273,393,74931,18309,,
2024,18097342000,1400000US18097342000,0.012160518848804215,0.08480178420026753,0.002340345367785017,0.0,0.005992583929904449,0.0008107012565869477,0.005653452280017835,0.00015602302451900115,0.0,0.00039950559532696327,0.0008107012565869477,0.010179133417559473,0.00016808769728610668,0.0,0.00040504222636258524,,,,,,,,,,,,,,,,,,,,,,,5887,1200,70510,6374,,
2024,18097342101,1400000US18097342101,0.008107012565869477,0.1047879043109516,0.0017265712480465383,0.0,0.004051397359869583,0.0008107012565869477,0.01047879043109516,0.00017265712480465383,0.0,0.0004051397359869583,0.0008107012565869477,0.013928544541393268,0.00018296852723911759,0.0,0.000405184662006847,,,,,,,,,,,,,,,,,,,,,,,5417,694,65922,6207,,
2024,18097342200,1400000US18097342200,0.0064856100526955816,0.10767598644360217,0.0014881750389942514,0.0,0.003241488898255144,0.0008107012565869477,0.013459498305450271,0.00018602187987428143,0.0,0.000405186112281893,0.0008107012565869477,0.016178191215693544,0.00019323189480885403,0.0,0.0004051863857374392,,,,,,,,,,,,,,,,,,,,,,,4877,941,49405,15330,,
2024,18097342300,1400000US18097342300,0.012971220105391163,0.18884112129254577,0.00397274138766082,0.0,0.006471484247888185,0.0008107012565869477,0.01180257008078411,0.00024829633672880126,0.0,0.0004044677654930116,0.0008107012565869477,0.01684194054134198,0.0002685071978566073,0.0,0.0004051863857374392,,,,,,,,,,,,,,,,,,,,,,,6349,831,49675,13589,,
2024,18097342400,1400000US18097342400,0.018646128901499796,0.47457945283253955,0.006497681680865919,0.0,0.009319126836128726,0.0008107012565869477,0.020633889253588677,0.00028250789916808345,0.0,0.00040517942765777066,0.0008107012565869477,0.02658810820264638,0.0003102179769754557,0.0,0.0004051863857374392,,,,,,,,,,,,,,,,,,,,,,,1578,389,58200,13481,,
2024,18097342500,1400000US18097342500,0.01783542764491285,0.4285022968225179,0.004778921907395173,0.0,0.008911554229244613,0.0008107012565869477,0.019477377128296267,0.00021722372306341695,0.0,0.00040507064678384604,0.0008107012565869477,0.024426895688127892,0.0002432580571725182,0.0,0.00040518850518701344,,,,,,,,,,,,,,,,,,,,,,,5626,857,47964,15558,,
2024,18097342600,1400000US18097342600,0.0064856100526955816,0.19740871474263194,0.002255842019386767,0.0,0.0032181407881791127,0.0008107012565869477,0.024676089342828993,0.0002819802524233459,0.0,0.0004022675985223891,0.0008107012565869477,0.028081297621712853,0.0003188668897548906,0.0,0.0004051295237621148,,,,,,,,,,,,,,,,,,,,,,,3485,777,50403,20482,,
2024,18097350100,1400000US18097350100,0.00729631130928253,0.12458581417451642,0.002279260210683923,0.0,0.0032956950780819484,0.0009120389136603162,0.015573226771814552,0.00028490752633549037,0.0,0.00041196188476024355,0.0012160518848804217,0.03333047319508017,0.00030535485439653847,0.0,0.0005157870374986805,,,,,,,,,,,,,,,,,,,,,,,1501,403,55500,10807,,
2024,18097350300,1400000US18097350300,0.006080259424402108,0.20852495437750734,0.0010809945658117699,0.0,0.003086094713418795,0.0008686084892003011,0.029789279196786762,0.00015442779511596713,0.0,0.00044087067334554214,0.0012160518848804217,0.10340221664002135,0.00034983172496931146,0.0,0.0005368224771145078,,,,,,,,,,,,,,,,,,,,,,,2681,428,35812,8529,,
2024,18097350400,1400000US18097350400,0.024321037697608433,0.9958846884306749,0.007182245970728042,0.0,0.010383201895359503,0.0010133765707336848,0.04149519535127812,0.00029926024878033507,0.0,0.000432633412306646,0.0016214025131738954,0.13050876599499442,0.0003530227454061461,0.0,0.0005740555478268784,,,,,,,,,,,,,,,,,,,,,,,2753,601,65750,20919,,
2024,18097350500,1400000US18097350500,0.013781921361978111,0.4730793596314827,0.003941270430181813,0.0,0.00647585586034693,0.000861370085123632,0.029567459976967667,0.0002463294018863633,0.0,0.0004047409912716831,0.0012160518848804217,0.07335810804813317,0.00032313997927232524,0.0,0.0005726248584173687,,,,,,,,,,,,,,,,,,,,,,,2650,439,41218,21417,,
2024,18097350600,1400000US18097350600,0.016214025131738953,0.3685774691458476,0.004434288147506921,0.0,0.0080869765788311,0.0008107012565869477,0.01842887345729238,0.00022171440737534607,0.0,0.000404348828941555,0.0008107012565869477,0.03330959747334729,0.0002916644199877585,0.0,0.0004051863857374392,,,,,,,,,,,,,,,,,,,,,,,4903,1175,30388,8153,,
2024,18097350700,1400000US18097350700,0.016214025131738953,0.4158851421077772,0.005074604865674412,0.0,0.0080697863701579,0.0008107012565869477,0.02079425710538886,0.0002537302432837206,0.0,0.000403489318507895,0.0008107012565869477,0.03839735604874859,0.0003062022511558264,0.0,0.0004051863857374392,,,,,,,,,,,,,,,,,,,,,,,1781,400,20750,19421,,
2024,18097350800,1400000US18097350800,0.008107012565869477,0.19759363747451764,0.0025245248821382286,0.0,0.003978044377639589,0.0008107012565869477,0.019759363747451762,0.00025245248821382285,0.0,0.0003978044377639589,0.0008107012565869477,0.03972452594852211,0.00031680641825251914,0.0,0.00040518411778703734,,,,,,,,,,,,,,,,,,,,,,,2517,473,36250,12929,,
2024,18097350900,1400000US18097350900,0.009728415079043373,0.08849991008645836,0.0034002612441891974,0.0,0.00498952613346999,0.0008107012565869478,0.007374992507204863,0.00028335510368243314,0.0,0.0004157938444558325,0.0008107012565869477,0.01334747622386795,0.00032012457691844994,0.0,0.00045436930194465226,,,,,,,,,,,,,,,,,,,,,,,1925,281,100625,43161,,
2024,18097351000,1400000US18097351000,0.007296311309282529,0.2368720476058506,0.0018828734728748087,0.0,0.0037380897693798758,0.0008107012565869477,0.026319116400650065,0.00020920816365275653,0.0,0.0004153433077088751,0.0008107012565869477,0.08621410074458932,0.00034390611052585696,0.0,0.0004553203907473011,,,,,,,,,,,,,,,,,,,,,,,2206,347,56528,33402,,
2024,18097351200,1400000US18097351200,0.019862180786380218,0.3681620915960919,0.005600188768712239,0.0,0.008681676134461285,0.0009458181326847723,0.017531528171242473,0.00026667565565296374,0.0,0.0004134131492600612,0.0016214025131738954,0.04711551769653012,0.0002777082152153571,0.0,0.0005976404295896785,,,,,,,,,,,,,,,,,,,,,,,2453,507,35893,11833,,
2024,18097351500,1400000US18097351500,0.0064856100526955816,0.1633939452516938,0.0015890850981115155,0.0,0.0032415411702526706,0.0008107012565869477,0.020424243156461724,0.00019863563726393944,0.0,0.0004051926462815838,0.0008107012565869477,0.08635382014201408,0.00034751015283429214,0.0,0.0004204124511598254,,,,,,,,,,,,,,,,,,,,,,,1980,332,62045,16809,,
2024,18097351600,1400000US18097351600,0.0016214025131738954,0.0006032590453516014,1.748529651293115e-05,0.0,0.0008300254946808582,0.0008107012565869477,0.0003016295226758007,8.742648256465576e-06,0.0,0.0004150127473404291,0.0008107012565869477,0.0003060676682410577,8.793663802164046e-06,0.0,0.00041514672322866714,,,,,,,,,,,,,,,,,,,,,,,2463,439,112072,29636,,
2024,18097351700,1400000US18097351700,0.017024726388325903,0.33442840465762,0.006214722851972457,0.0,0.008412866976057802,0.0008107012565869478,0.015925162126553333,0.00029593918342725987,0.0,0.00040061271314560963,0.0008107012565869477,0.08685828935459829,0.00036125892986986317,0.0,0.00040898567546830504,,,,,,,,,,,,,,,,,,,,,,,3071,376,85652,45939,,
2024,18097351900,1400000US18097351900,0.011349817592217268,0.20927450785075075,0.0035606595316809175,0.0,0.0056655430757931715,0.0008107012565869477,0.014948179132196482,0.0002543328236914941,0.0,0.00040468164827094083,0.0008107012565869477,0.024714388895299543,0.00028908376927546276,0.0,0.00040518629579577907,,,,,,,,,,,,,,,,,,,,,,,2050,393,51031,12497,,
2024,18097352100,1400000US18097352100,0.012971220105391163,0.2219503447124098,0.004071909967718095,0.0,0.006482257192066723,0.0008107012565869477,0.013871896544525612,0.00025449437298238095,0.0,0.00040514107450417017,0.0008107012565869477,0.051394547524484586,0.000310793567393796,0.0,0.0004051862980819216,,,,,,,,,,,,,,,,,,,,,,,2107,515,46537,19337,,
2024,18097352300,1400000US18097352300,0.011349817592217268,0.09024064940260916,0.0029951449943581543,0.0,0.0056723483183535196,0.0008107012565869477,0.00644576067161494,0.0002139389281684396,0.0,0.0004051677370252514,0.0008107012565869477,0.008803801419614827,0.00024717375458800097,0.0,0.0004051863857374392,,,,,,,,,,,,,,,,,,,,,,,1818,504,39583,15691,,
2024,18097352400,1400000US18097352400,0.012971220105391163,0.5147905310356231,0.0046589297712548924,0.0,0.006431630371110785,0.0008107012565869477,0.032174408189726444,0.0002911831107034308,0.0,0.00040197689819442407,0.0008107012565869477,0.05072323691379905,0.0003069152571115986,0.0,0.0004051863857374392,,,,,,,,,,,,,,,,,,,,,,,3116,725,41382,7510,,
2024,18097352500,1400000US18097352500,0.008107012565869477,0.03693506927287724,0.0024169770867451244,0.0,0.003989960239211347,0.0008107012565869477,0.003693506927287724,0.00024169770867451244,0.0,0.0003989960239211347,0.0008107012565869477,0.007600242092621796,0.00026959420603348916,0.0,0.0004046938810565236,,,,,,,,,,,,,,,,,,,,,,,3244,448,58113,14447,,
2024,18097352600,1400000US18097352600,0.020267531414673693,0.5243001619758756,0.007057817072892664,0.0,0.010055907021005263,0.0008107012565869477,0.020972006479035025,0.00028231268291570657,0.0,0.0004022362808402105,0.0008107012565869477,0.05342162941747531,0.0003230848203080987,0.0,0.0004051860906991433,,,,,,,,,,,,,,,,,,,,,,,4256,1005,72264,11355,,
2024,18097352700,1400000US18097352700,0.02432103769760843,0.7778037491481226,0.00896526598737277,0.0,0.011753721689788587,0.0008107012565869477,0.025926791638270753,0.00029884219957909236,0.0,0.00039179072299295293,0.0008107012565869477,0.05755403606601462,0.0003464413102828944,0.0,0.0004051619354484012,,,,,,,,,,,,,,,,,,,,,,,3051,758,87007,27010,,
2024,18097352800,1400000US18097352800,0.012160518848804217,0.23997907825305384,0.0040514152234686325,0.0,0.005899967091315101,0.0008686084892003011,0.017141362732360988,0.0002893868016763309,0.0,0.0004214262208082215,0.0012160518848804217,0.030847412939199705,0.0003370303212222131,0.0,0.0005553249165948283,,,,,,,,,,,,,,,,,,,,,,,1812,406,48500,17561,,
2024,18097353300,1400000US18097353300,0.012160518848804217,0.3467358754373628,0.002910061356097259,0.0,0.005404161215289474,0.0008686084892003011,0.024766848245525913,0.00020786152543551852,0.0,0.0003860115153778196,0.0012160518848804217,0.12103579084959584,0.0003765235358148479,0.0,0.0005053848870564997,,,,,,,,,,,,,,,,,,,,,,,2491,336,51204,14097,,
2024,18097353500,1400000US18097353500,0.018646128901499796,0.6592853730885975,0.007561202262808414,0.0,0.008501182839396158,0.0008107012565869477,0.02866458143863467,0.00032874792446993106,0.0,0.0003696166451911373,0.0008107012565869477,0.11992789821589835,0.00037208963289646417,0.0,0.00041049753044089077,,,,,,,,,,,,,,,,,,,,,,,2011,410,43750,18833,,
2024,18097353600,1400000US18097353600,0.0263477908390758,1.1839036021633165,0.00955549239196128,0.0,0.011744376524782262,0.0009409925299669929,0.04228227150583273,0.0003412675854271886,0.0,0.00041944201874222366,0.0016214025131738954,0.19324425482056576,0.00037390957667837174,0.0,0.0006951037448335257,,,,,,,,,,,,,,,,,,,,,,,2413,629,42127,21835,,
2024,18097354201,1400000US18097354201,0.028779894608836645,1.3394632342377615,0.008165482068684067,0.0,0.010364746164091368,0.001308177027674393,0.060884692465352795,0.0003711582758492758,0.0,0.00047112482564051674,0.005674908796108634,0.32167826995168336,0.0003891090567411631,0.0,0.0018797284360119475,,,,,,,,,,,,,,,,,,,,,,,4219,430,82204,11621,,
2024,18097354202,1400000US18097354202,0.01905147952979327,0.6276785441304538,0.006758815780124019,0.0,0.00879250580434112,0.0009525739764896636,0.03138392720652269,0.00033794078900620093,0.0,0.00043962529021705603,0.002026753141467369,0.21194610710527378,0.0003849275699330706,0.0,0.0008295570563561635,,,,,,,,,,,,,,,,,,,,,,,4005,787,65489,9990,,
2024,18097354400,1400000US18097354400,0.008107012565869477,0.31226808634724507,0.003238733424505061,0.0,0.0038977155021059106,0.0008107012565869477,0.031226808634724507,0.0003238733424505061,0.0,0.0003897715502105911,0.0008107012565869477,0.058128036225787855,0.00036831592904889557,0.0,0.0004104187672297029,,,,,,,,,,,,,,,,,,,,,,,1426,289,97885,47201,,
2024,18097354500,1400000US18097354500,0.005674908796108634,0.18044464301036453,0.002131666759458194,0.0,0.002824339865515325,0.0008107012565869477,0.02577780614433779,0.00030452382277974203,0.0,0.00040347712364504647,0.0008107012565869477,0.056287520822299604,0.000350319861387406,0.0,0.0004085637055497887,,,,,,,,,,,,,,,,,,,,,,,2051,397,90536,27336,,
2024,18097354700,1400000US18097354700,0.0016214025131738954,0.11078794836365571,0.0006844410003697837,0.0,0.0008041146960796165,0.0008107012565869477,0.05539397418182786,0.00034222050018489184,0.0,0.0004020573480398082,0.0008107012565869477,0.055689357425559964,0.00034483728929908454,0.0,0.00040329294900516566,,,,,,,,,,,,,,,,,,,,,,,1263,313,29306,27058,,
2024,18097354800,1400000US18097354800,0.0064856100526955816,0.2346922606302627,0.0022599576767270597,0.0,0.002966167967143117,0.0008107012565869477,0.029336532578782836,0.00028249470959088247,0.0,0.0003707709958928896,0.0008107012565869477,0.054517358244808765,0.0003346048488829474,0.0,0.00040479400935650053,,,,,,,,,,,,,,,,,,,,,,,2067,599,65813,11258,,
2024,18097354900,1400000US18097354900,0.005674908796108634,0.2144474130707003,0.0019063614968913365,0.0,0.0028349666269246094,0.0008107012565869477,0.030635344724385758,0.00027233735669876237,0.0,0.0004049952324178013,0.0008107012565869477,0.05339138427732689,0.00032529513799857646,0.0,0.00040511023803761976,,,,,,,,,,,,,,,,,,,,,,,2519,461,36626,1478,,
2024,18097355000,1400000US18097355000,0.009323064450749898,0.29829861224119447,0.0031041262677288465,0.0,0.004602550484758825,0.0008475513137045362,0.027118055658290407,0.00028219329706625877,0.0,0.0004184136804326204,0.0012160518848804217,0.043731678266664166,0.00030978010539452005,0.0,0.0005739541921991425,,,,,,,,,,,,,,,,,,,,,,,2104,438,45000,13111,,
2024,18097355100,1400000US18097355100,0.007701661937576003,0.16810232456914645,0.0022874828622783104,0.0,0.003699578179519836,0.0008557402152862226,0.018678036063238493,0.0002541647624753678,0.0,0.00041106424216887067,0.0012160518848804217,0.041935051191543456,0.0002903128919349334,0.0,0.0005739002300804679,,,,,,,,,,,,,,,,,,,,,,,1818,464,23977,22994,,
2024,18097355300,1400000US18097355300,0.004864207539521687,0.15845609737094118,0.0015601532234595177,0.0,0.0024266055882938495,0.0008107012565869478,0.02640934956182353,0.00026002553724325297,0.0,0.00040443426471564156,0.0008107012565869477,0.05130085334032916,0.00030934430523659037,0.0,0.00040514507410465154,,,,,,,,,,,,,,,,,,,,,,,2314,539,42419,13661,,
2024,18097355400,1400000US18097355400,0.005674908796108634,0.07099734335893979,0.0016561175467807534,0.0,0.002844051598749702,0.0008107012565869477,0.010142477622705684,0.00023658822096867907,0.0,0.0004062930855356717,0.0008107012565869477,0.01666277096111494,0.0002780901274859961,0.0,0.00040770569313668364,,,,,,,,,,,,,,,,,,,,,,,1929,451,41554,3531,,
2024,18097355500,1400000US18097355500,0.0032428050263477908,0.102584611601444,0.0009528990501414327,0.0,0.001370428288021127,0.0008107012565869477,0.025646152900361,0.00023822476253535817,0.0,0.00034260707200528176,0.0008107012565869477,0.036728120188926926,0.00024184069844709316,0.0,0.00036337131457419696,,,,,,,,,,,,,,,,,,,,,,,3317,601,54269,11705,,
2024,18097355600,1400000US18097355600,0.016214025131738953,0.3982004470363214,0.004102135867541556,0.0,0.007554416520448867,0.0009537661842199384,0.023423555708018906,0.00024130210985538563,0.0,0.0004443774423793451,0.0016214025131738954,0.04258121231069254,0.0002763952625783442,0.0,0.0006729317758945275,,,,,,,,,,,,,,,,,,,,,,,2494,429,45357,16527,,
2024,18097355700,1400000US18097355700,0.01053911633563032,0.25216721222981964,0.0033411493303330242,0.0,0.00514599865433308,0.0008107012565869477,0.01939747786383228,0.00025701148694869417,0.0,0.00039584605033331384,0.0008107012565869477,0.024622338468760878,0.00030861406670987837,0.0,0.00041647697243264123,,,,,,,,,,,,,,,,,,,,,,,2059,397,44638,10955,,
2024,18097355900,1400000US18097355900,0.008917713822456425,0.08715252196799866,0.002028245804341056,0.0,0.004296602325891624,0.0008107012565869477,0.007922956542545333,0.00018438598221282327,0.0,0.00039060021144469303,0.0008107012565869477,0.017298576407278426,0.00023059426212072208,0.0,0.00039921092828668894,,,,,,,,,,,,,,,,,,,,,,,2105,295,112868,32569,,
2024,18097356200,1400000US18097356200,0.044993919740575594,1.3441870648768117,0.010250931473591273,0.0,0.015244391300576043,0.0010974126765994048,0.032785050362849066,0.00025002271886807984,0.0,0.00037181442196526935,0.002837454398054317,0.3138040134643474,0.0003877608837446836,0.0,0.0008644590016988936,,,,,,,,,,,,,,,,,,,,,,,3908,286,92204,14668,,
2024,18097356400,1400000US18097356400,0.020267531414673693,0.5821831139410042,0.0074150929594726306,0.0,0.00982913548738085,0.0008107012565869477,0.02328732455764017,0.00029660371837890524,0.0,0.000393165419495234,0.0012160518848804217,0.0333074605884455,0.0003533397117807277,0.0,0.0005661805120185086,,,,,,,,,,,,,,,,,,,,,,,4238,565,38141,14553,,
2024,18097356900,1400000US18097356900,0.0064856100526955816,0.5075969545773883,0.0022173582468815707,0.0,0.003228301097034106,0.0008107012565869477,0.06344961932217354,0.00027716978086019634,0.0,0.00040353763712926323,0.0008107012565869477,0.11594474475896102,0.0003464444598906066,0.0,0.00042782532658402654,,,,,,,,,,,,,,,,,,,,,,,2142,371,50357,10063,,
2024,18097357000,1400000US18097357000,0.004864207539521687,0.04606893722193785,0.0008919957491971247,0.0,0.002388475399670205,0.0008107012565869478,0.007678156203656308,0.0001486659581995208,0.0,0.0003980792332783675,0.0008107012565869477,0.011615448823085983,0.00022004024146336679,0.0,0.0004070991394072097,,,,,,,,,,,,,,,,,,,,,,,2040,337,83708,12580,,
2024,18097357100,1400000US18097357100,0.0032428050263477908,0.020165289690911106,0.0008866884887323359,0.0,0.001604608754237755,0.0008107012565869477,0.005041322422727776,0.00022167212218308398,0.0,0.00040115218855943873,0.0008107012565869477,0.012593155853535936,0.0002232246671365161,0.0,0.00040516628434817466,,,,,,,,,,,,,,,,,,,,,,,1823,329,85604,24006,,
2024,18097357200,1400000US18097357200,0.005674908796108634,0.05333500339107196,0.0015748610427267994,0.0,0.002814521892764312,0.0008107012565869477,0.007619286198724566,0.00022498014896097136,0.0,0.00040207455610918744,0.0008107012565869477,0.013362763169703838,0.00022698309331544374,0.0,0.0004051879550035473,,,,,,,,,,,,,,,,,,,,,,,2686,509,88798,30667,,
2024,18097357300,1400000US18097357300,0.009728415079043373,0.15820871184961852,0.002727728364296889,0.0,0.004857295794705515,0.0008107012565869478,0.013184059320801543,0.00022731069702474076,0.0,0.00040477464955879293,0.0008107012565869477,0.015792894430324566,0.00023283075952961122,0.0,0.00040623088318504245,,,,,,,,,,,,,,,,,,,,,,,1981,426,46328,20371,,
2024,18097357400,1400000US18097357400,0.018646128901499796,0.30429602628171176,0.005251474242646803,0.0,0.009240964295333332,0.0008107012565869477,0.013230262012248337,0.00022832496707160012,0.0,0.0004017810563188405,0.0008107012565869477,0.01737714802135964,0.0002386914747369696,0.0,0.0004153759772984795,,,,,,,,,,,,,,,,,,,,,,,3858,968,37088,6211,,
2024,18097357500,1400000US18097357500,0.009728415079043373,0.19583481682458245,0.0026961757814191836,0.0,0.004802996454922611,0.0008844013708221248,0.017803165165871132,0.00024510688921992575,0.0,0.00043663604135660104,0.0012160518848804217,0.03530183170486266,0.0002500295952260866,0.0,0.0005081959479290918,,,,,,,,,,,,,,,,,,,,,,,3673,220,61331,20184,,
2024,18097357601,1400000US18097357601,0.004053506282934738,0.3298498821918916,0.0012928146872932564,0.0,0.0019186697939578123,0.0008107012565869477,0.06596997643837832,0.0002585629374586513,0.0,0.00038373395879156245,0.0008107012565869477,0.08009225425248313,0.00027111624031429755,0.0,0.00040504177214422836,,,,,,,,,,,,,,,,,,,,,,,5109,915,42823,14448,,
2024,18097357602,1400000US18097357602,0.0008107012565869477,0.01035550860983802,0.0002519657712603855,0.0,0.00036297615079994847,0.0008107012565869477,0.01035550860983802,0.0002519657712603855,0.0,0.00036297615079994847,0.0008107012565869477,0.01035550860983802,0.0002519657712603855,0.0,0.00036297615079994847,,,,,,,,,,,,,,,,,,,,,,,1606,183,42813,20342,,
2024,18097357800,1400000US18097357800,0.007296311309282529,0.18628474944695772,0.001656824139376552,0.0,0.0037213689444189806,0.0008107012565869477,0.020698305494106412,0.0001840915710418391,0.0,0.0004134854382687756,0.0008107012565869477,0.11362408775561662,0.0003156825864025644,0.0,0.00045014245664717813,,,,,,,,,,,,,,,,,,,,,,,1539,417,45438,8474,,
2024,18097357900,1400000US18097357900,0.02553708958248885,1.6797264853076013,0.00795899351779158,0.0,0.012398242676946038,0.000823777083306092,0.054184725332503264,0.00025674172638037355,0.0,0.0003999433121595496,0.0012160518848804217,0.11688250847932366,0.00030924029376320307,0.0,0.0005510207803041275,,,,,,,,,,,,,,,,,,,,,,,3748,675,63523,11363,,
2024,18097358000,1400000US18097358000,0.008512363194162952,0.5202456694383707,0.0031306585062185407,0.0,0.004228828276467064,0.0008512363194162952,0.05202456694383707,0.00031306585062185405,0.0,0.0004228828276467064,0.0012160518848804217,0.06996111855733311,0.00034415629152490093,0.0,0.000550921852474599,,,,,,,,,,,,,,,,,,,,,,,1423,263,65625,14244,,
2024,18097358100,1400000US18097358100,0.0064856100526955816,0.22153250152622894,0.002572795509034221,0.0,0.0032210167395214226,0.0008107012565869477,0.027691562690778618,0.00032159943862927764,0.0,0.0004026270924401778,0.0008107012565869477,0.031067676459845792,0.00033769455504689184,0.0,0.00040482393998684483,,,,,,,,,,,,,,,,,,,,,,,2439,655,43565,25705,,
2024,18097360101,1400000US18097360101,0.012971220105391163,0.4158954977807628,0.004051231029327426,0.0,0.006300844005890333,0.0008107012565869477,0.025993468611297674,0.0002532019393329641,0.0,0.00039380275036814583,0.0008107012565869477,0.03606765837851201,0.00028586560793604867,0.0,0.00040518659430766003,,,,,,,,,,,,,,,,,,,,,,,2639,860,30240,10556,,
2024,18097360102,1400000US18097360102,0.017024726388325903,0.43171419920567056,0.004633884318385218,0.0,0.008456192585838997,0.0008107012565869478,0.020557819009793837,0.00022066115801834372,0.0,0.0004026758374209046,0.0008107012565869477,0.03381127229798301,0.00026719412420641306,0.0,0.0004051650422683365,,,,,,,,,,,,,,,,,,,,,,,1887,599,34415,5611,,
2024,18097360201,1400000US18097360201,0.023104985812728008,0.5013628394400572,0.006103675739265749,0.0,0.011144274269813948,0.000825178064740286,0.017905815694287758,0.00021798841925949102,0.0,0.00039800979535049814,0.0012160518848804217,0.028503578953458973,0.00024931898776788436,0.0,0.0005572076575579882,,,,,,,,,,,,,,,,,,,,,,,4404,810,48429,8011,,
2024,18097360202,1400000US18097360202,0.008512363194162952,0.08901358434169644,0.0017048915247684963,0.0,0.003967737272406284,0.0008512363194162952,0.008901358434169645,0.00017048915247684963,0.0,0.0003967737272406284,0.0012160518848804217,0.01825853085546735,0.00021546151930527377,0.0,0.0005519368292975536,,,,,,,,,,,,,,,,,,,,,,,3638,741,63168,10639,,
2024,18097360301,1400000US18097360301,0.006890960680989056,0.19784562551716722,0.0019073741286464213,0.0,0.003409678782043079,0.000861370085123632,0.024730703189645903,0.00023842176608080266,0.0,0.00042620984775538487,0.0012160518848804217,0.02693855732654001,0.0002480286348269064,0.0,0.0005620746558737233,,,,,,,,,,,,,,,,,,,,,,,3812,522,58428,16586,,
2024,18097360302,1400000US18097360302,0.014997973246858533,0.3747589840394423,0.004299153998612791,0.0,0.007546823049510258,0.0008332207359365852,0.020819943557746794,0.00023884188881182175,0.0,0.00041926794719501434,0.0012160518848804217,0.031384921679880835,0.00026509770855644816,0.0,0.0005717036814223983,,,,,,,,,,,,,,,,,,,,,,,2870,693,18854,13723,,
2024,18097360401,1400000US18097360401,0.012971220105391163,0.3033137167299349,0.0035111211820497753,0.0,0.006244424446310945,0.0008107012565869477,0.01895710729562093,0.00021944507387811096,0.0,0.00039027652789443406,0.0008107012565869477,0.02269766267529442,0.00023372107648423767,0.0,0.0004039246836365588,,,,,,,,,,,,,,,,,,,,,,,5537,1080,43100,10011,,
2024,18097360402,1400000US18097360402,0.009728415079043373,0.15112362339408988,0.0022683660579007167,0.0,0.00453866722001787,0.0008844013708221248,0.013738511217644534,0.00020621509617279243,0.0,0.00041260611091071544,0.0016214025131738954,0.02598156164206126,0.0002133332494577753,0.0,0.0006386352381918671,,,,,,,,,,,,,,,,,,,,,,,3041,1244,25846,24537,,
2024,18097360501,1400000US18097360501,0.0032428050263477908,0.002827263100830393,0.0005644131996363555,0.0,0.0016715702674571379,0.0008107012565869477,0.0007068157752075983,0.00014110329990908886,0.0,0.00041789256686428447,0.0008107012565869477,0.0013616888097255219,0.00014783449301955542,0.0,0.0004233841149202409,,,,,,,,,,,,,,,,,,,,,,,6196,812,66211,10613,,
2024,18097360502,1400000US18097360502,0.046615322253749494,0.7313149962308637,0.01126724380471553,0.0,0.02218621714247843,0.0008475513137045363,0.013296636295106613,0.00020485897826755508,0.0,0.00040338576622688053,0.0012160518848804217,0.03361467888701829,0.00023151313394195259,0.0,0.0006366082874764889,,,,,,,,,,,,,,,,,,,,,,,6385,1088,64255,11565,,
2024,18097360601,1400000US18097360601,0.020267531414673693,0.2983505549818841,0.005195357648097198,0.0,0.01011582609716634,0.0008107012565869477,0.011934022199275364,0.0002078143059238879,0.0,0.00040463304388665364,0.0008107012565869477,0.0365902089248806,0.00024147359506678518,0.0,0.0004103130692499959,,,,,,,,,,,,,,,,,,,,,,,4662,710,74028,11300,,
2024,18097360602,1400000US18097360602,0.018646128901499796,0.38350098017266687,0.0049258549176375835,0.0,0.008391893326691302,0.0008879109000714189,0.018261951436793662,0.00023456451988750396,0.0,0.000399613967937681,0.0016214025131738954,0.04370389876294089,0.00025192385044690163,0.0,0.0004962700163324738,,,,,,,,,,,,,,,,,,,,,,,6287,1143,49125,17194,,
2024,18097360700,1400000US18097360700,0.01053911633563032,0.11651841616721091,0.0030106462044577637,0.0,0.005306858979114565,0.0008107012565869477,0.008962955089785455,0.00023158816957367413,0.0,0.0004082199214703511,0.0008107012565869477,0.01232193584677023,0.00025365164436108925,0.0,0.0004279767693055629,,,,,,,,,,,,,,,,,,,,,,,1913,315,82708,22462,,
2024,18097360800,1400000US18097360800,0.017024726388325903,0.6432030129419611,0.005149708867542164,0.0,0.008060176732486105,0.0008512363194162952,0.032160150647098054,0.0002574854433771082,0.0,0.00040300883662430526,0.0012160518848804217,0.06218548752700282,0.0002860703354822362,0.0,0.0005147930843045843,,,,,,,,,,,,,,,,,,,,,,,2927,521,45457,8249,,
2024,18097360900,1400000US18097360900,0.03364410214835833,0.5974710460314595,0.009521326782373404,0.0,0.015815491349706563,0.0009093000580637385,0.016147866108958363,0.0002573331562803623,0.0,0.00042744571215423146,0.0012160518848804217,0.047395942745949694,0.00028615422103911924,0.0,0.0006323665329787029,,,,,,,,,,,,,,,,,,,,,,,5714,883,41250,17727,,
2024,18097361000,1400000US18097361000,0.012971220105391163,0.46873079885633917,0.0041263956126137815,0.0,0.005717017111252034,0.0008647480070260776,0.031248719923755944,0.00027509304084091877,0.0,0.0003811344740834689,0.0012160518848804217,0.05618544347429869,0.0002994248077537557,0.0,0.000407497203183933,,,,,,,,,,,,,,,,,,,,,,,2093,229,97926,14449,,
2024,18097361100,1400000US18097361100,0.009728415079043373,0.10366571098598827,0.0026912692126140297,0.0,0.004864477785630825,0.0008107012565869478,0.008638809248832357,0.00022427243438450249,0.0,0.00040537314880256873,0.0008107012565869477,0.015480909234663165,0.00027097605143045975,0.0,0.00040672742330366074,,,,,,,,,,,,,,,,,,,,,,,3161,612,81250,20129,,
2024,18097361300,1400000US18097361300,0.006890960680989056,0.06748446895615802,0.0017679418088663225,0.0,0.003238926419074544,0.000861370085123632,0.008435558619519752,0.00022099272610829032,0.0,0.000404865802384318,0.0012160518848804217,0.01772414525425807,0.0002437725648600023,0.0,0.0004097128722077073,,,,,,,,,,,,,,,,,,,,,,,2503,332,67744,3702,,
2024,18097361402,1400000US18097361402,0.0024321037697608433,0.02743069835699851,0.0006505736561850719,0.0,0.001225016181368299,0.0008107012565869478,0.009143566118999504,0.00021685788539502397,0.0,0.00040833872712276635,0.0008107012565869477,0.009877832646407025,0.00021908458182592956,0.0,0.000411787402474136,,,,,,,,,,,,,,,,,,,,,,,5711,912,81576,11782,,
2024,18097361601,1400000US18097361601,0.00526955816781516,0.015788620660520985,0.0010103268208491885,0.0,0.0026282798940556865,0.00087825969463586,0.0026314367767534975,0.00016838780347486475,0.0,0.0004380466490092811,0.0012160518848804217,0.005383963697941785,0.0001810748662641012,0.0,0.0005763076190961802,,,,,,,,,,,,,,,,,,,,,,,5428,1264,92769,6592,,
2024,18097370201,1400000US18097370201,0.002837454398054317,0.0068294841461221615,0.000658499555713988,0.0,0.0015074616946768329,0.0009458181326847723,0.002276494715374054,0.00021949985190466265,0.0,0.0005024872315589442,0.0012160518848804217,0.0034009345090802814,0.0002206738285974976,0.0,0.0005961685683919314,,,,,,,,,,,,,,,,,,,,,,,3535,306,53333,16311,,
2024,18097370203,1400000US18097370203,0.011349817592217268,0.12634775796392347,0.003304288132213887,0.0,0.00547163074796113,0.0008107012565869477,0.009024839854565963,0.00023602058087242048,0.0,0.0003908307677115093,0.0008107012565869477,0.013886464346404163,0.0002520800554733869,0.0,0.0004050768882333674,,,,,,,,,,,,,,,,,,,,,,,5099,1245,48578,27869,,
2024,18097370204,1400000US18097370204,0.0012160518848804217,0.005764493586222155,0.00022497084467990852,0.0,0.0005969057644595779,0.0012160518848804217,0.005764493586222155,0.00022497084467990852,0.0,0.0005969057644595779,0.0012160518848804217,0.005764493586222155,0.00022497084467990852,0.0,0.0005969057644595779,,,,,,,,,,,,,,,,,,,,,,,3614,463,67631,7769,,
2024,18097370303,1400000US18097370303,0.0008107012565869477,0.0009211617684333444,0.00021366312438829906,0.0,0.0003690286353787954,0.0008107012565869477,0.0009211617684333444,0.00021366312438829906,0.0,0.0003690286353787954,0.0008107012565869477,0.0009211617684333444,0.00021366312438829906,0.0,0.0003690286353787954,,,,,,,,,,,,,,,,,,,,,,,7548,823,87262,30988,,
2024,18097380200,1400000US18097380200,0.017024726388325903,0.46244424785103344,0.004874183708208022,0.0,0.008353743278721302,0.0008107012565869478,0.022021154659573022,0.00023210398610514394,0.0,0.00039779729898672863,0.0016214025131738954,0.04988163301401698,0.00028774625609824365,0.0,0.000696849842551568,,,,,,,,,,,,,,,,,,,,,,,2970,760,40616,11525,,
2024,18097380301,1400000US18097380301,0.009728415079043373,0.2984680836514826,0.002843831725259741,0.0,0.004473400619234426,0.0008844013708221248,0.02713346215013478,0.00025853015684179463,0.0,0.00040667278356676595,0.0012160518848804217,0.08063962553886483,0.00026532954109516305,0.0,0.0005833350491843377,,,,,,,,,,,,,,,,,,,,,,,2377,412,50000,23474,,
2024,18097380302,1400000US18097380302,0.01053911633563032,0.26480885893305006,0.002803649398912114,0.0,0.0048186465361072465,0.0009581014850573018,0.02407353263027728,0.00025487721808291943,0.0,0.0004380587760097497,0.002026753141467369,0.05030227058814633,0.000267832155908197,0.0,0.0008117152544869553,,,,,,,,,,,,,,,,,,,,,,,3866,635,46526,6780,,
2024,18097380402,1400000US18097380402,0.016214025131738953,0.2909914521316413,0.004396405433561835,0.0,0.008098372582308524,0.0008107012565869477,0.014549572606582064,0.00021982027167809175,0.0,0.0004049186291154262,0.0008107012565869477,0.019156022514219325,0.00023369917032169753,0.0,0.0004051863836837106,,,,,,,,,,,,,,,,,,,,,,,5101,863,45903,14194,,
2024,18097380403,1400000US18097380403,0.008107012565869477,0.05667939263813564,0.0020765856420321077,0.0,0.0040383608369834595,0.0008107012565869477,0.005667939263813563,0.00020765856420321079,0.0,0.00040383608369834597,0.0008107012565869477,0.007697223792010746,0.00021264157625301437,0.0,0.0004051862914606234,,,,,,,,,,,,,,,,,,,,,,,3502,528,65595,18208,,
2024,18097380404,1400000US18097380404,0.008107012565869477,0.2267991009303339,0.0024240963084383037,0.0,0.00355757341082475,0.0008107012565869477,0.02267991009303339,0.00024240963084383037,0.0,0.00035575734108247504,0.0008107012565869477,0.03316428930002554,0.000251556378191364,0.0,0.0004086009409572287,,,,,,,,,,,,,,,,,,,,,,,4044,499,62788,13148,,
2024,18097380501,1400000US18097380501,0.0008107012565869477,0.012745367808848083,0.00024123034334956172,0.0,0.00040423173024006667,0.0008107012565869477,0.012745367808848083,0.00024123034334956172,0.0,0.00040423173024006667,0.0008107012565869477,0.012745367808848083,0.00024123034334956172,0.0,0.00040423173024006667,,,,,,,,,,,,,,,,,,,,,,,2802,652,53750,20323,,
2024,18097380502,1400000US18097380502,0.0032428050263477908,0.08084164334996487,0.0009826270186047061,0.0,0.0015231639057297988,0.0008107012565869477,0.020210410837491217,0.00024565675465117653,0.0,0.0003807909764324497,0.0008107012565869477,0.02370955986417302,0.0002507539172332289,0.0,0.00040553830643721587,,,,,,,,,,,,,,,,,,,,,,,3445,719,49014,16866,,
2024,18097380600,1400000US18097380600,0.0064856100526955816,0.14555720260068755,0.002042125079439968,0.0,0.0031831731383168537,0.0008107012565869477,0.018194650325085944,0.000255265634929996,0.0,0.0003978966422896067,0.0008107012565869477,0.025600703002257533,0.0002603966950336101,0.0,0.0004054708350668747,,,,,,,,,,,,,,,,,,,,,,,4891,1278,72298,9132,,
2024,18097380700,1400000US18097380700,0.007296311309282529,0.15208818036360575,0.0022161196589885242,0.0,0.003625008916101042,0.0008107012565869477,0.016898686707067304,0.0002462355176653916,0.0,0.00040277876845567134,0.0008107012565869477,0.02346940687636411,0.00025220134225224046,0.0,0.0004051863857374392,,,,,,,,,,,,,,,,,,,,,,,6887,904,53499,4972,,
2024,18097380800,1400000US18097380800,0.008107012565869477,0.10526032025000895,0.0023410961884711453,0.0,0.004050721776697251,0.0008107012565869477,0.010526032025000895,0.00023410961884711453,0.0,0.0004050721776697251,0.0008107012565869477,0.012054003355238046,0.00024512770641313517,0.0,0.00040553830643721587,,,,,,,,,,,,,,,,,,,,,,,2977,543,60500,18944,,
2024,18097380902,1400000US18097380902,0.01053911633563032,0.12060709886314434,0.0026515765751772653,0.0,0.0052678519635186005,0.0008107012565869477,0.009277469143318796,0.00020396742885978963,0.0,0.0004052193818091231,0.0008107012565869477,0.013832877848097728,0.00021652039342067543,0.0,0.0004053998298554708,,,,,,,,,,,,,,,,,,,,,,,6191,689,79063,11394,,
2024,18097381002,1400000US18097381002,0.008917713822456425,0.07315888462498163,0.0023852544430553882,0.0,0.004456747839837531,0.0008107012565869477,0.006650807693180148,0.00021684131300503528,0.0,0.00040515889453068463,0.0008107012565869477,0.008346179299108327,0.00022724284110915707,0.0,0.0004052099417369383,,,,,,,,,,,,,,,,,,,,,,,3808,879,90529,26875,,
2024,18097381003,1400000US18097381003,0.004864207539521687,0.012832815714059814,0.0011857421843808921,0.0,0.002430706207353389,0.0008107012565869478,0.002138802619009969,0.00019762369739681536,0.0,0.00040511770122556484,0.0008107012565869477,0.003921019419023733,0.00020375190081076155,0.0,0.00040531874286632905,,,,,,,,,,,,,,,,,,,,,,,3677,361,43060,8658,,
2024,18097381004,1400000US18097381004,0.004864207539521687,0.03200379642259167,0.0012595895760236422,0.0,0.0024305374725915804,0.0008107012565869478,0.005333966070431945,0.00020993159600394035,0.0,0.0004050895787652634,0.0008107012565869477,0.015667146972642283,0.00022615341109967352,0.0,0.00040531874286632905,,,,,,,,,,,,,,,,,,,,,,,4121,713,35106,8430,,
2024,18097381101,1400000US18097381101,0.005674908796108634,0.10698873138403404,0.0016561693041704409,0.0,0.0028354951782452336,0.0008107012565869477,0.015284104483433435,0.00023659561488149154,0.0,0.0004050707397493191,0.0008107012565869477,0.020628664963076273,0.00024205107222580614,0.0,0.0004051862668997725,,,,,,,,,,,,,,,,,,,,,,,6134,911,90816,18226,,
2024,18097381102,1400000US18097381102,0.005674908796108634,0.07942028613875089,0.0015943226576495683,0.0,0.0028347390915319337,0.0008107012565869477,0.0113457551626787,0.00022776037966422405,0.0,0.0004049627273617048,0.0008107012565869477,0.017791539316545306,0.00023269884345411811,0.0,0.0004051629902878005,,,,,,,,,,,,,,,,,,,,,,,7235,911,70554,16981,,
2024,18097381203,1400000US18097381203,0.008107012565869477,0.06113545516141535,0.0020602197676124847,0.0,0.004039291999386786,0.0008107012565869477,0.0061135455161415355,0.00020602197676124846,0.0,0.00040392919993867865,0.0008107012565869477,0.01495967369438798,0.00022405383880236648,0.0,0.00040623350248099706,,,,,,,,,,,,,,,,,,,,,,,3047,513,49250,10008,,
2024,18097381204,1400000US18097381204,0.008917713822456425,0.06387905099955256,0.0022685796559539324,0.0,0.004321872291655695,0.0008107012565869477,0.005807186454504778,0.0002062345141776302,0.0,0.00039289748105960867,0.0008107012565869477,0.012131095587464178,0.00021603927127017696,0.0,0.0004077754506555455,,,,,,,,,,,,,,,,,,,,,,,3030,505,39073,9527,,
2024,18097381205,1400000US18097381205,0.0032428050263477908,0.011300504863714412,0.0007517318305756117,0.0,0.0016255409019246408,0.0008107012565869477,0.002825126215928603,0.00018793295764390293,0.0,0.0004063852254811602,0.0008107012565869477,0.003963757117059541,0.00019051706199710712,0.0,0.00040755593819043396,,,,,,,,,,,,,,,,,,,,,,,7709,1010,54538,12382,,
2024,18097381206,1400000US18097381206,0.0032428050263477908,0.016661620330783205,0.0008676046254170966,0.0,0.0016021603397131342,0.0008107012565869477,0.004165405082695801,0.00021690115635427415,0.0,0.00040054008492828355,0.0008107012565869477,0.005241121161045179,0.00022008730483979305,0.0,0.00040348364682247676,,,,,,,,,,,,,,,,,,,,,,,4215,703,75867,29682,,
2024,18097390102,1400000US18097390102,0.0064856100526955816,0.02539737018506409,0.0016073581013443937,0.0,0.0032390181559145774,0.0008107012565869477,0.0031746712731330114,0.00020091976266804922,0.0,0.0004048772694893222,0.0008107012565869477,0.005550476344519761,0.0002068581720420695,0.0,0.0004051836735550392,,,,,,,,,,,,,,,,,,,,,,,5309,1046,42351,10705,,
2024,18097390405,1400000US18097390405,0.005674908796108634,0.022453400293443608,0.0013170899790604337,0.0,0.002834765256798344,0.0008107012565869477,0.003207628613349087,0.00018815571129434766,0.0,0.0004049664652569063,0.0008107012565869477,0.005486862924751077,0.00019327539272632593,0.0,0.0004051722287716444,,,,,,,,,,,,,,,,,,,,,,,4050,481,75144,7175,,
2024,18097390410,1400000US18097390410,0.0024321037697608433,0.021019057397057214,0.0005907038074872442,0.0,0.0012155497016430091,0.0008107012565869478,0.007006352465685738,0.00019690126916241475,0.0,0.00040518323388100304,0.0008107012565869477,0.007766097236153067,0.00019874813036966496,0.0,0.0004051854816766392,,,,,,,,,,,,,,,,,,,,,,,1855,245,103506,19696,,
2024,18097390411,1400000US18097390411,0.004053506282934738,0.03975805860390405,0.0010100690919204462,0.0,0.002025922902678985,0.0008107012565869477,0.00795161172078081,0.00020201381838408925,0.0,0.00040518458053579695,0.0008107012565869477,0.010805076318022388,0.00020654561975160443,0.0,0.0004051863809051366,,,,,,,,,,,,,,,,,,,,,,,3967,580,67170,15135,,
2024,18097390500,1400000US18097390500,0.014187271990271585,0.38275076919637674,0.004392057145103446,0.0,0.006274633418445672,0.000886704499391974,0.023921923074773546,0.0002745035715689654,0.0,0.0003921645886528545,0.0016214025131738954,0.051436627719473695,0.0003430198250475315,0.0,0.0005806502224076028,,,,,,,,,,,,,,,,,,,,,,,2586,511,52279,23204,,
2024,18097390602,1400000US18097390602,0.0024321037697608433,0.00043263700473172064,2.1909314151176396e-05,0.0,0.001215558964638444,0.0008107012565869478,0.00014421233491057354,7.303104717058799e-06,0.0,0.00040518632154614803,0.0008107012565869477,0.0001466231794151576,7.326674407012254e-06,0.0,0.0004083420026301286,,,,,,,,,,,,,,,,,,,,,,,3575,373,58552,5867,,
2024,18097390700,1400000US18097390700,0.007296311309282529,0.17714956649180372,0.002274506344762834,0.0,0.00362822013289022,0.0008107012565869477,0.01968328516575597,0.00025272292719587047,0.0,0.00040313557032113553,0.0008107012565869477,0.02742642458719493,0.0002685352013391199,0.0,0.00040462228907751495,,,,,,,,,,,,,,,,,,,,,,,4468,913,60707,5944,,
2024,18097390801,1400000US18097390801,0.0024321037697608433,0.009486125206332675,0.0004421579800127195,0.0,0.0010780265883653202,0.0008107012565869478,0.003162041735444225,0.00014738599333757318,0.0,0.0003593421961217734,0.0008107012565869477,0.004930286595715512,0.0001509051571997384,0.0,0.00037155000210543963,,,,,,,,,,,,,,,,,,,,,,,0,13,-,**,,
2024,18097390802,1400000US18097390802,0.012160518848804217,0.019333055209544574,0.0024499036630059473,0.0,0.005255671270197032,0.0009354245268310935,0.0014871580930418903,0.0001884541279235344,0.0,0.0004042824053997717,0.0016214025131738954,0.003749739875357147,0.00022259110376961626,0.0,0.0005533266704450068,,,,,,,,,,,,,,,,,,,,,,,4431,719,70691,11711,,
2024,18097390900,1400000US18097390900,0.01783542764491285,0.8514574048157495,0.00664158665756389,0.0,0.008163648086795153,0.0008917713822456424,0.04257287024078747,0.0003320793328781945,0.0,0.0004081824043397577,0.0012160518848804217,0.209911957054531,0.00038416201385912886,0.0,0.0005063964682368129,,,,,,,,,,,,,,,,,,,,,,,3082,549,96023,37873,,
2024,18097391001,1400000US18097391001,0.026753141467369273,1.0636760469338824,0.00937628262809283,0.0,0.0119946506448366,0.0009225221195644577,0.036678484377030425,0.00032332009062389065,0.0,0.00041360864292539997,0.0016214025131738954,0.1165585238530599,0.0003855214388128508,0.0,0.0006184888300992189,,,,,,,,,,,,,,,,,,,,,,,2362,263,53529,12424,,
2024,18097391002,1400000US18097391002,0.025537089582488855,0.5031486177149073,0.006891347889403823,0.0,0.011950811432207747,0.0010214835832995542,0.02012594470859629,0.0002756539155761529,0.0,0.0004780324572883099,0.002026753141467369,0.0903591643267777,0.00038647381680635966,0.0,0.0008109816766030725,,,,,,,,,,,,,,,,,,,,,,,5791,781,102386,23221,,
2025,18063210614,1400000US18063210614,0.0008136696501220504,0.004324172346955097,0.0001899815341160292,0.0,0.00040666766442479333,0.0008136696501220504,0.004324172346955097,0.0001899815341160292,0.0,0.00040666766442479333,0.0008136696501220504,0.004324172346955097,0.0001899815341160292,0.0,0.00040666766442479333,,,,,,,,,,,,,,,,,,,,,,,,,,,,
2025,18081610201,1400000US18081610201,0.0024410089503661514,0.0012554422643926305,0.0005389214030363195,0.0,0.001216314814906671,0.0008136696501220504,0.00041848075479754347,0.00017964046767877318,0.0,0.00040543827163555703,0.0008136696501220504,0.0009269276966591857,0.00018032508949815005,0.0,0.0004066693777958521,,,,,,,,,,,,,,,,,,,,,,,,,,,,
2025,18081610300,1400000US18081610300,0.0024410089503661514,0.014156427907444993,0.0004110238006541058,0.0,0.0010314369702731474,0.0012205044751830757,0.007078213953722497,0.0002055119003270529,0.0,0.0005157184851365737,0.0016273393002441008,0.012486699630719158,0.0002063255004358774,0.0,0.0006932721015909003,,,,,,,,,,,,,,,,,,,,,,,,,,,,
2025,18081610401,1400000US18081610401,0.0016273393002441008,0.002145279606630298,0.00040719157696606975,0.0,0.000764788459695689,0.0008136696501220504,0.001072639803315149,0.00020359578848303488,0.0,0.0003823942298478445,0.0008136696501220504,0.0010961524387073614,0.00020410065764450187,0.0,0.0003885660613050094,,,,,,,,,,,,,,,,,,,,,,,,,,,,
2025,18097310104,1400000US18097310104,0.01708706265256306,0.19419449850694764,0.003866698527992943,0.0,0.008388690395030367,0.000854353132628153,0.009709724925347381,0.00019333492639964716,0.0,0.00041943451975151835,0.0012205044751830757,0.028409390085549564,0.00020369373953480185,0.0,0.0006325993498043374,,,,,,,,,,,,,,,,,,,,,,,,,,,,
2025,18097310105,1400000US18097310105,0.021969080553295363,0.38929953209855567,0.0053360921156951745,0.0,0.010602020983986838,0.0008136696501220504,0.014418501188835395,0.0001976330413220435,0.0,0.0003926674438513644,0.0008136696501220504,0.03301174009066605,0.00022234824352217617,0.0,0.00040666777718722407,,,,,,,,,,,,,,,,,,,,,,,,,,,,
2025,18097310106,1400000US18097310106,0.005695687550854353,0.053193363608335126,0.0013714031723910977,0.0,0.0027063016658986543,0.0008136696501220504,0.007599051944047875,0.00019591473891301397,0.0,0.00038661452369980777,0.0008136696501220504,0.008647351202273904,0.00019943336488283025,0.0,0.0004066537334358597,,,,,,,,,,,,,,,,,,,,,,,,,,,,
2025,18097310110,1400000US18097310110,0.0008136696501220504,0.014074630429390396,0.00027998137844078815,0.0,0.00039325782049455846,0.0008136696501220504,0.014074630429390396,0.00027998137844078815,0.0,0.00039325782049455846,0.0008136696501220504,0.014074630429390396,0.00027998137844078815,0.0,0.00039325782049455846,,,,,,,,,,,,,,,,,,,,,,,,,,,,
2025,18097310111,1400000US18097310111,0.012205044751830756,0.15766497011411576,0.0037230457714865594,0.0,0.005829323886396084,0.0009388495962946735,0.01212807462416275,0.00028638813626819686,0.0,0.0004484095297227757,0.0012205044751830757,0.031208221606919734,0.000299267916594356,0.0,0.0006219372724971657,,,,,,,,,,,,,,,,,,,,,,,,,,,,
2025,18097310112,1400000US18097310112,0.004882017900732303,0.015592851231581906,0.0010589645018696675,0.0,0.002440443144438191,0.0008136696501220504,0.0025988085385969845,0.0001764940836449446,0.0,0.0004067405240730318,0.0008136696501220504,0.004522373928395084,0.00018136889459560688,0.0,0.000410348743973132,,,,,,,,,,,,,,,,,,,,,,,,,,,,
2025,18097310201,1400000US18097310201,0.027664768104149716,0.3185220288556334,0.006547536063580392,0.0,0.013800109320270208,0.0008136696501220504,0.009368294966342158,0.00019257459010530565,0.0,0.0004058855682432414,0.0008136696501220504,0.035774309167311606,0.00023414963912342263,0.0,0.00040726496840397713,,,,,,,,,,,,,,,,,,,,,,,,,,,,
2025,18097310203,1400000US18097310203,0.009764035801464606,0.2813675942235747,0.0026343335705117056,0.0,0.004879911135019105,0.0008136696501220504,0.023447299518631226,0.00021952779754264213,0.0,0.0004066592612515921,0.0008136696501220504,0.0400194989291816,0.00025495345019395583,0.0,0.0004066691342451332,,,,,,,,,,,,,,,,,,,,,,,,,,,,
2025,18097310204,1400000US18097310204,0.009764035801464606,0.12448483319109845,0.0024380259473421846,0.0,0.00488003217911206,0.0008136696501220504,0.010373736099258204,0.00020316882894518204,0.0,0.0004066693482593383,0.0008136696501220504,0.012810412322210533,0.0002142178933287079,0.0,0.00040666937779585197,,,,,,,,,,,,,,,,,,,,,,,,,,,,
2025,18097310305,1400000US18097310305,0.010577705451586655,0.07258267754606242,0.002899433474947159,0.0,0.004752157816676016,0.0009616095865078777,0.00659842523146022,0.00026358486135883265,0.0,0.0004320143469705469,0.0016273393002441008,0.01345237350119368,0.0002769785233840458,0.0,0.0005997092301013199,,,,,,,,,,,,,,,,,,,,,,,,,,,,
2025,18097310306,1400000US18097310306,0.03173311635475997,0.7526456958244319,0.00966749112735207,0.0,0.014957185165854817,0.0008814754542988881,0.020906824884011996,0.0002685414202042242,0.0,0.0004154773657181894,0.0016273393002441008,0.20118498162978768,0.000339927921174891,0.0,0.000764648883548445,,,,,,,,,,,,,,,,,,,,,,,,,,,,
2025,18097310308,1400000US18097310308,0.0032546786004882017,0.16724107041438205,0.0010598370302773478,0.0,0.001626321592800154,0.0008136696501220504,0.04181026760359551,0.00026495925756933695,0.0,0.0004065803982000385,0.0008136696501220504,0.04288737811927397,0.0002712301717131821,0.0,0.0004066498717250739,,,,,,,,,,,,,,,,,,,,,,,,,,,,
2025,18097310309,1400000US18097310309,0.0032546786004882017,0.04595561145601829,0.0008066065144110857,0.0,0.0016248484381800308,0.0008136696501220504,0.011488902864004573,0.00020165162860277144,0.0,0.0004062121095450077,0.0008136696501220504,0.012583233901378735,0.00020521651737110503,0.0,0.00040661689338338365,,,,,,,,,,,,,,,,,,,,,,,,,,,,
2025,18097310312,1400000US18097310312,0.009764035801464606,0.36338777998664085,0.0030118600155609934,0.0,0.004787478049093399,0.0008136696501220504,0.03028231499888674,0.00025098833463008276,0.0,0.00039895650409111657,0.0008136696501220504,0.047251124549741313,0.00030042849261589213,0.0,0.0004061605008156862,,,,,,,,,,,,,,,,,,,,,,,,,,,,
2025,18097320108,1400000US18097320108,0.014646053702196907,0.18959314199346747,0.0033684446063627018,0.0,0.006834237352680632,0.0009153783563873067,0.011849571374591717,0.00021052778789766886,0.0,0.0004271398345425395,0.0012205044751830757,0.021785119018642208,0.0002190880223318582,0.0,0.0005357509110272305,,,,,,,,,,,,,,,,,,,,,,,,,,,,
2025,18097320202,1400000US18097320202,0.01952807160292921,0.12728968085626616,0.004789234892729033,0.0,0.009042703343655822,0.0008136696501220504,0.005303736702344423,0.0001995514538637097,0.0,0.0003767793059856592,0.0008136696501220504,0.011933931923082992,0.0002267330381791172,0.0,0.00040646517841141905,,,,,,,,,,,,,,,,,,,,,,,,,,,,
2025,18097320205,1400000US18097320205,0.005695687550854353,0.026916613708043054,0.0009624178804756285,0.0,0.003135504294779063,0.0011391375101708705,0.005383322741608611,0.0001924835760951257,0.0,0.0006271008589558126,0.0016273393002441008,0.011962743180535421,0.00020101290923503734,0.0,0.0007480529650317774,,,,,,,,,,,,,,,,,,,,,,,,,,,,
2025,18097320206,1400000US18097320206,0.004882017900732303,0.014617904772502004,0.0011472932570482553,0.0,0.00228170500192837,0.0008136696501220504,0.0024363174620836672,0.00019121554284137589,0.0,0.00038028416698806166,0.0008136696501220504,0.003391614864356931,0.00019587774594243194,0.0,0.0004031974011921783,,,,,,,,,,,,,,,,,,,,,,,,,,,,
2025,18097320301,1400000US18097320301,0.0016273393002441008,0.01693301625495821,0.00039553891384563563,0.0,0.0007490166595850231,0.0008136696501220504,0.008466508127479105,0.00019776945692281782,0.0,0.00037450832979251156,0.0008136696501220504,0.012499559828011141,0.0002097168856394727,0.0,0.00038345680025972194,,,,,,,,,,,,,,,,,,,,,,,,,,,,
2025,18097320305,1400000US18097320305,0.004882017900732303,0.032562350707183906,0.0011451241863718984,0.0,0.0023100825408118894,0.0008136696501220504,0.005427058451197318,0.00019085403106198305,0.0,0.00038501375680198156,0.0008136696501220504,0.0062399553856022525,0.00019460097457076303,0.0,0.0003980652777262214,,,,,,,,,,,,,,,,,,,,,,,,,,,,
2025,18097320306,1400000US18097320306,0.006509357200976403,0.04133637209308487,0.0015228797639920907,0.0,0.0030958274858629083,0.0008136696501220504,0.005167046511635609,0.00019035997049901134,0.0,0.00038697843573286353,0.0008136696501220504,0.006024202118587798,0.00019533926876494524,0.0,0.00039558145118068346,,,,,,,,,,,,,,,,,,,,,,,,,,,,
2025,18097320500,1400000US18097320500,0.0052888527257933275,0.08902877251127861,0.0013141665541796293,0.0,0.002266325578907926,0.000881475454298888,0.014838128751879768,0.00021902775902993822,0.0,0.00037772092981798764,0.0012205044751830757,0.017639719972239638,0.00022655768470147586,0.0,0.0004466076728291391,,,,,,,,,,,,,,,,,,,,,,,,,,,,
2025,18097320600,1400000US18097320600,0.007729861676159479,0.06156049497519527,0.0019029062063884298,0.0,0.0034451346931672635,0.0008588735195732755,0.006840054997243919,0.00021143402293204776,0.0,0.0003827927436852515,0.0012205044751830757,0.012571256807763451,0.0002301478149024938,0.0,0.0004521860253758141,,,,,,,,,,,,,,,,,,,,,,,,,,,,
2025,18097320700,1400000US18097320700,0.004475183075671277,0.04367510659889287,0.0011765807686007165,0.0,0.0022538347021231527,0.0007458638459452129,0.007279184433148812,0.0001960967947667861,0.0,0.00037563911702052547,0.0008136696501220504,0.01035703992037054,0.00023739564449891905,0.0,0.00048417991576260686,,,,,,,,,,,,,,,,,,,,,,,,,,,,
2025,18097320800,1400000US18097320800,0.007323026851098454,0.05127785653958694,0.0018770973422858747,0.0,0.0036307650242375375,0.0008136696501220504,0.00569753961550966,0.00020856637136509718,0.0,0.0004034183360263931,0.0008136696501220504,0.008439877032228538,0.00022502265402857437,0.0,0.00040606689422916756,,,,,,,,,,,,,,,,,,,,,,,,,,,,
2025,18097320901,1400000US18097320901,0.013018714401952807,0.34903579980878596,0.0038821351477943255,0.0,0.006298902728055979,0.0008136696501220504,0.021814737488049123,0.00024263344673714534,0.0,0.00039368142050349867,0.0008136696501220504,0.03109413565068569,0.0002528345551898543,0.0,0.00040632535036419623,,,,,,,,,,,,,,,,,,,,,,,,,,,,
2025,18097320902,1400000US18097320902,0.009764035801464606,0.21590576798062558,0.0027079083145471273,0.0,0.004841938092808287,0.0008136696501220504,0.017992147331718798,0.0002256590262122606,0.0,0.0004034948410673572,0.0008136696501220504,0.025692521624173372,0.0002330447753037404,0.0,0.00040631991749234787,,,,,,,,,,,,,,,,,,,,,,,,,,,,
2025,18097320903,1400000US18097320903,0.0024410089503661514,0.03239312596513573,0.0006404928419413787,0.0,0.0012196290468506061,0.0008136696501220504,0.010797708655045243,0.00021349761398045957,0.0,0.00040654301561686873,0.0008136696501220504,0.011784466625801043,0.0002302014607484538,0.0,0.00040666937779585197,,,,,,,,,,,,,,,,,,,,,,,,,,,,
2025,18097321001,1400000US18097321001,0.008136696501220505,0.140964044544191,0.0021763086641055276,0.0,0.004066445917195171,0.0008136696501220505,0.014096404454419101,0.00021763086641055275,0.0,0.0004066445917195171,0.0008136696501220504,0.016002500949612423,0.00022718007222601925,0.0,0.000406669272248398,,,,,,,,,,,,,,,,,,,,,,,,,,,,
2025,18097321002,1400000US18097321002,0.004882017900732303,0.36466629333458733,0.0016264054284911582,0.0,0.0022652281298519428,0.0008136696501220504,0.060777715555764555,0.00027106757141519305,0.0,0.00037753802164199046,0.0008136696501220504,0.1443468283717809,0.00033851604263012607,0.0,0.00040552322305858525,,,,,,,,,,,,,,,,,,,,,,,,,,,,
2025,18097321100,1400000US18097321100,0.008136696501220505,0.17105508480610188,0.002342156192738211,0.0,0.003953498760128439,0.0008136696501220505,0.01710550848061019,0.0002342156192738211,0.0,0.0003953498760128439,0.0008136696501220504,0.018600150414633733,0.000255567991068154,0.0,0.00040663078232002983,,,,,,,,,,,,,,,,,,,,,,,,,,,,
2025,18097321200,1400000US18097321200,0.014646053702196907,0.27506466250702755,0.0032534567376808223,0.0,0.006664580384579537,0.0008615325707174652,0.016180274265119268,0.0001913798080988719,0.0,0.0003920341402693845,0.0012205044751830757,0.034226062840112204,0.00025853412979196986,0.0,0.0005482606165930136,,,,,,,,,,,,,,,,,,,,,,,,,,,,
2025,18097321300,1400000US18097321300,0.0032546786004882017,0.03767916379795957,0.000865899587460005,0.0,0.001692209799216676,0.0008136696501220504,0.009419790949489892,0.00021647489686500124,0.0,0.000423052449804169,0.0008136696501220504,0.01024356109791423,0.00022494697224760947,0.0,0.0004491846250434202,,,,,,,,,,,,,,,,,,,,,,,,,,,,
2025,18097321400,1400000US18097321400,0.008136696501220505,0.07072308197884547,0.002018457021897926,0.0,0.004283836785376686,0.0009040773890245005,0.00785812021987172,0.0002242730024331029,0.0,0.00047598186504185395,0.0012205044751830757,0.013988141463053317,0.00024475948882071876,0.0,0.0005646319766405889,,,,,,,,,,,,,,,,,,,,,,,,,,,,
2025,18097321600,1400000US18097321600,0.0012205044751830757,0.03471386723353091,0.0002757077640824767,0.0,0.0005532659657013706,0.0012205044751830757,0.03471386723353091,0.0002757077640824767,0.0,0.0005532659657013706,0.0012205044751830757,0.03471386723353091,0.0002757077640824767,0.0,0.0005532659657013706,,,,,,,,,,,,,,,,,,,,,,,,,,,,
2025,18097321700,1400000US18097321700,0.004882017900732303,0.08149446310552902,0.0015005579351171053,0.0,0.0024883117162815232,0.0008136696501220504,0.01358241051758817,0.00025009298918618423,0.0,0.00041471861938025386,0.0008136696501220504,0.015527556753485694,0.0002582736154839291,0.0,0.0004532270135644122,,,,,,,,,,,,,,,,,,,,,,,,,,,,
2025,18097321800,1400000US18097321800,0.0052888527257933275,0.17608287000746997,0.0010725594105281907,0.0,0.0028180274751811204,0.000881475454298888,0.029347145001244995,0.00017875990175469846,0.0,0.0004696712458635201,0.0012205044751830757,0.056234275925081456,0.00027148460520407723,0.0,0.000545172404619165,,,,,,,,,,,,,,,,,,,,,,,,,,,,
2025,18097321900,1400000US18097321900,0.013018714401952807,0.7090249552956361,0.004449364125792837,0.0,0.00622685341206338,0.0008679142934635204,0.04726833035304241,0.0002966242750528558,0.0,0.0004151235608042253,0.0016273393002441008,0.09410430050516844,0.0003146960091279279,0.0,0.0007044069980336681,,,,,,,,,,,,,,,,,,,,,,,,,,,,
2025,18097322000,1400000US18097322000,0.010984540276647681,1.087068668706857,0.0040810877553571386,0.0,0.00487502194704414,0.0008449646366652063,0.08362066682360438,0.0003139298273351645,0.0,0.00037500168823416467,0.0012205044751830757,0.17555720254391258,0.00033590346043720364,0.0,0.000538995540624233,,,,,,,,,,,,,,,,,,,,,,,,,,,,
2025,18097322100,1400000US18097322100,0.008136696501220505,0.503355683583511,0.002570839844892389,0.0,0.0031101274306301395,0.0010170870626525631,0.06291946044793888,0.0003213549806115486,0.0,0.00038876592882876743,0.0016273393002441008,0.11154791626720023,0.00032825104204437346,0.0,0.00048583416328024955,,,,,,,,,,,,,,,,,,,,,,,,,,,,
2025,18097322200,1400000US18097322200,0.007323026851098454,0.18206545586529313,0.0015544244199786532,0.0,0.0033733400608667854,0.0008136696501220504,0.02022949509614368,0.00017271382444207257,0.0,0.0003748155623185317,0.0008136696501220504,0.03776890920910449,0.0003096684325171126,0.0,0.0003934736487545178,,,,,,,,,,,,,,,,,,,,,,,,,,,,
2025,18097322300,1400000US18097322300,0.0032546786004882017,0.07258516127515315,0.0006080845382914146,0.0,0.0015923687434354758,0.0008136696501220504,0.018146290318788286,0.00015202113457285366,0.0,0.00039809218585886894,0.0008136696501220504,0.03650353202834895,0.00029971632138725156,0.0,0.00040716884777566647,,,,,,,,,,,,,,,,,,,,,,,,,,,,
2025,18097322400,1400000US18097322400,0.006102522375915378,0.2037374824193376,0.0019448811706312091,0.0,0.0029727677938408865,0.000871788910845054,0.02910535463133394,0.0002778401672330299,0.0,0.0004246811134058409,0.0012205044751830757,0.037590191102531756,0.00029059262108398746,0.0,0.0005503479604039818,,,,,,,,,,,,,,,,,,,,,,,,,,,,
2025,18097322500,1400000US18097322500,0.005695687550854353,0.2493006094850413,0.0020169956271239935,0.0,0.0026867716444938772,0.0008136696501220504,0.035614372783577326,0.0002881422324462848,0.0,0.00038382452064198244,0.0008136696501220504,0.05919355634571257,0.0003121630050427365,0.0,0.0005048933153847757,,,,,,,,,,,,,,,,,,,,,,,,,,,,
2025,18097322601,1400000US18097322601,0.014646053702196907,0.3957343774268103,0.003948276066798855,0.0,0.006939400180459411,0.0008136696501220504,0.02198524319037835,0.00021934867037771418,0.0,0.0003855222322477451,0.0008136696501220504,0.03338131897936617,0.0003014267248545584,0.0,0.00040666937779585197,,,,,,,,,,,,,,,,,,,,,,,,,,,,
2025,18097322602,1400000US18097322602,0.005695687550854353,0.18747247890182525,0.0019166371554662205,0.0,0.002695924181973004,0.0008136696501220504,0.02678178270026075,0.0002738053079237458,0.0,0.00038513202599614344,0.0008136696501220504,0.03081827613967565,0.0002826311764489081,0.0,0.00040567690304906494,,,,,,,,,,,,,,,,,,,,,,,,,,,,
2025,18097322700,1400000US18097322700,0.009764035801464606,0.28569706519259,0.0027408084966041215,0.0,0.004869467981422555,0.0008136696501220504,0.02380808876604917,0.00022840070805034345,0.0,0.0004057889984518796,0.0008136696501220504,0.02968950405891008,0.00027981911305517796,0.0,0.00040644799170409395,,,,,,,,,,,,,,,,,,,,,,,,,,,,
2025,18097330105,1400000US18097330105,0.012205044751830756,0.13694321831018333,0.002973468624357796,0.0,0.005771966776409115,0.000871788910845054,0.009781658450727381,0.00021239061602555684,0.0,0.0004122833411720796,0.0016273393002441008,0.017977065576740107,0.0002323749121788814,0.0,0.000696333671250006,,,,,,,,,,,,,,,,,,,,,,,,,,,,
2025,18097330106,1400000US18097330106,0.013832384052074858,0.15945756018986287,0.0032894406990655145,0.0,0.006173245706766488,0.0009221589368049905,0.010630504012657525,0.00021929604660436765,0.0,0.00041154971378443253,0.0012205044751830757,0.01658021633611544,0.00022756405896442571,0.0,0.0005802287809748231,,,,,,,,,,,,,,,,,,,,,,,,,,,,
2025,18097330204,1400000US18097330204,0.0008136696501220504,0.00825094803939393,0.00019704705482539566,0.0,0.0003502170355689272,0.0008136696501220504,0.00825094803939393,0.00019704705482539566,0.0,0.0003502170355689272,0.0008136696501220504,0.00825094803939393,0.00019704705482539566,0.0,0.0003502170355689272,,,,,,,,,,,,,,,,,,,,,,,,,,,,
2025,18097330401,1400000US18097330401,0.0040683482506102524,0.08275371375452742,0.0011829701130512311,0.0,0.002010371839624064,0.0008136696501220505,0.016550742750905484,0.00023659402261024621,0.0,0.0004020743679248128,0.0008136696501220504,0.020084923665070125,0.00023946453086274067,0.0,0.00040387700709753564,,,,,,,,,,,,,,,,,,,,,,,,,,,,
2025,18097330500,1400000US18097330500,0.006509357200976403,0.13624529043568914,0.0019936583185098233,0.0,0.0029632300109830026,0.0008136696501220504,0.017030661304461143,0.0002492072898137279,0.0,0.0003704037513728753,0.0008136696501220504,0.02363168880662778,0.00025308027321431086,0.0,0.00039871606774554677,,,,,,,,,,,,,,,,,,,,,,,,,,,,
2025,18097330701,1400000US18097330701,0.0008136696501220504,0.00029175537719069045,7.020490513247571e-06,0.0,0.000409004441850997,0.0008136696501220504,0.00029175537719069045,7.020490513247571e-06,0.0,0.000409004441850997,0.0008136696501220504,0.00029175537719069045,7.020490513247571e-06,0.0,0.000409004441850997,,,,,,,,,,,,,,,,,,,,,,,,,,,,
2025,18097330702,1400000US18097330702,0.0008136696501220504,0.0003000344741597793,7.112343433393702e-06,0.0,0.0004043340108511411,0.0008136696501220504,0.0003000344741597793,7.112343433393702e-06,0.0,0.0004043340108511411,0.0008136696501220504,0.0003000344741597793,7.112343433393702e-06,0.0,0.0004043340108511411,,,,,,,,,,,,,,,,,,,,,,,,,,,,
2025,18097330803,1400000US18097330803,0.012205044751830756,0.13219730876362284,0.00259219422328273,0.0,0.005977404192868951,0.000871788910845054,0.009442664911687345,0.0001851567302344807,0.0,0.0004269574423477822,0.0012205044751830757,0.01571240139181555,0.00020286413082042632,0.0,0.000558700383514941,,,,,,,,,,,,,,,,,,,,,,,,,,,,
2025,18097330804,1400000US18097330804,0.004882017900732303,0.04257028870535787,0.000996603724882658,0.0,0.0023744490075300884,0.0008136696501220504,0.007095048117559645,0.00016610062081377633,0.0,0.0003957415012550147,0.0008136696501220504,0.008739580342509554,0.00019903742251208397,0.0,0.00040537795963102433,,,,,,,,,,,,,,,,,,,,,,,,,,,,
2025,18097330805,1400000US18097330805,0.007323026851098454,0.04272494223674045,0.0014482533259734115,0.0,0.003472831982107886,0.0008136696501220504,0.004747215804082272,0.00016091703621926793,0.0,0.0003858702202342095,0.0008136696501220504,0.010414607241295606,0.0002076814763157831,0.0,0.00040683729705897085,,,,,,,,,,,,,,,,,,,,,,,,,,,,
2025,18097330806,1400000US18097330806,0.008136696501220505,0.03491096493537502,0.0014217460351010746,0.0,0.0039308084370986976,0.0008136696501220505,0.0034910964935375025,0.00014217460351010746,0.0,0.00039308084370986973,0.0008136696501220504,0.009451748263790574,0.0002019724345777125,0.0,0.00040795679296179313,,,,,,,,,,,,,,,,,,,,,,,,,,,,
2025,18097330900,1400000US18097330900,0.009764035801464606,0.18956880144837834,0.002504156350528565,0.0,0.004638828942888397,0.0008876396183149642,0.01723352740439803,0.00022765057732077864,0.0,0.00042171172208076336,0.0012205044751830757,0.0312958144528527,0.00025572835826268063,0.0,0.0006285260888302494,,,,,,,,,,,,,,,,,,,,,,,,,,,,
2025,18097331000,1400000US18097331000,0.01871440195280716,0.5858338689909072,0.0052996162476159564,0.0,0.009141688702394577,0.0008506546342185073,0.02662881222685942,0.00024089164761890712,0.0,0.00041553130465429893,0.0012205044751830757,0.048211334216216234,0.00027139280424070183,0.0,0.0005958981429912163,,,,,,,,,,,,,,,,,,,,,,,,,,,,
2025,18097340101,1400000US18097340101,0.007323026851098454,0.05759767761395101,0.0017777002346251317,0.0,0.0036567199101167403,0.0008136696501220504,0.006399741957105668,0.0001975222482916813,0.0,0.0004063022122351934,0.0008136696501220504,0.009466485056395553,0.00020890937167377416,0.0,0.0004098514012127265,,,,,,,,,,,,,,,,,,,,,,,,,,,,
2025,18097340102,1400000US18097340102,0.009764035801464606,0.06470644143548944,0.0023360408558221754,0.0,0.00487172797035067,0.0008136696501220504,0.005392203452957454,0.00019467007131851463,0.0,0.0004059773308625558,0.0008136696501220504,0.011697039361807465,0.0002183409254170178,0.0,0.00040764086327181283,,,,,,,,,,,,,,,,,,,,,,,,,,,,
2025,18097340108,1400000US18097340108,0.008950366151342554,0.05890097305882497,0.002859798416293674,0.0,0.0044331116232938644,0.0008136696501220504,0.0053546339144386335,0.00025998167420851584,0.0,0.00040301014757216947,0.0008136696501220504,0.006670799591873636,0.00028051113915189953,0.0,0.00040552979750622416,,,,,,,,,,,,,,,,,,,,,,,,,,,,
2025,18097340115,1400000US18097340115,0.011391375101708706,0.10478339729763651,0.003999047365934013,0.0,0.005332597715734306,0.0008136696501220504,0.007484528378402608,0.00028564624042385804,0.0,0.0003808998368381647,0.0008136696501220504,0.030647892324051802,0.0003024359065307659,0.0,0.0004040661226984451,,,,,,,,,,,,,,,,,,,,,,,,,,,,
2025,18097340201,1400000US18097340201,0.01790073230268511,0.2661444874626323,0.005828404103631323,0.0,0.00880910311788863,0.0008136696501220504,0.012097476702846922,0.0002649274592559692,0.0,0.0004004137780858468,0.0008136696501220504,0.03309535897005384,0.0003160730912236081,0.0,0.0004065633481845734,,,,,,,,,,,,,,,,,,,,,,,,,,,,
2025,18097340202,1400000US18097340202,0.02441008950366151,0.6807363296378757,0.00737493744225282,0.0,0.011477766915315548,0.000871788910845054,0.024312011772781274,0.0002633906229376007,0.0,0.0004099202469755553,0.0016273393002441008,0.046194546194546195,0.00028815895091045894,0.0,0.0006993532826523026,,,,,,,,,,,,,,,,,,,,,,,,,,,,
2025,18097340301,1400000US18097340301,0.011391375101708706,0.18603395820645616,0.003850991029357067,0.0,0.005529004204054714,0.0008136696501220504,0.013288139871889726,0.0002750707878112191,0.0,0.00039492887171819384,0.0008136696501220504,0.035712381521982826,0.0003318720126615583,0.0,0.0004066672063118645,,,,,,,,,,,,,,,,,,,,,,,,,,,,
2025,18097340302,1400000US18097340302,0.010577705451586655,0.08223461437456556,0.003594905376127776,0.0,0.005266970762769657,0.0008136696501220504,0.006325739567274274,0.0002765311827790597,0.0,0.0004051515971361274,0.0008136696501220504,0.009558051868873676,0.0003052628490550611,0.0,0.0004136413564890125,,,,,,,,,,,,,,,,,,,,,,,,,,,,
2025,18097340400,1400000US18097340400,0.012205044751830756,0.6493070561418812,0.004022895941292428,0.0,0.005691203790322059,0.000871788910845054,0.0463790754387058,0.0002873497100923163,0.0,0.00040651455645157564,0.0016273393002441008,0.16669939669668446,0.0003430999380873853,0.0,0.0005399106562946498,,,,,,,,,,,,,,,,,,,,,,,,,,,,
2025,18097340500,1400000US18097340500,0.008136696501220505,0.2992960890980962,0.0031058365667492463,0.0,0.0036170837052796694,0.0008136696501220505,0.02992960890980962,0.00031058365667492463,0.0,0.00036170837052796695,0.0008136696501220504,0.16685934885012726,0.0003446512032467768,0.0,0.0004061530792365693,,,,,,,,,,,,,,,,,,,,,,,,,,,,
2025,18097340600,1400000US18097340600,0.01871440195280716,1.0438362178259113,0.005983733921477304,0.0,0.008012698140709163,0.0009849685238319558,0.05493874830662691,0.00031493336428827916,0.0,0.0004217209547741665,0.0016273393002441008,0.1711558690132056,0.00035773359473733837,0.0,0.0006576044856205592,,,,,,,,,,,,,,,,,,,,,,,,,,,,
2025,18097340700,1400000US18097340700,0.014239218877135883,0.572971408745751,0.00506447663077379,0.0,0.006036584570452636,0.0008899511798209927,0.03581071304660944,0.0003165297894233619,0.0,0.00037728653565328974,0.0016273393002441008,0.1670335410503569,0.00034635423539619006,0.0,0.00042478831993148506,,,,,,,,,,,,,,,,,,,,,,,,,,,,
2025,18097340800,1400000US18097340800,0.0008136696501220504,0.03442614101686518,0.0002827429088712111,0.0,0.00040436790205881706,0.0008136696501220504,0.03442614101686518,0.0002827429088712111,0.0,0.00040436790205881706,0.0008136696501220504,0.03442614101686518,0.0002827429088712111,0.0,0.00040436790205881706,,,,,,,,,,,,,,,,,,,,,,,,,,,,
2025,18097340901,1400000US18097340901,0.0032546786004882017,0.025571150062606532,0.0007915481298847241,0.0,0.0016125013371533852,0.0008136696501220504,0.006392787515651633,0.00019788703247118102,0.0,0.0004031253342883463,0.0008136696501220504,0.007462281262118528,0.00020193689826290004,0.0,0.00040578179813022984,,,,,,,,,,,,,,,,,,,,,,,,,,,,
2025,18097340903,1400000US18097340903,0.0016273393002441008,0.01709103661910822,0.0004125074451753793,0.0,0.0007755099915126296,0.0008136696501220504,0.00854551830955411,0.00020625372258768965,0.0,0.0003877549957563148,0.0008136696501220504,0.008907149265163911,0.00020772243290497226,0.0,0.0003937030483607774,,,,,,,,,,,,,,,,,,,,,,,,,,,,
2025,18097340904,1400000US18097340904,0.015459723352318959,0.36747649481579503,0.004665276114694685,0.0,0.0073541285383399374,0.0008136696501220504,0.019340868148199738,0.0002455408481418255,0.0,0.00038705939675473354,0.0008136696501220504,0.04493546112748716,0.00029639856659245076,0.0,0.0004061553824718342,,,,,,,,,,,,,,,,,,,,,,,,,,,,
2025,18097341000,1400000US18097341000,0.018307567127746133,0.6020589120670488,0.005934548716727489,0.0,0.009186014007840868,0.0008321621421702788,0.02736631418486585,0.00026975221439670406,0.0,0.000417546091265494,0.0012205044751830757,0.049491779353455514,0.0003314051746067444,0.0,0.0005530891632716372,,,,,,,,,,,,,,,,,,,,,,,,,,,,
2025,18097341100,1400000US18097341100,0.007323026851098454,0.20725990701580613,0.002310418452188128,0.0,0.003294196761323061,0.0009153783563873067,0.025907488376975766,0.000288802306523516,0.0,0.00041177459516538264,0.0012205044751830757,0.09047711773505102,0.00034377014823556073,0.0,0.0004294438195266031,,,,,,,,,,,,,,,,,,,,,,,,,,,,
2025,18097341200,1400000US18097341200,0.006509357200976403,0.2590080714572171,0.0023674385438167706,0.0,0.0029104301063606255,0.0008136696501220504,0.03237600893215214,0.0002959298179770963,0.0,0.0003638037632950782,0.0008136696501220504,0.0915302188695191,0.0003542956718242869,0.0,0.00040498563645980203,,,,,,,,,,,,,,,,,,,,,,,,,,,,
2025,18097341600,1400000US18097341600,0.008136696501220505,0.11874625991794421,0.002531479806702898,0.0,0.003840554730510034,0.0008136696501220505,0.01187462599179442,0.00025314798067028983,0.0,0.0003840554730510034,0.0008136696501220504,0.02838653977791488,0.0003138906847377744,0.0,0.0004066511967164704,,,,,,,,,,,,,,,,,,,,,,,,,,,,
2025,18097341701,1400000US18097341701,0.009764035801464606,0.17542297078505378,0.0029910121747027717,0.0,0.004862321441728684,0.0008136696501220504,0.014618580898754481,0.0002492510145585643,0.0,0.00040519345347739033,0.0008136696501220504,0.029242598404518663,0.00029337683194871725,0.0,0.0004078121877875054,,,,,,,,,,,,,,,,,,,,,,,,,,,,
2025,18097341702,1400000US18097341702,0.01586655817737998,0.20624820136618346,0.00456511634070257,0.0,0.007908187161619784,0.0008350820093357886,0.010855168492957024,0.00024026928108960893,0.0,0.0004162203769273571,0.0012205044751830757,0.02294088095552701,0.0002764043803773661,0.0,0.0005216072963768035,,,,,,,,,,,,,,,,,,,,,,,,,,,,
2025,18097341902,1400000US18097341902,0.0032546786004882017,0.05426616899358966,0.0009080285956255757,0.0,0.0015167217922784182,0.0008136696501220504,0.013566542248397415,0.00022700714890639393,0.0,0.00037918044806960454,0.0008136696501220504,0.014691257571648133,0.00023244270885265826,0.0,0.000397939031327179,,,,,,,,,,,,,,,,,,,,,,,,,,,,
2025,18097341903,1400000US18097341903,0.005695687550854353,0.11175207879845797,0.001679410066267643,0.0,0.0026738447585193293,0.0008136696501220504,0.015964582685493996,0.00023991572375252042,0.0,0.0003819778226456185,0.0008136696501220504,0.01739918460829771,0.0002464272214846215,0.0,0.0004044947869436772,,,,,,,,,,,,,,,,,,,,,,,,,,,,
2025,18097341904,1400000US18097341904,0.006509357200976403,0.09637166919510289,0.001680745928029292,0.0,0.0031159286086814915,0.0009299081715680576,0.013767381313586126,0.00024010656114704172,0.0,0.0004451326583830702,0.0012205044751830757,0.021648845082531006,0.0002522591187241285,0.0,0.0005764063140232846,,,,,,,,,,,,,,,,,,,,,,,,,,,,
2025,18097342000,1400000US18097342000,0.012205044751830756,0.09187446372149383,0.0022783659667439883,0.0,0.006012396226947259,0.0008136696501220504,0.006124964248099589,0.00015189106444959922,0.0,0.0004008264151298173,0.0008136696501220504,0.011990616140331355,0.00016801175930151522,0.0,0.000406518525316009,,,,,,,,,,,,,,,,,,,,,,,,,,,,
2025,18097342101,1400000US18097342101,0.008136696501220505,0.10548397448316081,0.0016638127105126418,0.0,0.004066217126278429,0.0008136696501220505,0.010548397448316081,0.00016638127105126418,0.0,0.00040662171262784293,0.0008136696501220504,0.015741047067328595,0.00018298031896730153,0.0,0.0004066676164336512,,,,,,,,,,,,,,,,,,,,,,,,,,,,
2025,18097342200,1400000US18097342200,0.006509357200976403,0.104755413949881,0.0014140488095090037,0.0,0.0032533527936096196,0.0008136696501220504,0.013094426743735125,0.00017675610118862546,0.0,0.00040666909920120245,0.0008136696501220504,0.01799130562352694,0.00019331360246810483,0.0,0.00040666937779585197,,,,,,,,,,,,,,,,,,,,,,,,,,,,
2025,18097342300,1400000US18097342300,0.013018714401952807,0.14680511303782257,0.003905090967128928,0.0,0.006497208487950618,0.0008136696501220504,0.00917531956486391,0.000244068185445558,0.0,0.00040607553049691364,0.0008136696501220504,0.01693820448905884,0.00026349478311454865,0.0,0.00040666937779585197,,,,,,,,,,,,,,,,,,,,,,,,,,,,
2025,18097342400,1400000US18097342400,0.01790073230268511,0.4624635678337875,0.0060876377569056535,0.0,0.00894656731569557,0.0008136696501220504,0.02102107126517216,0.00027671080713207515,0.0,0.00040666215071343497,0.0008136696501220504,0.02819082192556562,0.00030125119928344884,0.0,0.00040666937779585197,,,,,,,,,,,,,,,,,,,,,,,,,,,,
2025,18097342500,1400000US18097342500,0.02115541090317331,0.5277874643212316,0.00550836721679909,0.0,0.010572894325624712,0.0008136696501220504,0.020299517858508906,0.00021186027756919579,0.0,0.0004066497817547966,0.0008136696501220504,0.027742426033719767,0.0002559410480033913,0.0,0.00040680358503396703,,,,,,,,,,,,,,,,,,,,,,,,,,,,
2025,18097342600,1400000US18097342600,0.008136696501220505,0.24609864113525626,0.00266667500817069,0.0,0.004041817207196349,0.0008136696501220505,0.024609864113525625,0.000266667500817069,0.0,0.0004041817207196349,0.0008136696501220504,0.029690994296364515,0.00030940092617745123,0.0,0.00040661230617673895,,,,,,,,,,,,,,,,,,,,,,,,,,,,
2025,18097350100,1400000US18097350100,0.006509357200976403,0.12102731671486756,0.00217210398598,0.0,0.0035536289835090018,0.0008136696501220504,0.015128414589358445,0.0002715129982475,0.0,0.0004442036229386252,0.0008136696501220504,0.03766873213577852,0.000301120266008554,0.0,0.0005122709141265093,,,,,,,,,,,,,,,,,,,,,,,,,,,,
2025,18097350300,1400000US18097350300,0.006102522375915378,0.07145953525123583,0.001015136909930429,0.0,0.0031027075532768155,0.000871788910845054,0.010208505035890833,0.00014501955856148987,0.0,0.00044324393618240223,0.0012205044751830757,0.024582294720618562,0.0003294062440611094,0.0,0.0005399408688110083,,,,,,,,,,,,,,,,,,,,,,,,,,,,
2025,18097350400,1400000US18097350400,0.02441008950366151,0.6907091642649006,0.0063489710020566215,0.0,0.01057233647772797,0.001017087062652563,0.028779548511037523,0.0002645404584190259,0.0,0.0004405140199053321,0.0016273393002441008,0.08987191574661062,0.00032677935444162034,0.0,0.0005897367789226244,,,,,,,,,,,,,,,,,,,,,,,,,,,,
2025,18097350500,1400000US18097350500,0.013832384052074858,0.45249316174187343,0.0037238218337348177,0.0,0.006485059870359179,0.0008645240032546786,0.02828082260886709,0.0002327388646084261,0.0,0.0004053162418974487,0.0012205044751830757,0.06935912835017799,0.0003049542969300837,0.0,0.0005721749268597443,,,,,,,,,,,,,,,,,,,,,,,,,,,,
2025,18097350600,1400000US18097350600,0.01627339300244101,0.3578737358232883,0.004217344645304426,0.0,0.008114716715799195,0.0008136696501220505,0.017893686791164414,0.0002108672322652213,0.0,0.00040573583578995976,0.0008136696501220504,0.03192651605995788,0.000277033934163417,0.0,0.00040666937779585197,,,,,,,,,,,,,,,,,,,,,,,,,,,,
2025,18097350700,1400000US18097350700,0.01627339300244101,0.40481290399923436,0.004869665798642477,0.0,0.008099648950407108,0.0008136696501220505,0.02024064519996172,0.00024348328993212387,0.0,0.00040498244752035543,0.0008136696501220504,0.03699762853546417,0.0002882324837882931,0.0,0.00040666937779585197,,,,,,,,,,,,,,,,,,,,,,,,,,,,
2025,18097350800,1400000US18097350800,0.008136696501220505,0.19311954055648117,0.00243540740651825,0.0,0.003991946027327178,0.0008136696501220505,0.019311954055648117,0.00024354074065182502,0.0,0.00039919460273271786,0.0008136696501220504,0.0383202970672458,0.00029754394317874175,0.0,0.0004066650973881607,,,,,,,,,,,,,,,,,,,,,,,,,,,,
2025,18097350900,1400000US18097350900,0.009764035801464606,0.09501207589083911,0.003262952073051191,0.0,0.004958492002125726,0.0008136696501220504,0.00791767299090326,0.0002719126727542659,0.0,0.0004132076668438105,0.0008136696501220504,0.013495590387372323,0.00030601098093954596,0.0,0.0004349921561707606,,,,,,,,,,,,,,,,,,,,,,,,,,,,
2025,18097351000,1400000US18097351000,0.006509357200976403,0.12656636375106675,0.0015739225914204373,0.0,0.0033123769404935213,0.0008136696501220504,0.015820795468883344,0.00019674032392755466,0.0,0.00041404711756169016,0.0008136696501220504,0.03594585205651113,0.0003125285705766035,0.0,0.0004350613098392848,,,,,,,,,,,,,,,,,,,,,,,,,,,,
2025,18097351200,1400000US18097351200,0.019121236777868186,0.48380476167294717,0.005311279360800415,0.0,0.008350882492454172,0.0009560618388934093,0.02419023808364736,0.0002655639680400208,0.0,0.0004175441246227086,0.0016273393002441008,0.055489653943681605,0.0002763499917297958,0.0,0.0005890636899261636,,,,,,,,,,,,,,,,,,,,,,,,,,,,
2025,18097351500,1400000US18097351500,0.006509357200976403,0.1141179135483448,0.0015562844523578244,0.0,0.0032080243671915674,0.0008136696501220504,0.0142647391935431,0.00019453555654472805,0.0,0.0004010030458989459,0.0008136696501220504,0.03611159957783229,0.0003160132761190494,0.0,0.00042200166828007903,,,,,,,,,,,,,,,,,,,,,,,,,,,,
2025,18097351600,1400000US18097351600,0.0016273393002441008,0.0006315295168020962,1.4539217670024923e-05,0.0,0.0008330081172931153,0.0008136696501220504,0.0003157647584010481,7.269608835012461e-06,0.0,0.00041650405864655766,0.0008136696501220504,0.0003255340928245729,7.361437194504446e-06,0.0,0.0004167370997317191,,,,,,,,,,,,,,,,,,,,,,,,,,,,
2025,18097351700,1400000US18097351700,0.01708706265256306,0.24164912326018917,0.005814327190283476,0.0,0.00843846731459728,0.0008136696501220504,0.011507101107628056,0.0002768727233468322,0.0,0.0004018317768855848,0.0008136696501220504,0.03663699107149066,0.0003275776285302424,0.0,0.00040805627742511805,,,,,,,,,,,,,,,,,,,,,,,,,,,,
2025,18097351900,1400000US18097351900,0.012205044751830756,0.21655644980841618,0.003691031795185844,0.0,0.006093152290075632,0.0008136696501220504,0.014437096653894413,0.0002460687863457229,0.0,0.00040621015267170883,0.0008136696501220504,0.022454180441704177,0.0002752579203466034,0.0,0.0004066692250511114,,,,,,,,,,,,,,,,,,,,,,,,,,,,
2025,18097352100,1400000US18097352100,0.013018714401952807,0.2165890142564946,0.003894513220100755,0.0,0.006506093669002072,0.0008136696501220504,0.013536813391030912,0.00024340707625629718,0.0,0.0004066308543126295,0.0008136696501220504,0.051565858726151645,0.0003027159007276928,0.0,0.0004066692838030667,,,,,,,,,,,,,,,,,,,,,,,,,,,,
2025,18097352300,1400000US18097352300,0.011391375101708706,0.09313073389558336,0.002941960110701774,0.0,0.0056931104917531715,0.0008136696501220504,0.006652195278255954,0.00021014000790726958,0.0,0.00040665074941094085,0.0008136696501220504,0.00885565328201618,0.00023340449354164344,0.0,0.00040666937779585197,,,,,,,,,,,,,,,,,,,,,,,,,,,,
2025,18097352400,1400000US18097352400,0.013018714401952807,0.506538665204247,0.004576248409342959,0.0,0.006451563113387358,0.0008136696501220504,0.031658666575265434,0.0002860155255839349,0.0,0.0004032226945867099,0.0008136696501220504,0.050892271396746576,0.0002990815914687673,0.0,0.00040666937779585197,,,,,,,,,,,,,,,,,,,,,,,,,,,,
2025,18097352500,1400000US18097352500,0.008136696501220505,0.03524146648638105,0.0023398153422215097,0.0,0.004002301674033297,0.0008136696501220505,0.003524146648638105,0.00023398153422215097,0.0,0.0004002301674033297,0.0008136696501220504,0.00624343260632927,0.00025935745963074003,0.0,0.0004061638511024049,,,,,,,,,,,,,,,,,,,,,,,,,,,,
2025,18097352600,1400000US18097352600,0.01790073230268511,0.4737746356948961,0.005946737528824709,0.0,0.008867606767390533,0.0008136696501220504,0.021535210713404366,0.00027030625131021406,0.0,0.00040307303488138787,0.0008136696501220504,0.053598542614002334,0.00031423947115762855,0.0,0.00040666692133570513,,,,,,,,,,,,,,,,,,,,,,,,,,,,
2025,18097352700,1400000US18097352700,0.023596419853539462,0.7292362731744343,0.008198639236941122,0.0,0.011358986985330267,0.0008136696501220504,0.02514607838532532,0.0002827116978255559,0.0,0.0003916892063906989,0.0008136696501220504,0.05772517570727497,0.0003405709248800844,0.0,0.00040661240086693827,,,,,,,,,,,,,,,,,,,,,,,,,,,,
2025,18097352800,1400000US18097352800,0.013018714401952807,0.25829082568979506,0.0040828512881095035,0.0,0.0063248674209147975,0.0008679142934635204,0.01721938837931967,0.0002721900858739669,0.0,0.0004216578280609865,0.0012205044751830757,0.03128786651976237,0.00031802879727367317,0.0,0.0005563338965025067,,,,,,,,,,,,,,,,,,,,,,,,,,,,
2025,18097353300,1400000US18097353300,0.01586655817737998,0.6789646028864905,0.004193315186706505,0.0,0.006957797471982827,0.0008814754542988878,0.03772025571591614,0.00023296195481702805,0.0,0.00038654430399904594,0.0012205044751830757,0.16659839171366156,0.00036176457924993544,0.0,0.0005238800184638255,,,,,,,,,,,,,,,,,,,,,,,,,,,,
2025,18097353500,1400000US18097353500,0.018714401952807158,0.7124651960561914,0.007462844217094174,0.0,0.008564605234541509,0.0008136696501220503,0.03097674765461702,0.0003244714876997467,0.0,0.0003723741406322395,0.0008136696501220504,0.12097493762804312,0.0003600962037701341,0.0,0.00041151413057219,,,,,,,,,,,,,,,,,,,,,,,,,,,,
2025,18097353600,1400000US18097353600,0.02644426362896664,1.2581595192118653,0.00939691709486665,0.0,0.0116756703112477,0.0009444379867488085,0.044934268543280906,0.0003356041819595232,0.0,0.00041698822540170357,0.0016273393002441008,0.21066272625806123,0.0003631925751787833,0.0,0.0006640419511673257,,,,,,,,,,,,,,,,,,,,,,,,,,,,
2025,18097354201,1400000US18097354201,0.024003254678600486,0.894600969051742,0.00605896751650136,0.0,0.008933837251914626,0.0014119561575647345,0.052623586414808354,0.0003564098539118447,0.0,0.0005255198383479192,0.0052888527257933275,0.12424887892747942,0.00037094558547533647,0.0,0.0018048851724067766,,,,,,,,,,,,,,,,,,,,,,,,,,,,
2025,18097354202,1400000US18097354202,0.019121236777868186,0.4214472656295276,0.006575519652509534,0.0,0.008986750778594194,0.0009105350846603898,0.020068917410929886,0.00031311998345283495,0.0,0.0004279405132663902,0.0012205044751830757,0.059112752359294266,0.00035044581963623037,0.0,0.0008205045094103078,,,,,,,,,,,,,,,,,,,,,,,,,,,,
2025,18097354400,1400000US18097354400,0.005695687550854353,0.2277067928003648,0.0021710310225643626,0.0,0.0027396109454512364,0.0008136696501220504,0.03252954182862354,0.0003101472889377661,0.0,0.00039137299220731947,0.0008136696501220504,0.06349554071279051,0.000351761532127393,0.0,0.00041431044306823356,,,,,,,,,,,,,,,,,,,,,,,,,,,,
2025,18097354500,1400000US18097354500,0.005695687550854353,0.2023061921353215,0.0021453993776637346,0.0,0.002812699411525483,0.0008136696501220504,0.028900884590760213,0.0003064856253805335,0.0,0.0004018142016464976,0.0008136696501220504,0.06231361682948339,0.0003408748341231701,0.0,0.0004081007458674841,,,,,,,,,,,,,,,,,,,,,,,,,,,,
2025,18097354700,1400000US18097354700,0.0016273393002441008,0.12290551265327507,0.0006667688910096258,0.0,0.0008011834019712879,0.0008136696501220504,0.061452756326637534,0.0003333844455048129,0.0,0.00040059170098564393,0.0008136696501220504,0.06173606702491975,0.00033579973829632426,0.0,0.0004022396890888495,,,,,,,,,,,,,,,,,,,,,,,,,,,,
2025,18097354800,1400000US18097354800,0.006509357200976403,0.24001654053186466,0.0021904794998793943,0.0,0.003003416398103232,0.0008136696501220504,0.030002067566483083,0.0002738099374849243,0.0,0.000375427049762904,0.0008136696501220504,0.06062269406451668,0.0003263999020509646,0.0,0.00040555679492665635,,,,,,,,,,,,,,,,,,,,,,,,,,,,
2025,18097354900,1400000US18097354900,0.004882017900732303,0.18091582046016547,0.0015689412400977025,0.0,0.0024383207530288995,0.0008136696501220504,0.03015263674336091,0.0002614902066829504,0.0,0.00040638679217148326,0.0008136696501220504,0.05958283948519913,0.00031809341740948505,0.0,0.0004065885390156746,,,,,,,,,,,,,,,,,,,,,,,,,,,,
2025,18097355000,1400000US18097355000,0.009357200976403579,0.32177808730561647,0.003094916354668585,0.0,0.00462869779064735,0.0008506546342185072,0.02925255339141968,0.00028135603224259864,0.0,0.0004207907082406682,0.0012205044751830757,0.04700319319250699,0.00031764884249555625,0.0,0.0005765448065584445,,,,,,,,,,,,,,,,,,,,,,,,,,,,
2025,18097355100,1400000US18097355100,0.006916192026037429,0.15932796472530672,0.001978272678365137,0.0,0.003288007690968086,0.0008645240032546786,0.01991599559066334,0.00024728408479564215,0.0,0.00041100096137101076,0.0012205044751830757,0.04387535035758523,0.0002975171066422022,0.0,0.0005795364561425752,,,,,,,,,,,,,,,,,,,,,,,,,,,,
2025,18097355300,1400000US18097355300,0.004882017900732303,0.1804564961603204,0.0015720271027282909,0.0,0.0024354677898538453,0.0008136696501220504,0.03007608269338673,0.00026200451712138183,0.0,0.0004059112983089742,0.0008136696501220504,0.05814095195706261,0.0003072175955005408,0.0,0.00040662791479340683,,,,,,,,,,,,,,,,,,,,,,,,,,,,
2025,18097355400,1400000US18097355400,0.005695687550854353,0.07609765095525876,0.0016494601399932815,0.0,0.0028405807521535314,0.0008136696501220504,0.010871092993608394,0.00023563716285618307,0.0,0.00040579725030764734,0.0008136696501220504,0.01926032560694888,0.00028892995580256285,0.0,0.0004066439726709623,,,,,,,,,,,,,,,,,,,,,,,,,,,,
2025,18097355500,1400000US18097355500,0.0032546786004882017,0.10743938679930001,0.0009154534537727251,0.0,0.0013904561702628919,0.0008136696501220504,0.026859846699825003,0.00022886336344318128,0.0,0.00034761404256572297,0.0008136696501220504,0.03888785676146674,0.00023493304143957456,0.0,0.00038033815287747704,,,,,,,,,,,,,,,,,,,,,,,,,,,,
2025,18097355600,1400000US18097355600,0.01790073230268511,0.4111722991571107,0.004350234164024882,0.0,0.008431839466993237,0.0009421438054044794,0.021640647324058456,0.00022895969284341484,0.0,0.00044378102457859147,0.0016273393002441008,0.04104224337476304,0.00026387409804297433,0.0,0.0006776599417031449,,,,,,,,,,,,,,,,,,,,,,,,,,,,
2025,18097355700,1400000US18097355700,0.010577705451586655,0.25714670968264675,0.003209159805864625,0.0,0.00508677619867422,0.0008136696501220504,0.019780516129434364,0.0002468584466049712,0.0,0.0003912904768210938,0.0008136696501220504,0.025134179324578024,0.0002989963010197193,0.0,0.0004157120625777551,,,,,,,,,,,,,,,,,,,,,,,,,,,,
2025,18097355900,1400000US18097355900,0.008950366151342554,0.08842495037233307,0.0019244724164230104,0.0,0.004321808536504374,0.0008136696501220504,0.008038631852030279,0.00017495203785663731,0.0,0.00039289168513676127,0.0008136696501220504,0.018419942070606567,0.00022333801289235874,0.0,0.00040378963518068495,,,,,,,,,,,,,,,,,,,,,,,,,,,,
2025,18097356200,1400000US18097356200,0.044751830756712775,1.4319384821147771,0.009860656529299256,0.0,0.015199485745607557,0.001091508067236897,0.03492532883206773,0.00024050381778778675,0.0,0.0003707191645270136,0.0028478437754271765,0.315594981719202,0.00037273984341023333,0.0,0.0008681580481778991,,,,,,,,,,,,,,,,,,,,,,,,,,,,
2025,18097356400,1400000US18097356400,0.01790073230268511,0.5802420013160452,0.006325030593086709,0.0,0.008600395236222188,0.0008524158239373861,0.027630571491240246,0.000301191933004129,0.0,0.00040954263029629464,0.0016273393002441008,0.06954242755707361,0.0003417541578385218,0.0,0.0006357100791582684,,,,,,,,,,,,,,,,,,,,,,,,,,,,
2025,18097356900,1400000US18097356900,0.006509357200976403,0.5216006607381709,0.002139285192542406,0.0,0.0032318460915447943,0.0008136696501220504,0.06520008259227136,0.00026741064906780074,0.0,0.0004039807614430993,0.0008136696501220504,0.1202872758337906,0.0003350097274053604,0.0,0.0004293752518275712,,,,,,,,,,,,,,,,,,,,,,,,,,,,
2025,18097357000,1400000US18097357000,0.004882017900732303,0.04567561239652371,0.0008586442298435798,0.0,0.002390476026539306,0.0008136696501220504,0.0076126020660872845,0.00014310737164059664,0.0,0.0003984126710898843,0.0008136696501220504,0.011571197087877315,0.00021209854697271875,0.0,0.0004094959176352137,,,,,,,,,,,,,,,,,,,,,,,,,,,,
2025,18097357100,1400000US18097357100,0.0032546786004882017,0.018545342792698365,0.00084659614085556,0.0,0.0016201772481550403,0.0008136696501220504,0.004636335698174591,0.00021164903521389,0.0,0.0004050443120387601,0.0008136696501220504,0.013205987575393596,0.00021707029579028274,0.0,0.00040664347538009617,,,,,,,,,,,,,,,,,,,,,,,,,,,,
2025,18097357200,1400000US18097357200,0.006509357200976403,0.06371973865871343,0.0017161475367971635,0.0,0.0032476932890571786,0.0008136696501220504,0.007964967332339179,0.00021451844209964543,0.0,0.00040596166113214733,0.0008136696501220504,0.013546975982560468,0.000218422586776709,0.0,0.00040790375883057676,,,,,,,,,,,,,,,,,,,,,,,,,,,,
2025,18097357300,1400000US18097357300,0.009764035801464606,0.1626156493257117,0.0026504053427177186,0.0,0.0048817330777369055,0.0008136696501220504,0.013551304110475976,0.0002208671118931432,0.0,0.0004068110898114088,0.0008136696501220504,0.01627201315294616,0.00022680726366124183,0.0,0.00040770640946870116,,,,,,,,,,,,,,,,,,,,,,,,,,,,
2025,18097357400,1400000US18097357400,0.01790073230268511,0.307169951867538,0.004835126289902816,0.0,0.008869780195899743,0.0008136696501220504,0.013962270539433545,0.00021977846772285525,0.0,0.00040317182708635195,0.0008136696501220504,0.017950572466439024,0.000233013495030821,0.0,0.00041689431066086873,,,,,,,,,,,,,,,,,,,,,,,,,,,,
2025,18097357500,1400000US18097357500,0.010577705451586655,0.2161793093444843,0.002854271799150414,0.0,0.005184740239205824,0.000881475454298888,0.018014942445373692,0.0002378559832625345,0.0,0.0004320616866004853,0.0012205044751830757,0.040123760357012324,0.0002421567820423686,0.0,0.0005099840015064194,,,,,,,,,,,,,,,,,,,,,,,,,,,,
2025,18097357601,1400000US18097357601,0.0040683482506102524,0.3385774789354936,0.0012571108209351281,0.0,0.0019238907407084437,0.0008136696501220505,0.06771549578709872,0.00025142216418702564,0.0,0.00038477814814168876,0.0008136696501220504,0.08240974487245169,0.0002641447532919265,0.0,0.0004065127871279659,,,,,,,,,,,,,,,,,,,,,,,,,,,,
2025,18097357602,1400000US18097357602,0.0008136696501220504,0.007448372379210459,0.00024308850947905896,0.0,0.0003249252825193428,0.0008136696501220504,0.007448372379210459,0.00024308850947905896,0.0,0.0003249252825193428,0.0008136696501220504,0.007448372379210459,0.00024308850947905896,0.0,0.0003249252825193428,,,,,,,,,,,,,,,,,,,,,,,,,,,,
2025,18097357800,1400000US18097357800,0.007323026851098454,0.1900500377582016,0.001599915823119408,0.0,0.0037349735006941614,0.0008136696501220504,0.0211166708620224,0.00017776842479104535,0.0,0.0004149970556326846,0.0008136696501220504,0.11795091466911374,0.00030628072126319476,0.0,0.0004517811988035418,,,,,,,,,,,,,,,,,,,,,,,,,,,,
2025,18097357900,1400000US18097357900,0.02481692432872254,1.6755828677445168,0.007421779820502988,0.0,0.012039350407659783,0.000827230810957418,0.055852762258150564,0.00024739266068343296,0.0,0.0004013116802553261,0.0012205044751830757,0.12124483618923543,0.00030020335177456523,0.0,0.000553036192192974,,,,,,,,,,,,,,,,,,,,,,,,,,,,
2025,18097358000,1400000US18097358000,0.009357200976403579,0.5550755335132878,0.003294312547372399,0.0,0.0046521986478072885,0.0008506546342185072,0.05046141213757161,0.00029948295885203624,0.0,0.00042292714980066257,0.0012205044751830757,0.06639206557839593,0.00033165066167146844,0.0,0.000552955822024788,,,,,,,,,,,,,,,,,,,,,,,,,,,,
2025,18097358100,1400000US18097358100,0.006509357200976403,0.2164116208054369,0.002505034591627752,0.0,0.003232768004072448,0.0008136696501220504,0.027051452600679614,0.000313129323953469,0.0,0.000404096000509056,0.0008136696501220504,0.03269133903796231,0.0003270966383505762,0.0,0.0004063055828323357,,,,,,,,,,,,,,,,,,,,,,,,,,,,
2025,18097360101,1400000US18097360101,0.013018714401952807,0.40703733177288914,0.004000762481509765,0.0,0.006324962529682847,0.0008136696501220504,0.02543983323580557,0.0002500476550943603,0.0,0.00039531015810517794,0.0008136696501220504,0.03707396180951917,0.00027812741092930033,0.0,0.0004066695871294449,,,,,,,,,,,,,,,,,,,,,,,,,,,,
2025,18097360102,1400000US18097360102,0.01708706265256306,0.43199251702099545,0.004496949848850114,0.0,0.008480717340748114,0.0008136696501220504,0.02057107223909502,0.0002141404689928626,0.0,0.0004038436828927673,0.0008136696501220504,0.03667358468009404,0.00026679222628304706,0.0,0.00040654345543374946,,,,,,,,,,,,,,,,,,,,,,,,,,,,
2025,18097360201,1400000US18097360201,0.019934906427990236,0.4135740099938635,0.005017318682073119,0.0,0.009561379708861981,0.0008306211011662599,0.01723225041641098,0.00020905494508637997,0.0,0.00039839082120258254,0.0012205044751830757,0.027231274586848223,0.0002521706228608745,0.0,0.0005592312326937027,,,,,,,,,,,,,,,,,,,,,,,,,,,,
2025,18097360202,1400000US18097360202,0.009764035801464606,0.11467327537303128,0.0018966095081355445,0.0,0.004522099061855281,0.0008876396183149642,0.010424843215730116,0.0001724190461941404,0.0,0.00041109991471411647,0.0012205044751830757,0.021836780583729322,0.00021090831055984826,0.0,0.0005534580510793852,,,,,,,,,,,,,,,,,,,,,,,,,,,,
2025,18097360301,1400000US18097360301,0.006509357200976403,0.1754890379788671,0.0018645714767178286,0.0,0.0033586500876377524,0.0008136696501220504,0.02193612974735839,0.00023307143458972858,0.0,0.00041983126095471906,0.0008136696501220504,0.02395208985933152,0.00024218060701165957,0.0,0.0005006236637383068,,,,,,,,,,,,,,,,,,,,,,,,,,,,
2025,18097360302,1400000US18097360302,0.015052888527257932,0.35791215083322486,0.004234732540603138,0.0,0.007507134278719774,0.0008362715848476629,0.019884008379623605,0.0002352629189223966,0.0,0.0004170630154844319,0.0012205044751830757,0.028859938542607377,0.00025848724944305866,0.0,0.0005658827425891785,,,,,,,,,,,,,,,,,,,,,,,,,,,,
2025,18097360401,1400000US18097360401,0.013018714401952807,0.28649252082938004,0.003455200292534172,0.0,0.006276913652440027,0.0008136696501220504,0.017905782551836252,0.00021595001828338576,0.0,0.0003923071032775017,0.0008136696501220504,0.019704913114188947,0.00022856240665693105,0.0,0.0004054028684945642,,,,,,,,,,,,,,,,,,,,,,,,,,,,
2025,18097360402,1400000US18097360402,0.009764035801464606,0.15616198285034738,0.0022466700715379085,0.0,0.0045606517079447495,0.0008876396183149642,0.014196543895486125,0.0002042427337761735,0.0,0.00041460470072225,0.0016273393002441008,0.026427208689210318,0.00021055347840909138,0.0,0.0006399662456683076,,,,,,,,,,,,,,,,,,,,,,,,,,,,
2025,18097360501,1400000US18097360501,0.0032546786004882017,0.0028193636818535112,0.0005590115886420729,0.0,0.0016776812945776935,0.0008136696501220504,0.0007048409204633778,0.00013975289716051823,0.0,0.0004194203236444234,0.0008136696501220504,0.0013629049430514035,0.0001462439576143606,0.0,0.00042492660329203645,,,,,,,,,,,,,,,,,,,,,,,,,,,,
2025,18097360502,1400000US18097360502,0.0467860048820179,0.7136816713708496,0.011130165733018615,0.0,0.02226869936326078,0.0008506546342185073,0.012976030388560902,0.00020236664969124754,0.0,0.0004048854429683778,0.0012205044751830757,0.03367969763413213,0.00022885111435023934,0.0,0.0006389420123269911,,,,,,,,,,,,,,,,,,,,,,,,,,,,
2025,18097360601,1400000US18097360601,0.02034174125305126,0.3174421034469855,0.005170771495640493,0.0,0.010161438730057136,0.0008136696501220504,0.012697684137879419,0.00020683085982561974,0.0,0.00040645754920228547,0.0008136696501220504,0.03667441258979095,0.00023859238825983984,0.0,0.00041721545882017263,,,,,,,,,,,,,,,,,,,,,,,,,,,,
2025,18097360602,1400000US18097360602,0.01952807160292921,0.42632381932626034,0.005161530220666413,0.0,0.008747209296018374,0.0008876396183149642,0.019378355423920926,0.00023461501003029151,0.0,0.0003976004225462897,0.0016273393002441008,0.04754221759917447,0.00025204249630802924,0.0,0.0005308259907431691,,,,,,,,,,,,,,,,,,,,,,,,,,,,
2025,18097360700,1400000US18097360700,0.010577705451586655,0.12842386194705152,0.00302821774551805,0.0,0.005380090720646673,0.0008136696501220504,0.009878758611311655,0.00023293982657831153,0.0,0.00041385313235743637,0.0008136696501220504,0.015153562346402054,0.0002637716502125952,0.0,0.0004468251743494569,,,,,,,,,,,,,,,,,,,,,,,,,,,,
2025,18097360800,1400000US18097360800,0.01708706265256306,0.688083200288245,0.005151299429178149,0.0,0.008096392861318106,0.000854353132628153,0.03440416001441225,0.00025756497145890746,0.0,0.0004048196430659053,0.0012205044751830757,0.06844130766018479,0.0002869627934328678,0.0,0.0005154719520906182,,,,,,,,,,,,,,,,,,,,,,,,,,,,
2025,18097360900,1400000US18097360900,0.03376729048006509,0.6494060741416315,0.009584537984789922,0.0,0.015873356016447973,0.0009126294724341917,0.017551515517341392,0.0002590415671564844,0.0,0.00042900962206616144,0.0012205044751830757,0.04755248367941614,0.0002822789236036304,0.0,0.0006351039091130915,,,,,,,,,,,,,,,,,,,,,,,,,,,,
2025,18097361000,1400000US18097361000,0.013018714401952807,0.541258382999636,0.004178746593399618,0.0,0.005742693366739615,0.0008679142934635204,0.03608389219997574,0.0002785831062266412,0.0,0.00038284622444930766,0.0012205044751830757,0.06376278996295269,0.00029860679696509633,0.0,0.00040962061472697464,,,,,,,,,,,,,,,,,,,,,,,,,,,,
2025,18097361100,1400000US18097361100,0.009764035801464606,0.11498042987058446,0.002683769908006302,0.0,0.00488020837095474,0.0008136696501220504,0.009581702489215372,0.0002236474923338585,0.0,0.00040668403091289495,0.0008136696501220504,0.018071116118308958,0.0002812197804529151,0.0,0.0004088474077290492,,,,,,,,,,,,,,,,,,,,,,,,,,,,
2025,18097361300,1400000US18097361300,0.006916192026037429,0.07252588294085446,0.0017669844165287745,0.0,0.003251313543476894,0.0008645240032546786,0.009065735367606808,0.0002208730520660968,0.0,0.00040641419293461177,0.0012205044751830757,0.01982413211054383,0.00024365943947158406,0.0,0.0004114106158753911,,,,,,,,,,,,,,,,,,,,,,,,,,,,
2025,18097361402,1400000US18097361402,0.0024410089503661514,0.028196451711504603,0.0006208819725059541,0.0,0.001229125452694934,0.0008136696501220504,0.0093988172371682,0.0002069606575019847,0.0,0.0004097084842316447,0.0008136696501220504,0.010135767255376694,0.00020904827987595697,0.0,0.00041318642426459835,,,,,,,,,,,,,,,,,,,,,,,,,,,,
2025,18097361601,1400000US18097361601,0.0052888527257933275,0.016049857384275612,0.0010029110472492924,0.0,0.0026369074078455967,0.000881475454298888,0.002674976230712602,0.0001671518412082154,0.0,0.0004394845679742661,0.0012205044751830757,0.0053504492072433485,0.00017939360133549314,0.0,0.000578416328541253,,,,,,,,,,,,,,,,,,,,,,,,,,,,
2025,18097370201,1400000US18097370201,0.0020341741253051262,0.005731122085882053,0.000436558231432495,0.0,0.0009926546234925026,0.0010170870626525631,0.0028655610429410266,0.0002182791157162475,0.0,0.0004963273117462513,0.0012205044751830757,0.004584135991784487,0.00021912106773670258,0.0,0.0006325872416332169,,,,,,,,,,,,,,,,,,,,,,,,,,,,
2025,18097370203,1400000US18097370203,0.011391375101708706,0.14271192749630504,0.00326171661591428,0.0,0.005523892486182406,0.0008136696501220504,0.010193709106878932,0.00023297975827959143,0.0,0.00039456374901302896,0.0008136696501220504,0.016187455975901866,0.00024880399113339435,0.0,0.00040657413194456767,,,,,,,,,,,,,,,,,,,,,,,,,,,,
2025,18097370204,1400000US18097370204,0.0012205044751830757,0.008365033995627975,0.00022286613811125667,0.0,0.0006330578358089887,0.0012205044751830757,0.008365033995627975,0.00022286613811125667,0.0,0.0006330578358089887,0.0012205044751830757,0.008365033995627975,0.00022286613811125667,0.0,0.0006330578358089887,,,,,,,,,,,,,,,,,,,,,,,,,,,,
2025,18097370303,1400000US18097370303,0.0008136696501220504,0.0017005265174508462,0.00021483928722476161,0.0,0.000375220581631178,0.0008136696501220504,0.0017005265174508462,0.00021483928722476161,0.0,0.000375220581631178,0.0008136696501220504,0.0017005265174508462,0.00021483928722476161,0.0,0.000375220581631178,,,,,,,,,,,,,,,,,,,,,,,,,,,,
2025,18097380200,1400000US18097380200,0.01708706265256306,0.4502679612525015,0.0046756655257003,0.0,0.00838227718053052,0.0008136696501220504,0.02144133148821436,0.0002226507393190619,0.0,0.00039915605621573905,0.0016273393002441008,0.047412070194820397,0.00027371029341776635,0.0,0.0006994003299785567,,,,,,,,,,,,,,,,,,,,,,,,,,,,
2025,18097380301,1400000US18097380301,0.009764035801464606,0.306132084271493,0.0027405665397036445,0.0,0.004656400930065215,0.0008876396183149642,0.02783018947922664,0.0002491424127003313,0.0,0.0004233091754604741,0.0012205044751830757,0.0854425436741683,0.00025502681758434945,0.0,0.0005820233388359453,,,,,,,,,,,,,,,,,,,,,,,,,,,,
2025,18097380302,1400000US18097380302,0.010577705451586657,0.2672414678110366,0.0027325541606594856,0.0,0.004765898541086027,0.0009616095865078778,0.024294678891912416,0.0002484140146054078,0.0,0.0004332635037350933,0.0020341741253051262,0.05028756615412433,0.0002623806282770059,0.0,0.0007936924425977162,,,,,,,,,,,,,,,,,,,,,,,,,,,,
2025,18097380402,1400000US18097380402,0.01708706265256306,0.29519666663686195,0.004502449811247609,0.0,0.008532322987033596,0.0008136696501220504,0.014056984125564855,0.00021440237196417188,0.0,0.0004063010946206474,0.0008136696501220504,0.019231017603678305,0.0002286005731024641,0.0,0.0004066692508045979,,,,,,,,,,,,,,,,,,,,,,,,,,,,
2025,18097380403,1400000US18097380403,0.008136696501220505,0.059588138107259346,0.0019777046414212896,0.0,0.00405930438607814,0.0008136696501220505,0.005958813810725935,0.00019777046414212897,0.0,0.00040593043860781395,0.0008136696501220504,0.007877891929966787,0.0002021753705101055,0.0,0.0004066693716121161,,,,,,,,,,,,,,,,,,,,,,,,,,,,
2025,18097380404,1400000US18097380404,0.009764035801464606,0.260409667380104,0.0027807144884437894,0.0,0.004365054884644114,0.0008136696501220504,0.02170080561500867,0.0002317262073703158,0.0,0.00036375457372034287,0.0008136696501220504,0.03784800218214918,0.0002455061022124856,0.0,0.00041001217939299174,,,,,,,,,,,,,,,,,,,,,,,,,,,,
2025,18097380501,1400000US18097380501,0.0008136696501220504,0.012122253782139868,0.00023128998014783017,0.0,0.00040571122823606536,0.0008136696501220504,0.012122253782139868,0.00023128998014783017,0.0,0.00040571122823606536,0.0008136696501220504,0.012122253782139868,0.00023128998014783017,0.0,0.00040571122823606536,,,,,,,,,,,,,,,,,,,,,,,,,,,,
2025,18097380502,1400000US18097380502,0.0024410089503661514,0.05898028680778884,0.0007181472133578559,0.0,0.0011282470496221764,0.0008136696501220504,0.01966009560259628,0.00023938240445261865,0.0,0.0003760823498740588,0.0008136696501220504,0.023807040080433082,0.0002444614684475177,0.0,0.00040702258653397687,,,,,,,,,,,,,,,,,,,,,,,,,,,,
2025,18097380600,1400000US18097380600,0.006509357200976403,0.14946949202441473,0.00197657878605593,0.0,0.0031947980850044037,0.0008136696501220504,0.01868368650305184,0.00024707234825699126,0.0,0.00039934976062555046,0.0008136696501220504,0.028358225266280596,0.0002567823674144816,0.0,0.0004069548682167739,,,,,,,,,,,,,,,,,,,,,,,,,,,,
2025,18097380700,1400000US18097380700,0.007323026851098454,0.15680377844739113,0.002152008505983074,0.0,0.003638274588301614,0.0008136696501220504,0.017422642049710127,0.00023911205622034154,0.0,0.00040425273203351266,0.0008136696501220504,0.026219237773346806,0.00024881778823437726,0.0,0.0004066692766589264,,,,,,,,,,,,,,,,,,,,,,,,,,,,
2025,18097380800,1400000US18097380800,0.008136696501220505,0.09894613718861074,0.002247355534607529,0.0,0.004065547517238235,0.0008136696501220505,0.009894613718861075,0.00022473555346075292,0.0,0.0004065547517238235,0.0008136696501220504,0.011427471964493934,0.00023486906023136166,0.0,0.00040702258653397687,,,,,,,,,,,,,,,,,,,,,,,,,,,,
2025,18097380902,1400000US18097380902,0.010577705451586655,0.12111192908589165,0.0025971011024964416,0.0,0.00528713236061724,0.0008136696501220504,0.00931630223737628,0.00019977700788434167,0.0,0.0004067024892782492,0.0008136696501220504,0.013892324714131061,0.00021181124393325747,0.0,0.00040688360312456383,,,,,,,,,,,,,,,,,,,,,,,,,,,,
2025,18097381002,1400000US18097381002,0.008950366151342554,0.0660951771610844,0.002296750436640507,0.0,0.00447305964567671,0.0008136696501220504,0.006008652469189491,0.0002087954942400461,0.0,0.00040664178597060995,0.0008136696501220504,0.007708004860161085,0.0002184161403603264,0.0,0.000406693020010884,,,,,,,,,,,,,,,,,,,,,,,,,,,,
2025,18097381003,1400000US18097381003,0.004882017900732303,0.009624946972383914,0.0011488177522003117,0.0,0.00243960265138193,0.0008136696501220504,0.0016041578287306522,0.0001914696253667186,0.0,0.00040660044189698837,0.0008136696501220504,0.0032725614499414337,0.0001966534466186415,0.0,0.00040680221935506325,,,,,,,,,,,,,,,,,,,,,,,,,,,,
2025,18097381004,1400000US18097381004,0.004882017900732303,0.03147282154605181,0.0012203844504560632,0.0,0.0024394332990467765,0.0008136696501220504,0.0052454702576753024,0.00020339740840934388,0.0,0.0004065722165077961,0.0008136696501220504,0.018395159973679093,0.00022345830390020435,0.0,0.00040680221935506325,,,,,,,,,,,,,,,,,,,,,,,,,,,,
2025,18097381101,1400000US18097381101,0.005695687550854353,0.11415649414022075,0.0016160841655131315,0.0,0.0028458731597841556,0.0008136696501220504,0.016308070591460107,0.00023086916650187593,0.0,0.00040655330854059366,0.0008136696501220504,0.02337056608822272,0.0002389450506112848,0.0,0.00040666925852323653,,,,,,,,,,,,,,,,,,,,,,,,,,,,
2025,18097381102,1400000US18097381102,0.005695687550854353,0.08253448326678595,0.001551145411184081,0.0,0.0028451143057750365,0.0008136696501220504,0.011790640466683707,0.00022159220159772585,0.0,0.0004064449008250052,0.0008136696501220504,0.020526861861280086,0.0002298380976788225,0.0,0.00040664589671829675,,,,,,,,,,,,,,,,,,,,,,,,,,,,
2025,18097381203,1400000US18097381203,0.007323026851098454,0.0585254332203071,0.001814295535282052,0.0,0.0036543821728094806,0.0008136696501220504,0.006502825913367456,0.00020158839280911688,0.0,0.0004060424636454978,0.0008136696501220504,0.017685144617610036,0.00022141156886677584,0.0,0.00040772032701224127,,,,,,,,,,,,,,,,,,,,,,,,,,,,
2025,18097381204,1400000US18097381204,0.009764035801464606,0.09508609101774276,0.002459555192087799,0.0,0.004737384183551989,0.0008136696501220504,0.00792384091814523,0.00020496293267398326,0.0,0.00039478201529599905,0.0008136696501220504,0.015557085532675444,0.00021549320187757223,0.0,0.00040926791875473223,,,,,,,,,,,,,,,,,,,,,,,,,,,,
2025,18097381205,1400000US18097381205,0.0032546786004882017,0.011334414914561376,0.0007374923791487725,0.0,0.001631490421289148,0.0008136696501220504,0.002833603728640344,0.00018437309478719311,0.0,0.000407872605322287,0.0008136696501220504,0.003977609347829039,0.0001868601137986791,0.0,0.0004090476028686423,,,,,,,,,,,,,,,,,,,,,,,,,,,,
2025,18097381206,1400000US18097381206,0.0032546786004882017,0.011547187706666958,0.0008355102440777802,0.0,0.0016080242856494576,0.0008136696501220504,0.0028867969266667395,0.00020887756101944504,0.0,0.0004020060714123644,0.0008136696501220504,0.003965025120436024,0.00021182586914573372,0.0,0.00040496040681491373,,,,,,,,,,,,,,,,,,,,,,,,,,,,
2025,18097390102,1400000US18097390102,0.005695687550854353,0.021148290879779895,0.0013394971028328922,0.0,0.00284538096552591,0.0008136696501220504,0.003021184411397128,0.00019135672897612746,0.0,0.00040648299507513,0.0008136696501220504,0.005069291074173092,0.00019610192854995477,0.0,0.00040666088658492124,,,,,,,,,,,,,,,,,,,,,,,,,,,,
2025,18097390405,1400000US18097390405,0.005695687550854353,0.02250457254525603,0.0013035368443860503,0.0,0.00284514056680696,0.0008136696501220504,0.0032149389350365756,0.0001862195491980072,0.0,0.0004064486524009943,0.0008136696501220504,0.005502950173413965,0.00019123394295005735,0.0,0.000406655169015217,,,,,,,,,,,,,,,,,,,,,,,,,,,,
2025,18097390410,1400000US18097390410,0.0024410089503661514,0.021084872996996674,0.000584349052370187,0.0,0.0012199986432106335,0.0008136696501220504,0.007028290998998891,0.000194783017456729,0.0,0.00040666621440354453,0.0008136696501220504,0.007790961411791354,0.00019659040290336859,0.0,0.0004066684704261675,,,,,,,,,,,,,,,,,,,,,,,,,,,,
2025,18097390411,1400000US18097390411,0.0040683482506102524,0.040250485734619174,0.0009925922065751962,0.0,0.002033343599037516,0.0008136696501220505,0.008050097146923835,0.00019851844131503924,0.0,0.0004066687198075032,0.0008136696501220504,0.010841643062961207,0.00020421671951368007,0.0,0.00040666937294586307,,,,,,,,,,,,,,,,,,,,,,,,,,,,
2025,18097390500,1400000US18097390500,0.014239218877135883,0.3117863211435221,0.004503645246009377,0.0,0.006490442349332521,0.0008376011104197579,0.01834037183197189,0.0002649203085887869,0.0,0.0003817907264313248,0.0012205044751830757,0.023363777228708065,0.00033255749135349417,0.0,0.0005546439198434363,,,,,,,,,,,,,,,,,,,,,,,,,,,,
2025,18097390602,1400000US18097390602,0.0024410089503661514,0.00087327914829949,2.1065076878311604e-05,0.0,0.001220007926338917,0.0008136696501220504,0.0002910930494331633,7.0216922927705345e-06,0.0,0.000406669308779639,0.0008136696501220504,0.00029374236046327175,7.051617912767064e-06,0.0,0.0004108922916680348,,,,,,,,,,,,,,,,,,,,,,,,,,,,
2025,18097390700,1400000US18097390700,0.006509357200976403,0.19686930915572087,0.00225057293260303,0.0,0.0032151426312504367,0.0008136696501220504,0.02460866364446511,0.00028132161657537877,0.0,0.0004018928289063046,0.0008136696501220504,0.032993029331515905,0.0003100168746444299,0.0,0.00040650077057255587,,,,,,,,,,,,,,,,,,,,,,,,,,,,
2025,18097390801,1400000US18097390801,0.0024410089503661514,0.014668407264013448,0.0004411295143338915,0.0,0.0010792795860817286,0.0008136696501220504,0.004889469088004483,0.00014704317144463051,0.0,0.00035975986202724285,0.0008136696501220504,0.006740344006413982,0.00015074768064960676,0.0,0.00037162643559444605,,,,,,,,,,,,,,,,,,,,,,,,,,,,
2025,18097390802,1400000US18097390802,0.012205044751830757,0.022595145866097857,0.002439836024143061,0.0,0.005320299590803741,0.0009388495962946736,0.001738088143545989,0.00018767969416485085,0.0,0.00040925381467721083,0.0016273393002441008,0.005238515816221268,0.00022052917070425752,0.0,0.0005549819471722786,,,,,,,,,,,,,,,,,,,,,,,,,,,,
2025,18097390900,1400000US18097390900,0.01708706265256306,0.3506432692763043,0.0061291886515560685,0.0,0.008220246785461002,0.000854353132628153,0.017532163463815215,0.0003064594325778034,0.0,0.0004110123392730501,0.0012205044751830757,0.06879068555228035,0.0003523972194325314,0.0,0.0004989391469862999,,,,,,,,,,,,,,,,,,,,,,,,,,,,
2025,18097391001,1400000US18097391001,0.026851098454027663,1.0982892184411035,0.00932541723261776,0.0,0.011872743949469288,0.000925899946690609,0.037872042015210466,0.0003215661114695779,0.0,0.000409404963774803,0.0016273393002441008,0.12090125366501824,0.0003710537358340049,0.0,0.0006203230240884794,,,,,,,,,,,,,,,,,,,,,,,,,,,,
2025,18097391002,1400000US18097391002,0.02563059397884459,1.2703710216593318,0.006758415951386528,0.0,0.011810792419710964,0.0010252237591537835,0.05081484086637327,0.0002703366380554611,0.0,0.00047243169678843857,0.0020341741253051262,0.14835242106736546,0.00037234133079063744,0.0,0.0007912378158364687,,,,,,,,,,,,,,,,,,,,,,,,,,,,
