"GEO_ID","NAME","B17001_001E","B17001_001M","B17001_002E","B17001_002M","B17001_003E","B17001_003M","B17001_004E","B17001_004M","B17001_005E","B17001_005M","B17001_006E","B17001_006M","B17001_007E","B17001_007M","B17001_008E","B17001_008M","B17001_009E","B17001_009M","B17001_010E","B17001_010M","B17001_011E","B17001_011M","B17001_012E","B17001_012M","B17001_013E","B17001_013M","B17001_014E","B17001_014M","B17001_015E","B17001_015M","B17001_016E","B17001_016M","B17001_017E","B17001_017M","B17001_018E","B17001_018M","B17001_019E","B17001_019M","B17001_020E","B17001_020M","B17001_021E","B17001_021M","B17001_022E","B17001_022M","B17001_023E","B17001_023M","B17001_024E","B17001_024M","B17001_025E","B17001_025M","B17001_026E","B17001_026M","B17001_027E","B17001_027M","B17001_028E","B17001_028M","B17001_029E","B17001_029M","B17001_030E","B17001_030M","B17001_031E","B17001_031M","B17001_032E","B17001_032M","B17001_033E","B17001_033M","B17001_034E","B17001_034M","B17001_035E","B17001_035M","B17001_036E","B17001_036M","B17001_037E","B17001_037M","B17001_038E","B17001_038M","B17001_039E","B17001_039M","B17001_040E","B17001_040M","B17001_041E","B17001_041M","B17001_042E","B17001_042M","B17001_043E","B17001_043M","B17001_044E","B17001_044M","B17001_045E","B17001_045M","B17001_046E","B17001_046M","B17001_047E","B17001_047M","B17001_048E","B17001_048M","B17001_049E","B17001_049M","B17001_050E","B17001_050M","B17001_051E","B17001_051M","B17001_052E","B17001_052M","B17001_053E","B17001_053M","B17001_054E","B17001_054M","B17001_055E","B17001_055M","B17001_056E","B17001_056M","B17001_057E","B17001_057M","B17001_058E","B17001_058M","B17001_059E","B17001_059M",
"Geography","Geographic Area Name","Estimate!!Total:","Margin of Error!!Total:","Estimate!!Total:!!Income in the past 12 months below poverty level:","Margin of Error!!Total:!!Income in the past 12 months below poverty level:","Estimate!!Total:!!Income in the past 12 months below poverty level:!!Male:","Margin of Error!!Total:!!Income in the past 12 months below poverty level:!!Male:","Estimate!!Total:!!Income in the past 12 months below poverty level:!!Male:!!Under 5 years","Margin of Error!!Total:!!Income in the past 12 months below poverty level:!!Male:!!Under 5 years","Estimate!!Total:!!Income in the past 12 months below poverty level:!!Male:!!5 years","Margin of Error!!Total:!!Income in the past 12 months below poverty level:!!Male:!!5 years","Estimate!!Total:!!Income in the past 12 months below poverty level:!!Male:!!6 to 11 years","Margin of Error!!Total:!!Income in the past 12 months below poverty level:!!Male:!!6 to 11 years","Estimate!!Total:!!Income in the past 12 months below poverty level:!!Male:!!12 to 14 years","Margin of Error!!Total:!!Income in the past 12 months below poverty level:!!Male:!!12 to 14 years","Estimate!!Total:!!Income in the past 12 months below poverty level:!!Male:!!15 years","Margin of Error!!Total:!!Income in the past 12 months below poverty level:!!Male:!!15 years","Estimate!!Total:!!Income in the past 12 months below poverty level:!!Male:!!16 and 17 years","Margin of Error!!Total:!!Income in the past 12 months below poverty level:!!Male:!!16 and 17 years","Estimate!!Total:!!Income in the past 12 months below poverty level:!!Male:!!18 to 24 years","Margin of Error!!Total:!!Income in the past 12 months below poverty level:!!Male:!!18 to 24 years","Estimate!!Total:!!Income in the past 12 months below poverty level:!!Male:!!25 to 34 years","Margin of Error!!Total:!!Income in the past 12 months below poverty level:!!Male:!!25 to 34 years","Estimate!!Total:!!Income in the past 12 months below poverty level:!!Male:!!35 to 44 years","Margin of Error!!Total:!!Income in the past 12 months below poverty level:!!Male:!!35 to 44 years","Estimate!!Total:!!Income in the past 12 months below poverty level:!!Male:!!45 to 54 years","Margin of Error!!Total:!!Income in the past 12 months below poverty level:!!Male:!!45 to 54 years","Estimate!!Total:!!Income in the past 12 months below poverty level:!!Male:!!55 to 64 years","Margin of Error!!Total:!!Income in the past 12 months below poverty level:!!Male:!!55 to 64 years","Estimate!!Total:!!Income in the past 12 months below poverty level:!!Male:!!65 to 74 years","Margin of Error!!Total:!!Income in the past 12 months below poverty level:!!Male:!!65 to 74 years","Estimate!!Total:!!Income in the past 12 months below poverty level:!!Male:!!75 years and over","Margin of Error!!Total:!!Income in the past 12 months below poverty level:!!Male:!!75 years and over","Estimate!!Total:!!Income in the past 12 months below poverty level:!!Female:","Margin of Error!!Total:!!Income in the past 12 months below poverty level:!!Female:","Estimate!!Total:!!Income in the past 12 months below poverty level:!!Female:!!Under 5 years","Margin of Error!!Total:!!Income in the past 12 months below poverty level:!!Female:!!Under 5 years","Estimate!!Total:!!Income in the past 12 months below poverty level:!!Female:!!5 years","Margin of Error!!Total:!!Income in the past 12 months below poverty level:!!Female:!!5 years","Estimate!!Total:!!Income in the past 12 months below poverty level:!!Female:!!6 to 11 years","Margin of Error!!Total:!!Income in the past 12 months below poverty level:!!Female:!!6 to 11 years","Estimate!!Total:!!Income in the past 12 months below poverty level:!!Female:!!12 to 14 years","Margin of Error!!Total:!!Income in the past 12 months below poverty level:!!Female:!!12 to 14 years","Estimate!!Total:!!Income in the past 12 months below poverty level:!!Female:!!15 years","Margin of Error!!Total:!!Income in the past 12 months below poverty level:!!Female:!!15 years","Estimate!!Total:!!Income in the past 12 months below poverty level:!!Female:!!16 and 17 years","Margin of Error!!Total:!!Income in the past 12 months below poverty level:!!Female:!!16 and 17 years","Estimate!!Total:!!Income in the past 12 months below poverty level:!!Female:!!18 to 24 years","Margin of Error!!Total:!!Income in the past 12 months below poverty level:!!Female:!!18 to 24 years","Estimate!!Total:!!Income in the past 12 months below poverty level:!!Female:!!25 to 34 years","Margin of Error!!Total:!!Income in the past 12 months below poverty level:!!Female:!!25 to 34 years","Estimate!!Total:!!Income in the past 12 months below poverty level:!!Female:!!35 to 44 years","Margin of Error!!Total:!!Income in the past 12 months below poverty level:!!Female:!!35 to 44 years","Estimate!!Total:!!Income in the past 12 months below poverty level:!!Female:!!45 to 54 years","Margin of Error!!Total:!!Income in the past 12 months below poverty level:!!Female:!!45 to 54 years","Estimate!!Total:!!Income in the past 12 months below poverty level:!!Female:!!55 to 64 years","Margin of Error!!Total:!!Income in the past 12 months below poverty level:!!Female:!!55 to 64 years","Estimate!!Total:!!Income in the past 12 months below poverty level:!!Female:!!65 to 74 years","Margin of Error!!Total:!!Income in the past 12 months below poverty level:!!Female:!!65 to 74 years","Estimate!!Total:!!Income in the past 12 months below poverty level:!!Female:!!75 years and over","Margin of Error!!Total:!!Income in the past 12 months below poverty level:!!Female:!!75 years and over","Estimate!!Total:!!Income in the past 12 months at or above poverty level:","Margin of Error!!Total:!!Income in the past 12 months at or above poverty level:","Estimate!!Total:!!Income in the past 12 months at or above poverty level:!!Male:","Margin of Error!!Total:!!Income in the past 12 months at or above poverty level:!!Male:","Estimate!!Total:!!Income in the past 12 months at or above poverty level:!!Male:!!Under 5 years","Margin of Error!!Total:!!Income in the past 12 months at or above poverty level:!!Male:!!Under 5 years","Estimate!!Total:!!Income in the past 12 months at or above poverty level:!!Male:!!5 years","Margin of Error!!Total:!!Income in the past 12 months at or above poverty level:!!Male:!!5 years","Estimate!!Total:!!Income in the past 12 months at or above poverty level:!!Male:!!6 to 11 years","Margin of Error!!Total:!!Income in the past 12 months at or above poverty level:!!Male:!!6 to 11 years","Estimate!!Total:!!Income in the past 12 months at or above poverty level:!!Male:!!12 to 14 years","Margin of Error!!Total:!!Income in the past 12 months at or above poverty level:!!Male:!!12 to 14 years","Estimate!!Total:!!Income in the past 12 months at or above poverty level:!!Male:!!15 years","Margin of Error!!Total:!!Income in the past 12 months at or above poverty level:!!Male:!!15 years","Estimate!!Total:!!Income in the past 12 months at or above poverty level:!!Male:!!16 and 17 years","Margin of Error!!Total:!!Income in the past 12 months at or above poverty level:!!Male:!!16 and 17 years","Estimate!!Total:!!Income in the past 12 months at or above poverty level:!!Male:!!18 to 24 years","Margin of Error!!Total:!!Income in the past 12 months at or above poverty level:!!Male:!!18 to 24 years","Estimate!!Total:!!Income in the past 12 months at or above poverty level:!!Male:!!25 to 34 years","Margin of Error!!Total:!!Income in the past 12 months at or above poverty level:!!Male:!!25 to 34 years","Estimate!!Total:!!Income in the past 12 months at or above poverty level:!!Male:!!35 to 44 years","Margin of Error!!Total:!!Income in the past 12 months at or above poverty level:!!Male:!!35 to 44 years","Estimate!!Total:!!Income in the past 12 months at or above poverty level:!!Male:!!45 to 54 years","Margin of Error!!Total:!!Income in the past 12 months at or above poverty level:!!Male:!!45 to 54 years","Estimate!!Total:!!Income in the past 12 months at or above poverty level:!!Male:!!55 to 64 years","Margin of Error!!Total:!!Income in the past 12 months at or above poverty level:!!Male:!!55 to 64 years","Estimate!!Total:!!Income in the past 12 months at or above poverty level:!!Male:!!65 to 74 years","Margin of Error!!Total:!!Income in the past 12 months at or above poverty level:!!Male:!!65 to 74 years","Estimate!!Total:!!Income in the past 12 months at or above poverty level:!!Male:!!75 years and over","Margin of Error!!Total:!!Income in the past 12 months at or above poverty level:!!Male:!!75 years and over","Estimate!!Total:!!Income in the past 12 months at or above poverty level:!!Female:","Margin of Error!!Total:!!Income in the past 12 months at or above poverty level:!!Female:","Estimate!!Total:!!Income in the past 12 months at or above poverty level:!!Female:!!Under 5 years","Margin of Error!!Total:!!Income in the past 12 months at or above poverty level:!!Female:!!Under 5 years","Estimate!!Total:!!Income in the past 12 months at or above poverty level:!!Female:!!5 years","Margin of Error!!Total:!!Income in the past 12 months at or above poverty level:!!Female:!!5 years","Estimate!!Total:!!Income in the past 12 months at or above poverty level:!!Female:!!6 to 11 years","Margin of Error!!Total:!!Income in the past 12 months at or above poverty level:!!Female:!!6 to 11 years","Estimate!!Total:!!Income in the past 12 months at or above poverty level:!!Female:!!12 to 14 years","Margin of Error!!Total:!!Income in the past 12 months at or above poverty level:!!Female:!!12 to 14 years","Estimate!!Total:!!Income in the past 12 months at or above poverty level:!!Female:!!15 years","Margin of Error!!Total:!!Income in the past 12 months at or above poverty level:!!Female:!!15 years","Estimate!!Total:!!Income in the past 12 months at or above poverty level:!!Female:!!16 and 17 years","Margin of Error!!Total:!!Income in the past 12 months at or above poverty level:!!Female:!!16 and 17 years","Estimate!!Total:!!Income in the past 12 months at or above poverty level:!!Female:!!18 to 24 years","Margin of Error!!Total:!!Income in the past 12 months at or above poverty level:!!Female:!!18 to 24 years","Estimate!!Total:!!Income in the past 12 months at or above poverty level:!!Female:!!25 to 34 years","Margin of Error!!Total:!!Income in the past 12 months at or above poverty level:!!Female:!!25 to 34 years","Estimate!!Total:!!Income in the past 12 months at or above poverty level:!!Female:!!35 to 44 years","Margin of Error!!Total:!!Income in the past 12 months at or above poverty level:!!Female:!!35 to 44 years","Estimate!!Total:!!Income in the past 12 months at or above poverty level:!!Female:!!45 to 54 years","Margin of Error!!Total:!!Income in the past 12 months at or above poverty level:!!Female:!!45 to 54 years","Estimate!!Total:!!Income in the past 12 months at or above poverty level:!!Female:!!55 to 64 years","Margin of Error!!Total:!!Income in the past 12 months at or above poverty level:!!Female:!!55 to 64 years","Estimate!!Total:!!Income in the past 12 months at or above poverty level:!!Female:!!65 to 74 years","Margin of Error!!Total:!!Income in the past 12 months at or above poverty level:!!Female:!!65 to 74 years","Estimate!!Total:!!Income in the past 12 months at or above poverty level:!!Female:!!75 years and over","Margin of Error!!Total:!!Income in the past 12 months at or above poverty level:!!Female:!!75 years and over",
"1400000US18097310104","Census Tract 3101.04; Marion County; Indiana","3207","532","292","186","160","108","0","13","0","13","0","13","0","13","0","13","0","13","0","13","56","74","2","4","19","31","37","44","12","25","34","40","132","94","0","13","0","13","0","13","0","13","0","13","0","13","0","13","0","13","1","3","0","13","69","76","44","43","18","28","2915","480","1086","230","0","13","0","13","0","13","117","133","0","13","14","24","84","66","368","179","188","106","137","99","42","44","93","57","43","47","1829","401","157","112","0","13","45","60","0","13","0","13","23","38","191","167","173","94","175","102","302","236","282","135","265","106","216","203",
"1400000US18097310105","Census Tract 3101.05; Marion County; Indiana","4086","648","505","274","136","120","32","42","0","13","53","70","0","13","0","13","0","13","30","39","0","13","0","13","0","13","4","7","5","14","12","22","369","240","0","13","0","13","0","13","0","13","0","13","0","13","92","111","130","131","16","20","0","13","2","3","53","35","76","70","3581","534","1745","448","57","49","51","47","201","90","20","23","20","32","88","51","41","41","484","376","269","118","250","107","154","61","52","38","58","55","1836","268","164","122","9","14","99","71","95","69","0","13","34","32","192","137","200","85","276","96","336","97","169","71","210","76","52","41",
"1400000US18097310106","Census Tract 3101.06; Marion County; Indiana","4177","539","236","172","86","70","0","13","0","13","0","13","0","13","0","13","0","13","19","31","20","32","33","52","1","2","0","13","13","20","0","13","150","151","0","13","0","13","0","13","0","13","0","13","0","13","136","148","14","24","0","13","0","13","0","13","0","13","0","13","3941","540","1852","429","303","243","0","13","0","13","10","47","0","13","0","13","416","264","567","233","27","39","166","123","223","106","45","40","95","63","2089","343","137","136","0","13","30","69","0","13","0","13","0","13","122","87","709","283","225","150","143","77","202","103","107","78","414","203",
"1400000US18097310108","Census Tract 3101.08; Marion County; Indiana","3873","608","206","117","57","46","0","13","0","13","11","17","19","28","0","13","0","13","0","13","8","13","0","13","0","13","0","13","0","13","19","20","149","79","0","13","0","13","0","13","13","19","0","13","18","23","29","26","35","36","13","19","0","13","22","24","19","21","0","13","3667","605","1942","321","124","79","35","30","191","143","54","38","3","6","28","25","57","36","247","98","134","74","273","76","283","59","444","230","69","38","1725","317","98","57","6","8","27","24","3","5","16","22","33","37","75","41","236","110","210","131","178","47","351","83","393","232","99","53",
"1400000US18097310110","Census Tract 3101.10; Marion County; Indiana","2619","344","480","306","135","104","0","13","0","13","18","32","0","13","43","64","0","13","0","13","19","30","0","13","42","41","0","13","13","19","0","13","345","218","20","32","0","13","19","33","59","88","14","25","0","13","103","96","55","46","40","60","0","13","12","20","23","38","0","13","2139","278","861","168","47","36","0","13","35","40","23","35","16","26","0","13","90","68","208","78","100","72","66","50","134","77","89","52","53","55","1278","236","25","26","21","23","30","26","19","30","61","65","0","13","146","100","236","117","63","40","196","107","279","123","160","79","42","54",
"1400000US18097310111","Census Tract 3101.11; Marion County; Indiana","3624","512","620","462","182","142","0","13","0","13","14","20","34","48","0","13","29","46","0","13","5","12","79","75","21","26","0","13","0","13","0","13","438","358","92","94","69","87","0","13","19","30","0","13","50","64","9","24","28","32","69","65","42","54","18","26","16","24","26","30","3004","510","1507","382","25","40","26","41","80","60","87","72","0","13","0","13","112","91","697","349","98","70","117","63","85","60","145","73","35","36","1497","255","15","25","0","13","39","54","19","33","17","30","49","54","208","131","428","209","214","101","133","77","165","88","186","59","24","23",
"1400000US18097310112","Census Tract 3101.12; Marion County; Indiana","6636","1104","251","237","46","46","0","18","0","18","0","18","0","18","0","18","0","18","13","22","16","25","0","18","0","18","0","18","0","18","17","30","205","225","0","18","0","18","0","18","0","18","0","18","0","18","0","18","0","18","143","206","22","32","0","18","23","36","17","30","6385","1003","3218","809","18","25","35","47","152","89","263","257","148","176","150","141","351","397","153","112","361","191","294","116","724","242","373","221","196","109","3167","515","176","173","39","51","188","95","126","78","34","37","143","107","194","78","249","109","250","78","565","318","649","232","231","117","323","141",
"1400000US18097310113","Census Tract 3101.13; Marion County; Indiana","756","125","4","4","0","13","0","13","0","13","0","13","0","13","0","13","0","13","0","13","0","13","0","13","0","13","0","13","0","13","0","13","4","4","0","13","0","13","0","13","0","13","0","13","0","13","2","3","0","13","1","3","0","13","1","3","0","13","0","13","752","126","370","104","27","37","0","13","27","33","18","32","0","13","0","13","11","15","26","25","53","37","45","33","94","58","45","34","24","30","382","55","0","13","0","13","10","18","16","18","0","13","0","13","0","13","10","18","56","36","55","45","152","68","35","32","48","55",
"1400000US18097310201","Census Tract 3102.01; Marion County; Indiana","4487","673","620","407","259","214","63","97","0","13","63","77","0","13","0","13","0","13","66","81","0","13","0","13","50","52","17","26","0","13","0","13","361","232","0","13","32","50","54","86","0","13","0","13","26","50","69","74","0","13","132","127","25","29","23","37","0","13","0","13","3867","609","1893","303","186","106","0","13","141","99","58","54","26","37","58","61","211","116","212","109","253","83","250","120","235","82","205","114","58","41","1974","439","128","99","21","35","150","145","68","72","0","13","111","113","321","198","182","108","319","113","253","112","219","92","121","82","81","58",
"1400000US18097310203","Census Tract 3102.03; Marion County; Indiana","4768","799","626","402","22","27","0","13","0","13","0","13","0","13","0","13","0","13","0","13","15","25","0","13","0","13","0","13","0","13","7","12","604","400","21","39","0","13","40","73","186","204","0","13","0","13","0","13","31","38","13","22","158","146","56","87","20","34","79","92","4142","973","1531","374","0","13","30","47","157","150","7","14","39","46","44","54","134","97","338","196","178","121","123","114","131","69","156","67","194","156","2611","683","157","133","0","13","175","137","134","121","0","13","124","126","85","69","255","126","357","243","539","217","213","97","263","156","309","207",
"1400000US18097310204","Census Tract 3102.04; Marion County; Indiana","5170","821","750","292","266","121","31","36","0","18","12","27","9","19","0","18","30","49","17","26","15","22","45","44","13","21","75","64","0","18","19","21","484","223","103","109","0","18","21","34","39","48","0","18","0","18","61","82","25","34","62","67","72","59","59","47","42","45","0","18","4420","813","2161","472","30","41","0","18","257","164","63","67","55","47","117","84","297","211","168","83","418","164","303","90","304","112","114","61","35","34","2259","430","47","43","0","18","54","55","101","94","76","73","80","65","227","130","373","214","359","134","517","208","249","82","130","55","46","51",
"1400000US18097310305","Census Tract 3103.05; Marion County; Indiana","5999","779","984","470","331","217","73","85","0","18","0","18","22","34","0","18","19","29","90","114","37","43","41","49","49","57","0","18","0","18","0","18","653","352","167","189","53","63","0","18","43","68","0","18","0","18","108","117","118","139","99","99","20","33","20","32","25","41","0","18","5015","760","2332","512","84","85","0","18","189","118","126","109","60","95","113","114","310","169","306","222","373","190","388","217","252","136","110","85","21","32","2683","517","203","170","0","18","303","263","61","91","73","87","70","110","519","311","290","108","404","169","188","109","328","162","183","96","61","59",
"1400000US18097310306","Census Tract 3103.06; Marion County; Indiana","7961","1502","1721","831","891","506","33","56","0","18","117","138","79","82","0","18","0","18","215","312","37","54","134","115","86","107","190","158","0","18","0","18","830","453","166","161","0","18","131","114","0","18","32","50","0","18","0","18","166","148","157","134","67","103","111","109","0","18","0","18","6240","1388","2930","609","35","55","67","108","395","235","290","214","74","66","178","176","226","161","341","217","599","252","372","214","191","136","95","72","67","80","3310","943","719","438","90","101","144","141","68","79","0","18","47","80","237","184","349","210","545","262","778","490","220","182","58","53","55","51",
"1400000US18097310308","Census Tract 3103.08; Marion County; Indiana","3263","465","391","303","132","135","22","43","21","41","0","13","12","21","0","13","0","13","0","13","12","32","16","30","42","64","7","16","0","13","0","13","259","246","0","13","0","13","21","43","0","13","0","13","0","13","1","1","99","153","55","47","58","79","0","13","9","19","16","26","2872","389","1368","230","50","54","0","13","60","66","128","86","13","21","74","67","224","122","238","147","139","78","212","92","107","53","67","45","56","53","1504","258","27","37","0","13","111","91","106","115","50","48","0","13","244","162","172","123","127","61","222","87","239","78","76","47","130","67",
"1400000US18097310309","Census Tract 3103.09; Marion County; Indiana","3331","599","573","198","249","135","5","12","4","11","0","13","11","18","48","61","22","25","88","78","4","11","0","13","0","13","55","53","12","19","0","13","324","113","0","13","0","13","0","13","0","13","0","13","0","13","110","90","4","11","39","43","0","13","68","49","56","59","47","69","2758","653","1383","379","104","117","8","17","137","135","130","113","10","21","37","44","266","150","257","167","179","133","82","62","150","97","14","19","9","14","1375","450","8","16","0","13","162","156","124","141","27","47","18","29","117","114","317","166","214","128","206","82","93","93","55","42","34","30",
"1400000US18097310310","Census Tract 3103.10; Marion County; Indiana","5149","873","339","276","34","34","14","24","0","18","0","18","0","18","0","18","0","18","0","18","0","18","0","18","9","15","0","18","11","17","0","18","305","274","0","18","0","18","13","24","0","18","9","17","0","18","0","18","239","278","12","22","9","16","8","14","15","23","0","18","4810","780","2380","515","126","87","22","30","144","78","149","115","5","10","215","155","361","240","376","163","274","113","229","82","189","97","290","163","0","18","2430","473","117","103","13","22","219","113","85","61","0","18","128","110","231","119","329","127","309","77","259","91","303","101","288","208","149","172",
"1400000US18097310311","Census Tract 3103.11; Marion County; Indiana","6729","1251","976","839","334","252","0","18","0","18","83","122","73","106","0","18","75","87","11","18","11","17","3","8","24","30","33","40","21","32","0","18","642","605","155","232","50","73","84","125","0","18","0","18","0","18","58","94","65","93","97","94","41","68","92","95","0","18","0","18","5753","1058","2919","670","214","94","0","18","345","197","91","92","60","70","106","78","476","258","350","278","331","112","387","129","234","80","194","84","131","100","2834","477","77","64","64","67","236","96","325","144","45","54","39","38","49","47","343","232","532","106","382","117","339","119","233","77","170","124",
"1400000US18097310312","Census Tract 3103.12; Marion County; Indiana","6280","777","1382","610","349","290","0","18","0","18","82","123","81","123","0","18","0","18","0","18","0","18","154","169","32","52","0","18","0","18","0","18","1033","520","146","162","56","88","68","109","182","276","0","18","0","18","165","189","125","126","195","189","0","18","18","33","78","77","0","18","4898","959","2497","665","386","303","93","144","247","170","99","154","0","18","21","30","297","218","340","261","375","236","131","104","357","156","119","100","32","39","2401","562","76","105","20","34","210","228","51","61","0","18","0","18","113","107","489","296","441","253","442","226","184","106","174","109","201","132",
"1400000US18097320105","Census Tract 3201.05; Marion County; Indiana","4252","630","484","401","215","198","29","41","0","13","56","78","0","13","0","13","0","13","34","75","59","65","31","53","0","13","0","13","0","13","6","11","269","244","60","89","21","33","48","51","0","13","0","13","0","13","42","67","65","71","25","43","0","13","0","13","0","13","8","13","3768","686","1794","555","133","149","0","13","282","276","38","46","0","13","52","60","133","113","182","122","225","145","183","84","262","144","124","104","180","82","1974","337","126","97","0","13","50","49","23","46","22","32","41","48","183","149","304","136","227","131","188","127","254","79","331","151","225","94",
"1400000US18097320106","Census Tract 3201.06; Marion County; Indiana","3517","1488","375","183","119","69","12","20","0","13","0","13","0","13","22","35","0","13","11","16","0","13","0","13","0","13","64","56","10","16","0","13","256","138","0","13","30","47","0","13","30","46","0","13","0","13","9","14","0","13","11","17","33","36","59","52","31","27","53","59","3142","1493","1472","747","103","80","56","73","256","330","19","22","10","19","7","13","72","56","499","424","65","55","48","35","126","68","92","50","119","74","1670","768","75","53","0","13","396","403","66","56","0","13","89","51","111","64","436","337","106","76","64","41","101","53","115","58","111","72",
"1400000US18097320107","Census Tract 3201.07; Marion County; Indiana","2109","517","31","19","6","8","0","13","0","13","0","13","0","13","0","13","0","13","0","13","0","13","0","13","5","8","1","4","0","13","0","13","25","19","0","13","0","13","0","13","0","13","0","13","0","13","6","5","2","4","0","13","9","14","0","13","0","13","8","11","2078","523","1053","274","67","34","21","26","123","131","6","9","0","13","14","13","16","16","212","85","112","34","174","109","135","71","93","39","80","30","1025","265","75","34","6","10","99","126","7","12","0","13","28","23","56","34","139","46","191","115","97","34","170","75","86","31","71","29",
"1400000US18097320108","Census Tract 3201.08; Marion County; Indiana","4783","756","923","466","349","247","40","67","0","18","0","18","44","69","0","18","0","18","0","18","0","18","173","157","0","18","82","98","10","18","0","18","574","320","0","18","0","18","0","18","78","126","0","18","0","18","105","155","100","114","91","93","44","51","104","131","52","88","0","18","3860","892","1840","545","227","172","0","18","178","153","0","18","22","34","0","18","177","201","471","265","476","176","127","107","79","72","38","87","45","53","2020","576","134","117","107","112","205","192","60","66","21","38","5","25","197","190","798","407","147","103","48","54","147","102","99","128","52","52",
"1400000US18097320109","Census Tract 3201.09; Marion County; Indiana","2691","424","141","83","44","34","0","13","0","13","0","13","0","13","0","13","6","8","0","13","3","7","0","13","0","13","10","17","2","5","23","25","97","59","0","13","0","13","0","13","0","13","0","13","0","13","0","13","14","16","17","20","0","13","27","30","17","18","22","18","2550","412","1140","201","83","69","15","17","77","64","64","51","20","23","27","29","58","67","117","50","154","77","123","53","110","60","143","53","149","51","1410","344","35","21","0","13","94","67","69","41","20","29","18","18","26","27","165","67","136","71","139","61","387","311","191","50","130","51",
"1400000US18097320202","Census Tract 3202.02; Marion County; Indiana","5057","642","194","148","70","75","0","18","0","18","0","18","0","18","0","18","0","18","27","40","0","18","0","18","0","18","0","18","43","61","0","18","124","80","0","18","0","18","0","18","0","18","0","18","0","18","39","27","0","18","1","2","22","30","20","31","42","59","0","18","4863","650","2247","368","13","24","14","15","84","52","65","58","45","51","37","34","257","164","480","252","154","75","306","88","296","125","320","132","176","114","2616","435","138","98","0","18","45","42","49","52","16","26","64","70","163","122","575","317","255","74","292","189","487","164","308","127","224","111",
"1400000US18097320203","Census Tract 3202.03; Marion County; Indiana","2666","314","262","125","183","101","0","13","0","13","13","19","0","13","0","13","13","20","25","25","0","13","57","52","0","13","27","24","0","13","48","44","79","55","0","13","0","13","0","13","0","13","0","13","0","13","0","13","7","11","13","19","0","13","22","28","25","37","12","18","2404","329","1163","239","23","29","0","13","27","26","20","29","10","17","13","19","8","12","424","132","95","56","190","106","187","72","75","48","91","45","1241","183","59","48","0","13","30","33","4","7","16","22","4","7","71","44","362","139","123","62","266","155","92","33","106","46","108","58",
"1400000US18097320205","Census Tract 3202.05; Marion County; Indiana","1996","261","147","97","73","71","0","13","0","13","0","13","0","13","0","13","0","13","28","46","45","55","0","13","0","13","0","13","0","13","0","13","74","62","0","13","0","13","0","13","0","13","0","13","0","13","54","55","0","13","0","13","0","13","0","13","20","29","0","13","1849","242","660","166","9","14","0","13","0","13","0","13","0","13","0","13","54","48","342","148","70","71","42","49","57","61","56","50","30","35","1189","171","225","50","0","13","29","42","0","13","0","13","0","13","78","62","446","133","74","62","65","74","143","85","95","53","34","28",
"1400000US18097320206","Census Tract 3202.06; Marion County; Indiana","3067","547","716","408","264","191","21","34","0","13","0","13","74","71","12","20","0","13","0","13","71","115","20","32","48","56","0","13","18","29","0","13","452","270","0","13","0","13","36","57","25","42","86","85","31","49","187","118","0","13","33","41","0","13","54","55","0","13","0","13","2351","568","1085","256","7","14","19","29","59","62","68","54","45","53","27","32","189","125","195","148","77","62","155","91","124","107","43","44","77","62","1266","471","78","73","22","29","70","77","15","25","32","45","10","21","137","147","240","303","127","90","249","124","82","74","75","51","129","79",
"1400000US18097320301","Census Tract 3203.01; Marion County; Indiana","3657","551","352","296","189","210","118","177","0","13","0","13","0","13","0","13","0","13","0","13","0","13","0","13","1","3","19","20","41","38","10","15","163","112","0","13","0","13","0","13","25","40","0","13","0","13","0","13","0","13","0","13","2","4","16","26","80","84","40","31","3305","490","1536","266","103","114","10","15","45","32","51","38","0","13","10","16","15","23","261","100","174","90","197","80","252","69","270","97","148","62","1769","319","100","76","12","20","88","84","66","48","7","11","19","24","82","66","182","78","177","94","182","73","204","57","402","153","248","93",
"1400000US18097320303","Census Tract 3203.03; Marion County; Indiana","3132","351","485","218","287","142","46","75","0","13","49","67","0","13","0","13","0","13","112","75","60","56","20","31","0","13","0","13","0","13","0","13","198","104","0","13","0","13","0","13","0","13","0","13","0","13","49","35","98","74","34","45","17","27","0","13","0","13","0","13","2647","381","1288","219","39","36","0","13","0","13","0","13","0","13","0","13","260","119","624","170","165","96","78","73","100","88","10","16","12","18","1359","344","100","92","0","13","135","155","30","44","0","13","45","45","196","81","473","148","223","129","84","59","38","32","23","24","12","17",
"1400000US18097320305","Census Tract 3203.05; Marion County; Indiana","2845","354","10","16","10","16","0","13","0","13","0","13","0","13","0","13","0","13","0","13","0","13","0","13","0","13","0","13","0","13","10","16","0","13","0","13","0","13","0","13","0","13","0","13","0","13","0","13","0","13","0","13","0","13","0","13","0","13","0","13","2835","351","1394","253","56","44","56","56","67","52","75","70","42","35","88","89","67","80","92","61","170","64","162","68","243","104","160","98","116","84","1441","212","104","78","0","13","129","96","107","68","22","33","51","46","73","67","83","50","188","55","214","92","140","72","214","109","116","93",
"1400000US18097320306","Census Tract 3203.06; Marion County; Indiana","3908","394","128","81","86","79","0","13","0","13","0","13","0","13","0","13","0","13","14","22","0","13","0","13","0","13","72","77","0","13","0","13","42","49","0","13","0","13","0","13","0","13","0","13","0","13","1","6","25","40","0","13","0","13","0","13","16","25","0","13","3780","406","1739","270","30","35","0","13","124","73","0","13","12","19","50","40","145","98","512","182","153","58","275","107","212","91","141","58","85","66","2041","294","54","42","30","35","91","71","34","43","44","42","11","17","204","100","378","152","328","190","242","99","183","66","167","87","275","169",
"1400000US18097320400","Census Tract 3204; Marion County; Indiana","3343","504","224","165","73","54","0","13","0","13","0","13","22","23","0","13","0","13","0","13","12","19","24","24","15","19","0","13","0","13","0","13","151","152","11","17","0","13","8","13","0","13","0","13","0","13","4","8","112","148","14","20","0","13","2","5","0","13","0","13","3119","487","1552","279","165","86","35","34","103","63","20","22","0","13","0","13","221","121","354","106","135","79","174","60","160","76","136","60","49","43","1567","297","163","87","32","57","136","84","22","22","0","13","41","68","204","111","200","96","228","80","146","55","112","52","171","84","112","51",
"1400000US18097320500","Census Tract 3205; Marion County; Indiana","3036","479","493","223","306","180","17","29","0","13","0","13","26","31","54","56","45","51","67","60","0","13","0","13","40","53","8","12","49","47","0","13","187","85","0","13","0","13","0","13","0","13","0","13","0","13","24","26","44","47","37","43","18","30","0","13","33","31","31","31","2543","530","1206","278","48","35","15","18","85","68","136","185","26","26","9","14","31","31","113","48","189","54","178","122","176","51","86","46","114","58","1337","283","38","29","12","14","139","71","96","118","8","11","28","28","93","59","137","56","211","144","64","39","310","119","99","43","102","49",
"1400000US18097320600","Census Tract 3206; Marion County; Indiana","2292","497","269","135","106","77","0","13","0","13","27","34","9","16","0","13","0","13","1","1","22","26","0","13","28","35","8","14","11","15","0","13","163","83","0","13","15","23","12","18","0","13","0","13","0","13","7","13","37","33","0","13","58","41","9","16","13","21","12","19","2023","522","1097","348","20","22","0","13","172","238","37","34","33","31","0","13","94","75","275","94","130","78","157","76","125","60","54","38","0","13","926","209","21","25","0","13","14","22","22","25","0","13","17","20","65","49","140","52","347","167","45","35","118","48","81","37","56","35",
"1400000US18097320700","Census Tract 3207; Marion County; Indiana","2151","321","169","90","74","62","0","13","0","13","15","30","0","13","0","13","0","13","9","13","9","15","9","17","30","31","0","13","2","7","0","13","95","49","0","13","0","13","0","13","0","13","0","13","0","13","38","36","9","19","0","13","12","17","11","17","18","19","7","11","1982","320","1112","252","25","30","15","20","28","30","58","60","0","13","62","97","86","66","292","112","219","92","185","72","72","40","53","29","17","17","870","144","0","13","75","54","53","52","0","13","0","13","0","13","51","36","216","77","130","61","111","54","133","63","65","30","36","38",
"1400000US18097320800","Census Tract 3208; Marion County; Indiana","2925","246","68","28","33","15","0","13","0","13","0","13","0","13","0","13","4","7","0","13","3","6","0","13","4","6","11","7","6","7","5","5","35","19","0","13","0","13","0","13","0","13","0","13","0","13","0","13","0","13","3","5","4","6","0","13","13","13","15","13","2857","246","1330","135","60","31","11","8","114","40","55","20","24","20","37","20","30","20","47","21","147","27","281","44","145","41","184","38","195","91","1527","138","55","22","20","17","108","37","84","30","8","7","49","19","57","25","90","30","170","37","229","40","237","51","191","41","229","96",
"1400000US18097320901","Census Tract 3209.01; Marion County; Indiana","5925","913","391","323","167","149","62","96","0","18","0","18","0","18","0","18","0","18","0","18","0","18","33","46","2","4","43","45","27","42","0","18","224","305","0","18","121","181","0","18","0","18","0","18","0","18","0","18","0","18","83","123","1","4","19","29","0","18","0","18","5534","929","3058","697","269","174","0","18","240","146","106","91","0","18","74","87","163","183","554","309","447","164","312","164","463","267","273","102","157","86","2476","330","116","112","16","27","175","127","97","76","34","53","54","59","13","21","150","101","448","143","191","108","621","252","396","110","165","88",
"1400000US18097320902","Census Tract 3209.02; Marion County; Indiana","3832","609","720","339","369","240","48","76","56","68","52","65","35","51","17","29","9","21","9","22","103","85","6","12","29","45","5","12","0","13","0","13","351","168","5","13","0","13","8","20","0","13","0","13","27","39","0","13","83","66","103","85","8","19","36","33","66","83","15","25","3112","572","1658","370","140","121","124","98","91","76","48","64","9","16","78","76","185","134","385","149","297","105","63","44","147","97","75","50","16","23","1454","300","75","87","43","65","72","67","111","100","0","13","0","13","130","102","288","116","303","122","185","106","145","65","61","47","41","31",
"1400000US18097320903","Census Tract 3209.03; Marion County; Indiana","5514","1122","1796","966","653","453","60","84","0","18","409","422","0","18","0","18","0","18","113","141","0","18","32","38","0","18","39","31","0","18","0","18","1143","608","30","52","35","44","165","145","151","147","0","18","23","40","109","112","356","293","197","133","31","32","46","49","0","18","0","18","3718","738","1672","353","82","85","92","70","127","94","22","25","53","64","74","76","330","224","237","136","224","93","135","143","219","117","42","37","35","41","2046","505","123","89","23","36","108","82","8","14","0","18","0","18","120","108","558","273","426","228","339","212","224","116","98","56","19","20",
"1400000US18097321001","Census Tract 3210.01; Marion County; Indiana","2908","501","467","198","154","81","73","39","0","13","61","33","0","13","0","13","0","13","0","13","0","13","0","13","0","13","0","13","20","30","0","13","313","205","0","13","0","13","72","98","119","72","0","13","0","13","24","37","18","33","64","43","16","26","0","13","0","13","0","13","2441","499","1061","271","7","20","21","39","77","90","89","109","43","68","15","24","125","155","127","102","153","115","106","87","156","117","62","53","80","51","1380","342","44","50","0","13","77","89","15","22","46","47","89","100","40","40","297","147","200","93","134","83","242","178","144","86","52","40",
"1400000US18097321002","Census Tract 3210.02; Marion County; Indiana","5292","1273","943","897","519","579","0","18","0","18","182","233","0","18","0","18","0","18","178","182","81","94","2","4","0","18","64","79","12","15","0","18","424","333","64","87","0","18","0","18","0","18","0","18","0","18","53","61","149","119","0","18","3","5","147","139","8","12","0","18","4349","1274","2394","831","54","62","18","29","125","72","123","111","39","44","21","27","581","538","292","228","217","124","176","83","430","235","249","129","69","46","1955","482","63","63","2","4","130","93","84","101","0","18","7","11","56","51","71","61","242","133","406","269","314","106","354","136","226","132",
"1400000US18097321100","Census Tract 3211; Marion County; Indiana","3718","531","248","85","143","53","0","13","0","13","4","6","2","3","0","13","2","4","17","23","15","11","4","5","29","22","23","21","44","33","3","4","105","62","0","13","0","13","0","13","4","6","4","6","3","7","11","16","10","11","1","2","6","7","50","59","3","4","13","13","3470","530","1608","201","64","52","22","23","157","62","36","25","3","4","24","26","50","37","205","86","255","63","192","58","297","131","216","64","87","33","1862","400","76","75","11","13","174","69","32","24","2","4","17","20","85","37","365","229","198","47","184","58","396","151","181","66","141","57",
"1400000US18097321200","Census Tract 3212; Marion County; Indiana","5140","925","364","197","130","81","0","18","13","12","0","18","13","13","0","18","0","18","0","18","12","20","14","22","13","22","0","18","65","70","0","18","234","132","0","18","0","18","38","31","15","24","17","27","0","18","7","13","36","57","22","32","14","22","30","27","55","60","0","18","4776","918","2166","329","136","63","15","24","211","103","142","149","17","27","19","31","78","65","604","166","341","199","214","80","164","81","156","63","69","56","2610","682","591","475","12","20","93","55","72","51","17","25","46","41","185","130","498","128","358","200","248","122","250","97","122","53","118","91",
"1400000US18097321300","Census Tract 3213; Marion County; Indiana","2663","343","245","141","72","62","0","13","0","13","0","13","0","13","0","13","0","13","33","39","0","13","0","13","0","13","23","35","16","20","0","13","173","100","0","13","0","13","0","13","0","13","0","13","0","13","85","69","42","36","0","13","9","14","37","40","0","13","0","13","2418","346","1187","258","153","124","0","13","29","35","0","13","0","13","0","13","81","68","444","136","218","94","108","70","118","65","22","18","14","17","1231","170","106","75","0","13","22","26","0","13","0","13","37","34","127","69","496","130","154","69","117","53","18","20","96","55","58","39",
"1400000US18097321400","Census Tract 3214; Marion County; Indiana","4931","530","361","254","217","196","17","28","0","13","16","27","0","13","0","13","0","13","103","129","0","13","19","31","44","70","16","25","2","7","0","13","144","161","0","13","0","13","0","13","65","98","0","13","0","13","0","13","14","23","54","64","0","13","11","19","0","13","0","13","4570","597","2009","375","92","66","28","37","53","55","34","35","13","21","58","59","182","96","812","264","167","84","102","70","196","147","239","141","33","37","2561","357","104","88","0","13","85","35","80","40","7","12","135","127","154","95","661","190","200","71","530","177","267","117","309","136","29","35",
"1400000US18097321600","Census Tract 3216; Marion County; Indiana","5629","949","1061","598","626","364","306","263","0","18","40","67","0","18","0","18","0","18","44","72","13","22","1","3","2","5","40","50","165","233","15","26","435","270","43","71","94","91","0","18","0","18","0","18","0","18","133","150","130","103","0","18","0","18","0","18","0","18","35","44","4568","927","2115","381","335","227","0","18","88","104","125","162","0","18","21","32","135","186","360","182","170","71","240","161","287","122","154","92","200","125","2453","674","117","103","47","47","275","395","41","47","36","45","0","18","261","274","409","183","241","122","330","214","231","126","360","195","105","89",
"1400000US18097321700","Census Tract 3217; Marion County; Indiana","4127","493","377","196","146","121","0","13","0","13","0","13","0","13","0","13","0","13","1","6","14","22","70","106","24","41","19","31","18","27","0","13","231","157","0","13","0","13","0","13","0","13","0","13","0","13","129","137","66","72","0","13","22","35","0","13","0","13","14","21","3750","437","1708","302","91","62","0","13","9","17","48","76","0","13","0","13","199","219","494","124","343","133","34","51","258","68","156","97","76","63","2042","273","169","98","0","13","213","111","4","14","0","13","0","13","50","50","672","170","241","125","167","93","157","81","215","117","154","102",
"1400000US18097321800","Census Tract 3218; Marion County; Indiana","3237","581","53","39","31","29","0","13","0","13","0","13","0","13","0","13","0","13","12","20","8","12","0","13","11","17","0","13","0","13","0","13","22","22","0","13","0","13","0","13","0","13","0","13","0","13","0","13","8","12","0","13","9","15","5","8","0","13","0","13","3184","582","1431","302","56","49","70","46","127","152","35","35","13","22","11","19","48","35","233","60","199","120","227","76","163","46","150","57","99","34","1753","310","32","27","24","34","237","150","57","54","12","20","20","22","93","50","327","63","261","148","279","80","165","57","142","55","104","48",
"1400000US18097321900","Census Tract 3219; Marion County; Indiana","3388","637","727","320","446","296","0","18","0","18","0","18","0","18","0","18","0","18","435","296","0","18","11","17","0","18","0","18","0","18","0","18","281","196","0","18","0","18","0","18","0","18","0","18","0","18","278","196","1","4","1","3","0","18","0","18","1","3","0","18","2661","562","1230","250","70","56","15","26","178","113","21","24","26","27","0","18","1","2","163","66","232","115","109","46","212","82","118","50","85","49","1431","357","178","128","112","131","61","42","30","30","14","21","45","41","62","49","211","76","220","108","207","59","81","35","115","58","95","44",
"1400000US18097322000","Census Tract 3220; Marion County; Indiana","3313","612","589","239","311","164","0","13","0","13","54","69","0","13","12","18","0","13","140","117","58","49","21","31","10","18","0","13","7","11","9","14","278","111","27","45","0","13","10","17","16","24","0","13","13","19","36","35","30","28","85","64","0","13","30","39","10","16","21","24","2724","573","1194","276","32","32","0","13","80","59","104","70","40","39","12","19","0","13","269","123","124","53","140","70","190","150","173","116","30","30","1530","363","76","58","0","13","103","70","42","41","0","13","20","21","211","105","179","92","364","262","201","75","180","76","101","50","53","50",
"1400000US18097322100","Census Tract 3221; Marion County; Indiana","3073","632","495","487","255","320","111","182","0","13","61","103","0","13","0","13","0","13","28","28","0","13","32","53","12","17","10","16","1","3","0","13","240","186","14","23","0","13","0","13","0","13","0","13","14","22","28","32","121","146","20","33","9","16","34","37","0","13","0","13","2578","451","1288","280","144","112","78","83","162","94","15","23","53","77","20","25","57","70","177","107","190","83","144","64","137","62","95","50","16","21","1290","276","124","71","64","85","157","107","33","30","0","13","0","13","51","57","244","103","249","81","166","101","96","77","73","45","33","33",
"1400000US18097322200","Census Tract 3222; Marion County; Indiana","2196","283","125","76","76","70","0","13","0","13","0","13","0","13","0","13","0","13","31","44","24","23","0","13","14","21","0","13","7","11","0","13","49","31","6","13","0","13","0","13","0","13","0","13","0","13","21","20","20","17","2","6","0","13","0","13","0","13","0","13","2071","292","1130","195","129","65","24","22","94","40","42","31","6","9","30","24","34","30","197","68","194","49","156","47","99","58","66","35","59","25","941","137","60","33","9","11","75","27","54","37","21","25","17","24","37","26","155","48","155","39","146","46","72","52","57","22","83","33",
"1400000US18097322300","Census Tract 3223; Marion County; Indiana","2327","354","208","121","96","85","0","13","0","13","0","13","0","13","0","13","0","13","0","13","29","42","9","15","45","68","0","13","6","13","7","12","112","75","11","17","0","13","0","13","0","13","0","13","0","13","32","40","24","23","28","32","5","9","12","14","0","13","0","13","2119","370","1140","338","86","51","7","11","67","34","23","21","0","13","0","13","164","181","323","90","122","38","144","151","120","27","61","36","23","17","979","178","140","89","6","9","42","30","4","7","11","13","63","72","35","32","238","65","181","58","108","82","71","42","62","38","18","17",
"1400000US18097322400","Census Tract 3224; Marion County; Indiana","2706","319","166","96","120","80","0","13","0","13","0","13","0","13","0","13","0","13","25","27","35","36","0","13","0","13","51","59","9","14","0","13","46","50","0","13","0","13","0","13","0","13","0","13","0","13","13","21","0","13","0","13","33","45","0","13","0","13","0","13","2540","326","1131","253","59","40","26","24","24","22","16","23","13","21","26","39","104","85","299","108","298","138","54","69","125","52","74","33","13","19","1409","253","71","64","0","13","18","27","24","28","13","21","31","50","308","199","370","133","201","82","66","48","159","55","135","46","13","22",
"1400000US18097322500","Census Tract 3225; Marion County; Indiana","1626","327","267","101","144","73","0","13","0","13","12","18","0","13","0","13","0","13","14","22","49","50","20","18","23","24","5","8","14","20","7","10","123","53","0","13","0","13","0","13","0","13","0","13","0","13","10","16","33","32","37","30","11","13","12","13","7","10","13","15","1359","321","678","166","47","55","0","13","93","110","24","37","0","13","5","8","96","81","140","93","122","88","39","36","83","46","29","24","0","13","681","242","25","39","0","13","69","65","107","124","0","13","6","10","21","22","131","85","160","101","59","40","55","33","47","35","1","3",
"1400000US18097322601","Census Tract 3226.01; Marion County; Indiana","2075","450","914","318","297","204","50","80","0","13","49","71","0","13","37","54","0","13","129","157","0","13","0","13","32","50","0","13","0","13","0","13","617","200","32","48","0","13","51","81","50","73","88","89","10","16","78","76","66","75","139","81","27","41","48","48","28","47","0","13","1161","405","598","286","0","13","0","13","166","170","49","72","42","43","12","21","99","74","63","74","81","70","20","33","31","36","25","41","10","17","563","261","0","13","0","13","75","86","24","40","0","13","0","13","76","72","62","93","37","46","77","60","109","72","41","41","62","39",
"1400000US18097322602","Census Tract 3226.02; Marion County; Indiana","1789","440","74","46","22","24","0","13","0","13","0","13","0","13","0","13","0","13","0","13","0","13","0","13","0","13","22","24","0","13","0","13","52","41","0","13","0","13","0","13","0","13","0","13","0","13","0","13","0","13","29","35","0","13","0","13","10","16","13","15","1715","442","892","243","58","64","0","13","67","66","0","13","0","13","13","17","88","68","54","43","105","75","135","105","182","147","45","39","145","153","823","272","21","31","0","13","38","53","76","118","16","24","0","13","64","39","142","65","38","35","116","114","92","36","140","100","80","60",
"1400000US18097322700","Census Tract 3227; Marion County; Indiana","1815","366","273","245","51","47","0","13","0","13","0","13","0","13","0","13","0","13","0","13","0","13","22","35","0","13","0","13","0","13","29","35","222","234","0","13","0","13","0","13","0","13","0","13","0","13","0","13","0","13","0","13","2","2","113","193","87","127","20","24","1542","276","789","131","20","31","0","13","29","47","61","48","0","13","36","42","40","45","26","30","99","42","177","66","88","52","111","63","102","58","753","213","0","13","0","13","24","38","49","59","34","35","34","35","66","47","51","35","100","54","142","79","152","54","32","26","69","44",
"1400000US18097330103","Census Tract 3301.03; Marion County; Indiana","3926","616","245","103","77","65","0","13","0","13","0","13","0","13","0","13","0","13","0","13","45","55","16","27","0","13","16","27","0","13","0","13","168","104","0","13","0","13","0","13","0","13","0","13","0","13","71","81","36","50","31","49","0","13","17","31","13","21","0","13","3681","650","1792","422","267","252","0","13","52","72","16","25","0","13","0","13","155","109","306","159","195","120","221","138","212","90","167","83","201","194","1889","353","78","114","0","13","99","102","49","58","0","13","0","13","98","80","227","128","220","123","281","162","327","111","396","241","114","72",
"1400000US18097330105","Census Tract 3301.05; Marion County; Indiana","4587","973","455","292","112","93","0","13","0","13","0","13","0","13","0","13","0","13","1","4","2","4","55","67","32","51","0","13","22","39","0","13","343","277","0","13","0","13","0","13","0","13","0","13","30","45","187","259","0","13","20","28","1","4","0","13","72","74","33","39","4132","934","2034","439","26","39","52","77","139","85","87","93","0","13","93","142","230","169","358","186","307","212","285","143","300","93","91","57","66","63","2098","677","102","95","0","13","129","131","122","156","56","68","25","42","155","146","198","170","681","429","122","88","305","108","180","110","23","29",
"1400000US18097330106","Census Tract 3301.06; Marion County; Indiana","4811","1132","962","675","498","376","194","207","0","13","0","13","0","13","0","13","0","13","63","92","60","96","139","150","42","48","0","13","0","13","0","13","464","315","162","178","0","13","0","13","88","105","0","13","0","13","67","54","35","59","43","64","34","41","21","31","0","13","14","21","3849","922","2099","709","185","255","0","13","193","176","200","214","0","13","0","13","36","43","790","472","243","129","114","82","166","110","138","102","34","40","1750","363","60","95","0","13","90","148","163","115","24","51","50","69","134","110","388","190","256","161","216","102","140","84","143","91","86","60",
"1400000US18097330107","Census Tract 3301.07; Marion County; Indiana","4861","450","216","103","115","71","0","13","0","13","0","13","0","13","0","13","39","61","0","13","0","13","0","13","24","36","0","13","35","39","17","26","101","67","0","13","0","13","0","13","0","13","0","13","0","13","12","18","17","27","0","13","0","13","44","51","28","31","0","13","4645","468","2139","263","47","34","0","13","115","69","25","26","41","36","122","79","147","96","267","101","210","66","245","99","453","97","270","118","197","91","2506","386","45","41","20","32","97","58","111","90","71","93","51","58","64","71","223","87","358","106","303","245","603","115","286","128","274","123",
"1400000US18097330108","Census Tract 3301.08; Marion County; Indiana","4052","914","90","113","41","56","0","13","0","13","0","13","0","13","0","13","0","13","0","13","0","13","0","13","0","13","41","56","0","13","0","13","49","58","0","13","0","13","0","13","0","13","0","13","0","13","0","13","9","14","0","13","0","13","40","55","0","13","0","13","3962","909","2003","462","138","65","11","19","207","225","21","23","0","13","59","42","59","43","334","194","271","172","219","57","288","72","267","72","129","58","1959","473","252","248","35","30","91","85","47","38","9","14","15","17","58","35","306","191","333","185","165","51","199","52","294","117","155","63",
"1400000US18097330109","Census Tract 3301.09; Marion County; Indiana","4896","982","112","106","70","65","0","13","0","13","0","13","0","13","0","13","0","13","6","10","41","59","0","13","6","10","0","13","0","13","17","29","42","43","0","13","0","13","0","13","0","13","0","13","0","13","0","13","0","13","22","33","3","7","1","6","16","27","0","13","4784","976","2264","458","81","67","41","41","129","81","75","63","0","13","137","167","98","88","353","124","418","246","108","100","414","111","341","161","69","53","2520","624","329","297","35","38","115","81","81","129","37","44","42","48","62","63","539","326","262","91","230","117","370","91","334","85","84","54",
"1400000US18097330203","Census Tract 3302.03; Marion County; Indiana","5055","575","185","241","141","183","0","18","0","18","94","122","47","61","0","18","0","18","0","18","0","18","0","18","0","18","0","18","0","18","0","18","44","58","0","18","0","18","0","18","0","18","0","18","0","18","0","18","0","18","0","18","44","58","0","18","0","18","0","18","4870","571","2517","422","188","112","14","24","86","73","116","143","38","46","116","94","73","58","228","141","227","88","380","174","496","139","380","106","175","83","2353","269","145","77","107","83","115","66","138","95","37","41","19","30","61","74","188","110","210","65","321","141","583","157","346","105","83","52",
"1400000US18097330204","Census Tract 3302.04; Marion County; Indiana","5968","813","69","82","23","38","0","18","0","18","0","18","0","18","0","18","0","18","0","18","0","18","0","18","0","18","0","18","23","38","0","18","46","48","0","18","0","18","0","18","0","18","0","18","0","18","5","12","0","18","0","18","0","18","41","48","0","18","0","18","5899","834","2859","436","61","62","63","67","314","168","132","108","38","50","122","90","198","135","228","143","578","152","183","81","430","148","442","267","70","48","3040","467","65","80","0","18","339","153","53","80","146","96","48","59","345","202","166","112","444","130","380","116","651","400","329","115","74","55",
"1400000US18097330206","Census Tract 3302.06; Marion County; Indiana","5035","749","75","76","10","15","0","18","0","18","0","18","0","18","0","18","0","18","0","18","0","18","0","18","0","18","0","18","10","15","0","18","65","68","0","18","0","18","0","18","0","18","0","18","0","18","18","28","0","18","0","18","21","26","0","18","9","15","17","27","4960","747","2340","325","227","144","12","19","148","86","85","52","37","35","84","70","176","94","232","126","280","80","477","209","333","83","214","93","35","29","2620","557","440","415","5","8","121","75","104","66","50","41","132","67","127","59","231","91","459","188","422","105","326","128","150","84","53","40",
"1400000US18097330208","Census Tract 3302.08; Marion County; Indiana","3002","420","51","43","30","31","0","13","0","13","0","13","0","13","0","13","0","13","11","17","0","13","0","13","10","21","0","13","9","15","0","13","21","23","0","13","0","13","0","13","0","13","0","13","0","13","10","14","0","13","0","13","0","13","11","17","0","13","0","13","2951","427","1381","236","188","80","33","31","109","93","0","13","0","13","0","13","23","22","331","181","152","74","189","75","195","77","131","47","30","27","1570","285","153","108","102","98","113","73","30","26","0","13","27","28","55","34","349","150","155","71","141","74","243","69","120","43","82","46",
"1400000US18097330210","Census Tract 3302.10; Marion County; Indiana","6438","995","640","568","240","159","0","18","0","18","0","18","20","35","0","18","60","92","14","26","0","18","71","102","75","118","0","18","0","18","0","18","400","481","168","259","0","18","81","126","0","18","0","18","0","18","0","18","0","18","68","88","0","18","64","89","19","34","0","18","5798","980","2384","682","249","136","0","18","244","150","113","117","0","18","341","335","109","91","256","168","256","117","314","268","374","146","57","66","71","80","3414","598","163","107","0","18","365","211","150","136","105","99","287","142","418","227","362","181","798","281","375","131","82","63","296","132","13","21",
"1400000US18097330211","Census Tract 3302.11; Marion County; Indiana","5377","750","1284","618","400","236","111","161","0","18","76","92","59","88","20","35","0","18","42","64","0","18","26","45","0","18","22","36","44","42","0","18","884","456","143","171","49","86","111","159","0","18","0","18","0","18","173","178","228","142","44","43","0","18","91","93","45","41","0","18","4093","757","2088","452","117","112","117","104","248","175","0","18","0","18","158","114","423","240","339","204","196","116","181","106","235","126","43","36","31","34","2005","443","139","105","38","59","123","134","184","146","30","49","63","81","172","182","223","116","309","165","275","130","308","163","97","80","44","43",
"1400000US18097330212","Census Tract 3302.12; Marion County; Indiana","5412","861","430","230","162","97","10","17","0","18","0","18","62","48","0","18","0","18","0","18","20","25","58","45","0","18","0","18","12","19","0","18","268","141","11","19","0","18","80","57","0","18","0","18","68","52","0","18","30","31","68","37","11","16","0","18","0","18","0","18","4982","865","2216","527","183","157","0","18","214","294","183","203","0","18","0","18","74","75","556","379","465","237","241","139","133","90","141","96","26","33","2766","553","63","68","23","42","446","327","138","139","79","104","92","111","477","319","231","150","377","181","398","168","251","123","76","62","115","75",
"1400000US18097330213","Census Tract 3302.13; Marion County; Indiana","3820","988","371","349","310","327","0","13","0","13","0","13","0","13","0","13","0","13","226","319","28","44","0","13","1","2","54","77","1","2","0","13","61","76","0","13","0","13","0","13","0","13","0","13","0","13","8","12","0","13","0","13","0","13","53","75","0","13","0","13","3449","749","1868","468","171","103","0","13","109","80","96","92","0","13","25","31","88","82","424","337","168","69","186","97","260","101","184","96","157","62","1581","332","28","40","13","22","65","70","12","20","28","37","0","13","319","264","225","82","152","74","131","82","361","138","124","67","123","48",
"1400000US18097330401","Census Tract 3304.01; Marion County; Indiana","5754","810","140","107","17","30","0","18","0","18","0","18","0","18","0","18","0","18","9","16","0","18","0","18","0","18","8","14","0","18","0","18","123","104","0","18","0","18","0","18","0","18","0","18","0","18","50","54","0","18","0","18","55","69","11","18","7","12","0","18","5614","803","2672","452","113","95","81","136","274","171","80","76","102","94","39","45","115","103","232","163","441","209","331","147","371","148","276","117","217","129","2942","538","185","154","35","61","43","63","21","36","89","89","33","44","250","229","609","235","303","171","356","143","398","179","350","99","270","113",
"1400000US18097330500","Census Tract 3305; Marion County; Indiana","6010","1220","868","486","187","135","0","18","0","18","0","18","0","18","0","18","0","18","0","18","27","44","82","114","0","18","0","18","64","99","14","21","681","410","0","18","0","18","220","317","39","66","0","18","63","69","0","18","128","194","110","108","0","18","121","126","0","18","0","18","5142","1166","2146","529","34","88","23","37","156","107","122","127","0","18","0","18","140","102","104","92","492","267","398","296","250","128","225","71","202","90","2996","801","83","90","24","42","284","287","81","64","40","70","29","47","266","251","252","169","203","147","506","282","524","178","386","114","318","106",
"1400000US18097330600","Census Tract 3306; Marion County; Indiana","6381","1134","753","527","547","479","0","18","0","18","18","28","70","102","0","18","0","18","25","44","0","18","2","4","12","19","420","502","0","18","0","18","206","205","58","93","18","28","0","18","27","44","0","18","29","46","0","18","0","18","17","28","32","48","25","40","0","18","0","18","5628","1081","2842","529","163","90","71","97","317","181","207","239","0","18","69","75","379","253","560","281","532","242","100","82","178","161","105","64","161","62","2786","711","241","260","216","258","258","198","101","118","62","120","33","48","229","146","720","373","468","235","50","58","259","107","36","35","113","70",
"1400000US18097330701","Census Tract 3307.01; Marion County; Indiana","2354","754","49","57","8","16","0","13","0","13","0","13","0","13","0","13","0","13","0","13","0","13","0","13","0","13","0","13","8","16","0","13","41","51","0","13","0","13","0","13","0","13","0","13","0","13","0","13","0","13","0","13","0","13","6","10","7","14","28","47","2305","771","1033","382","0","13","0","13","204","198","0","13","0","13","0","13","57","68","402","325","53","49","168","159","84","70","65","64","0","13","1272","461","0","13","0","13","123","102","233","196","29","47","18","32","0","13","125","57","305","294","188","162","197","136","54","58","0","13",
"1400000US18097330702","Census Tract 3307.02; Marion County; Indiana","4288","714","1265","409","447","173","63","83","14","22","105","77","11","33","19","35","0","13","12","28","0","13","140","84","37","64","22","34","24","29","0","13","818","294","61","88","0","13","133","76","117","101","26","43","0","13","47","67","77","85","106","73","83","72","125","155","43","48","0","13","3023","733","1629","550","275","332","128","100","87","98","0","13","0","13","116","139","106","89","125","89","422","195","122","90","150","84","70","64","28","31","1394","319","74","100","33","49","118","119","35","52","0","13","65","83","39","53","220","111","225","125","136","90","67","52","197","89","185","132",
"1400000US18097330803","Census Tract 3308.03; Marion County; Indiana","3681","878","1584","623","631","333","223","216","0","13","149","136","61","56","13","19","11","18","101","115","0","13","40","63","12","20","0","13","11","18","10","16","953","386","63","73","37","60","189","145","53","53","14","22","0","13","107","93","320","274","73","62","24","25","51","57","22","23","0","13","2097","631","940","316","30","49","0","13","100","90","93","92","0","13","106","104","137","114","155","133","103","79","124","100","49","62","12","20","31","31","1157","404","88","96","17","26","48","76","67","77","30","46","13","21","57","72","279","241","199","97","153","96","56","53","139","76","11","18",
"1400000US18097330804","Census Tract 3308.04; Marion County; Indiana","3031","915","584","320","374","230","85","131","0","13","52","66","0","13","0","13","0","13","26","32","145","115","0","13","0","13","17","25","49","75","0","13","210","126","17","30","0","13","0","13","0","13","0","13","0","13","13","22","115","99","8","14","0","13","20","28","10","15","27","30","2447","896","1467","745","35","41","0","13","71","45","23","27","0","13","0","13","180","144","465","311","166","70","310","248","40","39","170","176","7","12","980","306","80","83","0","13","172","126","40","48","29","40","0","13","42","53","182","116","137","81","124","67","92","63","56","32","26","27",
"1400000US18097330805","Census Tract 3308.05; Marion County; Indiana","2195","511","490","339","240","187","33","54","0","13","64","103","40","59","0","13","0","13","0","13","21","34","8","13","34","51","10","16","30","26","0","13","250","171","0","13","0","13","20","31","33","53","25","40","0","13","0","13","40","61","0","13","47","51","20","26","65","61","0","13","1705","409","782","220","105","85","0","13","0","13","73","81","23","30","0","13","54","56","208","125","75","59","22","24","97","64","71","60","54","49","923","259","177","113","0","13","54","69","17","37","15","27","10","17","96","89","141","96","83","70","41","45","196","84","49","35","44","44",
"1400000US18097330806","Census Tract 3308.06; Marion County; Indiana","5002","1344","2425","1243","1273","780","244","187","0","18","612","579","89","108","0","18","50","75","83","97","28","44","126","112","2","4","39","64","0","18","0","18","1152","538","122","96","0","18","224","303","111","99","17","27","65","69","65","77","91","87","242","129","25","35","147","172","43","49","0","18","2577","739","841","235","5","23","0","18","125","87","46","70","0","18","0","18","109","104","107","102","191","106","92","95","101","67","30","32","35","31","1736","622","99","97","120","119","118","155","140","126","45","68","80","75","222","174","329","208","170","102","80","65","165","85","126","84","42","33",
"1400000US18097330900","Census Tract 3309; Marion County; Indiana","6368","989","1467","544","382","271","0","18","0","18","73","116","73","116","0","18","0","18","35","55","38","70","13","22","17","33","121","111","0","18","12","20","1085","506","144","196","0","18","0","18","0","18","0","18","59","94","113","132","440","364","56","76","87","108","116","83","43","42","27","33","4901","1128","2285","573","277","201","155","134","542","232","62","77","0","18","0","18","98","81","477","234","75","76","350","251","45","42","120","75","84","57","2616","649","356","304","127","158","74","87","0","18","0","18","0","18","429","255","376","208","185","117","601","275","255","149","71","57","142","64",
"1400000US18097331000","Census Tract 3310; Marion County; Indiana","4128","1067","1549","967","651","406","74","87","0","13","173","191","110","169","10","21","59","58","47","50","59","62","11","17","51","36","35","32","0","13","22","33","898","579","56","66","0","13","91","138","178","197","0","13","33","51","3","5","268","223","62","51","125","136","45","51","25","40","12","18","2579","543","1117","297","113","103","0","13","51","76","6","11","7","13","39","57","116","94","120","91","88","84","181","83","179","80","113","63","104","51","1462","320","124","114","0","13","52","78","53","78","0","13","50","62","132","78","112","76","246","114","221","96","139","70","153","79","180","68",
"1400000US18097340101","Census Tract 3401.01; Marion County; Indiana","4979","729","489","270","299","228","80","91","0","13","11","17","15","20","0","13","4","11","0","13","23","34","0","13","0","13","10","16","0","13","156","189","190","94","12","19","7","12","24","36","0","13","0","13","0","13","6","10","40","37","44","39","16","24","24","29","0","13","17","23","4490","722","2039","385","154","120","0","13","141","73","62","40","11","16","41","35","206","108","274","150","210","92","267","118","272","114","189","102","212","160","2451","472","95","58","11","14","160","111","58","58","10","17","88","69","283","172","273","91","283","94","263","97","364","146","386","222","177","92",
"1400000US18097340102","Census Tract 3401.02; Marion County; Indiana","3550","517","1011","417","468","233","118","189","0","13","82","53","39","38","18","23","0","13","40","44","23","28","40","40","51","79","25","41","22","24","10","15","543","331","83","88","0","13","0","13","49","48","28","34","66","79","86","82","72","52","59","68","4","9","51","60","25","38","20","27","2539","445","1172","222","36","38","0","13","104","87","21","33","23","25","0","13","146","95","74","51","180","99","105","61","176","92","191","95","116","51","1367","320","36","37","0","13","133","112","24","33","11","18","15","29","82","75","158","118","133","79","54","44","304","133","179","86","238","98",
"1400000US18097340108","Census Tract 3401.08; Marion County; Indiana","2954","570","941","601","410","228","66","47","0","13","53","81","0","13","0","13","40","60","47","53","11","17","54","48","56","65","83","74","0","13","0","13","531","394","24","39","0","13","158","166","55","81","0","13","0","13","127","95","0","13","89","50","77","75","0","13","0","13","1","2","2013","400","1083","245","42","58","0","13","108","99","70","60","0","13","0","13","88","75","246","92","229","102","199","99","67","43","34","29","0","13","930","264","51","60","19","29","85","57","40","38","0","13","0","13","138","94","246","159","144","77","92","59","51","44","54","33","10","16",
"1400000US18097340111","Census Tract 3401.11; Marion County; Indiana","3272","437","48","42","34","35","0","13","0","13","0","13","0","13","0","13","0","13","11","16","23","33","0","13","0","13","0","13","0","13","0","13","14","21","0","13","0","13","0","13","0","13","0","13","0","13","14","21","0","13","0","13","0","13","0","13","0","13","0","13","3224","448","1593","367","105","63","0","13","156","115","81","84","11","19","44","37","316","200","260","113","212","102","221","97","113","58","57","35","17","30","1631","253","53","52","11","17","107","60","97","65","44","46","13","21","127","70","267","133","316","83","190","86","157","58","209","99","40","37",
"1400000US18097340112","Census Tract 3401.12; Marion County; Indiana","4098","414","483","306","145","105","0","13","26","46","61","93","0","13","0","13","0","13","0","13","0","13","0","13","0","13","0","13","49","39","9","13","338","214","91","106","0","13","0","13","0","13","0","13","0","13","0","13","75","87","34","54","0","13","50","44","18","25","70","95","3615","487","1645","255","5","55","0","13","47","75","92","108","0","13","46","50","244","93","244","133","347","147","159","66","183","102","170","102","108","70","1970","372","115","124","0","13","144","141","91","70","6","10","87","88","153","89","286","155","294","116","290","112","140","66","122","76","242","96",
"1400000US18097340113","Census Tract 3401.13; Marion County; Indiana","4169","556","656","320","131","112","22","30","0","13","0","13","39","55","0","13","0","13","49","57","0","13","0","13","0","13","12","27","9","15","0","13","525","271","23","31","17","26","203","139","18","26","0","13","0","13","30","31","44","42","38","54","100","72","52","54","0","13","0","13","3513","713","1813","489","26","40","149","213","114","115","120","117","0","13","39","47","129","94","157","66","351","221","210","106","256","81","105","62","157","96","1700","362","136","119","0","13","135","127","29","48","14","27","59","51","14","16","135","72","365","161","195","119","144","50","120","52","354","214",
"1400000US18097340114","Census Tract 3401.14; Marion County; Indiana","4428","429","274","120","151","86","0","13","0","13","0","13","5","7","0","13","5","7","15","24","55","55","0","13","21","28","50","44","0","13","0","13","123","80","0","13","24","35","4","8","0","13","0","13","0","13","7","12","16","25","16","21","30","28","0","13","0","13","26","28","4154","424","2078","252","209","90","18","25","93","52","183","146","18","21","31","30","118","55","309","98","275","87","271","61","202","63","193","46","158","102","2076","274","112","83","0","13","106","68","156","70","17","23","80","47","107","66","247","106","298","53","341","76","234","72","284","156","94","50",
"1400000US18097340115","Census Tract 3401.15; Marion County; Indiana","5419","771","548","289","186","140","0","18","0","18","19","44","0","18","3","6","0","18","3","6","67","69","44","62","0","18","17","26","26","40","7","14","362","244","0","18","0","18","56","80","0","18","42","62","25","39","21","33","86","83","6","16","17","25","16","27","93","93","0","18","4871","739","2325","436","181","183","0","18","104","97","69","60","9","14","60","59","299","169","716","247","301","140","230","161","175","92","152","69","29","32","2546","554","166","231","0","18","150","133","105","106","0","18","50","79","284","140","353","207","437","172","248","128","400","112","270","190","83","60",
"1400000US18097340201","Census Tract 3402.01; Marion County; Indiana","3474","567","637","323","352","188","37","49","0","13","31","41","0","13","42","50","0","13","46","74","38","56","132","104","0","13","18","23","0","13","8","14","285","171","0","13","0","13","93","91","0","13","0","13","0","13","0","13","56","56","72","63","26","43","9","15","29","38","0","13","2837","579","1331","321","204","168","0","13","45","58","37","45","10","15","12","20","140","103","201","100","200","128","226","101","49","33","186","146","21","19","1506","361","145","175","95","86","183","144","39","49","0","13","40","40","172","100","234","119","109","79","180","90","120","62","115","53","74","43",
"1400000US18097340202","Census Tract 3402.02; Marion County; Indiana","4881","575","1016","543","353","221","108","98","0","13","81","85","0","13","0","13","0","13","7","11","129","110","0","13","28","34","0","13","0","13","0","13","663","383","70","94","48","78","109","99","58","58","15","27","52","53","78","81","117","103","28","32","79","60","0","13","0","13","9","15","3865","624","1979","464","365","347","17","24","103","69","55","50","20","21","34","38","185","78","302","130","163","76","322","148","206","84","83","52","124","55","1886","318","171","126","31","32","116","69","111","74","0","13","66","68","233","137","236","113","229","90","244","95","137","68","166","111","146","65",
"1400000US18097340301","Census Tract 3403.01; Marion County; Indiana","4199","1185","1484","1196","491","509","80","115","20","46","72","103","3","23","2","21","0","13","0","13","17","33","297","362","0","13","0","13","0","13","0","13","993","976","364","386","46","67","176","226","46","67","0","13","0","13","0","13","294","329","20","32","0","13","31","43","0","13","16","25","2715","1017","1382","702","220","161","126","103","89","110","73","94","0","13","28","48","90","76","190","152","121","96","355","306","73","71","0","13","17","26","1333","430","122","120","37","63","147","131","37","62","21","38","0","13","100","103","322","176","93","95","253","81","76","113","96","100","29","52",
"1400000US18097340302","Census Tract 3403.02; Marion County; Indiana","5263","1049","1354","820","517","386","89","130","88","127","70","113","0","18","0","18","13","34","84","131","173","192","0","18","0","18","0","18","0","18","0","18","837","652","257","273","0","18","107","137","98","142","0","18","0","18","217","181","47","70","100","100","0","18","11","27","0","18","0","18","3909","847","2263","499","360","139","0","18","0","18","87","125","52","100","17","36","121","108","511","191","296","217","227","175","439","262","116","91","37","62","1646","450","40","83","110","181","0","18","31","46","0","18","151","163","319","155","237","166","239","150","114","104","337","228","6","51","62","73",
"1400000US18097340400","Census Tract 3404; Marion County; Indiana","4071","741","853","570","292","195","25","39","0","13","0","13","64","101","0","13","0","13","51","81","74","71","17","25","16","26","45","66","0","13","0","13","561","420","66","105","0","13","0","13","20","32","16","26","49","77","111","120","105","134","44","69","87","78","52","83","11","17","0","13","3218","689","1890","519","138","120","46","68","199","128","67","60","94","89","34","34","265","258","305","151","356","193","167","138","109","74","110","47","0","13","1328","332","164","126","41","65","43","45","23","31","0","13","81","115","41","46","231","131","205","92","206","119","89","62","111","46","93","101",
"1400000US18097340500","Census Tract 3405; Marion County; Indiana","5013","909","1454","684","534","401","0","18","0","18","0","18","0","18","0","18","77","85","341","378","81","123","0","18","23","35","12","18","0","18","0","18","920","452","0","18","0","18","0","18","140","157","0","18","0","18","127","110","139","175","106","84","124","143","269","324","0","18","15","18","3559","801","1510","337","170","136","46","63","118","109","0","18","82","103","21","36","394","245","95","85","160","60","143","52","74","63","176","72","31","53","2049","593","164","130","0","18","23","40","89","96","0","18","0","18","302","216","398","160","192","154","171","104","282","124","170","152","258","200",
"1400000US18097340600","Census Tract 3406; Marion County; Indiana","5789","819","1211","450","658","256","67","77","40","61","13","28","0","18","0","18","29","47","108","115","78","65","45","40","59","54","106","112","106","66","7","11","553","277","22","34","54","67","28","55","35","56","30","49","10","22","85","70","102","80","32","53","0","18","61","47","68","50","26","33","4578","841","2320","496","85","91","0","18","160","93","269","185","0","18","175","154","162","100","541","286","215","113","266","112","303","129","88","48","56","35","2258","461","199","198","0","18","55","59","189","127","57","70","40","63","288","207","314","147","250","120","287","156","282","126","187","99","110","98",
"1400000US18097340700","Census Tract 3407; Marion County; Indiana","4659","827","1228","709","543","353","23","37","0","13","53","77","86","124","0","13","0","13","39","47","156","211","26","39","53","54","93","134","14","21","0","13","685","424","114","123","75","69","155","161","0","13","0","13","47","68","8","16","151","147","55","58","14","22","24","23","28","33","14","30","3431","626","1500","372","114","103","69","104","194","161","156","203","74","114","19","40","109","90","114","94","163","144","193","108","186","113","40","38","69","51","1931","462","106","118","0","13","285","262","0","13","0","13","254","158","124","100","351","179","140","130","168","117","115","82","334","170","54","47",
"1400000US18097340800","Census Tract 3408; Marion County; Indiana","1791","274","214","120","151","88","0","13","19","21","15","16","0","13","5","8","32","37","36","37","0","13","8","11","32","25","4","6","0","13","0","13","63","46","0","13","0","13","10","16","0","13","0","13","12","17","0","13","0","13","22","21","13","15","6","9","0","13","0","13","1577","289","857","176","17","28","5","8","96","62","9","14","7","12","24","19","92","83","122","69","93","47","98","44","162","49","76","36","56","27","720","160","9","19","0","13","40","40","12","19","0","13","14","16","77","47","106","54","69","28","119","73","105","47","76","35","93","47",
"1400000US18097340901","Census Tract 3409.01; Marion County; Indiana","4163","556","127","133","41","46","0","13","0","13","13","20","0","13","0","13","0","13","0","13","6","9","22","29","0","13","0","13","0","13","0","13","86","98","12","23","0","13","22","42","12","20","0","13","0","13","0","13","9","16","16","22","0","13","9","14","6","10","0","13","4036","533","1960","410","175","90","31","48","247","146","140","119","0","13","96","141","117","99","170","108","370","150","253","105","162","67","168","68","31","35","2076","281","146","95","67","72","197","123","36","35","25","45","23","30","159","95","375","130","390","119","185","89","241","87","173","67","59","43",
"1400000US18097340903","Census Tract 3409.03; Marion County; Indiana","1689","365","186","157","14","23","0","13","0","13","0","13","0","13","0","13","0","13","0","13","0","13","0","13","0","13","0","13","14","23","0","13","172","153","0","13","0","13","0","13","0","13","0","13","0","13","0","13","154","153","10","17","0","13","0","13","0","13","8","13","1503","380","653","246","41","43","0","13","36","36","0","13","0","13","0","13","185","146","198","151","157","108","3","8","18","30","8","14","7","17","850","261","0","13","3","8","16","26","12","25","0","13","0","13","90","101","264","150","59","48","121","113","145","140","8","14","132","149",
"1400000US18097340904","Census Tract 3409.04; Marion County; Indiana","4652","666","302","188","130","105","0","13","0","13","0","13","0","13","0","13","0","13","0","13","0","13","0","13","69","110","23","38","38","47","0","13","172","173","0","13","0","13","0","13","0","13","0","13","0","13","0","13","0","13","0","13","100","130","0","13","0","13","72","88","4350","677","2174","382","275","178","21","38","182","131","0","13","26","41","27","35","136","106","467","208","307","164","150","105","250","103","267","254","66","59","2176","544","212","158","14","32","285","292","25","32","0","13","0","13","321","193","321","196","246","156","176","106","264","155","191","94","121","94",
"1400000US18097341000","Census Tract 3410; Marion County; Indiana","1773","245","89","60","30","23","0","13","0","13","0","13","0","13","0","13","0","13","15","16","0","13","7","12","8","12","0","13","0","13","0","13","59","43","0","13","0","13","0","13","15","24","0","13","5","8","6","9","0","13","8","12","0","13","10","12","11","18","4","7","1684","228","876","158","75","58","16","17","78","58","40","30","0","13","0","13","49","34","120","56","106","44","188","60","89","46","67","40","48","23","808","136","29","24","20","16","58","44","21","19","0","13","15","16","22","18","125","60","129","32","118","49","129","40","76","24","66","31",
"1400000US18097341100","Census Tract 3411; Marion County; Indiana","1987","427","421","181","314","161","0","13","32","43","0","13","17","25","0","13","0","13","25","28","47","59","0","13","33","31","31","47","129","135","0","13","107","44","0","13","0","13","0","13","0","13","0","13","0","13","20","26","0","13","31","25","40","37","7","11","9","14","0","13","1566","442","921","255","104","91","0","13","49","53","37","48","71","61","35","38","84","51","140","76","99","74","154","89","115","77","31","23","2","8","645","226","46","47","0","13","0","13","7","17","0","13","0","13","133","128","128","68","74","53","99","71","69","42","60","23","29","24",
"1400000US18097341200","Census Tract 3412; Marion County; Indiana","2134","704","439","243","147","100","0","13","22","33","0","13","0","13","0","13","0","13","58","86","0","13","0","13","38","42","29","24","0","13","0","13","292","164","0","13","0","13","56","53","16","26","0","13","43","40","0","13","29","32","45","48","14","25","27","25","43","29","19","21","1695","746","854","347","0","13","9","15","54","53","3","19","139","187","9","13","104","84","105","79","192","135","17","16","150","98","52","52","20","22","841","430","100","84","0","13","0","13","52","57","0","13","87","77","139","91","0","13","209","159","78","81","69","38","7","10","100","70",
"1400000US18097341600","Census Tract 3416; Marion County; Indiana","1870","390","693","295","305","151","97","73","0","13","76","62","0","13","0","13","9","14","50","61","1","2","0","13","18","27","47","40","7","11","0","13","388","177","55","65","12","21","49","52","11","19","0","13","21","34","26","35","58","50","32","39","43","41","14","16","59","75","8","13","1177","316","559","118","17","20","0","13","74","80","14","22","0","13","0","13","30","34","187","102","45","41","44","49","96","47","43","24","9","14","618","249","19","29","0","13","17","28","0","13","21","31","18","25","83","74","64","64","51","57","50","36","132","63","57","26","106","142",
"1400000US18097341701","Census Tract 3417.01; Marion County; Indiana","2087","299","756","237","373","151","0","13","0","13","37","52","50","53","33","45","0","13","13","21","72","83","36","46","38","68","54","71","40","49","0","13","383","128","10","18","0","13","138","68","52","60","42","55","13","23","0","13","9","16","65","20","27","45","17","26","0","13","10","15","1331","286","729","200","67","91","11","17","28","40","0","13","0","13","33","41","25","34","61","45","77","54","102","100","248","136","54","48","23","29","602","143","0","13","0","13","16","26","19","31","0","13","0","13","14","18","85","74","85","87","65","62","156","49","78","51","84","50",
"1400000US18097341702","Census Tract 3417.02; Marion County; Indiana","2280","832","362","263","226","143","17","34","0","13","23","32","0","13","0","13","0","13","13","25","133","122","13","26","13","24","14","23","0","13","0","13","136","152","0","13","16","32","32","64","0","13","15","31","0","13","0","13","32","32","19","33","13","26","0","13","2","4","7","12","1918","839","834","388","27","40","0","13","72","84","65","77","23","28","23","28","21","29","98","149","296","190","129","64","25","26","55","53","0","13","1084","634","28","43","0","13","178","212","156","200","42","34","40","41","63","50","190","195","114","64","106","61","25","25","100","62","42","37",
"1400000US18097341902","Census Tract 3419.02; Marion County; Indiana","4211","698","641","535","247","225","35","46","0","13","106","105","0","13","0","13","0","13","0","13","79","114","0","13","0","13","27","28","0","13","0","13","394","338","68","85","0","13","60","63","118","123","0","13","0","13","17","24","95","81","19","20","0","13","16","20","0","13","1","3","3570","656","1779","345","140","72","104","95","82","53","9","15","11","18","20","27","204","100","220","106","177","98","200","119","328","59","150","49","134","112","1791","363","68","48","13","20","150","115","62","37","5","12","133","92","82","50","229","80","245","156","168","77","257","69","190","63","189","79",
"1400000US18097341903","Census Tract 3419.03; Marion County; Indiana","5861","956","1643","831","793","448","120","172","0","18","119","141","76","84","0","18","48","80","0","18","0","18","313","263","72","86","0","18","45","70","0","18","850","514","0","18","75","121","112","137","65","74","0","18","78","100","0","18","148","147","232","154","94","108","46","73","0","18","0","18","4218","877","2196","565","122","174","67","97","225","148","171","175","0","18","19","40","48","68","491","290","370","353","342","164","185","119","113","62","43","50","2022","584","133","198","0","18","304","272","19","31","94","107","122","126","166","171","395","248","177","106","330","219","136","101","89","143","57","54",
"1400000US18097341904","Census Tract 3419.04; Marion County; Indiana","2252","304","261","127","171","92","20","30","10","15","19","31","11","18","0","13","8","14","41","33","6","10","27","34","17","26","4","6","8","13","0","13","90","51","0","13","0","13","0","13","0","13","0","13","0","13","46","37","15","17","20","24","9","13","0","13","0","13","0","13","1991","303","864","112","37","39","0","13","55","53","31","39","10","14","56","50","88","62","181","77","165","58","93","52","77","44","34","25","37","25","1127","281","127","121","8","11","78","54","13","19","53","36","28","30","131","81","223","118","204","80","131","49","87","45","44","30","0","13",
"1400000US18097342000","Census Tract 3420; Marion County; Indiana","6703","1124","572","550","363","402","0","18","0","18","127","180","0","18","0","18","0","18","156","217","16","36","27","48","0","18","0","18","37","61","0","18","209","173","0","18","0","18","0","18","0","18","0","18","31","57","0","18","0","18","105","118","28","50","38","59","0","18","7","13","6131","1210","3179","525","308","193","35","57","266","222","195","162","54","83","57","65","191","150","427","181","427","191","417","242","571","277","190","79","41","46","2952","863","35","55","29","48","547","491","377","196","19","32","26","41","54","54","397","234","416","193","356","107","391","245","245","113","60","43",
"1400000US18097342101","Census Tract 3421.01; Marion County; Indiana","5660","728","1065","566","488","288","114","108","0","18","20","32","85","80","7","15","0","18","41","45","133","91","38","60","38","54","12","20","0","18","0","18","577","300","73","76","0","18","175","148","41","48","21","33","0","18","72","66","44","49","58","54","28","31","37","39","28","43","0","18","4595","700","1983","432","173","127","78","103","134","67","82","66","0","18","11","18","82","53","267","157","207","80","422","248","250","103","222","137","55","37","2612","475","146","113","0","18","228","167","84","111","29","51","229","140","180","113","481","206","243","116","409","212","307","113","229","63","47","31",
"1400000US18097342200","Census Tract 3422; Marion County; Indiana","5630","926","1189","849","448","304","0","18","127","189","0","18","29","44","0","18","0","18","0","18","220","181","0","18","72","67","0","18","0","18","0","18","741","560","133","194","0","18","131","145","0","18","0","18","23","41","75","85","242","257","1","3","92","84","44","47","0","18","0","18","4441","1177","2201","640","280","175","0","18","251","164","24","39","0","18","78","103","321","238","113","102","395","157","336","326","135","97","96","83","172","133","2240","625","112","104","0","18","187","153","231","186","0","18","81","108","140","117","135","133","342","170","493","381","182","117","222","235","115","74",
"1400000US18097342300","Census Tract 3423; Marion County; Indiana","6367","859","530","317","236","176","17","31","61","76","43","54","0","18","0","18","0","18","0","18","57","75","0","18","0","18","0","18","58","60","0","18","294","167","0","18","0","18","50","85","16","28","0","18","0","18","0","18","27","35","47","57","65","64","32","38","57","59","0","18","5837","832","2916","552","165","151","92","142","258","192","109","111","235","229","171","96","137","132","394","188","228","166","465","230","473","231","141","129","48","44","2921","536","146","139","0","18","193","166","93","157","166","76","55","81","191","140","511","197","649","222","240","141","397","185","180","88","100","91",
"1400000US18097342400","Census Tract 3424; Marion County; Indiana","1609","266","451","242","236","128","8","12","0","13","39","49","0","13","24","33","0","13","8","13","26","29","28","28","42","56","61","49","0","13","0","13","215","124","8","12","0","13","30","37","16","21","7","12","29","32","21","29","18","26","39","33","0","13","27","30","20","30","0","13","1158","276","623","152","58","43","36","45","3","6","11","16","0","13","3","7","31","31","67","38","97","52","119","59","100","57","75","33","23","25","535","162","0","13","0","13","71","66","11","14","0","13","0","13","49","42","75","46","85","49","61","50","117","78","53","28","13","16",
"1400000US18097342500","Census Tract 3425; Marion County; Indiana","4984","806","972","491","478","280","148","238","0","18","0","18","50","67","0","18","0","18","66","66","67","75","15","25","31","47","63","56","28","26","10","14","494","264","108","102","0","18","43","71","13","20","9","14","17","27","34","39","106","101","61","64","40","59","46","45","7","12","10","16","4012","800","2073","523","168","136","124","111","270","212","119","100","0","18","90","77","71","67","390","183","209","109","151","55","164","82","255","114","62","38","1939","377","86","55","65","68","343","129","57","46","11","20","60","70","115","73","345","167","210","88","216","97","213","111","170","90","48","32",
"1400000US18097342600","Census Tract 3426; Marion County; Indiana","3473","667","750","374","318","129","0","13","14","22","26","31","0","13","21","38","0","13","16","24","21","25","51","47","58","70","77","56","10","18","24","38","432","271","67","72","15","24","21","35","40","51","0","13","28","47","29","49","65","49","42","55","38","56","63","66","24","41","0","13","2723","616","1347","435","36","42","22","32","68","74","20","26","113","87","33","54","136","119","268","147","151","129","197","118","110","82","187","131","6","12","1376","330","94","109","0","13","96","130","26","25","0","13","0","13","109","85","243","111","132","55","132","80","414","258","104","60","26","25",
"1400000US18097350100","Census Tract 3501; Marion County; Indiana","1460","391","60","41","36","27","0","13","0","13","0","13","0","13","0","13","0","13","19","20","0","13","0","13","11","18","6","9","0","13","0","13","24","22","0","13","0","13","0","13","0","13","0","13","0","13","0","13","0","13","0","13","10","17","14","20","0","13","0","13","1400","391","659","212","13","22","0","13","152","157","0","13","11","17","39","51","59","65","155","77","52","50","58","43","96","51","19","19","5","13","741","259","44","45","0","13","75","72","108","122","8","16","0","13","50","55","95","62","142","99","35","30","81","45","50","32","53","30",
"1400000US18097350300","Census Tract 3503; Marion County; Indiana","2818","411","1398","386","439","160","53","54","0","13","57","60","17","24","0","13","0","13","71","65","121","92","57","55","63","71","0","13","0","13","0","13","959","313","229","137","0","13","95","74","15","23","0","13","17","25","81","62","296","125","0","13","57","50","48","52","121","143","0","13","1420","448","716","252","26","53","0","13","0","13","0","13","0","13","37","49","22","40","178","116","73","70","194","126","83","56","44","35","59","49","704","268","0","13","0","13","41","64","24","38","0","13","0","13","27","31","104","59","122","93","145","135","120","80","77","64","44","42",
"1400000US18097350400","Census Tract 3504; Marion County; Indiana","2304","525","261","128","98","80","0","13","0","13","0","13","0","13","0","13","0","13","9","14","9","14","50","69","12","19","18","29","0","13","0","13","163","104","0","13","0","13","0","13","0","13","0","13","0","13","46","58","50","61","60","75","7","12","0","13","0","13","0","13","2043","512","1226","383","57","39","0","13","127","167","0","13","0","13","38","60","105","107","384","164","118","70","174","108","110","57","69","49","44","47","817","212","26","30","0","13","111","98","32","40","0","13","8","14","90","60","116","70","106","90","37","34","91","59","90","81","110","75",
"1400000US18097350500","Census Tract 3505; Marion County; Indiana","2384","493","844","416","350","202","16","27","13","19","83","91","52","63","8","11","43","45","84","76","9","15","0","13","9","12","17","24","16","25","0","13","494","244","110","74","0","13","13","17","10","16","0","13","26","29","109","120","71","74","55","53","22","31","11","13","37","60","30","35","1540","476","688","211","33","51","0","13","23","43","0","13","0","13","11","21","0","13","151","97","145","99","56","54","155","66","24","27","90","56","852","309","65","102","46","67","109","91","76","82","0","13","7","12","119","119","40","36","49","58","106","74","114","48","24","27","97","48",
"1400000US18097350600","Census Tract 3506; Marion County; Indiana","5417","829","1555","555","640","291","125","128","0","18","44","75","17","29","57","61","4","11","22","34","175","151","101","141","4","11","75","72","11","17","5","11","915","402","114","119","0","18","53","80","75","92","0","18","11","22","148","148","187","125","17","23","49","61","107","80","37","61","117","186","3862","705","1900","471","211","207","0","18","214","167","66","94","0","18","14","24","95","70","135","173","221","141","357","180","287","184","122","80","178","87","1962","399","25","29","0","18","248","150","101","111","0","18","80","82","68","78","109","83","266","136","140","99","279","122","163","73","483","225",
"1400000US18097350700","Census Tract 3507; Marion County; Indiana","1560","304","420","224","127","110","11","16","0","13","30","43","0","13","0","13","23","32","12","18","37","54","9","12","0","13","5","8","0","13","0","13","293","166","34","37","0","13","101","103","0","13","0","13","0","13","11","16","66","56","51","42","0","13","7","10","23","21","0","13","1140","321","629","234","31","49","0","13","50","40","16","26","0","13","25","31","44","50","63","64","44","41","101","45","54","37","24","29","177","194","511","154","24","26","0","13","23","25","11","16","5","8","0","13","33","31","56","46","69","53","72","41","101","63","45","42","72","41",
"1400000US18097350800","Census Tract 3508; Marion County; Indiana","2087","392","833","313","342","182","55","71","0","13","82","68","70","76","0","13","28","30","0","13","23","25","29","46","23","26","23","33","9","13","0","13","491","170","68","63","36","40","0","13","71","67","0","13","0","13","34","35","96","51","108","59","44","42","14","16","8","12","12","13","1254","342","599","189","64","46","33","52","100","77","23","25","0","13","16","23","26","29","138","71","64","50","50","46","46","45","5","9","34","38","655","180","77","68","0","13","13","23","50","40","0","13","0","13","101","85","81","54","39","28","144","67","82","40","36","23","32","25",
"1400000US18097350900","Census Tract 3509; Marion County; Indiana","1730","333","342","232","200","153","0","13","0","13","6","9","42","46","0","13","6","9","74","78","24","43","0","13","0","13","34","32","14","22","0","13","142","103","0","13","0","13","13","22","12","22","0","13","32","36","9","14","4","7","27","26","0","13","31","26","14","14","0","13","1388","302","702","184","24","22","20","20","68","44","37","40","0","13","10","15","80","80","250","123","106","47","53","34","47","36","7","11","0","13","686","168","88","66","0","13","56","38","15","24","0","13","16","24","16","15","188","67","164","83","19","28","47","26","43","35","34","30",
"1400000US18097351000","Census Tract 3510; Marion County; Indiana","2415","544","710","378","235","160","28","40","0","13","135","132","0","13","0","13","0","13","11","18","16","25","0","13","0","13","23","34","2","8","20","21","475","245","69","57","40","43","39","43","12","17","12","19","0","13","21","37","49","63","74","63","28","33","84","67","47","46","0","13","1705","558","710","323","140","135","0","13","31","41","0","13","45","50","0","13","48","69","96","118","160","103","111","85","14","23","34","29","31","40","995","341","33","45","0","13","54","54","35","38","17","32","18","31","57","57","90","82","110","87","104","72","387","268","37","35","53","45",
"1400000US18097351200","Census Tract 3512; Marion County; Indiana","2714","512","907","470","374","187","65","56","0","13","116","89","0","13","0","13","0","13","0","13","29","32","0","13","32","51","117","79","15","24","0","13","533","313","177","182","42","49","43","49","0","13","0","13","0","13","31","34","67","69","0","13","106","64","35","24","13","21","19","21","1807","643","905","469","48","71","7","11","118","152","26","43","0","13","44","66","42","63","64","55","31","37","22","37","237","233","225","188","41","50","902","329","18","24","43","66","12","18","98","99","0","13","1","9","85","64","79","86","118","75","89","72","135","120","148","107","76","63",
"1400000US18097351500","Census Tract 3515; Marion County; Indiana","1937","386","337","192","171","127","0","13","0","13","0","13","0","13","0","13","24","36","63","59","12","20","10","21","56","53","0","13","6","8","0","13","166","98","14","21","0","13","0","13","0","13","0","13","10","15","46","48","31","26","0","13","48","47","6","10","5","10","6","12","1600","376","813","244","15","22","39","36","41","43","13","20","0","13","0","13","40","32","390","218","136","66","90","53","11","15","14","12","24","24","787","220","84","79","15","25","58","45","0","13","0","13","21","25","35","25","293","93","78","46","55","42","97","50","36","19","15","16",
"1400000US18097351600","Census Tract 3516; Marion County; Indiana","2589","400","239","97","164","74","0","13","0","13","0","13","0","13","0","13","35","41","47","42","21","21","9","14","6","12","46","47","0","13","0","13","75","55","0","13","0","13","16","24","0","13","0","13","0","13","16","20","30","32","13","20","0","13","0","13","0","13","0","13","2350","410","1184","263","87","46","37","49","85","72","18","27","0","13","0","13","90","84","480","175","125","67","66","40","95","77","88","53","13","18","1166","269","54","42","34","24","50","26","47","29","22","33","61","94","68","77","332","110","188","101","106","62","156","105","48","38","0","13",
"1400000US18097351700","Census Tract 3517; Marion County; Indiana","2622","375","406","239","172","135","41","64","0","13","13","23","0","13","0","13","0","13","58","103","12","17","8","14","10","15","30","44","0","13","0","13","234","136","0","13","0","13","8","15","21","39","10","18","0","13","23","25","69","74","14","19","34","59","36","39","19","30","0","13","2216","415","1073","253","93","67","26","34","67","55","12","17","0","13","0","13","10","16","334","211","170","75","189","101","117","74","38","46","17","28","1143","309","75","78","40","38","62","44","47","45","0","13","0","13","81","59","202","112","172","56","152","108","110","68","87","62","115","93",
"1400000US18097351900","Census Tract 3519; Marion County; Indiana","2199","393","396","164","116","59","0","13","0","13","0","13","0","13","0","13","0","13","4","7","0","13","16","26","21","28","23","26","18","17","34","33","280","141","35","46","27","43","0","13","0","13","0","13","0","13","0","13","62","49","19","30","28","31","52","35","57","80","0","13","1803","434","690","217","32","45","0","13","33","45","8","13","0","13","83","87","68","51","80","74","42","48","135","87","24","26","101","55","84","57","1113","316","106","124","0","13","20","23","52","64","29","42","76","71","98","84","54","46","58","62","246","75","85","45","77","47","212","123",
"1400000US18097352100","Census Tract 3521; Marion County; Indiana","1880","492","782","345","401","155","85","74","0","13","52","52","0","13","23","35","0","13","44","44","12","19","31","41","66","43","57","55","6","9","25","23","381","237","16","24","17","24","70","62","76","102","0","13","49","73","6","9","29","28","53","46","42","46","10","19","6","10","7","11","1098","347","508","196","50","43","0","13","29","28","22","22","0","13","0","13","20","32","191","164","86","39","14","18","37","36","52","37","7","10","590","184","29","26","5","16","53","36","11","17","0","13","5","10","81","61","24","28","156","127","48","31","72","49","80","38","26","23",
"1400000US18097352300","Census Tract 3523; Marion County; Indiana","1186","273","267","154","106","63","21","30","0","13","7","11","21","29","0","13","7","16","0","13","0","13","0","13","12","12","20","23","10","14","8","12","161","110","0","13","21","30","0","13","0","13","0","13","0","13","16","23","58","71","27","26","0","13","25","40","10","14","4","7","919","262","480","152","18","21","0","13","56","61","27","42","0","13","11","16","64","72","25","27","30","34","111","90","42","35","89","40","7","10","439","152","0","13","6","10","0","13","0","13","16","29","11","16","25","26","49","48","68","53","39","46","57","42","152","131","16","17",
"1400000US18097352400","Census Tract 3524; Marion County; Indiana","3290","660","563","222","296","155","28","44","0","13","16","25","0","13","0","13","0","13","20","27","62","53","88","89","55","72","14","22","13","22","0","13","267","134","0","13","0","13","0","13","0","13","0","13","0","13","0","13","99","115","81","73","16","27","27","30","31","36","13","22","2727","724","1186","319","140","112","39","61","154","122","18","30","0","13","0","13","36","51","255","177","208","108","77","71","183","103","69","46","7","10","1541","481","202","168","44","69","146","132","170","137","0","13","38","55","120","97","197","124","197","86","117","99","197","83","77","49","36","37",
"1400000US18097352500","Census Tract 3525; Marion County; Indiana","3174","455","892","406","687","371","174","137","64","41","49","42","0","13","12","19","0","13","0","13","63","66","269","259","23","28","12","17","21","24","0","13","205","87","0","13","0","13","15","26","0","13","0","13","0","13","42","35","65","38","18","29","5","10","9","14","41","47","10","16","2282","345","1167","229","37","40","3","12","5","11","5","11","5","12","13","17","177","186","291","81","147","63","215","67","139","81","97","43","33","27","1115","225","13","20","0","13","44","66","24","38","7","12","0","13","67","68","290","88","72","43","252","125","146","59","160","104","40","34",
"1400000US18097352600","Census Tract 3526; Marion County; Indiana","3380","639","763","267","426","154","25","38","30","35","14","23","29","47","6","12","0","13","46","46","10","16","82","69","53","38","101","71","10","15","20","32","337","156","31","49","0","13","45","41","13","16","0","13","7","12","30","36","112","75","16","17","0","13","36","36","20","33","27","31","2617","613","1312","435","59","83","0","13","103","82","131","104","0","13","0","13","153","130","231","96","248","129","112","105","140","61","125","138","10","15","1305","323","47","41","14","22","110","94","20","30","32","34","47","51","108","79","285","173","232","115","102","63","156","114","62","39","90","108",
"1400000US18097352700","Census Tract 3527; Marion County; Indiana","2585","707","542","275","257","168","9","15","0","13","18","29","0","13","0","13","0","13","0","13","59","71","37","54","0","13","0","13","111","161","23","36","285","246","57","96","0","13","55","92","8","14","10","15","0","13","14","20","0","13","19","21","0","13","120","138","0","13","2","6","2043","708","1019","489","13","23","0","13","177","264","0","13","39","54","0","13","25","32","139","86","419","263","61","85","30","26","116","100","0","13","1024","304","32","35","0","13","182","126","60","97","0","13","0","13","56","60","211","85","97","75","4","6","18","20","167","148","197","154",
"1400000US18097352800","Census Tract 3528; Marion County; Indiana","1461","313","453","197","228","99","29","40","0","13","60","46","30","39","29","38","0","13","0","13","0","13","0","13","7","9","50","39","23","32","0","13","225","131","0","13","0","13","19","30","23","36","22","30","0","13","55","51","19","30","53","35","26","37","8","12","0","13","0","13","1008","310","492","153","37","49","0","13","73","52","0","13","0","13","0","13","55","52","114","84","62","55","15","23","82","54","47","38","7","12","516","185","0","13","0","13","46","47","0","13","0","13","0","13","50","38","159","122","78","45","25","33","93","58","26","19","39","32",
"1400000US18097353300","Census Tract 3533; Marion County; Indiana","2337","354","399","136","207","92","0","13","0","13","0","13","0","13","0","13","14","23","34","28","44","35","11","17","28","32","31","26","45","69","0","13","192","99","0","13","0","13","0","13","0","13","0","13","0","13","67","47","82","64","0","13","22","26","20","20","0","13","1","5","1938","348","1039","251","43","63","12","20","11","20","0","13","0","13","0","13","166","173","335","101","163","78","109","46","101","73","86","59","13","15","899","182","10","22","0","13","81","69","28","47","0","13","12","20","187","83","233","86","150","68","106","37","59","47","13","15","20","25",
"1400000US18097353500","Census Tract 3535; Marion County; Indiana","2145","372","1033","338","428","238","0","13","0","13","0","13","0","13","0","13","0","13","378","232","17","27","0","13","0","13","19","24","0","13","14","21","605","239","0","13","0","13","0","13","0","13","0","13","12","18","445","222","41","31","0","13","12","17","0","13","0","13","95","104","1112","235","666","194","0","13","0","13","27","35","0","13","4","20","0","13","206","147","300","177","47","45","14","16","39","44","0","13","29","27","446","119","0","13","0","13","0","13","0","13","0","13","0","13","85","75","163","105","22","34","92","19","0","13","54","40","30","28",
"1400000US18097353600","Census Tract 3536; Marion County; Indiana","2897","774","909","338","378","184","0","13","26","46","0","13","0","13","10","16","0","13","171","132","38","55","30","35","26","31","50","50","21","26","6","10","531","232","27","49","10","15","10","15","52","65","0","13","0","13","227","168","56","47","0","13","18","21","84","74","19","23","28","36","1988","743","1121","528","55","56","0","13","93","78","75","119","0","13","117","159","63","60","287","207","165","103","41","45","87","58","112","103","26","23","867","382","19","31","0","13","11","16","0","13","0","13","0","13","350","265","87","78","54","47","82","50","130","113","30","35","104","52",
"1400000US18097354201","Census Tract 3542.01; Marion County; Indiana","3953","394","675","215","480","143","0","13","0","13","0","13","0","13","0","13","0","13","34","48","132","118","30","23","149","88","90","71","45","33","0","13","195","152","0","13","0","13","0","13","0","13","0","13","0","13","0","13","47","52","0","13","25","37","45","74","0","13","78","121","3278","393","1916","333","19","33","0","13","0","13","0","13","17","22","0","13","192","126","925","300","262","129","107","71","101","69","213","109","80","70","1362","253","34","40","0","13","0","13","0","13","0","13","0","13","122","91","797","222","94","74","78","62","126","74","67","39","44","45",
"1400000US18097354202","Census Tract 3542.02; Marion County; Indiana","3424","654","510","184","171","145","0","13","0","13","0","13","0","13","0","13","0","13","79","120","11","24","0","13","0","13","74","91","7","12","0","13","339","145","0","13","0","13","0","13","0","13","0","13","15","24","23","28","89","88","13","21","0","13","113","97","68","76","18","29","2914","691","1721","663","52","51","0","13","0","13","0","13","0","13","0","13","39","46","600","219","365","260","222","262","191","64","224","164","28","41","1193","347","15","23","0","13","0","13","0","13","0","13","0","13","163","110","493","310","168","122","173","118","172","109","0","13","9","19",
"1400000US18097354400","Census Tract 3544; Marion County; Indiana","1410","318","167","72","115","45","0","13","0","13","0","13","0","13","0","13","0","13","0","13","6","9","64","45","9","12","23","23","5","7","8","12","52","33","0","13","0","13","0","13","0","13","0","13","0","13","0","13","19","16","0","13","0","13","6","8","9","13","18","25","1243","307","637","155","7","10","12","13","22","17","20","19","0","13","0","13","0","13","184","54","135","39","62","33","162","134","16","15","17","15","606","166","40","30","6","9","23","20","0","13","5","8","9","13","21","16","162","49","107","36","145","157","62","20","4","7","22","18",
"1400000US18097354500","Census Tract 3545; Marion County; Indiana","2012","385","564","248","210","87","29","28","0","13","34","38","17","19","0","13","0","13","18","11","28","19","20","17","39","32","15","20","10","14","0","13","354","237","0","13","24","38","32","40","24","38","13","15","11","18","0","13","47","32","148","188","14","15","31","26","4","7","6","11","1448","264","801","186","49","29","25","30","50","28","7","10","0","13","16","21","3","6","182","57","236","155","127","46","55","47","47","23","4","5","647","131","19","17","20","27","84","54","35","33","0","13","0","13","41","51","204","59","77","42","80","28","52","46","24","18","11","12",
"1400000US18097354700","Census Tract 3547; Marion County; Indiana","1484","270","526","231","247","172","0","13","9","14","9","13","0","13","0","13","0","13","5","12","180","155","6","10","7","13","19","21","12","19","0","13","279","115","52","53","0","13","9","15","30","51","8","14","0","13","59","46","41","42","20","23","40","35","0","13","20","22","0","13","958","228","559","154","54","54","0","13","47","38","58","32","15","19","0","13","49","51","122","71","94","49","57","30","32","22","23","25","8","11","399","130","16","26","0","13","0","13","4","6","31","30","45","31","42","47","79","40","114","52","15","20","27","20","19","19","7","10",
"1400000US18097354800","Census Tract 3548; Marion County; Indiana","1831","476","338","157","146","78","18","22","5","8","12","19","0","13","0","13","0","13","13","21","50","46","23","25","7","10","18","27","0","13","0","13","192","100","20","28","12","20","17","22","0","13","0","13","0","13","0","13","47","34","30","35","30","32","36","35","0","13","0","13","1493","495","959","324","88","53","0","13","196","148","138","53","0","13","40","52","73","67","110","53","161","138","49","35","51","41","33","28","20","21","534","192","72","76","19","23","65","93","0","13","8","12","0","13","42","34","159","57","62","40","57","34","0","13","32","28","18","13",
"1400000US18097354900","Census Tract 3549; Marion County; Indiana","2454","433","777","202","397","116","0","13","7","11","0","13","0","13","0","13","15","23","66","47","81","69","27","30","65","43","92","49","27","32","17","19","380","154","10","19","0","13","19","30","0","13","0","13","6","10","23","26","55","56","84","53","23","42","96","87","64","52","0","13","1677","403","1089","331","71","82","0","13","35","49","50","57","0","13","49","58","105","76","254","155","150","82","237","193","82","47","56","47","0","13","588","158","25","30","0","13","0","13","6","17","0","13","5","12","110","68","62","64","60","48","92","58","164","76","47","46","17","19",
"1400000US18097355000","Census Tract 3550; Marion County; Indiana","2220","477","1017","404","640","229","97","80","18","21","110","85","15","21","0","13","44","43","0","13","80","85","97","72","94","99","54","48","31","36","0","13","377","211","68","81","0","13","75","86","17","24","0","13","7","13","17","26","80","77","39","28","43","35","26","29","5","10","0","13","1203","354","632","242","101","80","0","13","63","50","63","50","10","18","48","39","29","36","60","46","49","35","47","45","73","40","75","42","14","17","571","198","25","36","0","13","0","13","0","13","6","11","0","13","62","67","233","136","107","66","40","28","49","24","42","35","7","11",
"1400000US18097355100","Census Tract 3551; Marion County; Indiana","2083","568","1125","525","570","373","37","59","31","36","31","36","0","13","0","13","14","22","24","29","26","31","31","33","100","64","255","372","21","24","0","13","555","292","113","127","37","59","44","60","16","24","0","13","0","13","48","46","29","40","85","61","44","34","69","49","70","46","0","13","958","252","355","113","0","13","22","34","6","11","10","17","0","13","0","13","63","63","98","59","27","26","14","15","65","35","31","20","19","17","603","185","65","57","0","13","100","66","0","13","9","12","0","13","19","20","169","70","114","62","47","31","36","22","33","21","11","11",
"1400000US18097355300","Census Tract 3553; Marion County; Indiana","2529","463","875","462","441","218","94","109","0","13","152","173","0","13","0","13","44","44","24","39","25","31","54","47","39","52","0","13","9","16","0","13","434","265","198","158","0","13","33","47","0","13","0","13","0","13","58","94","34","38","57","70","40","41","0","13","14","25","0","13","1654","347","850","228","111","109","0","13","52","56","0","13","0","13","0","13","0","13","144","91","118","84","92","70","190","97","96","63","47","35","804","184","10","16","0","13","59","87","11","16","0","13","0","13","21","26","261","97","101","77","108","103","163","92","52","36","18","16",
"1400000US18097355400","Census Tract 3554; Marion County; Indiana","2332","482","570","223","345","179","0","13","0","13","0","13","13","19","60","67","0","13","5","14","0","13","12","21","80","58","140","136","0","13","35","52","225","93","0","13","0","13","0","13","12","19","0","13","13","20","0","13","13","20","13","19","65","64","109","68","0","13","0","13","1762","478","804","274","13","18","0","13","53","47","43","49","0","13","14","22","0","13","307","241","135","108","76","55","99","73","45","38","19","21","958","290","0","13","0","13","142","126","83","100","0","13","43","60","86","62","218","142","170","72","55","42","134","49","20","21","7","12",
"1400000US18097355500","Census Tract 3555; Marion County; Indiana","4229","851","534","357","210","162","0","13","0","13","0","13","28","44","0","13","44","56","0","13","42","65","38","46","0","13","49","67","9","15","0","13","324","230","0","13","42","70","33","52","47","57","0","13","0","13","0","13","25","41","39","51","70","76","18","21","11","17","39","63","3695","968","1831","495","202","141","74","102","200","160","126","108","0","13","17","26","140","113","177","105","235","106","227","144","219","101","194","112","20","22","1864","551","171","142","0","13","160","134","122","142","0","13","0","13","59","58","470","219","93","69","111","65","389","203","139","78","150","86",
"1400000US18097355600","Census Tract 3556; Marion County; Indiana","2163","449","620","250","292","119","0","13","0","13","33","50","0","13","0","13","0","13","57","57","56","39","24","29","76","65","12","14","34","39","0","13","328","151","6","9","0","13","33","51","0","13","0","13","22","30","51","46","72","60","55","56","5","7","31","24","51","43","2","4","1543","434","886","320","73","76","0","13","49","40","27","34","25","28","80","91","114","62","34","30","177","88","112","78","117","98","57","28","21","17","657","159","32","40","0","13","77","58","28","41","4","7","8","14","50","36","97","65","86","45","78","56","87","41","66","33","44","25",
"1400000US18097355700","Census Tract 3557; Marion County; Indiana","2367","319","629","213","311","109","0","13","0","13","25","30","56","63","0","13","0","13","19","22","17","21","41","36","55","50","56","37","27","33","15","25","318","142","63","60","8","12","0","13","10","16","0","13","14","22","19","20","25","29","43","39","62","53","26","32","33","33","15","16","1738","327","936","223","34","50","0","13","37","45","16","18","0","13","57","54","105","54","116","58","46","53","119","82","179","96","82","62","145","117","802","208","35","52","8","12","14","21","28","36","0","13","47","44","71","46","65","51","75","52","106","56","64","45","119","55","170","145",
"1400000US18097355900","Census Tract 3559; Marion County; Indiana","2088","314","128","64","71","54","0","13","0","13","0","13","0","13","0","13","0","13","27","25","10","16","0","13","0","13","12","20","22","21","0","13","57","37","0","13","0","13","0","13","0","13","0","13","0","13","9","13","8","13","0","13","11","21","14","16","15","19","0","13","1960","317","958","197","12","15","0","13","44","45","16","19","0","13","0","13","53","42","353","124","197","103","134","121","57","52","63","43","29","28","1002","182","39","31","0","13","38","27","20","22","15","19","10","18","157","74","354","109","112","60","120","97","81","63","25","21","31","26",
"1400000US18097356200","Census Tract 3562; Marion County; Indiana","2137","250","132","55","61","36","0","13","0","13","0","13","0","13","0","13","0","13","36","29","16","20","4","7","0","13","5","8","0","13","0","13","71","37","0","13","0","13","0","13","0","13","0","13","0","13","31","27","27","22","0","13","0","13","13","16","0","13","0","13","2005","239","1102","221","74","62","0","13","5","8","12","12","6","9","0","13","74","42","556","199","173","57","70","41","64","51","52","27","16","20","903","119","44","27","0","13","20","16","0","13","0","13","7","9","90","49","387","98","113","51","61","30","89","49","46","23","46","45",
"1400000US18097356400","Census Tract 3564; Marion County; Indiana","4244","663","1639","534","739","288","100","70","92","93","47","43","19","29","0","13","42","38","86","69","94","110","71","56","93","66","75","54","20","22","0","13","900","398","2","12","0","13","102","94","226","255","7","14","0","13","217","172","93","85","143","96","13","18","78","63","7","13","12","19","2605","686","1518","392","66","62","13","20","63","69","58","58","0","13","0","13","190","139","469","243","155","115","277","163","136","89","59","72","32","31","1087","359","11","18","5","11","141","121","49","61","0","13","29","25","187","101","245","115","76","48","208","156","78","63","46","37","12","19",
"1400000US18097356900","Census Tract 3569; Marion County; Indiana","1935","325","528","133","189","73","9","16","0","13","18","21","30","28","0","13","0","13","33","36","12","29","17","16","9","13","42","35","19","15","0","13","339","105","0","13","0","13","26","28","31","26","0","13","47","44","59","38","55","37","31","30","26","24","30","32","20","24","14","22","1407","297","705","165","19","20","0","13","52","39","0","13","0","13","0","13","46","40","228","79","70","35","72","36","122","107","66","72","30","33","702","189","39","28","70","95","43","32","10","15","0","13","12","17","25","22","177","68","94","58","123","101","73","32","36","19","0","13",
"1400000US18097357000","Census Tract 3570; Marion County; Indiana","1900","420","307","118","135","77","0","13","0","13","31","34","0","13","0","13","0","13","10","12","26","24","0","13","39","41","29","26","0","13","0","13","172","81","0","13","0","13","0","13","0","13","0","13","11","18","33","40","7","10","50","50","28","30","43","32","0","13","0","13","1593","397","837","204","47","36","0","13","31","29","127","160","10","16","12","19","40","35","250","97","99","45","85","37","56","32","60","31","20","26","756","251","22","35","0","13","22","24","10","17","0","13","13","18","95","68","198","79","66","39","73","46","141","140","85","68","31","21",
"1400000US18097357100","Census Tract 3571; Marion County; Indiana","1951","354","344","222","147","95","13","20","0","13","64","86","0","13","0","13","7","10","0","13","32","37","0","13","19","19","12","13","0","13","0","13","197","137","40","54","0","13","0","13","37","49","0","13","0","13","4","6","50","36","29","31","28","25","6","9","3","5","0","13","1607","296","829","201","38","36","31","45","5","9","13","19","0","13","0","13","14","17","324","102","128","59","102","91","70","67","71","35","33","27","778","184","23","24","0","13","35","42","0","13","0","13","19","26","52","53","307","86","88","54","65","35","118","111","43","43","28","27",
"1400000US18097357200","Census Tract 3572; Marion County; Indiana","2286","509","567","217","230","110","14","22","12","21","0","13","8","14","0","13","35","54","24","30","36","50","34","35","46","45","10","15","0","13","11","17","337","145","14","23","0","13","8","15","0","13","0","13","0","13","24","28","121","88","8","13","42","41","86","63","23","25","11","16","1719","463","953","226","25","23","19","26","57","46","3","9","21","26","20","26","58","62","299","148","96","55","131","64","168","76","35","27","21","24","766","313","33","30","0","13","50","56","0","13","0","13","25","44","138","181","224","92","67","40","90","67","72","63","25","21","42","26",
"1400000US18097357300","Census Tract 3573; Marion County; Indiana","2024","362","856","329","266","101","7","16","25","38","108","78","11","18","0","13","0","13","0","13","113","86","0","13","2","6","0","13","0","13","0","13","590","260","0","13","0","13","219","160","12","20","0","13","12","19","5","12","130","84","15","21","12","16","52","56","22","32","111","82","1168","382","624","227","31","31","0","13","0","13","2","25","50","42","18","40","96","72","86","42","86","68","96","126","99","55","26","27","34","37","544","183","45","35","0","13","23","30","29","43","15","23","13","36","18","25","48","34","79","51","108","119","67","60","43","34","56","61",
"1400000US18097357400","Census Tract 3574; Marion County; Indiana","4749","1040","1907","627","887","358","92","64","7","13","130","130","0","18","0","18","151","137","275","244","13","23","32","30","0","18","100","74","87","69","0","18","1020","322","28","35","15","25","158","145","55","76","6","11","39","61","15","18","248","153","36","41","158","118","166","138","80","55","16","23","2842","967","1697","632","330","263","0","18","266","190","0","18","158","189","0","18","41","41","222","108","228","201","76","58","255","114","103","49","18","24","1145","382","26","28","0","18","175","244","0","18","0","18","26","45","70","63","131","156","124","115","185","105","64","61","185","90","159","118",
"1400000US18097357500","Census Tract 3575; Marion County; Indiana","3428","217","549","255","222","124","10","16","0","13","15","23","42","54","16","27","0","13","0","13","0","13","66","62","66","57","7","12","0","13","0","13","327","190","58","89","0","13","0","13","14","24","27","34","8","15","3","12","67","74","38","46","61","52","0","13","24","37","27","21","2879","340","1198","247","162","132","0","13","57","61","12","19","29","35","48","61","82","54","292","98","119","60","125","70","105","52","109","58","58","35","1681","266","117","111","23","30","110","59","46","41","15","24","76","85","243","146","255","96","208","94","214","113","155","63","140","50","79","53",
"1400000US18097357601","Census Tract 3576.01; Marion County; Indiana","4893","919","1853","851","773","501","12","21","0","18","0","18","84","96","89","80","89","80","15","25","64","80","298","229","108","107","0","18","14","20","0","18","1080","519","45","71","77","110","114","161","21","39","0","18","0","18","135","145","205","188","165","128","128","94","176","129","0","18","14","23","3040","617","1828","485","110","107","0","18","53","52","38","63","0","18","20","32","156","127","165","112","422","284","185","110","544","348","91","66","44","70","1212","277","0","18","0","18","46","54","0","18","17","27","0","18","203","129","218","110","48","52","287","194","241","92","122","95","30","38",
"1400000US18097357602","Census Tract 3576.02; Marion County; Indiana","1383","214","43","75","43","75","0","13","0","13","0","13","0","13","0","13","0","13","0","13","43","75","0","13","0","13","0","13","0","13","0","13","0","13","0","13","0","13","0","13","0","13","0","13","0","13","0","13","0","13","0","13","0","13","0","13","0","13","0","13","1340","207","771","205","121","119","9","21","119","95","50","66","0","13","0","13","32","43","162","111","45","58","68","97","24","37","40","52","101","84","569","98","0","13","12","29","70","63","0","13","7","13","0","13","180","157","128","98","41","50","6","11","25","34","96","67","4","7",
"1400000US18097357800","Census Tract 3578; Marion County; Indiana","1386","321","315","178","211","149","0","13","0","13","22","36","26","41","5","8","42","53","0","13","23","22","0","13","0","13","73","73","20","30","0","13","104","56","0","13","0","13","0","13","0","13","0","13","0","13","7","10","31","29","6","9","36","38","11","13","13","14","0","13","1071","244","540","162","74","79","0","13","60","54","29","36","0","13","0","13","32","23","105","46","76","48","66","33","47","29","36","21","15","16","531","132","0","13","0","13","25","33","12","17","0","13","0","13","7","10","175","77","103","47","38","28","105","43","49","29","17","14",
"1400000US18097357900","Census Tract 3579; Marion County; Indiana","3421","763","274","111","108","68","0","13","0","13","0","13","0","13","0","13","0","13","10","15","45","51","10","17","32","34","11","18","0","13","0","13","166","90","32","53","0","13","0","13","0","13","0","13","0","13","33","26","0","13","0","13","29","29","63","49","0","13","9","16","3147","761","1578","371","109","75","12","17","108","63","46","37","50","50","42","40","150","165","305","93","235","152","173","67","171","64","103","52","74","62","1569","437","29","34","10","16","111","74","17","28","115","125","32","35","87","61","422","180","292","159","74","46","182","95","140","78","58","39",
"1400000US18097358000","Census Tract 3580; Marion County; Indiana","1386","339","664","361","262","178","22","25","0","13","94","89","0","13","24","40","46","48","17","23","12","18","20","23","19","28","4","9","4","6","0","13","402","227","0","13","0","13","39","46","0","13","14","16","0","13","77","76","52","46","124","89","0","13","31","31","23","26","42","35","722","200","395","119","14","21","0","13","16","25","0","13","23","31","0","13","51","45","83","69","32","27","50","37","81","41","38","26","7","10","327","123","13","20","12","18","5","8","23","32","14","19","13","20","24","28","59","45","43","34","48","30","33","22","24","21","16","16",
"1400000US18097358100","Census Tract 3581; Marion County; Indiana","2389","574","294","116","165","104","0","13","0","13","49","63","0","13","0","13","0","13","14","21","45","48","18","27","12","22","27","33","0","13","0","13","129","52","0","13","0","13","0","13","0","13","0","13","0","13","28","31","37","31","0","13","27","24","0","13","37","35","0","13","2095","600","1102","323","56","89","0","13","88","84","54","53","0","13","0","13","121","85","161","95","136","68","277","208","62","54","92","65","55","63","993","372","0","13","18","29","100","118","25","29","18","24","32","49","10","16","111","86","141","75","320","315","156","53","62","47","0","13",
"1400000US18097360101","Census Tract 3601.01; Marion County; Indiana","2402","680","604","215","169","89","31","51","31","49","0","13","0","13","0","13","0","13","0","13","0","13","0","13","25","29","26","36","26","28","30","46","435","156","68","68","0","13","39","52","0","13","0","13","6","12","0","13","121","76","0","13","64","59","45","41","54","53","38","37","1798","652","669","256","0","13","0","13","15","23","34","55","13","23","12","21","81","87","36","56","176","148","90","57","103","73","59","37","50","47","1129","469","61","86","0","13","49","67","95","147","19","27","19","27","191","155","105","93","188","165","71","46","93","61","169","79","69","62",
"1400000US18097360102","Census Tract 3601.02; Marion County; Indiana","1924","439","463","228","190","106","0","13","0","13","24","33","0","13","0","13","22","44","30","40","45","48","0","13","0","13","11","23","58","55","0","13","273","144","0","13","0","13","25","33","30","58","0","13","0","13","2","15","28","39","76","72","63","77","34","33","15","19","0","13","1461","461","561","252","0","13","67","114","81","101","0","13","0","13","0","13","24","36","73","93","82","84","34","33","107","82","64","47","29","28","900","282","0","13","0","13","55","68","0","13","0","13","0","13","53","33","107","113","151","111","95","104","204","120","74","56","161","70",
"1400000US18097360201","Census Tract 3602.01; Marion County; Indiana","3941","816","664","573","308","335","0","13","0","13","45","51","0","13","0","13","0","13","0","13","245","328","11","28","7","12","0","13","0","13","0","13","356","269","50","56","0","13","0","13","0","13","0","13","0","13","0","13","0","13","43","50","15","26","217","231","31","50","0","13","3277","696","1796","510","69","94","0","13","113","111","75","110","12","17","22","24","161","147","446","271","304","147","336","347","163","108","48","75","47","41","1481","380","55","64","0","13","129","93","71","83","0","13","0","13","124","109","302","186","158","126","357","154","113","67","57","52","115","74",
"1400000US18097360202","Census Tract 3602.02; Marion County; Indiana","2744","515","809","475","493","357","0","13","0","13","50","59","47","71","52","61","0","13","33","55","59","97","74","72","75","107","18","28","85","86","0","13","316","171","0","13","0","13","47","57","40","59","0","13","0","13","0","13","0","13","50","59","64","72","28","47","59","48","28","39","1935","582","972","411","64","83","0","13","93","107","0","13","0","13","69","81","117","159","103","84","95","69","150","95","152","86","94","64","35","34","963","253","39","62","0","13","12","21","37","54","0","13","70","105","82","74","157","123","80","69","169","98","142","97","114","73","61","46",
"1400000US18097360301","Census Tract 3603.01; Marion County; Indiana","3642","510","512","262","250","168","16","26","0","13","25","30","49","72","0","13","0","13","30","52","59","72","0","13","16","24","35","44","0","13","20","24","262","130","41","50","10","18","0","13","0","13","0","13","0","13","50","67","69","39","35","50","24","27","13","20","0","13","20","23","3130","572","1633","402","80","68","73","107","299","174","0","13","0","13","27","36","265","159","165","89","367","134","91","67","139","80","120","63","7","12","1497","279","105","76","61","93","97","65","37","44","64","73","33","38","167","90","145","96","319","94","163","87","255","73","41","37","10","15",
"1400000US18097360302","Census Tract 3603.02; Marion County; Indiana","2852","679","1438","614","724","338","225","196","25","39","93","100","17","26","25","37","14","17","0","13","113","101","52","64","43","38","77","60","40","47","0","13","714","314","74","69","15","23","112","93","0","13","0","13","65","105","95","87","102","84","104","82","35","54","79","53","0","13","33","52","1414","392","820","296","17","27","8","18","112","96","24","36","27","37","3","17","47","63","247","192","53","50","114","77","84","52","73","28","11","18","594","181","25","30","0","13","59","51","0","13","0","13","0","13","56","65","155","99","33","40","80","49","63","41","120","97","3","6",
"1400000US18097360401","Census Tract 3604.01; Marion County; Indiana","6058","1044","1228","574","454","269","168","152","0","18","0","18","0","18","0","18","23","40","0","18","33","50","3","5","61","93","123","168","43","44","0","18","774","430","183","198","0","18","102","161","35","62","0","18","0","18","60","94","147","164","168","148","0","18","65","52","14","25","0","18","4830","1139","2679","766","146","113","0","18","290","225","0","18","44","72","44","72","411","517","352","237","155","121","648","399","285","130","151","119","153","98","2151","550","61","104","0","18","195","160","85","117","0","18","24","44","0","18","368","238","238","139","503","353","365","150","126","78","186","121",
"1400000US18097360402","Census Tract 3604.02; Marion County; Indiana","3202","1281","1515","1098","806","738","606","741","0","13","27","43","76","120","0","13","0","13","0","13","16","22","28","43","29","42","10","12","14","15","0","13","709","431","41","64","67","69","26","39","32","49","74","112","0","13","313","342","58","59","17","24","64","72","9","13","8","13","0","13","1687","558","627","167","0","13","25","36","44","51","44","51","0","13","45","44","102","103","19","25","120","91","72","62","69","53","72","42","15","15","1060","451","0","13","0","13","133","115","116","89","34","40","12","20","121","79","149","176","143","113","117","87","56","49","91","48","88","94",
"1400000US18097360405","Census Tract 3604.05; Marion County; Indiana","6490","828","493","233","279","185","14","24","0","18","47","75","0","18","0","18","0","18","25","39","65","66","3","3","20","33","105","155","0","18","0","18","214","155","0","18","0","18","0","18","0","18","0","18","0","18","0","18","52","67","0","18","46","55","105","140","11","20","0","18","5997","862","2627","561","385","230","90","123","115","167","148","160","20","32","96","85","116","113","410","218","347","147","401","158","239","102","202","87","58","40","3370","498","118","91","0","18","170","178","251","141","239","170","70","72","304","152","484","271","479","187","432","176","340","183","417","136","66","56",
"1400000US18097360406","Census Tract 3604.06; Marion County; Indiana","3678","648","406","231","109","112","0","13","0","13","0","13","0","13","0","13","0","13","0","13","42","71","43","55","0","13","24","44","0","13","0","13","297","179","0","13","0","13","60","93","0","13","0","13","25","42","37","69","76","74","0","13","99","131","0","13","0","13","0","13","3272","622","1785","465","0","13","0","13","211","129","115","87","22","33","58","79","104","112","399","299","125","93","561","354","82","79","108","76","0","13","1487","373","95","84","0","13","120","90","136","108","0","13","45","63","127","137","213","151","385","222","82","100","214","109","70","56","0","13",
"1400000US18097360407","Census Tract 3604.07; Marion County; Indiana","3216","850","300","263","148","146","22","39","0","13","66","76","0","13","0","13","21","40","14","23","0","13","16","29","0","13","9","17","0","13","0","13","152","132","0","13","0","13","20","43","26","41","0","13","21","39","0","13","13","22","51","54","0","13","21","30","0","13","0","13","2916","761","1282","411","74","113","49","85","30","39","0","13","99","99","126","104","25","34","137","113","229","197","156","92","235","109","104","63","18","27","1634","517","96","94","18","30","133","160","41","38","0","13","134","190","173","116","89","85","240","177","326","134","206","109","159","121","19","27",
"1400000US18097360501","Census Tract 3605.01; Marion County; Indiana","6097","952","498","351","224","225","8","25","0","18","7","25","7","25","5","19","8","15","38","64","100","156","0","18","24","42","0","18","27","43","0","18","274","219","0","18","0","18","0","18","0","18","0","18","90","106","0","18","7","24","50","76","63","76","1","4","17","27","46","53","5599","972","2664","630","129","122","0","18","163","97","189","138","49","72","127","121","439","295","163","105","437","181","274","129","425","235","182","108","87","84","2935","570","48","61","0","18","304","275","94","72","65","78","33","45","278","240","685","212","195","100","706","269","178","128","242","69","107","92",
"1400000US18097360502","Census Tract 3605.02; Marion County; Indiana","5819","870","651","570","295","230","52","87","0","18","0","18","54","83","66","67","0","18","0","18","0","18","1","5","78","73","1","4","43","62","0","18","356","420","54","87","0","18","52","85","104","171","0","18","0","18","3","5","66","85","0","18","39","62","25","32","0","18","13","21","5168","847","2464","582","242","126","135","173","241","176","87","99","0","18","110","118","104","106","216","172","264","92","122","108","397","129","457","262","89","82","2704","450","185","154","72","112","72","113","40","46","0","18","15","25","552","234","261","167","283","185","329","146","330","174","383","134","182","112",
"1400000US18097360601","Census Tract 3606.01; Marion County; Indiana","5202","769","516","343","205","146","0","18","0","18","16","19","17","23","0","18","0","18","47","74","11","15","9","14","14","20","46","57","29","38","16","24","311","215","0","18","0","18","34","38","68","83","18","19","40","62","0","18","8","14","21","26","33","49","16","17","7","11","66","68","4686","719","2394","528","174","118","69","77","306","188","55","38","119","65","79","70","123","80","434","173","227","97","168","89","370","135","159","63","111","63","2292","352","72","58","21","29","148","81","71","62","33","41","19","29","191","109","366","156","230","80","235","100","413","95","211","81","282","94",
"1400000US18097360602","Census Tract 3606.02; Marion County; Indiana","6164","1071","1103","538","542","272","30","46","0","18","170","214","0","18","0","18","0","18","166","198","72","85","0","18","64","70","19","34","21","32","0","18","561","294","48","70","0","18","0","18","0","18","0","18","0","18","196","164","76","72","221","187","3","4","17","31","0","18","0","18","5061","1203","2413","741","81","106","0","18","325","244","284","247","31","42","108","95","117","87","333","173","371","214","301","140","193","101","86","69","183","107","2648","779","62","97","0","18","218","179","96","154","61","87","149","200","231","140","351","233","346","187","321","165","321","142","308","185","184","94",
"1400000US18097360700","Census Tract 3607; Marion County; Indiana","2014","337","245","142","129","103","10","15","10","15","0","13","0","13","0","13","0","13","0","13","56","71","6","9","6","9","10","12","31","31","0","13","116","64","0","13","0","13","10","14","0","13","0","13","6","9","0","13","26","22","11","12","0","13","33","25","6","9","24","35","1769","311","799","174","23","20","6","8","11","12","67","45","6","9","48","37","59","66","95","46","102","53","189","73","65","34","82","36","46","25","970","179","45","34","6","9","73","48","12","20","31","19","5","8","77","50","106","41","178","68","111","49","143","51","140","72","43","24",
"1400000US18097360800","Census Tract 3608; Marion County; Indiana","2531","372","217","93","100","53","0","13","0","13","0","13","0","13","0","13","13","17","0","13","43","36","0","13","0","13","36","40","4","7","4","6","117","64","0","13","0","13","5","8","0","13","0","13","0","13","0","13","18","26","11","17","0","13","21","14","6","9","56","50","2314","365","1021","210","211","128","0","13","80","50","0","13","37","45","0","13","45","41","109","60","147","76","110","65","150","91","92","43","40","27","1293","233","120","114","59","62","38","35","40","32","0","13","15","19","194","139","61","39","180","76","141","64","144","83","157","64","144","71",
"1400000US18097360900","Census Tract 3609; Marion County; Indiana","5460","852","1867","620","713","362","81","72","130","199","34","39","0","18","0","18","0","18","17","24","1","3","46","46","68","80","113","117","178","142","45","51","1154","450","508","306","19","30","4","20","8","40","4","22","0","18","153","138","131","111","114","105","0","18","63","59","99","118","51","59","3593","737","1763","511","92","147","89","137","207","193","0","18","13","21","12","20","230","152","289","221","376","179","142","108","149","102","80","69","84","94","1830","389","111","154","0","18","0","18","58","93","0","18","18","29","154","137","250","158","379","152","186","124","254","163","172","101","248","151",
"1400000US18097361000","Census Tract 3610; Marion County; Indiana","2237","236","79","42","14","15","0","13","0","13","0","13","9","13","0","13","0","13","0","13","5","7","0","13","0","13","0","13","0","13","0","13","65","35","0","13","0","13","0","13","0","13","0","13","0","13","9","13","21","20","9","13","0","13","6","9","0","13","20","16","2158","235","1089","145","109","46","20","26","33","26","7","11","16","18","52","50","61","45","152","54","150","38","111","45","217","97","125","35","36","24","1069","139","62","34","11","15","32","24","22","20","0","13","27","25","74","43","213","67","108","39","152","48","180","59","120","34","68","35",
"1400000US18097361100","Census Tract 3611; Marion County; Indiana","3173","572","313","127","123","74","8","13","0","13","16","17","0","13","0","13","0","13","28","42","8","13","7","12","22","25","0","13","23","26","11","17","190","97","8","14","0","13","0","13","0","13","5","10","0","13","33","31","0","13","41","52","34","36","58","62","11","18","0","13","2860","600","1419","372","130","104","8","14","138","93","38","36","13","16","15","23","171","133","304","140","187","75","166","109","165","63","84","48","0","13","1441","288","82","49","2","16","70","38","43","44","0","13","44","54","113","104","259","111","202","77","265","123","208","84","106","59","47","35",
"1400000US18097361200","Census Tract 3612; Marion County; Indiana","3247","424","271","126","131","85","0","13","0","13","0","13","0","13","0","13","0","13","0","13","0","13","38","60","19","25","58","49","16","24","0","13","140","86","0","13","0","13","0","13","0","13","0","13","0","13","40","41","33","37","11","19","12","18","44","41","0","13","0","13","2976","407","1551","238","236","151","0","13","40","42","87","70","12","20","41","48","52","39","346","127","187","75","236","175","138","74","109","68","67","48","1425","241","159","81","18","25","62","51","84","85","0","13","0","13","162","84","260","121","149","65","153","79","183","133","93","63","102","53",
"1400000US18097361300","Census Tract 3613; Marion County; Indiana","2210","382","232","99","88","57","0","13","0","13","0","13","9","15","0","13","0","13","0","13","23","30","0","13","25","31","14","24","17","27","0","13","144","78","0","13","0","13","0","13","0","13","0","13","0","13","15","22","25","22","25","21","25","39","0","13","49","35","5","9","1978","379","1073","252","44","38","0","13","50","52","41","37","0","13","24","29","208","105","60","44","67","60","276","121","201","181","82","46","20","22","905","228","12","21","0","13","93","72","0","13","0","13","16","24","89","74","167","90","57","53","181","81","139","55","83","39","68","57",
"1400000US18097361401","Census Tract 3614.01; Marion County; Indiana","5468","1148","213","223","12","20","0","18","0","18","0","18","0","18","0","18","0","18","0","18","0","18","0","18","12","20","0","18","0","18","0","18","201","220","0","18","0","18","0","18","0","18","0","18","72","106","16","30","0","18","11","24","55","98","0","18","24","38","23","39","5255","1170","2659","467","157","135","24","45","129","109","164","136","0","18","172","121","157","143","327","198","371","84","748","315","184","99","141","73","85","62","2596","866","0","18","0","18","94","122","274","220","0","18","689","635","373","168","307","173","387","248","292","122","40","43","41","46","99","96",
"1400000US18097361402","Census Tract 3614.02; Marion County; Indiana","5728","1050","806","480","519","374","0","18","0","18","0","18","0","18","86","100","0","18","104","120","132","139","22","58","116","132","20","45","0","18","39","53","287","184","0","18","0","18","0","18","0","18","0","18","0","18","0","18","75","113","0","18","119","127","93","129","0","18","0","18","4922","962","2646","553","121","146","139","159","127","146","58","72","15","42","59","96","363","282","194","154","438","201","325","207","388","187","213","92","206","155","2276","598","180","213","0","18","137","166","168","133","0","18","0","18","278","249","595","238","181","203","69","72","317","133","227","112","124","97",
"1400000US18097361601","Census Tract 3616.01; Marion County; Indiana","5322","1135","183","181","89","95","0","18","0","18","0","18","38","58","0","18","0","18","20","31","0","18","31","37","0","18","0","18","0","18","0","18","94","112","22","38","0","18","30","37","0","18","0","18","0","18","0","18","20","33","13","20","0","18","0","18","9","16","0","18","5139","1125","2573","480","48","63","0","18","48","51","58","57","0","18","102","79","342","236","409","172","267","123","390","197","448","295","244","178","217","109","2566","741","93","82","0","18","105","92","98","104","50","64","50","52","251","329","274","170","218","106","392","223","545","465","224","103","266","152",
"1400000US18097361602","Census Tract 3616.02; Marion County; Indiana","3314","731","73","67","28","31","0","13","0","13","0","13","0","13","0","13","0","13","0","13","0","13","0","13","0","13","0","13","13","20","15","24","45","69","0","13","0","13","0","13","0","13","0","13","0","13","0","13","0","13","45","69","0","13","0","13","0","13","0","13","3241","757","1415","346","102","100","17","27","112","125","113","135","0","13","66","75","42","69","130","84","130","96","145","79","185","97","217","88","156","81","1826","527","199","217","0","13","296","183","22","34","0","13","30","48","56","52","372","230","68","57","178","83","161","82","333","116","111","66",
"1400000US18097370201","Census Tract 3702.01; Marion County; Indiana","3267","392","544","273","295","201","47","80","0","13","68","102","48","58","0","13","9","16","9","16","39","46","11","20","24","24","0","13","29","33","11","19","249","124","13","21","0","13","37","46","0","13","17","30","21","26","21","33","17","28","33","30","11","18","55","62","24","30","0","13","2723","359","1463","199","108","92","29","36","46","46","26","32","0","13","12","20","111","73","275","121","276","69","209","76","156","91","109","63","106","48","1260","260","128","100","0","13","5","13","16","26","9","15","7","13","102","72","237","117","160","84","144","96","232","99","104","55","116","58",
"1400000US18097370203","Census Tract 3702.03; Marion County; Indiana","4497","1134","1627","945","720","402","51","63","55","88","95","119","35","51","0","13","222","244","113","89","39","49","19","28","16","38","75","81","0","13","0","13","907","609","137","107","23","39","28","45","0","13","14","38","22","33","243","272","60","71","52","73","212","301","114","88","1","2","1","2","2870","944","1288","527","130","184","0","13","77","76","51","44","0","13","32","46","108","71","169","111","291","167","246","178","110","79","53","48","21","28","1582","499","79","83","90","76","158","111","101","91","0","13","0","13","245","272","332","149","73","62","166","81","210","141","100","51","28","40",
"1400000US18097370204","Census Tract 3702.04; Marion County; Indiana","3332","583","336","197","173","119","33","56","0","13","10","18","0","13","0","13","0","13","21","25","49","75","9","19","0","13","35","42","16","25","0","13","163","103","11","19","0","13","10","17","0","13","0","13","0","13","36","48","22","25","10","20","16","27","23","27","25","29","10","18","2996","537","1438","279","159","147","54","84","91","73","26","42","21","33","37","46","67","81","291","174","151","89","141","101","183","103","192","84","25","30","1558","392","229","183","0","13","25","40","17","27","29","46","0","13","80","68","224","155","106","117","223","118","281","138","166","104","178","129",
"1400000US18097370303","Census Tract 3703.03; Marion County; Indiana","7616","779","1358","803","832","456","118","135","0","18","190","148","0","18","0","18","46","65","48","81","100","81","46","65","44","57","0","18","102","112","138","141","526","396","19","31","0","18","0","18","0","18","0","18","0","18","233","221","51","52","61","66","0","18","0","18","80","101","82","93","6258","1002","3123","678","239","218","75","113","291","154","122","115","68","54","108","82","195","124","711","264","504","216","201","112","313","171","242","144","54","54","3135","472","282","198","18","64","310","143","231","144","41","54","57","57","178","101","463","188","721","241","297","137","345","191","91","73","101","77",
"1400000US18097370304","Census Tract 3703.04; Marion County; Indiana","3518","765","153","100","76","59","0","13","0","13","0","13","0","13","0","13","0","13","13","19","0","13","16","25","0","13","32","43","0","13","15","25","77","73","0","13","0","13","0","13","0","13","0","13","0","13","0","13","0","13","59","70","18","27","0","13","0","13","0","13","3365","764","2055","576","146","149","51","58","262","174","97","82","0","13","50","49","189","176","408","259","208","113","229","213","257","117","133","71","25","33","1310","283","93","62","0","13","91","59","58","58","0","13","0","13","42","50","269","107","74","70","359","231","174","89","77","53","73","62",
"1400000US18097370305","Census Tract 3703.05; Marion County; Indiana","3960","848","529","410","271","271","194","210","0","13","0","13","0","13","0","13","0","13","52","57","0","13","0","13","0","13","25","42","0","13","0","13","258","158","67","74","0","13","0","13","0","13","0","13","0","13","49","54","20","33","0","13","0","13","49","40","55","68","18","29","3431","871","1526","361","170","231","0","13","28","50","75","69","0","13","53","67","164","130","383","128","83","78","248","143","89","63","147","80","86","72","1905","710","104","105","44","56","65","60","0","13","29","54","53","66","714","676","300","127","47","57","210","109","177","95","101","86","61","56",
"1400000US18097370306","Census Tract 3703.06; Marion County; Indiana","5595","832","376","246","80","66","0","18","0","18","0","18","0","18","0","18","0","18","10","20","7","20","0","18","0","18","63","61","0","18","0","18","296","222","0","18","0","18","35","55","0","18","0","18","0","18","27","41","114","130","20","33","64","69","24","36","0","18","12","21","5219","777","2834","401","154","110","15","20","213","99","258","122","22","35","42","65","304","154","329","157","396","148","430","142","452","261","180","88","39","55","2385","459","162","135","0","18","227","138","204","132","34","38","125","96","141","100","187","112","426","106","338","119","227","106","297","247","17","30",
"1400000US18097380101","Census Tract 3801.01; Marion County; Indiana","7469","1050","447","538","99","110","0","18","0","18","17","38","0","18","0","18","0","18","0","18","25","36","0","18","0","18","57","85","0","18","0","18","348","438","158","223","0","18","58","74","0","18","47","71","0","18","0","18","41","57","44","68","0","18","0","18","0","18","0","18","7022","939","3484","503","135","142","0","18","169","146","312","181","15","26","123","126","199","151","395","277","448","171","391","285","571","137","520","297","206","135","3538","548","159","110","57","82","236","149","0","18","36","61","195","129","236","153","477","256","296","166","343","164","805","281","610","380","88","102",
"1400000US18097380102","Census Tract 3801.02; Marion County; Indiana","3183","706","28","51","0","13","0","13","0","13","0","13","0","13","0","13","0","13","0","13","0","13","0","13","0","13","0","13","0","13","0","13","28","51","0","13","0","13","0","13","0","13","0","13","0","13","0","13","0","13","0","13","0","13","28","51","0","13","0","13","3155","706","1469","471","47","70","0","13","173","167","34","65","0","13","56","82","38","72","126","95","130","142","671","396","156","141","38","40","0","13","1686","438","180","60","0","13","166","157","69","133","33","38","0","13","228","194","250","186","485","287","61","102","68","61","0","13","146","159",
"1400000US18097380103","Census Tract 3801.03; Marion County; Indiana","8499","1109","855","551","410","330","29","51","0","18","0","18","66","77","0","18","0","18","232","307","34","57","39","68","0","18","10","20","0","18","0","18","445","328","169","151","31","52","33","56","0","18","33","56","0","18","14","25","97","96","0","18","0","18","19","32","49","70","0","18","7644","1135","4051","690","354","273","0","18","377","210","148","164","0","18","244","284","109","107","696","401","706","326","1043","507","60","77","251","203","63","83","3593","701","225","224","0","18","268","287","27","44","62","77","0","18","240","168","432","244","613","304","874","586","286","235","456","236","110","171",
"1400000US18097380200","Census Tract 3802; Marion County; Indiana","3270","671","808","396","377","234","78","137","0","13","72","80","0","13","12","18","0","13","32","44","11","16","25","27","13","21","88","104","46","43","0","13","431","212","58","75","0","13","12","19","12","18","0","13","0","13","68","95","45","77","100","70","51","53","13","19","7","12","65","68","2462","567","1236","303","81","64","49","37","70","60","24","28","0","13","0","13","120","176","262","153","154","76","91","52","195","69","148","75","42","27","1226","339","141","82","18","29","75","60","46","37","9","14","0","13","141","136","131","100","164","54","53","56","210","91","121","67","117","74",
"1400000US18097380301","Census Tract 3803.01; Marion County; Indiana","2119","533","259","183","108","73","0","13","0","13","14","24","0","13","0","13","0","13","16","29","0","13","14","22","0","13","22","34","16","25","26","38","151","132","0","13","0","13","31","55","0","13","14","25","0","13","0","13","40","43","12","17","0","13","41","43","0","13","13","23","1860","493","1008","355","22","27","22","33","134","123","100","97","27","37","55","47","54","55","43","42","93","93","192","125","189","109","10","17","67","61","852","219","14","24","0","13","155","108","0","13","27","36","14","21","102","62","58","51","101","75","105","70","127","85","46","33","103","72",
"1400000US18097380302","Census Tract 3803.02; Marion County; Indiana","2192","453","844","234","263","154","29","47","0","13","16","44","0","13","0","13","9","17","109","91","24","31","0","13","67","55","9","20","0","13","0","13","581","168","134","87","11","19","80","22","0","13","0","13","0","13","174","107","78","25","27","33","39","55","24","29","0","13","14","21","1348","378","587","184","0","13","0","13","42","69","51","62","0","13","0","13","139","100","58","80","91","109","28","44","49","40","52","44","77","64","761","289","60","96","0","13","63","90","0","13","0","13","0","13","89","74","210","157","77","65","67","52","123","66","72","55","0","13",
"1400000US18097380402","Census Tract 3804.02; Marion County; Indiana","4822","863","670","290","159","87","16","20","10","16","46","37","11","18","0","13","0","13","0","13","10","15","45","39","8","14","12","17","1","3","0","13","511","250","15","20","0","13","31","26","0","13","0","13","0","13","65","45","192","131","33","30","30","36","19","28","126","184","0","13","4152","903","1855","419","262","268","0","13","205","103","66","59","0","13","5","10","208","102","403","154","284","197","148","70","125","76","93","49","56","34","2297","540","133","82","0","13","207","211","208","204","13","22","36","34","147","83","622","215","295","194","142","69","310","81","91","52","93","48",
"1400000US18097380403","Census Tract 3804.03; Marion County; Indiana","3534","595","252","166","62","50","9","17","0","13","0","13","17","26","0","13","0","13","14","19","0","13","0","13","0","13","22","24","0","13","0","13","190","133","33","43","0","13","37","37","8","14","11","17","13","21","0","13","38","40","17","22","17","20","11","18","5","9","0","13","3282","594","1577","339","128","80","6","12","109","80","34","30","26","30","54","75","26","28","185","87","254","111","152","81","332","124","207","101","64","52","1705","331","72","51","0","13","124","85","43","37","0","13","15","21","144","91","317","123","173","89","165","83","319","140","233","83","100","60",
"1400000US18097380404","Census Tract 3804.04; Marion County; Indiana","3829","596","330","144","117","63","0","13","0","13","13","20","0","13","0","13","0","13","0","13","0","13","27","41","43","40","25","29","0","13","9","14","213","129","30","47","0","13","13","19","13","20","29","34","0","13","11","16","10","17","25","28","17","22","40","39","11","17","14","16","3499","586","1714","334","125","69","0","13","197","92","125","55","7","12","67","67","47","42","181","84","210","81","145","67","303","134","186","109","121","51","1785","303","81","72","13","19","163","72","61","46","34","37","64","44","52","38","163","70","299","72","139","59","305","124","197","110","214","94",
"1400000US18097380501","Census Tract 3805.01; Marion County; Indiana","2472","613","483","324","250","240","0","13","0","13","117","172","26","45","0","13","0","13","28","45","0","13","37","54","32","53","10","16","0","13","0","13","233","142","0","13","0","13","30","51","0","13","0","13","75","67","58","87","0","13","19","31","51","61","0","13","0","13","0","13","1989","513","925","309","74","98","0","13","46","72","52","48","0","13","64","55","158","212","101","98","80","68","126","78","80","46","124","71","20","24","1064","258","80","94","16","28","66","53","0","13","0","13","0","13","113","143","166","111","161","137","90","54","216","86","114","64","42","53",
"1400000US18097380502","Census Tract 3805.02; Marion County; Indiana","3476","720","1134","414","707","243","136","127","0","13","32","57","30","30","0","13","42","34","271","186","73","81","54","50","30","34","24","27","15","21","0","13","427","225","15","24","0","13","57","56","29","28","0","13","31","30","112","82","42","70","107","141","12","23","5","11","17","21","0","13","2342","603","1226","396","169","214","0","13","0","13","0","13","8","16","16","32","130","135","482","203","135","91","87","61","113","60","44","33","42","31","1116","266","49","61","15","24","30","43","24","39","0","13","18","29","95","67","365","228","95","47","143","75","147","78","72","41","63","38",
"1400000US18097380600","Census Tract 3806; Marion County; Indiana","5950","1162","330","175","124","110","0","18","0","18","23","37","23","37","0","18","0","18","0","18","2","3","1","3","75","81","0","18","0","18","0","18","206","105","0","18","0","18","0","18","0","18","0","18","0","18","21","36","41","70","16","27","16","25","26","32","54","49","32","40","5620","1178","3037","614","271","168","148","180","515","280","0","18","0","18","93","108","323","227","343","182","742","363","241","129","217","108","111","72","33","45","2583","668","128","124","0","18","15","27","302","163","0","18","165","213","220","235","484","217","440","248","302","270","352","133","138","93","37","38",
"1400000US18097380700","Census Tract 3807; Marion County; Indiana","6991","1001","1397","760","879","545","0","18","0","18","283","230","0","18","109","148","107","145","95","155","92","129","0","18","70","28","123","185","0","18","0","18","518","266","0","18","0","18","45","54","0","18","52","57","0","18","124","115","20","34","192","244","38","48","0","18","0","18","47","48","5594","871","3056","393","137","143","149","93","310","117","112","87","0","18","192","159","376","162","563","330","369","161","407","196","158","108","228","110","55","51","2538","645","379","311","0","18","72","84","95","96","0","18","26","45","338","177","418","270","136","114","468","181","283","182","186","65","137","84",
"1400000US18097380800","Census Tract 3808; Marion County; Indiana","2789","537","396","229","144","113","9","15","0","13","8","14","7","14","9","16","10","17","0","13","9","13","17","25","11","20","51","51","0","13","13","20","252","137","18","23","21","29","13","24","0","13","0","13","8","13","40","44","68","69","20","26","9","14","23","24","19","30","13","20","2393","511","1247","300","62","55","0","13","120","145","13","22","8","13","4","8","106","63","94","68","123","74","143","84","426","253","86","41","62","55","1146","278","22","36","0","13","33","33","47","35","32","30","0","13","125","93","95","63","164","89","141","72","313","243","149","56","25","28",
"1400000US18097380901","Census Tract 3809.01; Marion County; Indiana","5392","715","293","198","124","102","22","33","0","18","0","18","20","31","11","16","0","18","20","23","0","18","39","62","1","3","11","17","0","18","0","18","169","112","0","18","0","18","30","35","0","18","0","18","0","18","13","20","33","35","1","4","92","79","0","18","0","18","0","18","5099","738","2540","359","117","73","0","18","256","170","88","64","30","42","89","52","148","83","305","121","506","224","294","105","304","87","286","88","117","60","2559","459","165","161","17","21","181","88","124","78","44","41","168","82","157","79","340","192","311","96","327","87","237","75","331","82","157","70",
"1400000US18097380902","Census Tract 3809.02; Marion County; Indiana","6037","793","661","443","374","272","58","60","0","18","90","105","0","18","0","18","0","18","0","18","0","18","15","25","0","18","126","146","85","91","0","18","287","257","0","18","0","18","17","26","17","26","0","18","0","18","112","105","82","134","0","18","0","18","59","96","0","18","0","18","5376","730","2715","483","119","109","55","56","148","107","64","78","0","18","69","61","190","130","562","209","176","84","257","113","421","120","311","97","343","217","2661","349","117","97","0","18","81","67","102","72","34","40","0","18","172","87","387","151","249","119","416","136","379","152","377","113","347","226",
"1400000US18097381002","Census Tract 3810.02; Marion County; Indiana","3632","889","216","186","57","40","0","13","0","13","9","12","0","13","0","13","0","13","3","5","29","33","0","13","2","5","8","12","6","10","0","13","159","183","0","13","0","13","0","13","0","13","0","13","0","13","126","179","7","11","0","13","2","4","10","13","14","14","0","13","3416","870","1545","255","40","40","15","19","113","72","12","14","2","5","17","21","214","126","148","70","305","181","202","85","162","57","219","87","96","51","1871","689","246","244","14","19","220","237","47","37","13","19","9","10","77","52","288","209","200","65","149","63","285","80","224","76","99","70",
"1400000US18097381003","Census Tract 3810.03; Marion County; Indiana","3490","393","450","204","186","106","34","39","3","7","9","13","9","14","0","13","0","13","0","13","36","39","48","42","16","16","0","13","31","50","0","13","264","116","34","34","0","13","38","37","8","12","0","13","5","7","49","39","70","44","23","19","2","6","23","24","0","13","12","11","3040","348","1498","216","137","91","0","13","128","67","47","37","76","87","12","10","142","74","244","94","223","63","183","53","127","53","104","37","75","37","1542","262","84","69","14","20","148","82","53","28","18","18","26","40","181","151","268","120","176","94","119","49","189","80","171","53","95","41",
"1400000US18097381004","Census Tract 3810.04; Marion County; Indiana","3397","811","641","550","174","191","23","54","0","13","0","13","0","13","0","13","0","13","41","57","1","3","0","13","76","108","11","19","22","34","0","13","467","389","25","54","21","49","0","13","0","13","0","13","0","13","20","46","26","59","76","115","23","53","178","204","74","72","24","28","2756","769","1299","344","31","49","45","62","163","141","0","13","42","53","65","60","247","182","197","125","118","91","178","140","140","87","49","53","24","32","1457","502","78","90","0","13","43","52","25","45","0","13","0","13","398","326","263","157","194","143","226","147","31","46","153","111","46","37",
"1400000US18097381101","Census Tract 3811.01; Marion County; Indiana","5782","727","197","122","80","63","0","18","0","18","0","18","0","18","0","18","0","18","19","31","45","39","0","18","0","18","16","24","0","18","0","18","117","85","0","18","0","18","0","18","0","18","0","18","0","18","20","34","12","24","0","18","14","23","0","18","55","67","16","29","5585","728","2531","408","153","104","0","18","191","136","148","113","100","106","111","93","209","145","197","128","350","116","303","118","476","309","133","79","160","95","3054","462","145","104","27","44","304","175","55","88","20","33","99","72","100","86","490","175","316","150","307","144","377","119","278","97","536","226",
"1400000US18097381102","Census Tract 3811.02; Marion County; Indiana","7315","943","439","283","259","219","52","89","26","45","54","81","0","18","0","18","0","18","40","59","0","18","24","40","0","18","0","18","63","61","0","18","180","171","31","49","0","18","0","18","0","18","0","18","0","18","13","22","66","81","0","18","0","18","37","46","33","29","0","18","6876","977","3732","699","346","302","63","62","656","377","110","105","111","116","129","127","289","166","328","182","451","135","397","180","514","179","199","87","139","74","3144","466","132","85","84","91","230","121","65","57","40","59","75","59","201","118","303","136","590","188","558","364","322","89","347","125","197","87",
"1400000US18097381203","Census Tract 3812.03; Marion County; Indiana","3198","518","860","371","404","203","43","63","0","13","174","130","0","13","0","13","60","83","20","21","0","13","89","56","10","18","0","13","8","12","0","13","456","190","0","13","0","13","114","86","78","50","59","61","0","13","0","13","98","83","61","56","46","47","0","13","0","13","0","13","2338","550","1234","400","64","71","17","31","130","113","40","45","47","57","45","48","73","55","387","214","119","79","90","47","110","114","70","61","42","27","1104","255","78","50","0","13","118","70","53","59","24","36","17","26","69","41","202","110","150","107","210","126","99","80","16","18","68","47",
"1400000US18097381204","Census Tract 3812.04; Marion County; Indiana","2855","517","420","237","194","112","24","26","0","13","44","59","0","13","0","13","0","13","10","15","46","49","0","13","9","17","24","34","37","44","0","13","226","142","59","64","11","18","0","13","0","13","0","13","0","13","50","49","52","68","0","13","0","13","17","19","19","22","18","15","2435","544","1061","367","93","64","12","19","69","65","0","13","0","13","23","24","40","39","348","246","153","111","58","40","88","52","79","53","98","44","1374","239","111","63","0","13","59","38","14","23","0","13","16","25","119","139","278","115","105","52","65","69","162","87","141","62","304","107",
"1400000US18097381205","Census Tract 3812.05; Marion County; Indiana","7115","919","1438","695","620","326","100","118","18","30","179","152","0","18","0","18","0","18","49","41","49","78","164","182","16","28","0","18","30","41","15","22","818","455","298","302","0","18","126","116","0","18","0","18","0","18","54","56","185","130","47","52","0","18","20","27","88","83","0","18","5677","920","2489","561","198","140","0","18","125","100","70","80","44","69","35","42","519","293","437","136","335","127","346","140","186","101","179","78","15","24","3188","472","180","118","0","18","391","190","217","128","0","18","82","63","301","171","682","240","461","181","363","115","243","102","158","88","110","67",
"1400000US18097381206","Census Tract 3812.06; Marion County; Indiana","4567","824","531","358","323","252","18","28","0","13","26","31","50","45","27","33","0","13","0","13","0","13","21","32","63","86","16","24","18","28","84","115","208","151","0","13","0","13","0","13","46","40","0","13","55","66","0","13","38","59","26","31","0","13","21","34","15","19","7","13","4036","796","2126","588","123","83","24","38","132","90","57","69","0","13","41","54","182","163","398","218","524","258","231","131","207","75","112","51","95","62","1910","393","53","63","0","13","114","150","48","61","29","45","0","13","90","79","489","186","166","154","236","128","303","127","188","72","194","90",
"1400000US18097381207","Census Tract 3812.07; Marion County; Indiana","4088","1379","139","190","62","87","0","13","0","13","24","48","0","13","0","13","0","13","0","13","26","37","12","19","0","13","0","13","0","13","0","13","77","106","17","33","0","13","21","39","0","13","0","13","0","13","0","13","18","34","0","13","0","13","0","13","13","21","8","12","3949","1401","1874","580","59","72","21","36","87","59","0","13","44","45","95","62","163","117","203","153","446","376","95","68","423","258","132","62","106","56","2075","894","186","209","0","13","536","375","101","129","7","12","61","79","59","57","129","61","352","316","225","159","159","70","147","68","113","65",
"1400000US18097390102","Census Tract 3901.02; Marion County; Indiana","5860","1088","919","722","220","206","142","196","0","18","0","18","0","18","0","18","23","44","0","18","0","18","50","72","0","18","0","18","5","33","0","18","699","543","96","150","0","18","0","18","141","196","106","148","107","148","0","18","79","121","108","134","0","18","14","23","48","57","0","18","4941","935","2058","426","167","146","0","18","113","150","207","155","0","18","14","23","236","139","166","126","299","113","383","183","139","113","191","117","143","158","2883","644","113","118","0","18","340","169","29","47","0","18","72","91","46","54","389","233","644","598","241","116","319","133","458","244","232","162",
"1400000US18097390103","Census Tract 3901.03; Marion County; Indiana","3220","525","151","205","122","199","0","13","0","13","0","13","0","13","0","13","0","13","0","13","0","13","0","13","0","13","122","199","0","13","0","13","29","48","0","13","0","13","0","13","0","13","0","13","0","13","0","13","0","13","0","13","29","48","0","13","0","13","0","13","3069","481","1425","324","157","140","82","87","164","104","92","72","0","13","0","13","26","41","216","142","174","103","147","124","218","84","96","43","53","37","1644","333","133","100","0","13","152","95","67","59","109","112","6","14","59","37","87","82","358","66","77","69","246","50","160","55","190","188",
"1400000US18097390104","Census Tract 3901.04; Marion County; Indiana","7145","952","514","292","175","193","0","18","0","18","0","18","0","18","0","18","0","18","120","172","0","18","14","24","19","30","0","18","22","34","0","18","339","218","0","18","0","18","0","18","0","18","0","18","80","82","68","70","0","18","0","18","0","18","172","99","19","30","0","18","6631","959","3226","612","334","176","62","78","282","147","179","129","90","78","72","81","273","121","261","137","393","103","424","171","536","271","260","151","60","92","3405","548","64","61","33","54","371","174","71","63","102","98","148","110","362","179","368","150","629","202","269","134","515","276","365","227","108","85",
"1400000US18097390200","Census Tract 3902; Marion County; Indiana","6391","659","432","220","101","74","0","18","0","18","24","26","23","26","0","18","18","19","0","18","36","53","0","18","0","18","0","18","0","18","0","18","331","206","25","27","41","60","25","27","0","18","0","18","0","18","24","26","78","116","80","85","0","18","32","43","26","43","0","18","5959","666","2985","437","206","100","46","52","397","219","208","109","0","18","45","40","197","107","444","288","559","142","210","98","375","121","242","99","56","48","2974","366","205","136","52","56","227","111","188","126","45","53","38","36","189","112","480","272","396","124","377","141","515","213","179","74","83","46",
"1400000US18097390300","Census Tract 3903; Marion County; Indiana","6727","1039","410","241","140","156","10","24","0","18","19","45","0","18","0","18","0","18","26","40","0","18","58","80","15","26","12","19","0","18","0","18","270","163","11","24","0","18","0","18","0","18","0","18","0","18","97","136","0","18","32","36","0","18","23","27","77","67","30","38","6317","937","3460","651","421","225","0","18","312","150","260","155","0","18","135","81","479","257","344","163","420","201","400","191","413","118","162","79","114","64","2857","388","93","73","35","40","261","153","191","84","22","39","87","66","95","120","249","111","625","161","347","179","381","150","275","136","196","114",
"1400000US18097390405","Census Tract 3904.05; Marion County; Indiana","3942","401","74","88","1","3","0","13","0","13","0","13","0","13","0","13","0","13","0","13","0","13","0","13","1","3","0","13","0","13","0","13","73","88","0","13","0","13","0","13","0","13","0","13","0","13","73","88","0","13","0","13","0","13","0","13","0","13","0","13","3868","411","1866","414","206","162","38","41","143","85","20","47","0","13","0","13","157","121","560","223","338","191","116","67","165","65","82","54","41","48","2002","215","91","93","26","36","109","94","38","53","0","13","0","13","74","66","709","137","179","96","197","88","174","90","186","79","219","102",
"1400000US18097390406","Census Tract 3904.06; Marion County; Indiana","6844","1171","112","100","69","73","0","18","0","18","0","18","16","26","0","18","0","18","0","18","0","18","0","18","53","71","0","18","0","18","0","18","43","55","0","18","0","18","15","25","0","18","0","18","0","18","0","18","0","18","16","26","0","18","0","18","0","18","12","20","6732","1152","3699","705","266","167","69","52","462","275","331","311","74","81","278","147","293","185","384","182","605","160","353","156","310","139","167","92","107","76","3033","596","379","235","34","40","341","131","147","116","0","18","126","84","50","53","500","236","533","241","358","229","265","111","238","107","62","44",
"1400000US18097390407","Census Tract 3904.07; Marion County; Indiana","6542","849","146","167","72","98","20","33","20","31","19","31","0","18","0","18","0","18","0","18","0","18","0","18","0","18","13","21","0","18","0","18","74","78","0","18","0","18","18","31","0","18","0","18","0","18","0","18","19","31","0","18","0","18","8","14","0","18","29","46","6396","868","3446","460","329","213","39","34","209","108","196","114","85","71","200","121","312","183","158","100","481","125","614","195","371","131","362","178","90","59","2950","539","99","94","28","45","330","225","171","103","47","50","121","127","85","54","173","93","552","153","453","166","357","177","302","160","232","143",
"1400000US18097390408","Census Tract 3904.08; Marion County; Indiana","5315","639","137","209","72","121","19","39","18","39","16","26","0","18","0","18","0","18","0","18","19","41","0","18","0","18","0","18","0","18","0","18","65","91","27","58","0","18","0","18","0","18","0","18","0","18","10","22","0","18","12","19","0","18","0","18","16","26","0","18","5178","693","2547","354","144","135","96","101","226","141","76","74","17","29","88","81","198","133","314","127","398","125","336","161","418","225","109","81","127","98","2631","456","182","127","0","18","280","210","119","112","150","188","163","138","222","152","245","136","301","149","393","183","304","177","200","102","72","67",
"1400000US18097390409","Census Tract 3904.09; Marion County; Indiana","6781","657","246","199","92","95","12","25","0","18","18","31","0","18","0","18","0","18","0","18","0","18","27","38","0","18","0","18","35","54","0","18","154","124","8","18","0","18","27","36","0","18","0","18","31","50","0","18","25","33","29","48","0","18","34","53","0","18","0","18","6535","689","2931","414","145","114","0","18","228","219","120","123","0","18","117","104","110","91","430","188","580","155","502","208","417","163","266","88","16","27","3604","561","418","170","66","78","188","140","136","138","0","18","43","59","85","86","724","258","797","483","387","184","455","155","152","84","153","110",
"1400000US18097390410","Census Tract 3904.10; Marion County; Indiana","1827","260","22","37","12","20","0","13","0","13","0","13","0","13","0","13","0","13","0","13","12","20","0","13","0","13","0","13","0","13","0","13","10","18","0","13","0","13","0","13","0","13","0","13","0","13","10","18","0","13","0","13","0","13","0","13","0","13","0","13","1805","261","939","203","59","38","0","13","132","59","8","14","0","13","13","21","110","73","97","68","93","29","139","101","99","79","88","71","101","57","866","125","20","30","23","32","57","45","24","24","27","43","7","12","95","65","99","61","48","37","93","52","126","87","206","73","41","31",
"1400000US18097390411","Census Tract 3904.11; Marion County; Indiana","4254","674","371","207","65","79","0","13","0","13","0","13","0","13","0","13","16","25","26","40","1","3","22","34","0","13","0","13","0","13","0","13","306","209","0","13","0","13","0","13","94","99","0","13","31","49","0","13","67","77","14","24","80","82","0","13","0","13","20","32","3883","721","1832","364","54","62","0","13","298","188","46","44","68","67","39","51","60","65","259","138","503","168","130","70","196","100","106","62","73","58","2051","520","80","96","0","13","510","303","37","46","48","55","99","120","54","49","225","122","283","121","186","93","202","93","230","150","97","62",
"1400000US18097390500","Census Tract 3905; Marion County; Indiana","2968","543","825","392","424","249","109","118","0","13","32","46","0","13","0","13","0","13","0","13","108","104","61","70","21","23","26","34","53","57","14","16","401","230","85","85","0","13","77","75","39","45","0","13","0","13","28","30","45","57","25","30","42","44","11","16","14","17","35","30","2143","526","996","351","27","30","9","14","79","80","18","27","0","13","136","185","46","50","113","82","245","157","86","69","148","73","35","28","54","42","1147","286","39","28","0","13","127","89","211","102","16","24","38","45","10","15","197","133","96","56","98","62","216","101","51","34","48","32",
"1400000US18097390601","Census Tract 3906.01; Marion County; Indiana","1678","685","235","107","13","20","0","13","0","13","0","13","0","13","0","13","0","13","13","20","0","13","0","13","0","13","0","13","0","13","0","13","222","107","0","13","0","13","0","13","0","13","0","13","0","13","194","111","0","13","0","13","0","13","0","13","28","25","0","13","1443","690","524","297","0","13","0","13","0","13","0","13","0","13","21","31","162","188","116","136","85","88","75","64","29","40","36","25","0","13","919","609","0","13","0","13","0","13","13","27","0","13","39","69","222","255","426","335","97","67","63","66","47","31","12","23","0","13",
"1400000US18097390602","Census Tract 3906.02; Marion County; Indiana","3165","470","186","113","98","85","0","13","0","13","0","13","0","13","0","13","0","13","0","13","34","50","0","13","0","13","41","63","0","13","23","39","88","56","0","13","0","13","0","13","0","13","0","13","0","13","0","13","0","13","0","13","11","17","28","26","26","32","23","28","2979","456","1343","402","8","13","94","125","61","78","0","13","0","13","0","13","47","69","573","288","140","91","112","93","75","56","115","72","118","66","1636","328","8","14","13","24","80","101","13","22","0","13","15","23","179","198","317","204","166","122","144","140","235","117","216","107","250","85",
"1400000US18097390700","Census Tract 3907; Marion County; Indiana","3474","828","294","170","152","96","0","13","0","13","0","13","20","32","17","28","0","13","0","13","17","21","11","14","48","57","37","47","2","4","0","13","142","92","1","11","0","13","29","38","0","13","0","13","0","13","47","54","1","9","14","22","14","22","13","24","23","27","0","13","3180","848","2044","716","79","70","61","59","345","269","204","247","64","53","39","44","151","88","183","106","203","123","269","122","378","239","53","45","15","23","1136","223","26","41","0","13","138","96","72","65","71","55","16","26","84","86","156","91","147","61","194","125","123","82","58","43","51","47",
"1400000US18097390801","Census Tract 3908.01; Marion County; Indiana","0","13","0","13","0","13","0","13","0","13","0","13","0","13","0","13","0","13","0","13","0","13","0","13","0","13","0","13","0","13","0","13","0","13","0","13","0","13","0","13","0","13","0","13","0","13","0","13","0","13","0","13","0","13","0","13","0","13","0","13","0","13","0","13","0","13","0","13","0","13","0","13","0","13","0","13","0","13","0","13","0","13","0","13","0","13","0","13","0","13","0","13","0","13","0","13","0","13","0","13","0","13","0","13","0","13","0","13","0","13","0","13","0","13","0","13","0","13",
"1400000US18097390802","Census Tract 3908.02; Marion County; Indiana","4537","752","364","267","289","215","34","55","11","17","0","13","0","13","0","13","58","72","38","50","39","43","24","41","35","48","38","62","0","13","12","19","75","64","0","13","0","13","0","13","0","13","0","13","0","13","9","15","10","15","13","21","29","49","0","13","14","23","0","13","4173","748","2160","438","116","98","0","13","305","123","72","60","16","27","84","82","222","132","419","166","419","201","272","92","148","74","71","47","16","16","2013","380","78","75","20","32","217","80","110","90","124","57","62","62","114","70","452","147","304","141","258","96","113","59","88","47","73","49",
"1400000US18097390900","Census Tract 3909; Marion County; Indiana","3167","532","569","326","323","233","11","18","0","13","45","50","21","37","13","21","0","13","19","30","167","202","9","13","3","4","7","10","28","30","0","13","246","153","8","12","22","38","0","13","0","13","0","13","0","13","89","99","15","19","24","29","39","43","10","17","13","23","26","29","2598","458","1153","224","66","47","24","22","41","40","30","30","0","13","0","13","76","51","323","159","213","78","124","54","68","37","176","64","12","18","1445","307","125","73","0","13","101","103","0","13","0","13","0","13","55","45","477","139","314","182","171","73","87","42","69","46","46","37",
"1400000US18097391001","Census Tract 3910.01; Marion County; Indiana","999","275","481","214","74","72","12","22","0","13","0","13","0","13","0","13","0","13","26","43","36","41","0","13","0","13","0","13","0","13","0","13","407","195","8","17","0","13","0","13","0","13","0","13","0","13","376","193","9","17","0","13","0","13","14","25","0","13","0","13","518","200","283","145","47","67","0","13","0","13","0","13","0","13","0","13","58","58","83","71","95","88","0","13","0","13","0","13","0","13","235","100","12","19","0","13","0","13","0","13","0","13","0","13","131","87","26","29","35","50","0","13","31","52","0","13","0","13",
"1400000US18097391002","Census Tract 3910.02; Marion County; Indiana","5638","917","1087","332","740","300","0","18","0","18","0","18","0","18","0","18","0","18","480","280","199","122","0","18","0","18","43","26","18","29","0","18","347","178","0","18","0","18","0","18","0","18","0","18","0","18","172","132","169","93","0","18","0","18","6","24","0","18","0","18","4551","846","2421","533","26","25","0","18","0","18","0","18","0","18","32","48","447","206","1245","477","241","111","67","60","325","162","13","23","25","39","2130","588","76","72","0","18","24","23","0","18","0","18","0","18","250","143","1369","585","71","64","124","115","172","128","19","24","25","39",
