"GEO_ID","NAME","B17001_001E","B17001_001M","B17001_002E","B17001_002M","B17001_003E","B17001_003M","B17001_004E","B17001_004M","B17001_005E","B17001_005M","B17001_006E","B17001_006M","B17001_007E","B17001_007M","B17001_008E","B17001_008M","B17001_009E","B17001_009M","B17001_010E","B17001_010M","B17001_011E","B17001_011M","B17001_012E","B17001_012M","B17001_013E","B17001_013M","B17001_014E","B17001_014M","B17001_015E","B17001_015M","B17001_016E","B17001_016M","B17001_017E","B17001_017M","B17001_018E","B17001_018M","B17001_019E","B17001_019M","B17001_020E","B17001_020M","B17001_021E","B17001_021M","B17001_022E","B17001_022M","B17001_023E","B17001_023M","B17001_024E","B17001_024M","B17001_025E","B17001_025M","B17001_026E","B17001_026M","B17001_027E","B17001_027M","B17001_028E","B17001_028M","B17001_029E","B17001_029M","B17001_030E","B17001_030M","B17001_031E","B17001_031M","B17001_032E","B17001_032M","B17001_033E","B17001_033M","B17001_034E","B17001_034M","B17001_035E","B17001_035M","B17001_036E","B17001_036M","B17001_037E","B17001_037M","B17001_038E","B17001_038M","B17001_039E","B17001_039M","B17001_040E","B17001_040M","B17001_041E","B17001_041M","B17001_042E","B17001_042M","B17001_043E","B17001_043M","B17001_044E","B17001_044M","B17001_045E","B17001_045M","B17001_046E","B17001_046M","B17001_047E","B17001_047M","B17001_048E","B17001_048M","B17001_049E","B17001_049M","B17001_050E","B17001_050M","B17001_051E","B17001_051M","B17001_052E","B17001_052M","B17001_053E","B17001_053M","B17001_054E","B17001_054M","B17001_055E","B17001_055M","B17001_056E","B17001_056M","B17001_057E","B17001_057M","B17001_058E","B17001_058M","B17001_059E","B17001_059M",
"Geography","Geographic Area Name","Estimate!!Total:","Margin of Error!!Total:","Estimate!!Total:!!Income in the past 12 months below poverty level:","Margin of Error!!Total:!!Income in the past 12 months below poverty level:","Estimate!!Total:!!Income in the past 12 months below poverty level:!!Male:","Margin of Error!!Total:!!Income in the past 12 months below poverty level:!!Male:","Estimate!!Total:!!Income in the past 12 months below poverty level:!!Male:!!Under 5 years","Margin of Error!!Total:!!Income in the past 12 months below poverty level:!!Male:!!Under 5 years","Estimate!!Total:!!Income in the past 12 months below poverty level:!!Male:!!5 years","Margin of Error!!Total:!!Income in the past 12 months below poverty level:!!Male:!!5 years","Estimate!!Total:!!Income in the past 12 months below poverty level:!!Male:!!6 to 11 years","Margin of Error!!Total:!!Income in the past 12 months below poverty level:!!Male:!!6 to 11 years","Estimate!!Total:!!Income in the past 12 months below poverty level:!!Male:!!12 to 14 years","Margin of Error!!Total:!!Income in the past 12 months below poverty level:!!Male:!!12 to 14 years","Estimate!!Total:!!Income in the past 12 months below poverty level:!!Male:!!15 years","Margin of Error!!Total:!!Income in the past 12 months below poverty level:!!Male:!!15 years","Estimate!!Total:!!Income in the past 12 months below poverty level:!!Male:!!16 and 17 years","Margin of Error!!Total:!!Income in the past 12 months below poverty level:!!Male:!!16 and 17 years","Estimate!!Total:!!Income in the past 12 months below poverty level:!!Male:!!18 to 24 years","Margin of Error!!Total:!!Income in the past 12 months below poverty level:!!Male:!!18 to 24 years","Estimate!!Total:!!Income in the past 12 months below poverty level:!!Male:!!25 to 34 years","Margin of Error!!Total:!!Income in the past 12 months below poverty level:!!Male:!!25 to 34 years","Estimate!!Total:!!Income in the past 12 months below poverty level:!!Male:!!35 to 44 years","Margin of Error!!Total:!!Income in the past 12 months below poverty level:!!Male:!!35 to 44 years","Estimate!!Total:!!Income in the past 12 months below poverty level:!!Male:!!45 to 54 years","Margin of Error!!Total:!!Income in the past 12 months below poverty level:!!Male:!!45 to 54 years","Estimate!!Total:!!Income in the past 12 months below poverty level:!!Male:!!55 to 64 years","Margin of Error!!Total:!!Income in the past 12 months below poverty level:!!Male:!!55 to 64 years","Estimate!!Total:!!Income in the past 12 months below poverty level:!!Male:!!65 to 74 years","Margin of Error!!Total:!!Income in the past 12 months below poverty level:!!Male:!!65 to 74 years","Estimate!!Total:!!Income in the past 12 months below poverty level:!!Male:!!75 years and over","Margin of Error!!Total:!!Income in the past 12 months below poverty level:!!Male:!!75 years and over","Estimate!!Total:!!Income in the past 12 months below poverty level:!!Female:","Margin of Error!!Total:!!Income in the past 12 months below poverty level:!!Female:","Estimate!!Total:!!Income in the past 12 months below poverty level:!!Female:!!Under 5 years","Margin of Error!!Total:!!Income in the past 12 months below poverty level:!!Female:!!Under 5 years","Estimate!!Total:!!Income in the past 12 months below poverty level:!!Female:!!5 years","Margin of Error!!Total:!!Income in the past 12 months below poverty level:!!Female:!!5 years","Estimate!!Total:!!Income in the past 12 months below poverty level:!!Female:!!6 to 11 years","Margin of Error!!Total:!!Income in the past 12 months below poverty level:!!Female:!!6 to 11 years","Estimate!!Total:!!Income in the past 12 months below poverty level:!!Female:!!12 to 14 years","Margin of Error!!Total:!!Income in the past 12 months below poverty level:!!Female:!!12 to 14 years","Estimate!!Total:!!Income in the past 12 months below poverty level:!!Female:!!15 years","Margin of Error!!Total:!!Income in the past 12 months below poverty level:!!Female:!!15 years","Estimate!!Total:!!Income in the past 12 months below poverty level:!!Female:!!16 and 17 years","Margin of Error!!Total:!!Income in the past 12 months below poverty level:!!Female:!!16 and 17 years","Estimate!!Total:!!Income in the past 12 months below poverty level:!!Female:!!18 to 24 years","Margin of Error!!Total:!!Income in the past 12 months below poverty level:!!Female:!!18 to 24 years","Estimate!!Total:!!Income in the past 12 months below poverty level:!!Female:!!25 to 34 years","Margin of Error!!Total:!!Income in the past 12 months below poverty level:!!Female:!!25 to 34 years","Estimate!!Total:!!Income in the past 12 months below poverty level:!!Female:!!35 to 44 years","Margin of Error!!Total:!!Income in the past 12 months below poverty level:!!Female:!!35 to 44 years","Estimate!!Total:!!Income in the past 12 months below poverty level:!!Female:!!45 to 54 years","Margin of Error!!Total:!!Income in the past 12 months below poverty level:!!Female:!!45 to 54 years","Estimate!!Total:!!Income in the past 12 months below poverty level:!!Female:!!55 to 64 years","Margin of Error!!Total:!!Income in the past 12 months below poverty level:!!Female:!!55 to 64 years","Estimate!!Total:!!Income in the past 12 months below poverty level:!!Female:!!65 to 74 years","Margin of Error!!Total:!!Income in the past 12 months below poverty level:!!Female:!!65 to 74 years","Estimate!!Total:!!Income in the past 12 months below poverty level:!!Female:!!75 years and over","Margin of Error!!Total:!!Income in the past 12 months below poverty level:!!Female:!!75 years and over","Estimate!!Total:!!Income in the past 12 months at or above poverty level:","Margin of Error!!Total:!!Income in the past 12 months at or above poverty level:","Estimate!!Total:!!Income in the past 12 months at or above poverty level:!!Male:","Margin of Error!!Total:!!Income in the past 12 months at or above poverty level:!!Male:","Estimate!!Total:!!Income in the past 12 months at or above poverty level:!!Male:!!Under 5 years","Margin of Error!!Total:!!Income in the past 12 months at or above poverty level:!!Male:!!Under 5 years","Estimate!!Total:!!Income in the past 12 months at or above poverty level:!!Male:!!5 years","Margin of Error!!Total:!!Income in the past 12 months at or above poverty level:!!Male:!!5 years","Estimate!!Total:!!Income in the past 12 months at or above poverty level:!!Male:!!6 to 11 years","Margin of Error!!Total:!!Income in the past 12 months at or above poverty level:!!Male:!!6 to 11 years","Estimate!!Total:!!Income in the past 12 months at or above poverty level:!!Male:!!12 to 14 years","Margin of Error!!Total:!!Income in the past 12 months at or above poverty level:!!Male:!!12 to 14 years","Estimate!!Total:!!Income in the past 12 months at or above poverty level:!!Male:!!15 years","Margin of Error!!Total:!!Income in the past 12 months at or above poverty level:!!Male:!!15 years","Estimate!!Total:!!Income in the past 12 months at or above poverty level:!!Male:!!16 and 17 years","Margin of Error!!Total:!!Income in the past 12 months at or above poverty level:!!Male:!!16 and 17 years","Estimate!!Total:!!Income in the past 12 months at or above poverty level:!!Male:!!18 to 24 years","Margin of Error!!Total:!!Income in the past 12 months at or above poverty level:!!Male:!!18 to 24 years","Estimate!!Total:!!Income in the past 12 months at or above poverty level:!!Male:!!25 to 34 years","Margin of Error!!Total:!!Income in the past 12 months at or above poverty level:!!Male:!!25 to 34 years","Estimate!!Total:!!Income in the past 12 months at or above poverty level:!!Male:!!35 to 44 years","Margin of Error!!Total:!!Income in the past 12 months at or above poverty level:!!Male:!!35 to 44 years","Estimate!!Total:!!Income in the past 12 months at or above poverty level:!!Male:!!45 to 54 years","Margin of Error!!Total:!!Income in the past 12 months at or above poverty level:!!Male:!!45 to 54 years","Estimate!!Total:!!Income in the past 12 months at or above poverty level:!!Male:!!55 to 64 years","Margin of Error!!Total:!!Income in the past 12 months at or above poverty level:!!Male:!!55 to 64 years","Estimate!!Total:!!Income in the past 12 months at or above poverty level:!!Male:!!65 to 74 years","Margin of Error!!Total:!!Income in the past 12 months at or above poverty level:!!Male:!!65 to 74 years","Estimate!!Total:!!Income in the past 12 months at or above poverty level:!!Male:!!75 years and over","Margin of Error!!Total:!!Income in the past 12 months at or above poverty level:!!Male:!!75 years and over","Estimate!!Total:!!Income in the past 12 months at or above poverty level:!!Female:","Margin of Error!!Total:!!Income in the past 12 months at or above poverty level:!!Female:","Estimate!!Total:!!Income in the past 12 months at or above poverty level:!!Female:!!Under 5 years","Margin of Error!!Total:!!Income in the past 12 months at or above poverty level:!!Female:!!Under 5 years","Estimate!!Total:!!Income in the past 12 months at or above poverty level:!!Female:!!5 years","Margin of Error!!Total:!!Income in the past 12 months at or above poverty level:!!Female:!!5 years","Estimate!!Total:!!Income in the past 12 months at or above poverty level:!!Female:!!6 to 11 years","Margin of Error!!Total:!!Income in the past 12 months at or above poverty level:!!Female:!!6 to 11 years","Estimate!!Total:!!Income in the past 12 months at or above poverty level:!!Female:!!12 to 14 years","Margin of Error!!Total:!!Income in the past 12 months at or above poverty level:!!Female:!!12 to 14 years","Estimate!!Total:!!Income in the past 12 months at or above poverty level:!!Female:!!15 years","Margin of Error!!Total:!!Income in the past 12 months at or above poverty level:!!Female:!!15 years","Estimate!!Total:!!Income in the past 12 months at or above poverty level:!!Female:!!16 and 17 years","Margin of Error!!Total:!!Income in the past 12 months at or above poverty level:!!Female:!!16 and 17 years","Estimate!!Total:!!Income in the past 12 months at or above poverty level:!!Female:!!18 to 24 years","Margin of Error!!Total:!!Income in the past 12 months at or above poverty level:!!Female:!!18 to 24 years","Estimate!!Total:!!Income in the past 12 months at or above poverty level:!!Female:!!25 to 34 years","Margin of Error!!Total:!!Income in the past 12 months at or above poverty level:!!Female:!!25 to 34 years","Estimate!!Total:!!Income in the past 12 months at or above poverty level:!!Female:!!35 to 44 years","Margin of Error!!Total:!!Income in the past 12 months at or above poverty level:!!Female:!!35 to 44 years","Estimate!!Total:!!Income in the past 12 months at or above poverty level:!!Female:!!45 to 54 years","Margin of Error!!Total:!!Income in the past 12 months at or above poverty level:!!Female:!!45 to 54 years","Estimate!!Total:!!Income in the past 12 months at or above poverty level:!!Female:!!55 to 64 years","Margin of Error!!Total:!!Income in the past 12 months at or above poverty level:!!Female:!!55 to 64 years","Estimate!!Total:!!Income in the past 12 months at or above poverty level:!!Female:!!65 to 74 years","Margin of Error!!Total:!!Income in the past 12 months at or above poverty level:!!Female:!!65 to 74 years","Estimate!!Total:!!Income in the past 12 months at or above poverty level:!!Female:!!75 years and over","Margin of Error!!Total:!!Income in the past 12 months at or above poverty level:!!Female:!!75 years and over",
"1400000US18097310104","Census Tract 3101.04, Marion County, Indiana","3015","484","324","169","174","109","0","12","0","12","0","12","0","12","0","12","0","12","0","12","39","57","0","12","15","24","25","28","0","12","95","94","150","103","0","12","0","12","0","12","0","12","0","12","0","12","51","67","0","12","1","2","0","12","53","65","15","24","30","37","2691","461","900","205","0","12","0","12","0","12","62","94","0","12","7","13","93","68","335","158","128","98","78","64","59","47","64","45","74","39","1791","381","120","123","0","12","30","45","24","32","0","12","48","51","182","160","264","123","126","75","287","234","241","116","215","125","254","201",
"1400000US18097310105","Census Tract 3101.05, Marion County, Indiana","3988","591","469","265","128","115","20","35","0","12","32","56","0","12","0","12","0","12","25","38","38","59","0","12","0","12","4","7","0","12","9","14","341","237","0","12","0","12","0","12","0","12","0","12","0","12","87","100","102","130","2","3","0","12","14","18","41","35","95","72","3519","472","1856","465","103","69","52","48","180","70","127","133","51","52","54","39","35","35","447","381","265","86","257","105","171","59","58","36","56","55","1663","270","141","107","8","14","130","78","63","46","0","12","30","25","127","77","202","90","260","90","267","84","179","79","217","74","39","38",
"1400000US18097310106","Census Tract 3101.06, Marion County, Indiana","4080","570","330","248","62","59","0","12","0","12","0","12","0","12","0","12","0","12","16","25","0","12","32","50","0","12","0","12","14","22","0","12","268","246","0","12","0","12","0","12","53","86","0","12","52","82","109","116","0","12","14","22","40","62","0","12","0","12","0","12","3750","554","1608","413","276","207","0","12","0","12","89","132","0","12","0","12","308","225","407","248","40","54","139","129","185","125","56","54","108","63","2142","372","146","159","0","12","77","94","0","12","0","12","0","12","109","86","637","245","365","189","109","80","206","110","117","78","376","157",
"1400000US18097310108","Census Tract 3101.08, Marion County, Indiana","3803","600","211","113","74","50","0","12","0","12","4","7","20","26","0","12","0","12","0","12","17","21","3","5","0","12","0","12","0","12","30","24","137","75","0","12","0","12","2","6","0","12","0","12","18","22","26","25","33","37","14","19","0","12","14","16","27","26","3","5","3592","595","1869","320","87","71","32","27","203","145","36","27","17","19","9","14","112","81","191","83","162","73","244","76","269","68","426","248","81","36","1723","315","118","60","3","4","7","11","44","66","2","5","19","20","88","53","186","113","251","133","154","62","368","86","369","259","114","60",
"1400000US18097310110","Census Tract 3101.10, Marion County, Indiana","2691","264","430","206","127","64","0","12","0","12","11","20","0","12","29","45","0","12","0","12","27","30","12","18","29","28","10","16","9","13","0","12","303","165","21","33","0","12","13","23","40","63","10","19","0","12","111","96","50","42","28","45","0","12","7","13","23","38","0","12","2261","289","1025","179","97","51","0","12","67","50","0","12","41","41","26","34","82","61","334","103","113","76","64","42","101","48","63","39","37","42","1236","210","60","64","47","48","29","21","58","52","24","37","0","12","151","83","386","121","89","49","117","66","211","109","56","32","8","13",
"1400000US18097310111","Census Tract 3101.11, Marion County, Indiana","3402","521","530","331","185","130","0","12","0","12","13","18","35","49","45","70","28","47","0","12","5","11","32","42","27","29","0","12","0","12","0","12","345","243","32","41","3","9","0","12","25","38","0","12","0","12","64","80","43","39","69","66","48","56","25","32","16","26","20","30","2872","461","1500","324","62","55","32","35","98","61","87","63","0","12","0","12","88","86","592","284","129","59","100","56","90","58","189","84","33","34","1372","218","20","29","0","12","41","58","20","31","21","33","37","41","223","121","268","138","223","89","148","70","188","77","143","54","40","35",
"1400000US18097310112","Census Tract 3101.12, Marion County, Indiana","6564","979","293","233","71","60","0","17","0","17","0","17","0","17","0","17","0","17","12","22","19","29","0","17","0","17","0","17","22","37","18","30","222","220","0","17","0","17","0","17","0","17","0","17","0","17","0","17","0","17","145","208","16","27","0","17","42","49","19","31","6271","859","3170","771","50","55","65","47","112","75","264","254","79","109","150","142","322","317","183","113","363","201","349","120","626","236","467","228","140","69","3101","452","130","125","64","60","176","97","100","83","27","29","116","93","201","82","261","116","233","76","586","318","676","243","290","101","241","117",
"1400000US18097310113","Census Tract 3101.13, Marion County, Indiana","927","275","76","125","30","53","0","12","0","12","0","12","0","12","0","12","0","12","10","17","0","12","0","12","20","36","0","12","0","12","0","12","46","73","0","12","0","12","0","12","0","12","0","12","22","39","1","2","0","12","1","2","20","34","2","4","0","12","0","12","851","286","493","220","47","72","20","30","68","52","29","47","0","12","0","12","71","127","12","19","111","54","26","33","90","57","8","14","11","19","358","113","0","12","0","12","39","43","16","26","0","12","0","12","0","12","12","19","115","56","48","43","87","59","16","21","25","36",
"1400000US18097310201","Census Tract 3102.01, Marion County, Indiana","4480","686","573","444","275","245","65","98","0","12","62","77","0","12","0","12","0","12","75","92","0","12","0","12","45","52","17","28","0","12","11","18","298","224","0","12","32","50","56","87","0","12","0","12","27","50","54","57","0","12","91","90","13","22","17","26","0","12","8","12","3907","578","1787","279","126","76","0","12","130","75","61","47","19","23","69","63","153","92","221","106","237","71","312","127","219","76","175","104","65","40","2120","415","203","115","0","12","239","131","45","56","0","12","73","115","267","148","255","127","276","120","313","113","179","73","136","79","134","81",
"1400000US18097310203","Census Tract 3102.03, Marion County, Indiana","5023","847","554","349","87","81","0","17","0","17","0","17","26","43","21","37","0","17","16","26","17","27","0","17","0","17","0","17","0","17","7","12","467","308","33","54","0","17","0","17","136","159","0","17","28","47","0","17","18","29","20","29","100","107","63","74","0","17","69","83","4469","871","1911","386","83","127","138","113","104","103","17","30","17","29","113","134","67","53","458","176","292","166","153","137","208","99","99","53","162","150","2558","653","258","262","0","17","156","132","95","118","0","17","101","112","80","73","351","137","504","248","382","161","164","70","213","126","254","200",
"1400000US18097310204","Census Tract 3102.04, Marion County, Indiana","5159","812","989","406","310","141","29","37","0","17","13","22","10","20","0","17","34","54","18","27","40","44","45","47","12","19","89","82","0","17","20","23","679","312","94","114","0","17","21","35","38","45","26","38","78","114","45","65","40","46","96","90","74","71","98","57","51","47","18","26","4170","816","1985","443","28","38","0","17","188","144","59","66","36","41","84","61","301","181","202","103","386","190","269","88","319","116","89","46","24","23","2185","478","83","85","0","17","49","60","98","83","54","64","71","53","243","111","377","216","311","134","477","208","263","97","148","56","11","17",
"1400000US18097310305","Census Tract 3103.05, Marion County, Indiana","5207","745","915","534","312","324","28","46","0","17","0","17","53","84","0","17","44","67","31","53","68","96","68","85","20","32","0","17","0","17","0","17","603","286","75","117","87","104","0","17","0","17","0","17","0","17","115","99","150","137","91","130","46","69","19","31","20","32","0","17","4292","831","2091","452","78","79","0","17","143","120","156","109","60","95","20","38","302","164","219","132","373","181","295","199","316","147","109","80","20","33","2201","580","174","135","0","17","254","229","0","17","0","17","96","138","336","156","391","215","277","151","117","90","291","139","201","96","64","61",
"1400000US18097310306","Census Tract 3103.06, Marion County, Indiana","7847","1408","1805","752","794","399","93","122","79","126","151","130","24","42","0","17","0","17","160","263","44","46","85","87","65","75","93","96","0","17","0","17","1011","454","154","153","87","135","103","102","34","62","22","39","70","106","1","4","222","181","170","157","59","88","89","92","0","17","0","17","6042","1404","2640","611","42","48","67","109","405","237","238","166","41","46","148","170","225","145","289","178","458","236","321","155","256","152","84","65","66","83","3402","906","668","441","77","103","140","132","96","93","0","17","122","135","241","147","362","201","420","182","809","474","230","172","183","76","54","51",
"1400000US18097310308","Census Tract 3103.08, Marion County, Indiana","3217","549","300","267","85","96","16","27","17","28","0","12","0","12","0","12","0","12","0","12","6","18","14","23","28","43","4","10","0","12","0","12","215","236","0","12","0","12","19","32","0","12","0","12","0","12","0","12","100","155","45","45","49","77","0","12","2","12","0","12","2917","481","1228","226","100","89","16","29","32","37","103","82","12","19","57","50","143","88","190","145","114","58","248","96","103","48","73","38","37","44","1689","428","103","114","0","12","185","122","89","94","46","51","10","15","295","195","243","131","121","70","211","88","231","71","50","30","105","64",
"1400000US18097310309","Census Tract 3103.09, Marion County, Indiana","3450","564","546","236","253","149","10","18","9","16","0","12","10","16","11","21","21","27","81","76","46","66","0","12","0","12","55","53","10","16","0","12","293","148","0","12","0","12","0","12","0","12","0","12","0","12","81","81","9","15","30","32","31","49","74","59","68","70","0","12","2904","656","1450","421","147","116","77","95","131","131","145","118","12","22","82","86","208","130","202","153","251","112","71","55","104","70","11","19","9","14","1454","345","96","116","0","12","152","133","115","113","20","38","14","23","98","104","367","165","248","141","146","72","121","94","44","33","33","32",
"1400000US18097310310","Census Tract 3103.10, Marion County, Indiana","5270","859","371","299","43","35","0","17","0","17","0","17","0","17","0","17","0","17","0","17","16","23","0","17","7","12","11","17","9","16","0","17","328","286","0","17","0","17","0","17","0","17","9","14","0","17","20","32","242","279","0","17","42","55","0","17","15","24","0","17","4899","771","2330","453","139","83","22","26","186","90","87","76","42","55","160","129","381","238","356","147","284","112","247","102","162","67","251","160","13","20","2569","476","160","105","10","17","180","105","115","74","34","55","107","74","255","121","354","130","361","93","284","82","291","99","256","209","162","170",
"1400000US18097310311","Census Tract 3103.11, Marion County, Indiana","7060","1143","982","825","365","247","0","17","0","17","91","123","74","107","0","17","65","69","19","18","12","20","26","36","20","26","41","48","17","28","0","17","617","596","157","235","50","73","85","125","8","18","0","17","0","17","46","75","64","92","79","88","37","51","91","96","0","17","0","17","6078","807","2968","510","239","136","25","37","337","150","148","90","62","61","114","69","359","199","416","279","380","109","363","127","225","82","203","65","97","95","3110","420","274","146","49","50","187","104","281","129","58","53","76","54","110","80","441","232","540","111","341","124","385","114","202","73","166","120",
"1400000US18097310312","Census Tract 3103.12, Marion County, Indiana","6672","828","1503","965","391","291","0","17","0","17","50","77","50","76","0","17","0","17","0","17","49","75","217","214","25","42","0","17","0","17","0","17","1112","809","183","190","0","17","232","234","179","204","0","17","0","17","300","302","56","66","114","130","0","17","17","28","31","52","0","17","5169","758","2581","500","217","154","77","120","205","105","168","163","0","17","13","21","335","285","567","299","291","163","270","182","316","157","100","108","22","38","2588","601","63","81","15","23","252","228","15","23","0","17","0","17","312","372","494","212","506","278","349","179","330","150","87","73","165","125",
"1400000US18097320105","Census Tract 3201.05, Marion County, Indiana","4124","578","588","470","263","215","33","43","0","12","72","79","14","24","0","12","0","12","0","12","58","72","27","43","45","58","0","12","3","10","11","19","325","284","62","91","21","34","62","63","0","12","0","12","0","12","61","73","66","81","39","48","0","12","0","12","3","9","11","19","3536","629","1650","502","122","119","0","12","270","228","30","39","0","12","20","35","89","89","239","115","187","130","140","77","230","127","149","115","174","81","1886","341","213","155","0","12","57","61","25","42","5","16","25","40","97","88","347","146","229","137","136","107","277","79","287","131","188","87",
"1400000US18097320106","Census Tract 3201.06, Marion County, Indiana","3306","1502","402","198","142","75","12","20","0","12","0","12","0","12","25","36","0","12","29","32","0","12","0","12","0","12","65","57","11","17","0","12","260","146","0","12","35","50","0","12","35","50","0","12","0","12","8","13","0","12","12","19","33","36","51","54","31","27","55","59","2904","1513","1372","769","95","67","48","73","256","337","16","18","11","15","0","12","63","42","476","436","64","58","50","34","122","68","79","48","92","42","1532","761","45","41","0","12","380","408","46","44","0","12","61","45","100","59","408","347","87","65","83","44","105","54","118","59","99","56",
"1400000US18097320107","Census Tract 3201.07, Marion County, Indiana","2224","527","25","18","10","11","0","12","0","12","0","12","0","12","0","12","0","12","2","4","1","2","0","12","5","8","2","3","0","12","0","12","15","13","0","12","0","12","0","12","0","12","0","12","0","12","2","3","2","3","9","11","0","12","1","2","0","12","1","2","2199","527","1142","281","113","73","8","11","139","137","7","10","8","11","14","15","17","17","216","90","86","30","177","113","181","70","104","39","72","30","1057","270","68","36","20","21","114","130","9","12","0","12","23","20","45","29","143","44","193","119","118","44","160","68","96","31","68","29",
"1400000US18097320108","Census Tract 3201.08, Marion County, Indiana","4822","590","650","250","219","165","0","17","0","17","0","17","0","17","0","17","0","17","0","17","0","17","159","142","0","17","50","78","10","18","0","17","431","174","0","17","0","17","0","17","37","45","0","17","0","17","76","102","49","76","62","68","95","89","75","96","37","59","0","17","4172","590","2135","373","140","134","87","138","191","155","53","85","13","24","0","17","146","121","711","249","461","201","129","103","106","84","70","66","28","36","2037","426","154","123","59","72","189","195","122","124","16","27","0","17","108","94","813","377","190","117","85","68","168","81","97","103","36","35",
"1400000US18097320109","Census Tract 3201.09, Marion County, Indiana","2768","445","149","98","46","33","0","12","0","12","0","12","0","12","0","12","10","17","0","12","0","12","0","12","5","12","12","19","2","5","17","15","103","77","0","12","0","12","0","12","0","12","0","12","0","12","0","12","16","24","17","26","0","12","38","45","16","19","16","14","2619","469","1267","209","74","58","23","21","109","68","79","59","24","25","14","21","67","75","87","47","167","76","114","63","163","75","171","65","175","63","1352","366","35","26","9","19","99","66","57","58","31","42","11","18","13","20","131","61","120","69","174","66","395","309","189","52","88","50",
"1400000US18097320202","Census Tract 3202.02, Marion County, Indiana","4889","621","182","142","77","81","0","17","0","17","0","17","0","17","0","17","0","17","0","17","0","17","33","51","0","17","0","17","44","64","0","17","105","76","0","17","0","17","0","17","0","17","0","17","0","17","25","28","16","25","0","17","21","28","0","17","43","61","0","17","4707","652","2148","356","10","18","6","8","107","67","57","61","43","47","33","41","219","144","499","214","128","64","246","95","254","93","349","125","197","105","2559","409","132","85","0","17","62","48","48","51","0","17","51","63","138","107","535","287","276","84","252","172","508","169","302","127","255","103",
"1400000US18097320203","Census Tract 3202.03, Marion County, Indiana","2588","313","157","74","100","58","0","12","0","12","0","12","0","12","0","12","0","12","8","13","0","12","23","36","0","12","24","22","0","12","45","39","57","46","0","12","0","12","0","12","0","12","0","12","0","12","0","12","10","15","0","12","0","12","11","16","26","39","10","14","2431","321","1199","205","20","25","0","12","36","28","51","42","7","12","36","36","35","35","322","105","95","52","221","103","173","79","70","48","133","43","1232","226","58","43","0","12","20","25","5","7","15","22","4","7","65","51","331","110","120","65","283","166","108","51","125","50","98","61",
"1400000US18097320205","Census Tract 3202.05, Marion County, Indiana","1805","266","120","86","64","64","0","12","0","12","0","12","0","12","0","12","0","12","27","45","37","46","0","12","0","12","0","12","0","12","0","12","56","54","0","12","0","12","0","12","0","12","0","12","0","12","35","43","0","12","0","12","0","12","0","12","21","31","0","12","1685","247","681","134","14","22","0","12","0","12","0","12","0","12","0","12","63","63","302","117","84","62","43","52","106","14","63","41","6","10","1004","170","116","90","0","12","0","12","109","100","0","12","0","12","80","101","328","142","85","74","99","70","77","83","84","50","26","24",
"1400000US18097320206","Census Tract 3202.06, Marion County, Indiana","3196","676","687","455","238","183","9","29","0","12","32","51","60","92","31","48","0","12","0","12","70","115","7","22","16","25","0","12","13","21","0","12","449","331","0","12","0","12","49","77","59","91","47","73","0","12","131","102","0","12","99","96","0","12","33","53","31","47","0","12","2509","894","999","322","0","12","3","11","29","39","74","60","107","102","22","27","153","118","150","149","62","46","141","92","159","116","50","62","49","45","1510","696","138","133","15","26","32","51","17","30","0","12","0","12","250","230","219","299","223","136","267","171","122","89","79","60","148","91",
"1400000US18097320301","Census Tract 3203.01, Marion County, Indiana","3668","551","340","300","191","221","120","179","0","12","0","12","0","12","0","12","0","12","0","12","1","3","0","12","1","3","18","19","42","45","9","13","149","107","0","12","0","12","0","12","26","40","0","12","0","12","0","12","0","12","0","12","0","12","18","28","80","77","25","24","3328","496","1526","275","97","117","13","21","43","37","65","41","0","12","17","20","27","34","225","92","181","92","187","81","252","71","241","94","178","63","1802","319","109","80","13","19","110","90","60","40","7","13","10","15","88","66","132","69","189","94","195","77","229","62","378","153","282","82",
"1400000US18097320303","Census Tract 3203.03, Marion County, Indiana","3072","349","344","179","237","137","45","69","0","12","8","14","0","12","0","12","0","12","101","64","52","37","31","41","0","12","0","12","0","12","0","12","107","69","0","12","0","12","0","12","0","12","0","12","0","12","44","33","43","50","20","22","0","12","0","12","0","12","0","12","2728","354","1362","228","53","45","0","12","15","23","0","12","0","12","0","12","233","99","625","143","167","99","119","84","113","73","19","21","18","23","1366","265","88","69","0","12","39","45","31","41","0","12","62","59","245","95","583","179","163","72","89","59","39","32","9","15","18","24",
"1400000US18097320305","Census Tract 3203.05, Marion County, Indiana","2813","337","0","12","0","12","0","12","0","12","0","12","0","12","0","12","0","12","0","12","0","12","0","12","0","12","0","12","0","12","0","12","0","12","0","12","0","12","0","12","0","12","0","12","0","12","0","12","0","12","0","12","0","12","0","12","0","12","0","12","2813","337","1366","271","63","56","72","74","134","107","21","34","27","32","68","90","83","91","92","75","130","63","163","73","224","121","161","99","128","103","1447","233","95","92","0","12","150","104","100","72","20","31","19","31","58","71","63","49","215","74","172","94","147","83","214","110","194","120",
"1400000US18097320306","Census Tract 3203.06, Marion County, Indiana","3853","414","165","143","104","105","0","12","0","12","0","12","0","12","0","12","20","32","14","20","0","12","0","12","19","30","51","80","0","12","0","12","61","67","0","12","0","12","0","12","0","12","0","12","0","12","2","5","40","58","0","12","19","30","0","12","0","12","0","12","3688","452","1695","295","35","36","10","19","96","70","24","33","10","14","45","37","133","80","504","180","102","53","251","111","237","93","173","70","75","65","1993","332","68","41","10","17","78","68","18","27","28","32","9","15","212","93","406","149","332","211","214","98","149","70","188","88","281","161",
"1400000US18097320400","Census Tract 3204, Marion County, Indiana","3345","486","190","159","40","33","0","12","0","12","0","12","10","17","0","12","0","12","0","12","16","22","14","16","0","12","0","12","0","12","0","12","150","153","0","12","0","12","9","16","0","12","0","12","0","12","4","11","108","151","27","27","0","12","2","4","0","12","0","12","3155","465","1544","268","126","67","31","34","101","54","14","18","6","10","7","12","212","105","293","96","186","121","191","72","163","79","158","57","56","42","1611","274","178","79","11","17","133","85","23","27","0","12","50","72","212","105","195","97","255","101","150","50","122","49","166","90","116","54",
"1400000US18097320500","Census Tract 3205, Marion County, Indiana","3105","466","431","211","247","168","0","12","0","12","0","12","24","37","50","51","36","43","80","65","0","12","0","12","32","46","9","14","16","19","0","12","184","88","0","12","0","12","0","12","0","12","0","12","0","12","8","12","39","46","30","37","23","37","37","47","19","22","28","25","2674","531","1300","291","72","40","17","18","91","69","152","195","31","25","10","17","32","29","116","58","158","60","206","114","188","57","108","52","119","73","1374","284","19","20","6","10","98","53","122","143","20","22","42","39","111","63","179","94","220","139","122","57","255","115","115","47","65","42",
"1400000US18097320600","Census Tract 3206, Marion County, Indiana","2341","544","286","155","125","74","0","12","0","12","20","31","11","17","0","12","0","12","0","12","14","21","0","12","48","44","0","12","23","25","9","14","161","106","0","12","19","28","15","22","0","12","0","12","0","12","14","22","23","27","0","12","62","46","9","14","10","15","9","14","2055","487","1137","338","37","34","8","12","164","240","37","42","27","30","0","12","86","73","279","86","128","78","150","82","178","79","43","28","0","12","918","195","15","17","0","12","9","17","14","18","0","12","13","16","63","49","186","77","325","170","46","32","109","52","77","38","61","35",
"1400000US18097320700","Census Tract 3207, Marion County, Indiana","2040","293","103","53","31","33","0","12","0","12","8","14","0","12","0","12","0","12","9","13","0","12","5","9","9","17","0","12","0","12","0","12","72","43","0","12","0","12","0","12","0","12","0","12","0","12","36","33","5","10","0","12","0","12","10","15","13","19","8","12","1937","294","1084","229","24","31","15","20","28","30","46","48","8","15","62","91","97","73","287","110","203","87","191","67","59","42","48","27","16","17","853","136","10","17","65","46","47","48","0","12","12","20","0","12","45","38","167","71","135","53","112","56","146","57","74","33","40","36",
"1400000US18097320800","Census Tract 3208, Marion County, Indiana","2900","175","66","31","30","16","0","12","0","12","0","12","0","12","0","12","7","9","3","5","1","2","0","12","6","8","3","3","9","8","1","3","36","21","0","12","0","12","0","12","0","12","0","12","0","12","0","12","0","12","2","3","6","8","0","12","17","16","11","12","2834","176","1328","118","63","38","9","8","144","49","45","19","30","21","30","20","30","24","46","21","151","26","242","40","178","42","186","39","174","90","1506","88","57","22","31","25","123","36","90","30","1","2","29","15","51","21","73","26","195","34","202","41","283","58","180","43","191","90",
"1400000US18097320901","Census Tract 3209.01, Marion County, Indiana","6368","1048","393","344","86","75","0","17","0","17","0","17","0","17","0","17","0","17","0","17","1","4","57","62","2","4","26","38","0","17","0","17","307","342","0","17","142","205","0","17","0","17","0","17","0","17","47","73","0","17","97","141","1","3","20","29","0","17","0","17","5975","1048","3324","794","242","183","0","17","324","172","172","157","0","17","89","91","280","246","496","293","429","170","332","191","539","280","313","119","108","68","2651","459","244","222","19","32","100","97","99","80","12","22","17","26","115","127","172","114","460","146","355","162","544","233","325","103","189","100",
"1400000US18097320902","Census Tract 3209.02, Marion County, Indiana","4058","605","705","352","382","230","49","75","59","73","52","66","36","50","21","36","17","24","8","17","62","53","25","30","16","25","37","59","0","12","0","12","323","170","20","25","0","12","8","21","0","12","0","12","32","46","13","21","67","60","86","88","10","16","23","24","52","68","12","19","3353","641","1770","397","133","110","121","82","82","64","49","62","0","12","92","78","160","128","411","142","331","140","85","57","180","105","110","43","16","24","1583","350","61","71","41","56","151","86","101","103","0","12","0","12","131","112","290","110","355","130","184","89","194","69","52","41","23","25",
"1400000US18097320903","Census Tract 3209.03, Marion County, Indiana","5750","1077","1981","967","797","437","123","113","0","17","392","428","54","62","0","17","18","30","71","108","28","45","72","65","0","17","39","43","0","17","0","17","1184","615","30","53","68","58","215","163","159","157","0","17","25","38","99","125","310","289","197","103","20","23","61","55","0","17","0","17","3769","934","1699","432","85","74","59","64","156","101","29","31","19","34","123","75","296","236","216","109","132","88","257","154","281","130","24","31","22","26","2070","630","67","73","23","37","131","76","40","49","0","17","7","11","157","142","420","210","395","253","356","220","295","133","141","77","38","37",
"1400000US18097321001","Census Tract 3210.01, Marion County, Indiana","2916","531","496","197","229","129","97","64","0","12","59","30","0","12","0","12","0","12","21","38","0","12","0","12","12","22","0","12","9","20","31","48","267","154","0","12","0","12","43","75","107","57","0","12","0","12","21","35","15","28","79","54","2","9","0","12","0","12","0","12","2420","527","1082","288","0","12","43","53","121","96","90","111","13","25","13","23","177","125","123","86","101","92","116","94","137","114","63","51","85","57","1338","330","164","114","0","12","75","91","0","12","0","12","113","119","114","96","252","169","108","56","77","67","259","169","131","85","45","37",
"1400000US18097321002","Census Tract 3210.02, Marion County, Indiana","5281","1356","770","676","375","424","0","17","0","17","119","163","0","17","0","17","0","17","145","136","58","66","1","5","0","17","51","69","1","2","0","17","395","268","55","79","0","17","0","17","0","17","0","17","0","17","94","93","123","111","0","17","3","5","120","118","0","17","0","17","4511","1357","2396","858","269","298","20","34","132","81","57","55","38","39","3","5","520","502","237","203","96","57","260","110","505","253","160","88","99","53","2115","565","104","108","111","168","111","81","69","97","0","17","7","11","125","111","216","180","156","90","396","278","278","99","316","109","226","129",
"1400000US18097321100","Census Tract 3211, Marion County, Indiana","3716","605","351","171","210","107","0","12","0","12","47","64","24","32","0","12","3","4","20","23","9","8","6","6","32","21","33","25","34","26","2","3","141","76","0","12","0","12","0","12","3","6","3","6","23","30","12","17","12","12","18","25","5","7","49","46","4","4","12","13","3365","616","1562","243","39","31","14","15","164","65","42","22","2","3","45","38","61","44","174","68","213","56","131","54","328","177","255","79","94","38","1803","418","67","56","14","12","138","55","31","26","2","7","15","21","92","55","331","237","207","61","195","53","379","149","194","71","138","56",
"1400000US18097321200","Census Tract 3212, Marion County, Indiana","4956","935","229","135","81","50","0","17","18","14","0","17","19","15","0","17","0","17","0","17","18","28","0","17","8","17","0","17","18","29","0","17","148","98","0","17","0","17","43","28","8","16","11","22","0","17","8","12","21","33","23","37","8","16","13","22","13","21","0","17","4727","932","2030","349","126","94","23","37","159","111","144","146","17","29","13","20","45","42","500","187","347","194","144","74","210","81","224","79","78","72","2697","717","519","492","0","17","70","52","77","49","17","25","75","62","99","103","527","128","360","212","262","123","470","167","96","53","125","97",
"1400000US18097321300","Census Tract 3213, Marion County, Indiana","2749","345","239","150","70","65","0","12","0","12","0","12","0","12","0","12","0","12","30","36","0","12","0","12","0","12","21","32","19","24","0","12","169","101","0","12","0","12","0","12","0","12","0","12","0","12","58","54","72","57","0","12","0","12","39","43","0","12","0","12","2510","355","1253","265","182","135","0","12","34","41","0","12","0","12","0","12","89","65","497","131","214","99","130","62","84","46","14","16","9","11","1257","179","117","80","0","12","26","26","0","12","0","12","35","31","114","71","493","141","167","72","123","53","27","21","87","51","68","44",
"1400000US18097321400","Census Tract 3214, Marion County, Indiana","4976","596","374","257","238","172","19","29","0","17","43","63","0","17","0","17","0","17","74","97","0","17","37","41","47","69","16","26","2","9","0","17","136","146","0","17","0","17","0","17","53","82","0","17","0","17","0","17","15","24","36","56","21","35","11","19","0","17","0","17","4602","650","2170","437","104","81","32","38","52","65","58","43","13","22","58","61","147","95","787","346","225","107","93","64","275","158","227","124","99","98","2432","367","64","73","0","17","68","39","93","49","9","16","126","129","106","76","616","186","237","95","507","159","292","125","281","112","33","38",
"1400000US18097321600","Census Tract 3216, Marion County, Indiana","5719","997","1004","541","488","321","196","192","0","17","17","29","0","17","0","17","0","17","31","55","13","21","0","17","2","4","48","49","166","237","15","25","516","326","86","86","54","71","48","87","24","44","0","17","0","17","128","152","122","92","0","17","13","22","0","17","0","17","41","53","4715","1021","2372","460","262","147","0","17","118","105","154","169","45","53","18","33","212","125","366","175","210","91","281","162","290","109","191","120","225","147","2343","707","83","88","36","41","205","272","28","40","25","32","0","17","263","295","475","192","204","109","296","224","326","125","253","189","149","107",
"1400000US18097321700","Census Tract 3217, Marion County, Indiana","3985","508","393","207","126","122","0","12","0","12","0","12","0","12","0","12","0","12","8","17","17","24","69","106","14","22","0","12","18","30","0","12","267","180","0","12","0","12","0","12","0","12","0","12","0","12","117","130","57","63","0","12","19","29","0","12","61","91","13","21","3592","456","1612","284","71","56","0","12","27","32","21","35","0","12","29","48","188","227","486","125","346","156","73","50","231","71","66","48","74","46","1980","318","180","118","0","12","172","91","23","30","0","12","0","12","58","52","685","181","267","120","151","81","144","67","146","100","154","82",
"1400000US18097321800","Census Tract 3218, Marion County, Indiana","3316","527","81","59","26","26","0","12","0","12","0","12","0","12","0","12","0","12","12","19","14","16","0","12","0","12","0","12","0","12","0","12","55","43","0","12","0","12","0","12","0","12","16","24","0","12","0","12","34","34","0","12","0","12","5","8","0","12","0","12","3235","527","1438","270","93","66","60","47","134","144","28","34","13","22","11","17","39","38","211","58","228","114","217","73","177","54","135","61","92","38","1797","289","106","92","19","23","219","146","52","53","10","16","6","11","79","42","327","83","324","139","265","72","180","57","120","52","90","42",
"1400000US18097321900","Census Tract 3219, Marion County, Indiana","3246","558","600","283","385","285","0","17","0","17","0","17","0","17","0","17","0","17","384","285","0","17","0","17","1","5","0","17","0","17","0","17","215","118","0","17","0","17","0","17","0","17","0","17","0","17","210","118","2","4","1","2","0","17","0","17","2","4","0","17","2646","555","1241","212","69","44","9","14","191","106","29","27","31","21","12","16","0","17","152","55","221","111","128","66","227","77","103","40","69","42","1405","383","168","150","102","126","117","61","72","54","18","18","35","27","53","36","158","73","199","110","172","53","80","35","175","66","56","33",
"1400000US18097322000","Census Tract 3220, Marion County, Indiana","3150","572","624","264","324","167","0","12","0","12","64","61","0","12","44","48","0","12","111","88","60","53","8","13","30","32","0","12","7","12","0","12","300","127","31","51","24","31","10","15","37","38","0","12","11","20","14","19","48","35","70","57","0","12","30","41","8","13","17","18","2526","564","1033","267","32","31","0","12","38","43","24","29","37","40","0","12","0","12","261","122","125","55","128","80","175","146","178","115","35","26","1493","376","72","57","24","37","59","41","33","31","0","12","29","27","150","105","212","93","343","269","190","87","195","72","106","40","80","54",
"1400000US18097322100","Census Tract 3221, Marion County, Indiana","3254","587","590","483","250","310","105","175","0","12","61","104","0","12","0","12","0","12","23","22","0","12","32","53","11","16","9","13","1","3","8","12","340","210","13","23","0","12","0","12","0","12","0","12","15","23","55","52","196","164","24","39","9","15","28","34","0","12","0","12","2664","381","1209","269","171","103","47","58","138","61","11","17","52","79","7","11","60","66","175","122","166","71","126","60","146","54","84","45","26","29","1455","264","129","71","63","86","194","98","22","25","0","12","0","12","41","55","370","130","203","71","143","93","132","81","85","46","73","46",
"1400000US18097322200","Census Tract 3222, Marion County, Indiana","2208","309","148","95","96","88","0","12","0","12","0","12","0","12","0","12","0","12","42","56","23","24","5","6","17","26","0","12","0","12","9","13","52","33","0","12","0","12","0","12","0","12","0","12","0","12","17","19","20","21","0","12","6","9","0","12","0","12","9","12","2060","299","1104","194","135","70","24","21","103","43","52","28","5","8","20","17","4","6","186","63","178","53","154","48","95","58","82","36","66","31","956","137","44","27","10","10","93","32","50","41","19","24","15","24","35","31","170","50","144","41","167","46","88","46","61","23","60","27",
"1400000US18097322300","Census Tract 3223, Marion County, Indiana","2463","389","145","81","45","68","0","12","0","12","0","12","0","12","0","12","0","12","0","12","0","12","0","12","45","68","0","12","0","12","0","12","100","65","0","12","6","10","0","12","0","12","0","12","0","12","29","36","29","24","30","41","0","12","6","9","0","12","0","12","2318","376","1181","330","100","49","12","14","65","28","13","13","0","12","6","12","175","176","335","95","107","34","146","148","112","38","67","38","43","28","1137","212","140","78","3","7","71","42","6","11","16","16","57","70","43","35","290","85","150","46","122","83","125","61","87","42","27","22",
"1400000US18097322400","Census Tract 3224, Marion County, Indiana","2638","352","131","68","61","51","0","12","0","12","0","12","0","12","0","12","0","12","19","21","30","30","0","12","0","12","12","18","0","12","0","12","70","39","0","12","0","12","0","12","0","12","0","12","0","12","38","32","0","12","0","12","18","21","14","15","0","12","0","12","2507","338","1148","245","49","40","13","19","14","20","17","26","0","12","26","40","130","79","318","134","275","137","75","68","147","65","68","30","16","17","1359","254","103","72","0","12","19","28","7","11","15","22","27","42","284","198","331","93","189","71","101","59","128","58","148","45","7","12",
"1400000US18097322500","Census Tract 3225, Marion County, Indiana","1614","233","487","147","177","74","0","12","0","12","42","33","0","12","0","12","0","12","51","54","20","27","17","19","17","18","5","9","14","22","11","17","310","125","39","35","0","12","34","31","34","31","0","12","0","12","22","23","89","52","41","35","12","14","11","11","9","15","19","19","1127","230","546","122","20","28","0","12","21","23","27","42","0","12","7","10","98","78","156","97","68","46","47","30","58","30","38","22","6","11","581","162","50","58","0","12","40","46","16","27","0","12","0","12","59","33","117","72","122","60","69","33","66","33","41","23","1","3",
"1400000US18097322601","Census Tract 3226.01, Marion County, Indiana","2014","538","1136","408","431","308","78","87","0","12","60","76","0","12","17","33","46","58","165","162","0","12","9","17","28","46","28","24","0","12","0","12","705","185","66","79","57","52","64","76","25","45","45","59","10","15","57","65","87","75","152","95","67","60","48","51","27","44","0","12","878","372","468","292","0","12","0","12","109","147","19","33","30","42","41","49","101","70","36","57","65","70","29","39","27","35","11","20","0","12","410","177","0","12","0","12","48","55","25","40","0","12","0","12","30","48","25","41","66","59","46","46","93","66","31","35","46","33",
"1400000US18097322602","Census Tract 3226.02, Marion County, Indiana","1738","435","74","55","11","16","0","12","0","12","0","12","0","12","0","12","0","12","0","12","0","12","0","12","0","12","11","16","0","12","0","12","63","55","0","12","0","12","0","12","0","12","0","12","0","12","0","12","0","12","33","51","0","12","10","15","11","17","9","16","1664","446","806","255","26","39","0","12","21","34","0","12","0","12","13","18","23","26","61","37","115","83","133","99","222","154","50","47","142","151","858","272","55","71","0","12","17","27","77","119","11","16","0","12","88","54","128","73","21","24","141","125","94","56","165","105","61","56",
"1400000US18097322700","Census Tract 3227, Marion County, Indiana","2062","417","389","300","46","45","0","12","0","12","0","12","0","12","0","12","0","12","0","12","0","12","16","25","0","12","0","12","0","12","30","35","343","295","0","12","0","12","0","12","0","12","43","62","43","62","0","12","0","12","0","12","37","53","114","193","90","126","16","13","1673","337","948","173","34","45","0","12","42","55","71","62","0","12","31","37","57","44","62","51","152","70","168","55","123","76","109","59","99","53","725","206","0","12","0","12","33","38","65","65","0","12","0","12","23","28","89","63","108","49","179","88","112","49","34","29","82","43",
"1400000US18097330103","Census Tract 3301.03, Marion County, Indiana","4214","550","362","208","104","91","0","12","0","12","0","12","50","70","0","12","0","12","0","12","25","44","15","23","0","12","14","23","0","12","0","12","258","151","0","12","0","12","0","12","57","80","0","12","0","12","77","95","56","76","39","55","0","12","16","31","13","22","0","12","3852","575","1834","341","215","205","22","25","35","46","65","74","22","30","0","12","118","96","323","143","260","98","179","110","216","88","187","77","192","180","2018","321","63","93","0","12","99","90","66","61","21","24","11","22","88","72","227","143","259","80","361","167","382","112","363","253","78","49",
"1400000US18097330105","Census Tract 3301.05, Marion County, Indiana","4504","647","383","256","60","73","0","12","0","12","0","12","0","12","0","12","0","12","0","12","1","3","56","73","1","5","2","4","0","12","0","12","323","247","0","12","0","12","0","12","0","12","0","12","19","32","166","231","18","28","13","21","2","4","0","12","53","53","52","47","4121","629","2035","317","36","47","39","63","234","88","87","94","0","12","37","60","135","129","477","178","191","152","322","177","324","87","114","65","39","37","2086","620","78","93","0","12","104","113","35","56","19","29","21","39","141","142","304","131","581","426","137","104","427","140","199","120","40","38",
"1400000US18097330106","Census Tract 3301.06, Marion County, Indiana","4650","1133","969","657","498","374","183","198","0","12","0","12","0","12","0","12","0","12","59","91","55","87","143","152","19","31","23","38","0","12","16","26","471","298","171","186","0","12","0","12","74","118","0","12","0","12","101","78","36","60","52","81","0","12","22","36","0","12","15","21","3681","976","1959","759","287","293","0","12","49","75","160","201","0","12","0","12","50","62","704","410","154","98","150","107","248","148","120","84","37","39","1722","370","0","12","0","12","91","149","154","121","24","50","28","48","219","163","402","186","164","122","194","103","171","92","160","99","115","62",
"1400000US18097330107","Census Tract 3301.07, Marion County, Indiana","5016","537","285","129","174","92","16","25","0","17","0","17","0","17","0","17","38","59","0","17","0","17","27","31","29","44","13","21","36","38","15","24","111","72","0","17","0","17","13","22","0","17","0","17","0","17","14","21","0","17","13","23","0","17","26","35","45","40","0","17","4731","544","2115","254","36","43","0","17","60","47","33","37","56","43","129","91","113","70","305","105","158","67","254","93","498","138","291","144","182","79","2616","461","55","37","23","39","159","82","111","90","80","86","53","49","76","75","298","101","351","110","329","255","530","148","290","148","261","130",
"1400000US18097330108","Census Tract 3301.08, Marion County, Indiana","3926","925","142","121","59","60","0","12","0","12","11","17","0","12","0","12","0","12","0","12","0","12","0","12","14","22","34","45","0","12","0","12","83","64","0","12","0","12","0","12","0","12","0","12","0","12","19","26","20","24","0","12","10","17","34","43","0","12","0","12","3784","944","1905","473","113","54","11","16","214","239","22","20","0","12","41","33","85","58","267","175","286","175","161","54","366","84","211","65","128","56","1879","502","251","250","29","25","78","60","57","34","8","13","33","23","55","40","285","203","310","187","142","49","229","63","248","112","154","57",
"1400000US18097330109","Census Tract 3301.09, Marion County, Indiana","4793","959","127","104","64","63","0","12","0","12","0","12","0","12","0","12","0","12","6","13","36","55","0","12","6","14","0","12","0","12","16","25","63","49","0","12","0","12","0","12","0","12","0","12","0","12","0","12","0","12","25","36","19","27","3","8","16","25","0","12","4666","960","2161","379","86","61","51","42","100","48","54","51","0","12","135","160","73","71","392","119","362","239","143","72","404","94","316","160","45","40","2505","629","292","294","33","35","62","58","103","59","34","31","42","48","69","58","510","328","252","64","297","118","400","113","302","88","109","63",
"1400000US18097330203","Census Tract 3302.03, Marion County, Indiana","5083","499","298","328","197","247","0","17","0","17","131","165","66","82","0","17","0","17","0","17","0","17","0","17","0","17","0","17","0","17","0","17","101","93","0","17","0","17","0","17","0","17","0","17","0","17","6","14","0","17","0","17","61","77","0","17","34","54","0","17","4785","596","2445","473","106","85","10","17","78","62","130","144","22","36","138","99","85","63","216","141","214","96","423","175","526","135","334","105","163","84","2340","256","125","68","95","81","156","102","176","92","32","39","34","43","82","74","91","61","218","73","393","150","547","152","310","116","81","63",
"1400000US18097330204","Census Tract 3302.04, Marion County, Indiana","6242","795","61","91","0","17","0","17","0","17","0","17","0","17","0","17","0","17","0","17","0","17","0","17","0","17","0","17","0","17","0","17","61","91","0","17","0","17","0","17","0","17","0","17","0","17","0","17","0","17","0","17","55","88","6","13","0","17","0","17","6181","807","3042","439","68","67","14","24","357","151","191","115","0","17","78","79","377","205","173","134","564","102","295","114","468","131","390","257","67","49","3139","498","65","82","38","42","313","204","114","97","185","123","79","79","260","189","200","124","359","150","524","136","648","382","281","96","73","51",
"1400000US18097330206","Census Tract 3302.06, Marion County, Indiana","5217","746","160","106","51","50","10","15","0","17","25","41","0","17","0","17","0","17","0","17","7","12","0","17","0","17","0","17","9","15","0","17","109","85","0","17","0","17","0","17","0","17","0","17","0","17","26","39","8","13","0","17","43","40","0","17","9","15","23","36","5057","737","2423","315","197","133","12","20","172","70","98","70","36","31","89","64","202","90","283","96","268","77","486","216","343","97","203","85","34","29","2634","527","470","422","23","22","127","69","88","55","64","51","112","64","151","87","252","89","418","140","451","101","301","120","129","74","48","38",
"1400000US18097330208","Census Tract 3302.08, Marion County, Indiana","3065","412","38","39","28","27","0","12","0","12","0","12","0","12","0","12","0","12","11","17","0","12","0","12","6","11","0","12","11","17","0","12","10","15","0","12","0","12","0","12","0","12","0","12","0","12","10","15","0","12","0","12","0","12","0","12","0","12","0","12","3027","414","1581","264","123","52","38","30","112","88","75","59","58","54","14","21","48","39","341","161","193","82","206","66","197","70","165","53","11","17","1446","207","81","67","23","27","107","56","42","35","0","12","34","31","49","29","349","145","180","72","138","55","218","58","152","47","73","43",
"1400000US18097330210","Census Tract 3302.10, Marion County, Indiana","6858","987","1079","677","379","211","67","82","0","17","6","30","102","99","0","17","64","95","69","66","0","17","71","101","0","17","0","17","0","17","0","17","700","523","182","269","0","17","167","151","78","96","0","17","0","17","0","17","63","73","79","93","29","53","0","17","102","108","0","17","5779","1032","2526","634","197","159","0","17","278","150","134","146","0","17","337","329","163","111","300","178","360","169","294","245","380","145","21","39","62","75","3253","737","176","127","37","52","381","206","110","107","36","59","194","149","382","264","442","249","789","319","325","125","93","76","273","154","15","23",
"1400000US18097330211","Census Tract 3302.11, Marion County, Indiana","5079","669","802","334","247","160","0","17","0","17","0","17","0","17","0","17","0","17","96","117","0","17","48","76","0","17","59","74","44","43","0","17","555","285","65","105","49","87","0","17","0","17","0","17","0","17","117","121","112","101","91","85","0","17","77","86","44","42","0","17","4277","727","2168","507","174","158","80","106","320","153","0","17","0","17","102","92","424","253","335","239","248","204","134","106","259","115","43","36","49","45","2109","406","90","98","103","134","215","216","186","141","0","17","0","17","198","174","343","191","309","206","287","139","249","135","85","78","44","46",
"1400000US18097330212","Census Tract 3302.12, Marion County, Indiana","5649","951","229","155","80","83","21","33","0","17","0","17","0","17","0","17","0","17","0","17","46","53","0","17","0","17","0","17","13","23","0","17","149","104","20","33","0","17","18","28","0","17","0","17","0","17","0","17","54","51","45","67","12","20","0","17","0","17","0","17","5420","951","2558","596","147","124","0","17","177","151","256","212","0","17","78","59","135","95","614","389","479","205","225","121","214","113","206","81","27","33","2862","502","185","140","0","17","361","201","188","150","46","75","157","108","544","282","259","129","336","151","353","122","264","141","85","46","84","68",
"1400000US18097330213","Census Tract 3302.13, Marion County, Indiana","4126","958","388","369","321","332","0","12","0","12","0","12","0","12","0","12","0","12","219","309","37","53","0","12","1","2","63","90","1","2","0","12","67","85","0","12","0","12","0","12","0","12","0","12","0","12","7","12","0","12","0","12","0","12","60","85","0","12","0","12","3738","716","1883","472","194","121","0","12","69","73","77","88","0","12","25","31","76","85","380","318","228","98","266","126","223","106","209","95","136","51","1855","316","41","45","15","25","139","84","18","27","19","33","0","12","329","262","268","106","147","82","157","115","415","147","111","63","196","73",
"1400000US18097330401","Census Tract 3304.01, Marion County, Indiana","5729","742","145","109","40","54","0","17","27","45","0","17","0","17","0","17","0","17","7","15","0","17","0","17","0","17","6","13","0","17","0","17","105","80","0","17","0","17","0","17","0","17","0","17","0","17","36","46","18","29","0","17","29","47","11","19","11","17","0","17","5584","744","2694","356","146","106","31","36","293","145","118","108","21","32","36","42","109","79","315","143","374","144","325","147","412","136","269","120","245","142","2890","549","104","90","54","58","148","164","36","43","98","95","33","42","183","163","485","202","332","151","319","150","511","195","339","116","248","123",
"1400000US18097330500","Census Tract 3305, Marion County, Indiana","5966","1140","1332","681","436","288","182","192","0","17","0","17","0","17","0","17","0","17","47","71","30","52","93","134","0","17","0","17","59","94","25","32","896","510","0","17","0","17","260","369","38","59","0","17","79","91","109","106","189","266","135","132","0","17","86","123","0","17","0","17","4634","1260","1947","504","63","112","16","28","129","104","31","60","0","17","0","17","56","66","106","68","460","272","347","278","292","160","282","105","165","68","2687","888","104","106","14","27","281","286","65","79","0","17","65","66","216","249","197","157","270","186","295","254","429","175","466","185","285","113",
"1400000US18097330600","Census Tract 3306, Marion County, Indiana","5976","1007","1236","774","805","628","65","98","0","17","149","194","97","129","0","17","0","17","0","17","1","5","4","6","62","74","427","504","0","17","0","17","431","333","63","101","18","29","47","85","48","57","0","17","25","42","0","17","133","149","18","30","45","61","34","42","0","17","0","17","4740","884","2297","469","152","153","60","83","263","140","171","137","0","17","41","51","272","185","463","199","429","255","35","44","242","172","69","59","100","55","2443","572","99","104","76","108","151","138","148","137","63","120","43","50","162","108","675","274","441","184","65","58","298","99","86","64","136","69",
"1400000US18097330701","Census Tract 3307.01, Marion County, Indiana","2212","671","123","155","45","114","24","62","0","12","0","12","0","12","0","12","0","12","21","52","0","12","0","12","0","12","0","12","0","12","0","12","78","78","0","12","0","12","0","12","0","12","0","12","0","12","16","43","48","76","0","12","0","12","0","12","0","12","14","22","2089","649","1000","354","0","12","0","12","151","180","0","12","0","12","0","12","62","88","458","303","51","39","70","104","126","61","82","71","0","12","1089","392","0","12","0","12","175","113","158","129","0","12","0","12","0","12","134","83","334","288","127","99","99","71","62","68","0","12",
"1400000US18097330702","Census Tract 3307.02, Marion County, Indiana","3987","851","1344","600","452","241","75","97","11","19","74","80","8","28","57","48","0","12","19","37","0","12","139","89","34","69","0","12","35","47","0","12","892","390","69","101","0","12","93","98","69","86","19","35","0","12","124","75","129","128","95","84","115","85","101","115","78","79","0","12","2643","718","1533","542","287","333","125","107","110","112","0","12","0","12","111","143","75","80","55","62","374","178","129","91","141","68","126","78","0","12","1110","293","54","70","33","50","44","71","9","37","0","12","0","12","30","36","209","113","215","136","49","61","95","72","174","72","198","147",
"1400000US18097330803","Census Tract 3308.03, Marion County, Indiana","3654","807","1498","734","711","445","316","254","18","30","149","199","32","42","24","37","5","8","11","17","0","12","66","73","24","38","41","54","6","10","19","30","787","373","44","70","37","61","108","121","36","40","0","12","31","48","34","38","321","258","34","36","54","61","69","73","19","31","0","12","2156","619","1110","414","30","48","0","12","190","161","161","122","0","12","70","92","109","101","120","88","173","107","152","129","70","55","9","14","26","33","1046","319","50","59","17","26","0","12","54","62","40","67","14","24","96","86","269","213","129","87","171","101","88","55","115","65","3","10",
"1400000US18097330804","Census Tract 3308.04, Marion County, Indiana","3237","882","1000","404","568","267","167","138","39","65","97","86","51","70","0","12","0","12","24","29","116","98","0","12","18","29","6","10","50","75","0","12","432","175","18","30","0","12","60","79","0","12","0","12","0","12","12","19","190","111","75","65","0","12","29","28","25","21","23","19","2237","817","1321","745","48","47","0","12","84","46","56","59","15","27","0","12","99","88","429","321","134","64","252","249","66","53","133","176","5","8","916","297","58","60","0","12","163","99","49","50","26","41","18","36","56","83","96","68","155","73","111","74","98","57","69","39","17","18",
"1400000US18097330805","Census Tract 3308.05, Marion County, Indiana","2276","398","565","256","186","126","27","39","0","12","42","62","26","40","0","12","0","12","0","12","20","30","9","14","33","49","10","15","19","20","0","12","379","213","61","73","0","12","45","48","24","35","19","29","0","12","32","47","18","32","70","88","37","38","16","23","57","53","0","12","1711","322","802","190","100","66","0","12","0","12","52","51","0","12","0","12","28","35","252","119","139","94","19","20","93","58","71","50","48","42","909","213","209","119","0","12","41","50","30","41","0","12","17","26","21","28","136","72","84","52","28","28","218","58","78","53","47","45",
"1400000US18097330806","Census Tract 3308.06, Marion County, Indiana","4935","1087","2499","1098","1162","568","149","117","0","12","536","507","65","75","0","12","31","50","87","84","93","93","142","118","7","12","26","43","26","43","0","12","1337","587","95","72","6","13","333","332","156","116","0","12","47","56","65","65","71","60","275","138","51","52","149","173","78","71","11","16","2436","585","861","235","13","32","0","12","134","99","33","53","0","12","48","58","134","110","88","80","140","82","98","84","124","69","29","36","20","21","1575","488","78","79","74","93","94","124","121","104","45","59","72","57","140","136","366","201","170","97","121","84","155","79","88","60","51","35",
"1400000US18097330900","Census Tract 3309, Marion County, Indiana","6061","893","1759","700","465","228","40","65","16","26","41","67","42","67","0","17","0","17","106","110","0","17","94","92","17","33","97","82","0","17","12","19","1294","627","183","238","0","17","100","106","62","97","0","17","58","93","92","111","428","384","37","52","167","145","109","85","37","40","21","27","4302","958","1924","504","148","204","65","51","548","247","67","74","0","17","18","31","66","69","399","192","69","65","330","261","58","50","75","61","81","48","2378","539","245","207","0","17","139","157","0","17","0","17","18","37","359","201","426","213","158","122","607","294","241","98","67","52","118","59",
"1400000US18097331000","Census Tract 3310, Marion County, Indiana","3781","1068","1396","951","558","390","54","70","0","12","158","190","111","170","0","12","38","48","37","42","16","26","15","24","38","38","61","37","10","15","20","29","838","581","0","12","0","12","115","146","157","200","0","12","48","55","16","24","236","212","58","59","127","147","39","47","32","39","10","14","2385","484","1076","256","92","90","0","12","60","65","7","11","23","26","30","47","93","66","74","63","119","97","182","95","180","83","103","59","113","52","1309","303","102","108","0","12","48","70","55","69","17","27","50","61","91","47","68","58","196","108","230","102","148","82","164","69","140","58",
"1400000US18097340101","Census Tract 3401.01, Marion County, Indiana","4888","685","505","300","304","233","90","95","0","12","0","12","0","12","15","21","0","12","0","12","29","38","0","12","0","12","10","16","0","12","160","189","201","104","5","10","5","8","33","42","0","12","0","12","0","12","18","21","43","45","31","28","18","22","25","24","0","12","23","24","4383","673","2087","392","179","121","0","12","162","74","61","43","15","19","49","34","187","95","269","162","202","93","286","91","266","101","183","106","228","159","2296","380","123","75","6","12","130","94","67","57","10","17","105","72","254","142","221","81","239","76","267","72","296","130","429","220","149","70",
"1400000US18097340102","Census Tract 3401.02, Marion County, Indiana","3341","557","693","368","255","205","116","188","0","12","0","12","0","12","0","12","0","12","36","37","23","25","13","21","35","55","0","12","23","22","9","15","438","264","44","68","41","63","0","12","26","36","0","12","38","61","121","67","68","64","40","65","5","8","34","46","0","12","21","27","2648","404","1246","246","21","22","17","28","84","71","26","40","21","26","0","12","122","79","255","149","205","102","91","49","151","79","124","66","129","51","1402","233","58","44","0","12","95","78","8","14","8","14","0","12","113","86","196","124","140","78","106","70","279","105","181","81","218","74",
"1400000US18097340108","Census Tract 3401.08, Marion County, Indiana","2617","412","418","159","195","98","19","29","0","12","0","12","0","12","0","12","0","12","39","36","58","44","47","34","32","37","0","12","0","12","0","12","223","90","17","25","0","12","0","12","0","12","0","12","0","12","74","47","9","13","69","48","36","45","9","14","7","10","2","4","2199","439","1137","258","56","61","0","12","119","98","112","72","0","12","0","12","144","63","211","86","157","75","165","82","150","113","23","18","0","12","1062","304","65","69","18","29","158","99","28","36","0","12","15","27","151","78","319","181","70","42","143","61","34","27","54","19","7","10",
"1400000US18097340111","Census Tract 3401.11, Marion County, Indiana","3279","343","58","46","9","12","0","12","0","12","0","12","0","12","0","12","0","12","9","12","0","12","0","12","0","12","0","12","0","12","0","12","49","44","0","12","0","12","0","12","0","12","0","12","0","12","20","29","0","12","0","12","0","12","0","12","12","19","17","26","3221","359","1637","311","124","74","0","12","140","102","55","51","42","47","63","48","355","163","210","109","202","96","255","101","105","48","69","29","17","30","1584","235","57","50","9","14","117","61","108","60","33","34","19","24","116","69","156","90","366","84","207","79","143","53","220","101","33","31",
"1400000US18097340112","Census Tract 3401.12, Marion County, Indiana","4061","420","296","172","62","47","0","12","15","27","0","12","0","12","0","12","0","12","0","12","0","12","0","12","0","12","0","12","38","34","9","13","234","144","56","71","0","12","0","12","0","12","0","12","0","12","12","20","22","29","20","33","0","12","41","41","20","26","63","87","3765","447","1659","269","113","99","58","87","31","55","59","73","0","12","14","21","181","109","240","121","385","152","139","72","174","107","186","105","79","50","2106","331","253","194","0","12","186","140","60","58","4","8","63","71","136","78","470","179","216","102","253","107","157","80","123","65","185","106",
"1400000US18097340113","Census Tract 3401.13, Marion County, Indiana","4170","566","651","352","153","103","25","33","0","12","0","12","32","48","0","12","0","12","43","48","0","12","45","56","0","12","8","20","0","12","0","12","498","287","24","32","0","12","168","140","35","57","0","12","6","10","7","12","13","20","68","71","89","73","61","58","27","41","0","12","3519","683","1750","510","13","23","148","214","135","105","94","102","12","18","92","93","137","87","127","81","301","221","225","107","219","73","145","65","102","53","1769","327","138","119","0","12","109","112","31","50","18","31","59","50","54","38","135","71","333","158","285","151","127","46","161","65","319","219",
"1400000US18097340114","Census Tract 3401.14, Marion County, Indiana","4189","429","164","81","109","65","0","12","0","12","0","12","0","12","0","12","0","12","10","17","19","20","14","22","12","22","54","47","0","12","0","12","55","36","0","12","0","12","4","9","0","12","0","12","0","12","7","10","0","12","5","9","19","21","0","12","0","12","20","21","4025","413","1986","270","183","87","0","12","91","63","157","108","32","29","47","35","142","73","235","92","252","79","246","60","258","64","180","63","163","97","2039","240","75","55","0","12","111","62","165","58","32","30","65","44","101","53","192","93","328","45","346","73","237","75","304","178","83","37",
"1400000US18097340115","Census Tract 3401.15, Marion County, Indiana","5421","749","772","610","453","384","108","137","0","17","26","41","86","109","5","8","0","17","5","7","148","140","51","59","0","17","16","26","0","17","8","13","319","244","109","136","0","17","0","17","0","17","0","17","0","17","19","29","34","40","78","89","16","25","12","18","51","74","0","17","4649","819","2288","409","52","53","10","19","93","63","72","63","9","16","53","51","309","158","676","232","341","164","263","197","214","104","166","69","30","34","2361","627","166","231","0","17","176","163","135","117","0","17","0","17","260","124","268","167","389","174","269","152","301","106","303","202","94","68",
"1400000US18097340201","Census Tract 3402.01, Marion County, Indiana","3740","590","631","297","346","196","48","60","0","12","38","48","0","12","32","37","0","12","46","74","43","58","109","91","0","12","23","26","0","12","7","12","285","150","0","12","0","12","89","78","0","12","0","12","0","12","0","12","78","72","62","61","28","45","0","12","28","37","0","12","3109","633","1470","380","189","155","48","67","72","59","75","66","0","12","20","27","191","115","150","94","238","120","195","102","80","62","183","146","29","19","1639","363","161","154","86","79","234","139","34","43","13","22","36","46","174","94","235","126","151","56","252","106","72","57","112","41","79","34",
"1400000US18097340202","Census Tract 3402.02, Marion County, Indiana","4859","591","1080","480","445","216","98","85","0","12","68","67","0","12","0","12","0","12","80","80","78","75","53","87","30","32","12","18","26","43","0","12","635","329","39","62","56","86","81","74","39","47","18","30","35","42","51","49","90","87","40","37","164","181","11","17","0","12","11","17","3779","661","2029","486","437","357","16","25","58","44","39","34","20","18","28","33","169","84","357","145","158","73","293","129","215","98","116","65","123","67","1750","315","124","106","46","39","76","60","82","57","0","12","36","49","252","130","323","149","162","73","203","82","192","89","122","58","132","61",
"1400000US18097340301","Census Tract 3403.01, Marion County, Indiana","3967","1117","1530","1132","566","475","38","70","61","60","108","95","19","39","16","31","0","12","0","12","39","55","285","359","0","12","0","12","0","12","0","12","964","936","379","378","26","48","155","216","25","48","0","12","0","12","0","12","292","323","34","46","0","12","41","50","0","12","12","20","2437","538","1499","377","77","97","102","84","30","50","85","119","43","74","69","67","34","64","195","144","239","135","545","246","55","58","0","12","25","32","938","258","40","73","0","12","67","72","0","12","71","85","0","12","64","88","80","84","44","53","409","105","50","64","80","74","33","44",
"1400000US18097340302","Census Tract 3403.02, Marion County, Indiana","4947","1104","1547","776","471","287","53","84","54","84","56","90","0","12","0","12","30","58","65","96","146","148","67","61","0","12","0","12","0","12","0","12","1076","656","203","244","0","12","104","121","104","128","0","12","88","114","192","182","118","131","187","101","0","12","80","79","0","12","0","12","3400","896","1980","529","341","170","0","12","0","12","36","73","51","99","17","40","131","146","532","194","197","176","212","187","230","274","233","149","0","12","1420","437","46","93","110","181","0","12","31","46","0","12","83","101","339","130","197","130","112","102","149","128","289","255","64","47","0","12",
"1400000US18097340400","Census Tract 3404, Marion County, Indiana","4026","723","1401","645","608","297","108","124","78","115","90","120","51","83","0","12","0","12","78","87","123","93","0","12","21","32","59","80","0","12","0","12","793","404","192","159","0","12","67","72","33","54","20","31","48","75","67","54","141","111","40","64","108","92","66","85","11","18","0","12","2625","665","1475","543","122","116","0","12","102","107","78","54","60","68","19","30","252","274","142","101","316","206","175","132","88","56","101","51","20","31","1150","300","88","105","33","53","30","50","6","11","0","12","74","97","40","44","262","144","137","84","224","127","60","45","99","43","97","100",
"1400000US18097340500","Census Tract 3405, Marion County, Indiana","5546","883","1505","628","642","372","189","175","0","17","0","17","35","54","0","17","25","36","237","268","69","93","0","17","42","40","0","17","45","57","0","17","863","414","25","42","0","17","0","17","47","69","0","17","32","49","145","108","169","182","95","78","105","128","236","321","0","17","9","19","4041","761","1696","392","187","142","0","17","181","118","106","151","55","80","10","19","419","242","253","162","118","68","48","43","180","110","107","57","32","52","2345","507","164","127","0","17","24","39","222","145","16","27","98","138","318","191","358","176","340","199","137","90","200","104","209","148","259","175",
"1400000US18097340600","Census Tract 3406, Marion County, Indiana","5511","817","1152","396","564","230","112","110","16","27","46","48","20","33","0","17","26","29","89","97","66","56","48","46","40","41","7","15","88","57","6","11","588","210","12","20","60","63","49","48","43","48","21","31","23","29","86","66","81","59","52","47","0","17","57","46","63","44","41","36","4359","786","2193","445","88","70","0","17","148","100","253","213","0","17","152","141","193","123","480","217","165","95","278","108","286","121","115","48","35","31","2166","443","255","192","30","46","80","73","117","99","0","17","80","75","255","200","307","123","198","142","300","138","269","114","215","89","60","51",
"1400000US18097340700","Census Tract 3407, Marion County, Indiana","4649","749","1123","628","527","316","0","12","0","12","28","43","87","124","0","12","0","12","73","72","152","206","8","17","50","53","105","139","24","36","0","12","596","379","92","109","32","49","132","155","0","12","0","12","47","68","10","17","124","138","40","41","28","34","42","38","38","45","11","23","3526","596","1542","300","125","87","68","104","184","175","152","213","60","97","0","12","156","105","85","75","170","140","234","113","217","104","36","34","55","41","1984","443","149","99","0","12","245","235","0","12","0","12","229","131","155","126","336","173","188","132","204","109","159","83","261","163","58","48",
"1400000US18097340800","Census Tract 3408, Marion County, Indiana","1820","259","118","75","67","46","0","12","12","18","9","14","0","12","6","10","0","12","15","18","0","12","0","12","16","18","3","6","6","9","0","12","51","49","0","12","0","12","10","17","0","12","0","12","12","18","0","12","0","12","0","12","15","16","8","12","6","9","0","12","1702","250","929","158","24","31","13","15","99","45","40","36","5","9","14","16","109","79","60","35","134","52","155","53","108","44","101","40","67","27","773","157","17","19","0","12","46","42","18","26","0","12","16","20","73","45","83","56","70","25","129","72","130","48","102","34","89","37",
"1400000US18097340901","Census Tract 3409.01, Marion County, Indiana","4173","557","408","164","203","89","0","12","0","12","97","43","0","12","0","12","0","12","0","12","5","7","101","45","0","12","0","12","0","12","0","12","205","79","0","12","0","12","0","12","93","41","0","12","0","12","10","26","0","12","86","40","0","12","11","13","5","8","0","12","3765","571","1932","420","51","62","31","48","274","133","134","116","0","12","88","141","164","89","205","114","297","132","290","86","178","86","162","81","58","60","1833","249","102","87","0","12","190","113","71","57","24","45","54","94","112","94","332","101","307","119","206","92","225","79","154","73","56","56",
"1400000US18097340903","Census Tract 3409.03, Marion County, Indiana","1514","331","273","226","40","50","0","12","0","12","0","12","0","12","0","12","0","12","0","12","0","12","0","12","26","45","0","12","14","23","0","12","233","214","0","12","0","12","0","12","0","12","0","12","0","12","135","194","80","127","0","12","0","12","0","12","18","29","0","12","1241","344","534","211","5","20","0","12","27","40","0","12","0","12","0","12","140","139","141","137","100","100","55","84","62","63","0","12","4","16","707","258","0","12","0","12","7","15","8","16","0","12","0","12","17","27","224","159","7","14","108","129","216","185","0","12","120","137",
"1400000US18097340904","Census Tract 3409.04, Marion County, Indiana","4628","581","368","191","227","139","0","12","0","12","29","46","0","12","0","12","0","12","20","31","0","12","0","12","98","114","18","30","62","75","0","12","141","121","0","12","0","12","27","45","0","12","0","12","0","12","18","30","0","12","0","12","28","45","0","12","0","12","68","84","4260","596","2014","362","161","128","23","40","136","120","0","12","61","72","38","45","125","113","547","205","227","139","218","125","147","84","276","266","55","54","2246","537","153","125","0","12","219","271","66","47","0","12","29","45","409","301","195","139","244","155","281","148","303","155","205","80","142","90",
"1400000US18097341000","Census Tract 3410, Marion County, Indiana","1767","257","58","41","21","20","0","12","0","12","0","12","0","12","0","12","0","12","14","15","0","12","7","12","0","12","0","12","0","12","0","12","37","28","0","12","0","12","0","12","0","12","0","12","7","11","5","8","0","12","0","12","0","12","14","15","11","19","0","12","1709","252","836","159","71","58","8","11","91","66","35","34","0","12","9","13","59","41","113","48","123","48","132","64","58","33","94","41","43","23","873","157","38","30","20","19","52","45","46","30","0","12","19","20","23","18","124","60","142","52","150","53","134","54","52","25","73","39",
"1400000US18097341100","Census Tract 3411, Marion County, Indiana","2193","343","467","213","335","178","0","12","0","12","0","12","13","20","0","12","0","12","36","24","48","60","24","22","35","32","46","49","133","142","0","12","132","78","0","12","0","12","0","12","0","12","0","12","0","12","6","10","29","43","9","15","37","37","42","34","9","14","0","12","1726","367","1069","242","126","98","56","41","156","100","68","45","34","40","22","26","49","42","116","65","154","85","112","59","124","73","43","24","9","13","657","192","47","47","0","12","39","55","0","12","0","12","0","12","105","120","151","61","87","49","92","58","80","35","27","17","29","19",
"1400000US18097341200","Census Tract 3412, Marion County, Indiana","2338","675","674","379","231","136","0","12","63","63","52","46","0","12","0","12","0","12","52","80","16","25","0","12","0","12","48","41","0","12","0","12","443","273","103","135","0","12","113","93","16","26","0","12","12","19","0","12","88","59","15","23","9","15","56","47","0","12","31","31","1664","631","881","365","13","21","8","13","52","39","6","14","138","185","0","12","115","81","138","109","151","133","38","22","155","91","57","46","10","15","783","331","93","63","10","14","0","12","31","42","0","12","60","60","90","59","34","39","210","147","116","91","59","29","7","12","73","54",
"1400000US18097341600","Census Tract 3416, Marion County, Indiana","1913","421","761","273","342","149","102","65","0","12","83","68","0","12","0","12","9","14","45","65","10","15","0","12","22","27","63","46","8","12","0","12","419","178","75","77","23","34","49","51","12","18","0","12","21","32","33","39","47","42","36","41","45","43","14","14","49","73","15","16","1152","362","556","151","68","61","0","12","86","59","9","14","5","9","4","9","40","44","97","64","46","47","40","47","128","61","33","24","0","12","596","267","5","9","9","14","0","12","0","12","43","53","15","18","106","92","39","48","90","67","24","20","132","67","23","21","110","143",
"1400000US18097341701","Census Tract 3417.01, Marion County, Indiana","2332","508","800","401","492","309","57","67","0","12","131","181","47","38","0","12","0","12","10","17","53","57","33","33","85","86","67","75","9","14","0","12","308","140","5","9","17","27","45","40","5","8","40","40","13","21","13","22","39","55","38","30","44","38","40","46","0","12","9","14","1532","496","847","363","0","12","37","59","27","31","37","58","0","12","32","43","87","122","115","69","112","71","80","74","227","151","83","57","10","15","685","187","18","32","0","12","42","66","20","24","0","12","0","12","42","49","160","101","35","33","44","47","146","86","118","58","60","44",
"1400000US18097341702","Census Tract 3417.02, Marion County, Indiana","2312","829","225","122","191","104","0","12","0","12","35","48","0","12","0","12","0","12","14","22","100","104","0","12","14","23","28","31","0","12","0","12","34","36","0","12","0","12","0","12","0","12","0","12","0","12","0","12","7","18","0","12","27","33","0","12","0","12","0","12","2087","833","900","415","51","70","0","12","74","84","46","74","0","12","64","49","24","42","209","174","235","180","99","61","52","41","46","51","0","12","1187","616","24","43","36","41","173","213","158","202","0","12","56","42","23","42","259","216","124","79","103","59","85","53","117","64","29","36",
"1400000US18097341902","Census Tract 3419.02, Marion County, Indiana","3950","725","542","499","196","206","19","29","0","12","79","90","0","12","0","12","0","12","0","12","79","115","8","14","0","12","11","17","0","12","0","12","346","305","68","77","0","12","54","50","92","113","1","5","0","12","4","8","82","74","6","10","0","12","38","39","0","12","1","3","3408","618","1480","275","68","52","88","88","56","42","66","75","9","13","15","18","114","67","156","75","161","106","207","125","270","86","121","48","149","108","1928","443","53","40","11","17","120","103","60","47","52","60","110","82","99","63","285","145","296","187","225","107","256","83","154","70","207","69",
"1400000US18097341903","Census Tract 3419.03, Marion County, Indiana","6109","929","1668","790","757","415","72","108","0","17","102","123","70","82","0","17","48","79","0","17","0","17","352","247","70","86","0","17","43","65","0","17","911","457","0","17","71","107","111","138","139","100","0","17","154","112","0","17","111","112","191","126","91","106","43","64","0","17","0","17","4441","682","2241","468","71","115","78","95","291","149","131","154","66","80","78","82","77","78","443","206","366","365","286","181","246","139","88","77","20","29","2200","463","132","198","0","17","268","199","104","119","84","99","41","66","132","92","421","237","295","147","342","211","225","111","89","143","67","65",
"1400000US18097341904","Census Tract 3419.04, Marion County, Indiana","2326","278","347","150","226","105","17","27","9","14","63","74","11","18","0","12","20","23","37","35","5","7","25","30","29","33","0","12","10","14","0","12","121","65","0","12","0","12","0","12","0","12","0","12","0","12","25","26","49","38","20","24","15","18","12","19","0","12","0","12","1979","268","802","140","54","50","15","25","128","73","0","12","6","11","45","42","50","43","133","57","158","64","79","43","63","42","40","29","31","29","1177","246","126","110","11","17","109","55","65","49","57","35","23","30","112","73","225","117","200","75","92","46","121","47","36","27","0","12",
"1400000US18097342000","Census Tract 3420, Marion County, Indiana","6868","1125","397","391","89","82","0","17","0","17","0","17","0","17","0","17","0","17","0","17","8","22","0","17","59","75","0","17","22","36","0","17","308","315","68","86","59","75","60","75","0","17","0","17","0","17","0","17","0","17","87","85","0","17","22","35","0","17","12","20","6471","1238","3284","640","193","173","27","46","404","270","168","162","104","94","229","216","198","205","272","125","543","195","512","236","412","221","180","72","42","41","3187","824","62","98","22","37","532","434","352","216","27","45","47","75","137","115","300","185","528","175","409","126","371","180","271","112","129","116",
"1400000US18097342101","Census Tract 3421.01, Marion County, Indiana","5787","702","1067","597","362","238","113","111","0","17","0","17","68","73","8","15","0","17","22","24","58","59","40","58","39","54","14","22","0","17","0","17","705","417","113","122","0","17","223","174","44","49","24","39","0","17","59","63","96","96","44","49","28","30","42","50","32","49","0","17","4720","672","2254","436","207","123","78","101","110","73","86","71","21","31","65","81","131","105","238","119","319","113","406","222","331","106","235","129","27","23","2466","446","74","82","0","17","331","198","11","31","29","51","187","125","189","125","409","186","259","112","362","169","320","120","241","68","54","41",
"1400000US18097342200","Census Tract 3422, Marion County, Indiana","5340","965","1849","741","780","324","273","292","0","17","89","142","11","23","0","17","0","17","0","17","335","200","21","31","51","47","0","17","0","17","0","17","1069","487","142","149","0","17","311","236","0","17","0","17","11","19","84","95","319","199","1","2","182","102","18","26","1","4","0","17","3491","1147","1791","660","222","162","0","17","193","131","13","28","0","17","78","103","169","101","149","134","332","163","304","306","134","78","37","43","160","135","1700","565","138","115","0","17","93","112","122","116","0","17","55","44","131","109","148","133","234","116","217","257","199","110","224","239","139","68",
"1400000US18097342300","Census Tract 3423, Marion County, Indiana","6612","947","844","477","339","205","44","53","52","66","63","62","0","17","19","35","0","17","0","17","59","72","18","32","18","33","0","17","66","80","0","17","505","298","0","17","0","17","50","86","36","43","0","17","36","69","84","82","55","58","73","70","67","58","27","30","77","79","0","17","5768","969","3020","568","303","254","63","95","147","116","94","98","238","240","158","84","259","176","414","206","183","160","434","238","507","255","169","127","51","43","2748","592","120","109","19","33","127","118","80","129","143","78","0","17","272","181","393","181","567","237","288","137","398","200","218","78","123","69",
"1400000US18097342400","Census Tract 3424, Marion County, Indiana","1692","291","505","234","265","123","10","14","0","12","41","46","0","12","25","33","0","12","15","16","35","33","38","30","54","53","47","51","0","12","0","12","240","122","10","14","0","12","35","40","19","21","9","13","30","31","23","31","30","29","34","32","0","12","26","31","24","29","0","12","1187","267","648","148","48","40","35","40","9","10","0","12","0","12","20","21","32","33","70","40","112","60","121","61","108","56","80","41","13","16","539","159","0","12","0","12","55","61","14","17","0","12","11","17","55","49","53","37","82","51","89","57","115","76","42","27","23","20",
"1400000US18097342500","Census Tract 3425, Marion County, Indiana","4958","790","1027","534","486","308","149","231","0","17","56","87","53","68","0","17","0","17","14","22","95","95","15","25","30","46","47","46","24","23","3","7","541","282","108","103","0","17","83","90","12","19","10","16","27","31","42","46","121","105","74","69","27","44","27","33","0","17","10","16","3931","771","2015","505","134","113","117","130","255","209","83","95","0","17","87","72","68","60","367","184","170","85","210","79","235","103","255","120","34","28","1916","350","82","57","54","57","351","150","106","72","17","22","57","67","41","39","353","182","201","108","147","70","211","96","183","118","113","57",
"1400000US18097342600","Census Tract 3426, Marion County, Indiana","3457","652","1066","458","645","271","35","48","21","33","228","165","0","12","0","12","8","21","15","23","76","68","40","39","122","99","64","56","12","19","24","39","421","257","58","82","9","16","7","20","7","20","0","12","33","55","69","70","106","78","0","12","51","52","34","32","47","58","0","12","2391","603","1186","396","84","88","11","19","52","57","41","42","53","57","47","49","101","101","251","144","76","55","151","105","93","75","199","121","27","31","1205","345","74","74","0","12","111","131","11","17","0","12","0","12","17","26","211","97","123","67","79","52","429","244","114","58","36","31",
"1400000US18097350100","Census Tract 3501, Marion County, Indiana","1363","452","33","28","13","14","0","12","0","12","0","12","0","12","0","12","0","12","7","10","0","12","0","12","0","12","6","9","0","12","0","12","20","24","0","12","0","12","0","12","0","12","0","12","0","12","0","12","0","12","0","12","0","12","20","24","0","12","0","12","1330","451","652","257","20","32","0","12","150","155","0","12","15","23","41","50","39","62","172","73","42","47","42","44","103","79","20","20","8","16","678","278","38","43","0","12","69","77","115","127","8","16","0","12","0","12","89","65","137","89","56","42","89","51","46","28","31","28",
"1400000US18097350300","Census Tract 3503, Marion County, Indiana","2601","433","1229","420","360","124","97","128","0","12","19","31","91","80","0","12","0","12","41","44","49","34","49","47","14","22","0","12","0","12","0","12","869","368","54","98","0","12","23","38","87","77","0","12","90","79","92","99","280","150","0","12","78","70","48","49","117","132","0","12","1372","462","669","196","43","66","0","12","0","12","0","12","0","12","54","93","0","12","194","106","46","50","139","111","58","42","39","31","96","62","703","341","11","19","0","12","0","12","70","119","0","12","0","12","52","63","113","94","93","64","165","171","77","62","84","66","38","39",
"1400000US18097350400","Census Tract 3504, Marion County, Indiana","2472","474","420","218","254","182","0","12","0","12","0","12","0","12","0","12","0","12","153","152","0","12","43","46","33","36","11","17","14","20","0","12","166","89","0","12","0","12","0","12","0","12","0","12","0","12","39","43","61","65","46","52","10","17","0","12","10","16","0","12","2052","503","1203","370","102","63","0","12","129","168","0","12","0","12","37","61","70","87","370","165","117","68","130","73","127","57","76","48","45","44","849","228","56","73","0","12","174","98","31","40","0","12","0","12","66","45","128","63","100","82","61","48","71","51","83","61","79","58",
"1400000US18097350500","Census Tract 3505, Marion County, Indiana","2352","525","956","388","384","198","28","32","12","18","61","54","53","59","7","12","50","47","86","79","22","19","0","12","21","23","30","25","14","19","0","12","572","221","115","90","0","12","27","27","10","16","0","12","21","23","100","89","107","86","56","46","39","37","17","19","44","61","36","35","1396","412","604","185","29","46","0","12","17","27","0","12","0","12","0","12","14","22","72","54","168","107","79","55","117","66","25","23","83","59","792","284","89","111","36","47","95","77","61","72","0","12","7","12","92","111","34","31","55","51","84","60","112","56","32","30","95","53",
"1400000US18097350600","Census Tract 3506, Marion County, Indiana","5316","860","1581","574","604","273","90","108","0","17","34","54","12","21","49","53","36","51","0","17","134","142","96","155","31","43","92","90","18","21","12","20","977","424","106","124","0","17","48","70","124","104","0","17","21","40","167","166","169","151","13","21","85","84","96","74","34","55","114","183","3735","767","1766","488","181","173","0","17","164","168","71","95","0","17","15","24","111","90","137","171","197","122","312","200","306","187","112","87","160","87","1969","446","25","31","0","17","211","129","101","108","0","17","69","86","49","64","82","59","331","158","89","75","340","143","170","79","502","225",
"1400000US18097350700","Census Tract 3507, Marion County, Indiana","1609","312","443","205","156","89","0","12","0","12","40","37","0","12","0","12","14","20","7","16","33","39","0","12","34","44","4","7","10","16","14","19","287","165","61","54","25","34","66","88","0","12","0","12","0","12","37","37","25","34","42","37","0","12","7","10","24","24","0","12","1166","257","568","198","18","29","0","12","24","25","59","53","0","12","15","24","31","36","38","45","56","48","75","39","58","41","31","30","163","188","598","143","29","41","0","12","0","12","9","13","0","12","43","47","18","20","87","83","70","50","100","56","109","61","53","46","80","38",
"1400000US18097350800","Census Tract 3508, Marion County, Indiana","1777","363","675","236","256","119","19","35","0","12","61","47","47","53","0","12","24","26","0","12","26","34","27","42","14","20","38","42","0","12","0","12","419","148","63","54","32","31","0","12","69","62","0","12","0","12","31","32","80","46","89","61","42","40","7","9","0","12","6","9","1102","274","484","156","53","34","27","42","100","80","28","24","0","12","0","12","0","12","91","55","51","48","40","35","44","43","18","30","32","34","618","169","51","55","0","12","13","23","45","35","0","12","0","12","76","69","66","42","49","33","130","64","92","46","51","36","45","26",
"1400000US18097350900","Census Tract 3509, Marion County, Indiana","1561","291","248","165","85","76","0","12","0","12","0","12","28","30","0","12","0","12","29","36","0","12","0","12","0","12","9","14","19","30","0","12","163","116","0","12","0","12","16","26","16","26","0","12","25","27","4","8","18","28","27","36","0","12","37","29","20","20","0","12","1313","295","604","179","69","41","10","15","46","39","39","44","0","12","0","12","28","32","181","113","90","40","66","35","33","40","32","29","10","16","709","189","66","65","0","12","33","32","53","41","0","12","15","24","15","22","115","59","179","86","63","39","67","35","55","40","48","45",
"1400000US18097351000","Census Tract 3510, Marion County, Indiana","2512","477","874","305","274","151","27","46","0","12","179","109","0","12","0","12","0","12","8","12","0","12","2","38","0","12","0","12","22","28","36","28","600","248","87","68","61","47","121","92","15","51","12","18","49","68","0","12","24","44","52","54","31","40","139","84","9","15","0","12","1638","551","646","293","118","138","0","12","20","31","0","12","10","17","0","12","69","72","121","101","95","71","105","81","15","21","63","41","30","33","992","365","21","36","0","12","26","38","32","37","24","34","0","12","79","66","103","81","154","96","100","79","374","273","42","35","37","38",
"1400000US18097351200","Census Tract 3512, Marion County, Indiana","2466","512","642","308","247","114","50","55","0","12","93","80","0","12","0","12","0","12","0","12","0","12","0","12","24","37","65","42","15","24","0","12","395","222","140","166","0","12","0","12","0","12","0","12","0","12","25","27","52","56","29","46","95","53","28","23","13","21","13","16","1824","503","885","401","43","55","7","10","110","126","44","49","0","12","38","56","58","53","45","43","35","33","52","50","224","226","217","178","12","21","939","245","25","29","30","46","13","19","84","80","0","12","9","13","146","89","67","86","93","62","132","76","147","85","153","107","40","28",
"1400000US18097351500","Census Tract 3515, Marion County, Indiana","1622","368","460","228","247","137","0","12","0","12","24","37","11","17","0","12","24","37","66","52","17","22","30","28","56","47","15","22","4","6","0","12","213","122","10","15","0","12","27","42","0","12","0","12","7","11","48","46","18","17","30","34","47","48","6","11","9","13","11","18","1162","312","581","215","0","12","15","17","13","22","0","12","0","12","0","12","20","16","341","210","87","48","61","40","16","18","8","8","20","23","581","209","57","61","0","12","25","31","0","12","0","12","21","23","39","29","196","88","64","45","37","33","102","53","29","24","11","13",
"1400000US18097351600","Census Tract 3516, Marion County, Indiana","2626","410","299","141","137","76","17","27","0","12","0","12","17","27","0","12","25","35","18","25","17","16","9","14","6","12","28","34","0","12","0","12","162","94","0","12","0","12","16","24","0","12","0","12","0","12","62","56","58","48","13","20","0","12","0","12","0","12","13","20","2327","401","1256","242","91","41","0","12","45","45","18","27","0","12","22","28","127","95","515","168","159","78","58","38","128","90","80","53","13","18","1071","281","50","37","26","20","24","25","41","29","25","39","52","84","56","68","297","100","156","63","122","62","169","110","31","23","22","34",
"1400000US18097351700","Census Tract 3517, Marion County, Indiana","2403","451","280","182","122","101","40","64","0","12","0","12","0","12","0","12","0","12","0","12","11","16","5","10","32","38","27","39","0","12","7","14","158","109","0","12","0","12","10","19","24","47","0","12","0","12","22","21","37","55","8","14","2","4","35","35","20","30","0","12","2123","407","1069","254","100","76","17","34","105","73","11","20","0","12","0","12","12","22","398","225","122","66","99","57","140","60","51","50","14","22","1054","275","85","71","28","34","28","37","21","40","0","12","27","39","93","61","195","92","135","60","106","89","164","59","36","42","136","97",
"1400000US18097351900","Census Tract 3519, Marion County, Indiana","2479","381","337","139","144","68","0","12","0","12","0","12","0","12","0","12","0","12","6","8","0","12","51","54","24","25","29","27","18","18","16","23","193","117","27","37","0","12","0","12","0","12","0","12","0","12","0","12","37","35","0","12","30","30","45","35","54","85","0","12","2142","405","884","177","63","51","7","12","64","69","19","25","9","14","69","56","94","58","86","76","94","56","116","65","44","36","126","52","93","60","1258","335","98","128","0","12","44","32","69","74","33","43","29","32","151","109","56","46","77","52","282","99","117","55","92","49","210","127",
"1400000US18097352100","Census Tract 3521, Marion County, Indiana","1969","372","725","267","398","164","72","62","0","12","57","61","13","20","23","35","11","17","31","34","20","30","47","50","54","37","33","24","11","12","26","25","327","146","53","55","12","18","39","41","0","12","0","12","61","69","0","12","26","26","45","43","47","39","24","25","6","10","14","15","1244","350","578","184","71","56","0","12","46","30","18","19","0","12","0","12","37","38","163","166","104","51","45","38","48","27","39","35","7","10","666","203","15","22","1","13","62","48","20","21","0","12","10","12","113","68","28","27","115","119","76","43","93","51","92","43","41","26",
"1400000US18097352300","Census Tract 3523, Marion County, Indiana","1197","298","238","138","92","59","18","25","0","12","0","12","18","25","0","12","8","15","0","12","0","12","0","12","11","9","20","23","9","14","8","12","146","99","0","12","21","29","0","12","0","12","0","12","0","12","14","23","46","56","22","27","9","13","21","32","9","17","4","6","959","299","505","166","13","15","0","12","48","52","40","44","0","12","26","33","51","56","21","25","65","53","108","97","45","32","82","39","6","9","454","187","0","12","5","9","0","12","0","12","16","26","10","15","24","25","42","36","76","52","34","40","71","43","152","142","24","20",
"1400000US18097352400","Census Tract 3524, Marion County, Indiana","3293","671","606","213","281","139","21","34","0","12","14","23","0","12","0","12","0","12","16","21","44","41","95","95","47","44","23","26","21","23","0","12","325","127","0","12","0","12","0","12","0","12","0","12","0","12","0","12","85","73","86","84","42","37","54","45","37","32","21","25","2687","743","1100","275","103","86","33","50","155","105","19","30","0","12","21","38","30","46","217","146","219","117","86","61","165","85","45","31","7","10","1587","538","239","188","37","55","138","135","217","164","0","12","35","54","107","88","218","124","206","109","113","108","188","83","73","50","16","18",
"1400000US18097352500","Census Tract 3525, Marion County, Indiana","2966","429","749","367","455","309","86","110","20","30","0","12","0","12","11","20","0","12","0","12","82","70","164","259","22","26","40","35","30","27","0","12","294","166","17","26","0","12","23","34","0","12","0","12","0","12","30","34","59","64","17","30","16","18","62","60","37","46","33","41","2217","306","1043","190","33","34","12","19","0","12","0","12","0","12","11","17","121","116","228","74","121","58","157","66","220","116","117","73","23","27","1174","229","52","59","11","17","91","65","53","35","9","14","0","12","67","69","279","67","89","52","209","103","134","60","134","108","46","36",
"1400000US18097352600","Census Tract 3526, Marion County, Indiana","3516","579","1070","374","507","193","40","49","74","55","44","46","38","63","47","41","0","12","10","17","12","18","78","70","53","52","80","62","8","15","23","36","563","244","79","87","0","12","105","87","24","35","0","12","25","36","23","29","149","87","66","52","0","12","21","25","30","39","41","40","2446","608","1167","433","80","89","0","12","105","93","107","90","0","12","0","12","93","90","229","111","218","104","58","45","125","61","138","144","14","22","1279","362","70","63","15","22","135","100","21","33","49","48","63","68","40","37","375","191","128","80","103","69","118","63","66","53","96","110",
"1400000US18097352700","Census Tract 3527, Marion County, Indiana","2483","582","472","223","153","103","69","97","0","12","20","33","0","12","0","12","0","12","0","12","2","46","32","54","0","12","0","12","0","12","30","48","319","189","4","70","0","12","4","68","10","16","13","19","0","12","9","14","0","12","54","77","0","12","223","159","0","12","2","4","2011","601","1039","404","24","29","0","12","250","233","81","115","23","35","0","12","31","43","158","85","178","176","140","118","37","33","66","72","51","70","972","268","105","82","10","17","43","66","92","109","0","12","75","106","56","60","201","79","150","94","3","5","61","74","57","70","119","138",
"1400000US18097352800","Census Tract 3528, Marion County, Indiana","1256","296","372","167","156","78","10","16","0","12","9","16","0","12","29","39","0","12","0","12","0","12","7","11","26","29","39","37","26","38","10","16","216","122","0","12","0","12","19","30","23","36","8","14","0","12","43","44","26","32","20","22","61","65","16","17","0","12","0","12","884","294","445","154","37","47","0","12","68","65","0","12","0","12","23","33","39","45","60","56","69","67","11","17","74","51","48","55","16","17","439","181","0","12","0","12","34","52","0","12","0","12","0","12","26","25","106","100","47","31","55","42","103","59","22","20","46","33",
"1400000US18097353300","Census Tract 3533, Marion County, Indiana","2280","312","335","119","175","79","0","12","0","12","0","12","0","12","0","12","13","23","36","26","33","30","0","12","16","25","32","29","45","69","0","12","160","90","0","12","0","12","0","12","0","12","0","12","0","12","49","36","68","56","0","12","23","26","18","20","0","12","2","5","1945","316","1103","245","46","70","12","20","0","12","0","12","0","12","0","12","159","159","405","122","188","75","88","47","119","87","75","59","11","13","842","177","17","29","0","12","81","67","29","48","0","12","0","12","118","77","243","83","135","67","77","57","108","60","17","18","17","26",
"1400000US18097353500","Census Tract 3535, Marion County, Indiana","2162","424","781","301","362","218","0","12","0","12","0","12","0","12","0","12","3","5","258","199","73","88","0","12","0","12","18","44","0","12","10","16","419","220","0","12","0","12","0","12","0","12","2","5","11","14","299","205","36","31","0","12","0","12","0","12","10","16","61","93","1381","280","778","218","0","12","0","12","28","30","0","12","8","28","0","12","196","117","417","210","61","48","13","16","29","29","0","12","26","35","603","150","0","12","0","12","0","12","0","12","0","12","0","12","160","105","176","96","37","48","131","138","9","17","50","37","40","47",
"1400000US18097353600","Census Tract 3536, Marion County, Indiana","3305","755","984","282","471","166","0","12","19","30","0","12","0","12","12","20","0","12","207","141","66","56","28","27","62","51","50","45","27","37","0","12","513","229","23","36","10","17","11","16","57","61","0","12","12","17","225","159","53","36","0","12","19","23","66","51","19","25","18","21","2321","726","1244","521","126","79","0","12","167","146","81","121","0","12","118","159","95","81","293","187","138","95","59","50","113","62","33","27","21","17","1077","375","43","46","0","12","72","80","0","12","0","12","0","12","327","273","147","100","63","58","105","63","181","106","33","35","106","41",
"1400000US18097354201","Census Tract 3542.01, Marion County, Indiana","4209","537","931","321","489","227","0","17","0","17","0","17","0","17","0","17","19","31","49","49","100","109","52","49","132","98","93","72","44","33","0","17","442","229","0","17","0","17","0","17","0","17","0","17","0","17","84","122","45","50","0","17","21","37","237","243","0","17","55","84","3278","519","1747","407","23","42","0","17","0","17","15","23","12","23","0","17","94","59","980","390","184","112","104","76","126","88","176","104","33","39","1531","324","41","46","0","17","0","17","12","19","0","17","0","17","232","247","830","226","104","72","61","56","94","76","124","63","33","38",
"1400000US18097354202","Census Tract 3542.02, Marion County, Indiana","3389","721","453","194","54","51","0","12","0","12","0","12","0","12","0","12","0","12","0","12","6","15","0","12","15","34","22","35","11","19","0","12","399","183","0","12","0","12","0","12","0","12","0","12","28","25","44","40","110","103","24","21","0","12","105","95","78","83","10","22","2936","741","1760","690","23","37","0","12","0","12","0","12","0","12","0","12","63","61","626","190","345","262","257","265","179","65","253","167","14","25","1176","359","18","30","0","12","0","12","0","12","0","12","0","12","201","110","474","275","171","95","192","137","120","86","0","12","0","12",
"1400000US18097354400","Census Tract 3544, Marion County, Indiana","1437","317","182","87","123","66","5","7","0","12","0","12","0","12","0","12","0","12","0","12","3","5","70","57","9","12","25","22","5","8","6","9","59","39","11","17","0","12","0","12","0","12","0","12","0","12","0","12","19","18","0","12","0","12","6","9","7","10","16","23","1255","319","610","167","7","12","16","15","19","20","11","13","0","12","0","12","0","12","168","52","143","40","51","28","177","145","5","6","13","15","645","167","42","36","10","11","19","16","5","8","4","7","0","12","40","29","201","57","92","33","154","161","41","23","16","14","21","19",
"1400000US18097354500","Census Tract 3545, Marion County, Indiana","2087","395","525","264","129","66","18","27","0","12","0","12","9","12","0","12","0","12","6","9","25","26","15","21","32","29","22","22","2","10","0","12","396","260","0","12","32","48","38","48","32","49","0","12","12","18","0","12","52","41","145","189","13","13","55","30","4","6","13","15","1562","238","818","175","48","32","20","21","57","36","12","14","12","18","3","4","12","12","174","61","216","146","125","47","91","52","41","20","7","8","744","118","34","28","20","29","113","53","35","33","0","12","13","20","35","39","192","66","132","44","79","33","55","38","25","16","11","12",
"1400000US18097354700","Census Tract 3547, Marion County, Indiana","1436","280","503","215","231","156","0","12","0","12","10","14","0","12","0","12","0","12","2","6","175","154","0","12","11","19","23","22","10","15","0","12","272","130","47","51","0","12","7","14","28","44","4","7","0","12","49","41","40","39","31","28","30","26","0","12","36","35","0","12","933","300","515","184","59","46","0","12","52","45","31","28","0","12","2","5","39","44","137","74","86","48","46","20","22","20","33","29","8","14","418","151","20","22","0","12","0","12","4","6","37","35","34","30","47","44","92","47","95","53","38","28","22","20","21","19","8","13",
"1400000US18097354800","Census Tract 3548, Marion County, Indiana","1665","498","286","219","147","92","7","24","4","9","4","25","1","9","0","12","0","12","12","12","50","49","33","41","20","19","9","14","7","11","0","12","139","141","38","58","3","23","9","39","0","12","0","12","0","12","0","12","14","24","33","41","9","14","19","21","7","12","7","12","1379","529","873","367","71","55","0","12","113","126","83","84","0","12","67","69","74","69","100","53","171","137","14","16","119","72","45","41","16","24","506","194","85","88","18","34","79","98","0","12","7","12","7","10","35","34","119","68","62","44","57","37","7","12","15","19","15","20",
"1400000US18097354900","Census Tract 3549, Marion County, Indiana","2491","385","815","242","355","112","0","12","7","11","0","12","0","12","0","12","16","24","52","45","67","51","22","23","92","56","67","49","25","32","7","10","460","179","12","13","0","12","21","33","0","12","7","10","6","10","32","28","93","75","95","92","30","27","108","82","56","51","0","12","1676","386","1083","323","53","58","0","12","44","49","12","21","0","12","23","38","123","75","199","161","192","105","248","187","127","78","62","45","0","12","593","149","33","29","0","12","0","12","15","27","0","12","14","22","59","44","39","33","125","70","81","42","165","66","42","40","20","18",
"1400000US18097355000","Census Tract 3550, Marion County, Indiana","2191","489","915","294","595","219","76","66","9","16","93","71","0","12","0","12","31","25","0","12","59","47","118","74","112","84","58","116","29","34","10","14","320","110","18","25","0","12","66","68","0","12","0","12","21","34","17","23","61","51","46","32","71","49","20","22","0","12","0","12","1276","360","657","222","90","71","0","12","52","39","36","32","0","12","27","26","35","36","155","58","54","38","57","45","71","41","66","47","14","15","619","212","26","40","11","15","25","27","19","25","10","16","0","12","40","50","241","145","93","45","30","22","62","35","62","37","0","12",
"1400000US18097355100","Census Tract 3551, Marion County, Indiana","2125","585","1273","580","643","420","39","44","27","29","146","98","0","12","0","12","0","12","14","18","23","20","37","33","79","52","259","374","19","22","0","12","630","281","103","101","27","42","88","62","45","40","0","12","0","12","49","38","62","40","67","40","93","54","46","37","50","31","0","12","852","204","396","101","0","12","13","20","5","8","7","12","0","12","0","12","50","49","115","72","47","28","27","25","80","42","47","24","5","7","456","159","14","22","0","12","78","63","0","12","6","9","8","13","23","18","112","50","90","55","47","43","27","19","37","23","14","11",
"1400000US18097355300","Census Tract 3553, Marion County, Indiana","2483","529","725","422","355","197","46","71","0","12","147","178","0","12","0","12","48","53","23","37","12","19","42","45","25","31","0","12","12","18","0","12","370","241","155","140","0","12","33","48","0","12","0","12","0","12","56","91","17","22","46","58","55","50","8","14","0","12","0","12","1758","350","966","238","115","77","0","12","130","95","0","12","0","12","0","12","0","12","103","59","126","75","125","85","166","74","140","63","61","37","792","175","10","16","24","38","42","68","10","16","0","12","0","12","8","12","281","104","135","78","42","52","156","69","59","28","25","28",
"1400000US18097355400","Census Tract 3554, Marion County, Indiana","2796","589","652","230","449","193","0","12","0","12","12","19","0","12","70","77","0","12","20","29","0","12","61","60","86","68","163","138","0","12","37","56","203","95","0","12","0","12","0","12","0","12","0","12","0","12","0","12","10","17","11","17","101","80","81","71","0","12","0","12","2144","565","933","323","18","25","0","12","60","50","53","55","0","12","10","18","0","12","329","258","142","110","146","89","108","86","49","40","18","22","1211","349","0","12","9","15","203","133","137","112","0","12","120","68","100","73","192","128","185","98","103","55","124","53","31","28","7","13",
"1400000US18097355500","Census Tract 3555, Marion County, Indiana","4120","814","618","434","299","224","168","194","0","12","0","12","24","40","0","12","24","40","0","12","39","64","22","36","0","12","10","15","12","19","0","12","319","222","0","12","0","12","106","124","22","39","0","12","0","12","0","12","0","12","74","62","60","67","8","15","10","15","39","63","3502","864","1829","437","157","130","52","78","142","114","107","95","0","12","0","12","105","63","255","153","200","126","399","203","194","109","177","94","41","36","1673","531","149","139","0","12","120","124","92","129","0","12","0","12","25","39","408","217","52","57","209","67","346","214","151","101","121","62",
"1400000US18097355600","Census Tract 3556, Marion County, Indiana","2213","430","612","227","282","117","0","12","0","12","34","50","0","12","0","12","0","12","53","55","82","45","35","31","37","37","11","12","30","31","0","12","330","140","8","13","0","12","39","58","0","12","6","10","21","31","52","48","60","52","57","44","12","15","38","30","35","39","2","3","1601","399","948","296","77","81","0","12","90","63","46","38","24","26","87","93","95","58","34","27","152","93","109","64","165","102","40","24","29","18","653","150","26","33","0","12","80","65","28","41","4","8","8","13","40","37","82","62","86","47","77","50","78","39","82","36","62","29",
"1400000US18097355700","Census Tract 3557, Marion County, Indiana","1994","384","643","198","277","108","27","38","0","12","20","27","55","55","0","12","0","12","7","11","14","17","26","30","36","38","45","43","23","26","24","37","366","124","60","56","4","10","0","12","8","12","0","12","12","20","22","19","43","44","52","45","93","61","35","32","24","22","13","14","1351","339","726","167","32","44","0","12","29","34","19","25","0","12","25","31","87","57","108","58","14","21","102","60","167","77","59","45","84","106","625","217","39","53","9","18","17","25","25","30","0","12","40","47","69","51","38","38","72","49","79","36","52","45","56","26","129","140",
"1400000US18097355900","Census Tract 3559, Marion County, Indiana","2022","361","158","91","84","51","0","12","0","12","0","12","0","12","0","12","0","12","29","26","17","22","0","12","15","21","0","12","23","19","0","12","74","50","0","12","0","12","0","12","0","12","0","12","0","12","14","16","19","18","0","12","11","23","30","28","0","12","0","12","1864","352","919","205","21","18","0","12","45","35","14","19","5","9","0","12","52","30","326","96","190","103","145","114","22","21","60","48","39","28","945","180","42","37","0","12","41","27","20","18","16","13","6","11","103","52","345","111","103","38","122","106","73","38","33","23","41","29",
"1400000US18097356200","Census Tract 3562, Marion County, Indiana","2100","282","169","67","71","41","0","12","0","12","0","12","0","12","0","12","0","12","36","30","13","20","10","10","7","13","5","7","0","12","0","12","98","53","0","12","0","12","0","12","0","12","0","12","0","12","30","27","60","48","0","12","8","14","0","12","0","12","0","12","1931","281","1061","236","71","59","0","12","12","13","13","10","6","8","0","12","74","40","524","217","147","55","71","41","78","48","51","28","14","19","870","133","37","25","0","12","21","15","0","12","0","12","6","9","84","41","439","110","103","40","56","28","57","22","48","24","19","19",
"1400000US18097356400","Census Tract 3564, Marion County, Indiana","4138","662","1479","476","575","204","75","69","59","66","56","50","0","12","0","12","32","30","62","57","92","93","32","32","83","73","65","47","19","22","0","12","904","405","18","23","0","12","101","96","220","256","7","12","11","16","201","158","104","80","109","89","27","25","87","64","8","12","11","17","2659","633","1520","348","33","38","14","21","108","89","90","69","0","12","0","12","181","141","427","210","161","118","303","133","147","85","33","29","23","27","1139","343","69","71","8","13","143","98","30","47","0","12","31","28","101","61","262","113","89","51","220","192","106","66","59","39","21","22",
"1400000US18097356900","Census Tract 3569, Marion County, Indiana","1858","339","607","175","178","81","30","36","0","12","16","18","29","31","0","12","0","12","10","12","11","22","20","15","8","12","35","40","19","17","0","12","429","132","23","32","0","12","34","28","31","27","0","12","38","39","66","42","85","40","32","40","46","33","31","24","30","28","13","20","1251","306","590","151","9","13","0","12","24","28","0","12","0","12","0","12","17","17","210","72","61","38","52","29","126","107","64","71","27","31","661","209","35","34","70","96","17","21","0","12","0","12","0","12","27","22","176","75","101","70","104","104","77","31","49","23","5","8",
"1400000US18097357000","Census Tract 3570, Marion County, Indiana","1883","433","275","121","110","68","0","12","0","12","21","29","0","12","0","12","0","12","9","11","13","18","0","12","37","39","30","26","0","12","0","12","165","79","0","12","0","12","0","12","0","12","0","12","9","15","27","31","22","27","46","45","28","26","33","26","0","12","0","12","1608","390","893","217","51","40","0","12","37","34","133","164","0","12","12","20","47","38","279","88","82","41","84","41","84","42","64","33","20","26","715","217","19","29","0","12","13","19","0","12","0","12","13","19","75","60","182","77","78","41","61","40","162","143","75","66","37","20",
"1400000US18097357100","Census Tract 3571, Marion County, Indiana","1982","311","253","145","97","64","12","18","0","12","38","54","0","12","0","12","5","9","0","12","31","37","0","12","0","12","11","13","0","12","0","12","156","90","25","34","0","12","0","12","22","30","0","12","0","12","4","7","53","37","20","23","20","22","5","9","3","4","4","6","1729","283","939","188","41","30","25","34","5","8","12","19","8","12","8","12","12","13","348","86","148","63","117","94","104","61","75","45","36","30","790","171","27","23","0","12","32","23","7","11","0","12","0","12","46","44","320","97","96","47","47","26","140","111","51","46","24","21",
"1400000US18097357200","Census Tract 3572, Marion County, Indiana","2387","580","569","237","230","125","12","22","11","19","0","12","17","26","0","12","33","54","12","22","39","49","53","55","36","34","8","13","0","12","9","15","339","139","12","21","0","12","19","31","11","17","26","31","0","12","11","21","101","76","37","35","37","37","69","58","7","16","9","13","1818","547","959","259","104","87","29","34","12","19","11","19","0","12","0","12","58","68","259","154","113","58","121","65","178","85","22","23","52","56","859","356","0","12","28","46","65","67","0","12","0","12","54","67","161","181","222","110","43","33","139","99","78","66","27","22","42","32",
"1400000US18097357300","Census Tract 3573, Marion County, Indiana","2033","331","888","353","295","92","5","10","25","39","112","88","14","23","0","12","0","12","0","12","110","118","0","12","18","27","11","27","0","12","0","12","593","313","0","12","0","12","259","198","15","26","0","12","16","24","3","7","130","83","13","20","10","12","40","37","6","9","101","87","1145","382","628","232","30","57","0","12","21","36","23","54","14","27","0","12","40","40","112","53","88","68","95","121","101","49","50","47","54","45","517","181","25","36","0","12","7","18","16","39","0","12","11","22","36","33","46","43","42","52","165","115","79","56","16","21","74","59",
"1400000US18097357400","Census Tract 3574, Marion County, Indiana","5070","1124","1704","634","765","390","91","81","12","20","55","70","72","119","0","17","70","108","276","254","12","22","33","32","9","18","69","60","66","81","0","17","939","328","28","39","42","69","55","68","93","128","7","11","64","91","30","28","175","110","58","68","147","102","161","140","60","42","19","23","3366","1125","1940","698","328","312","0","17","343","234","0","17","164","217","0","17","47","54","310","161","230","200","102","59","328","132","44","36","44","40","1426","501","45","46","0","17","291","303","0","17","0","17","31","56","104","97","163","145","118","113","220","126","87","66","166","80","201","114",
"1400000US18097357500","Census Tract 3575, Marion County, Indiana","3652","197","551","244","202","126","11","17","0","12","21","26","37","48","12","20","0","12","0","12","0","12","71","81","36","41","14","17","0","12","0","12","349","164","69","78","0","12","0","12","11","19","29","36","14","18","16","19","68","83","44","40","54","42","0","12","25","26","19","33","3101","285","1208","180","164","129","0","12","64","48","8","13","23","30","32","37","83","51","184","68","153","64","154","76","161","71","121","44","61","36","1893","233","139","112","19","24","131","71","70","54","10","17","105","85","265","152","236","93","227","80","231","95","191","76","167","55","102","50",
"1400000US18097357601","Census Tract 3576.01, Marion County, Indiana","5046","899","1883","967","810","559","0","17","0","17","0","17","62","89","51","70","50","70","14","25","98","110","315","244","187","166","0","17","33","37","0","17","1073","510","51","80","78","111","115","163","0","17","0","17","0","17","133","140","237","201","146","137","139","105","160","146","0","17","14","22","3163","820","1801","588","74","96","0","17","33","50","39","63","0","17","20","31","122","101","123","100","501","292","188","126","533","382","73","66","95","95","1362","358","0","17","0","17","85","69","34","49","18","28","0","17","180","129","196","132","79","64","331","222","311","125","108","95","20","35",
"1400000US18097357602","Census Tract 3576.02, Marion County, Indiana","1382","223","84","103","63","81","0","12","0","12","0","12","0","12","0","12","0","12","0","12","43","74","20","37","0","12","0","12","0","12","0","12","21","39","0","12","0","12","21","39","0","12","0","12","0","12","0","12","0","12","0","12","0","12","0","12","0","12","0","12","1298","231","740","216","152","128","0","12","125","101","30","48","0","12","0","12","26","45","197","139","26","41","64","91","22","39","22","38","76","60","558","121","47","78","0","12","45","55","0","12","0","12","0","12","164","152","148","111","25","39","0","12","49","67","76","56","4","7",
"1400000US18097357800","Census Tract 3578, Marion County, Indiana","1555","302","312","183","180","144","0","12","0","12","22","36","26","42","3","6","32","52","0","12","23","24","0","12","0","12","61","65","13","21","0","12","132","68","12","18","0","12","0","12","0","12","5","10","0","12","7","11","39","30","4","8","45","45","9","10","11","17","0","12","1243","234","618","149","78","77","0","12","73","54","29","36","0","12","0","12","42","29","115","44","99","54","58","39","76","40","16","17","32","18","625","128","0","12","0","12","33","29","22","27","0","12","9","15","7","11","184","72","124","51","42","28","114","44","52","35","38","21",
"1400000US18097357900","Census Tract 3579, Marion County, Indiana","3326","740","303","159","97","75","0","12","0","12","15","25","0","12","0","12","0","12","7","11","41","53","11","17","11","16","12","19","0","12","0","12","206","117","29","49","18","29","0","12","18","29","0","12","14","23","15","17","0","12","0","12","40","36","36","30","0","12","36","45","3023","719","1517","335","60","51","12","16","100","56","55","47","46","49","49","50","139","149","265","85","248","144","212","76","175","77","98","70","58","57","1506","441","13","22","11","18","82","61","18","28","124","127","38","38","67","44","374","180","304","171","111","58","177","96","140","86","47","40",
"1400000US18097358000","Census Tract 3580, Marion County, Indiana","1266","332","548","324","218","166","5","9","0","12","74","84","0","12","24","40","28","40","17","19","29","34","12","17","19","28","6","11","4","7","0","12","330","201","28","45","0","12","63","59","0","12","13","15","0","12","41","52","35","38","90","84","0","12","12","24","31","31","17","22","718","162","405","108","14","22","0","12","28","34","0","12","24","35","0","12","46","43","57","43","61","43","30","29","95","60","38","22","12","15","313","103","14","21","0","12","12","14","30","28","0","12","0","12","11","19","49","37","47","29","37","35","34","27","65","43","14","14",
"1400000US18097358100","Census Tract 3581, Marion County, Indiana","2639","612","519","245","304","183","0","12","0","12","180","167","0","12","0","12","20","34","12","18","35","41","18","31","19","22","20","23","0","12","0","12","215","90","0","12","0","12","0","12","19","32","0","12","0","12","0","12","41","38","89","69","35","30","0","12","20","23","11","27","2120","593","1123","299","68","93","0","12","100","89","48","53","0","12","0","12","130","83","117","79","140","86","282","190","112","59","71","53","55","55","997","372","0","12","27","34","88","105","29","37","19","24","56","60","10","16","91","69","134","76","306","316","185","57","52","51","0","12",
"1400000US18097360101","Census Tract 3601.01, Marion County, Indiana","2263","644","550","235","166","93","45","48","46","64","0","12","0","12","0","12","0","12","7","14","0","12","0","12","25","27","0","12","10","17","33","49","384","160","107","78","0","12","53","56","0","12","0","12","0","12","0","12","123","75","0","12","59","58","12","20","18","25","12","20","1713","647","624","239","0","12","0","12","18","22","40","61","13","23","12","22","68","72","30","44","194","135","58","46","108","56","39","35","44","43","1089","468","55","66","0","12","60","72","97","149","27","35","27","35","172","144","65","66","218","160","75","48","91","56","169","83","33","33",
"1400000US18097360102","Census Tract 3601.02, Marion County, Indiana","2148","498","611","317","261","156","0","12","0","12","52","56","0","12","0","12","0","12","66","72","28","33","27","41","0","12","26","33","62","55","0","12","350","180","0","12","0","12","59","65","0","12","0","12","0","12","12","19","42","52","96","95","50","56","35","38","46","41","10","16","1537","499","663","253","0","12","68","116","47","76","0","12","0","12","0","12","49","32","64","90","31","35","35","40","162","98","119","72","88","65","874","287","0","12","0","12","28","49","0","12","0","12","0","12","56","37","75","96","102","86","33","53","268","130","131","73","181","108",
"1400000US18097360201","Census Tract 3602.01, Marion County, Indiana","4120","758","847","619","450","362","0","12","0","12","42","45","0","12","15","24","36","57","44","70","238","324","0","12","63","69","0","12","12","19","0","12","397","289","30","43","0","12","0","12","0","12","0","12","14","23","0","12","60","96","52","48","16","26","225","228","0","12","0","12","3273","623","1747","435","90","95","0","12","115","84","83","101","13","22","38","36","164","137","369","217","315","147","316","357","161","106","51","63","32","35","1526","416","39","57","0","12","119","82","66","78","0","12","0","12","170","143","367","190","178","127","345","155","119","69","42","33","81","64",
"1400000US18097360202","Census Tract 3602.02, Marion County, Indiana","2685","521","720","301","400","190","0","12","0","12","47","53","33","39","47","54","0","12","63","75","30","49","86","69","37","43","21","26","36","44","0","12","320","141","0","12","0","12","45","51","20","31","15","24","0","12","0","12","0","12","59","55","41","49","35","55","60","54","45","44","1965","551","984","391","48","69","0","12","93","111","35","54","0","12","39","54","144","160","67","63","109","70","184","102","120","72","95","62","50","37","981","218","64","82","0","12","13","24","38","55","0","12","54","61","104","76","111","104","128","91","143","92","158","86","119","66","49","35",
"1400000US18097360301","Census Tract 3603.01, Marion County, Indiana","3548","564","579","261","341","188","10","17","0","12","26","25","50","77","0","12","0","12","47","56","54","71","16","26","69","70","44","49","11","16","14","17","238","111","10","17","7","14","12","19","0","12","0","12","11","18","39","49","40","37","81","76","21","26","0","12","0","12","17","19","2969","598","1509","387","96","77","46","65","221","160","64","84","2","8","25","36","256","138","156","91","217","110","167","113","156","62","98","53","5","13","1460","297","65","50","62","94","196","118","24","31","51","55","41","40","150","103","165","98","285","99","151","64","209","72","33","29","28","29",
"1400000US18097360302","Census Tract 3603.02, Marion County, Indiana","2896","677","1542","620","748","325","192","192","26","39","141","112","27","28","18","25","13","14","0","12","142","107","58","64","65","52","66","49","0","12","0","12","794","335","116","85","15","23","112","92","0","12","14","20","65","106","68","67","137","85","91","74","31","43","93","59","13","19","39","58","1354","343","830","248","11","17","26","25","109","76","21","33","17","27","17","25","65","67","230","189","43","43","75","59","113","63","70","25","33","32","524","151","24","25","0","12","26","29","0","12","0","12","0","12","44","43","122","94","24","32","86","48","68","33","98","99","32","25",
"1400000US18097360401","Census Tract 3604.01, Marion County, Indiana","6032","1033","1828","701","766","379","145","139","67","86","117","153","0","17","97","123","127","127","0","17","37","54","0","17","0","17","131","170","45","48","0","17","1062","441","161","190","0","17","104","162","134","173","0","17","0","17","44","67","240","163","150","143","0","17","217","134","0","17","12","19","4204","1110","2447","781","140","101","0","17","46","81","0","17","0","17","0","17","450","501","352","267","179","130","679","399","303","133","190","119","108","86","1757","452","0","17","0","17","55","67","94","113","0","17","40","50","14","27","406","201","129","97","327","297","330","149","159","85","203","121",
"1400000US18097360402","Census Tract 3604.02, Marion County, Indiana","3298","1150","1480","1080","799","750","605","738","0","12","35","42","76","122","0","12","0","12","0","12","29","26","27","40","18","24","7","8","2","4","0","12","681","384","36","57","59","60","36","38","28","44","74","111","0","12","304","314","51","44","17","25","59","66","9","14","8","13","0","12","1818","535","662","155","0","12","0","12","104","49","52","45","0","12","25","28","114","113","49","42","90","69","93","70","48","37","66","37","21","19","1156","441","28","52","0","12","177","115","60","53","49","42","0","12","70","63","215","183","129","110","162","83","88","57","70","40","108","121",
"1400000US18097360405","Census Tract 3604.05, Marion County, Indiana","6447","679","534","261","285","169","0","17","0","17","38","60","0","17","0","17","0","17","78","72","30","50","22","32","45","68","72","108","0","17","0","17","249","161","0","17","0","17","33","53","0","17","0","17","0","17","0","17","34","54","23","36","66","55","79","103","14","27","0","17","5913","747","2697","516","396","261","66","92","97","84","153","132","30","47","60","60","162","108","491","189","343","136","470","163","152","92","198","103","79","50","3216","506","70","70","0","17","207","165","230","131","325","204","61","53","137","107","472","275","540","209","428","194","319","188","370","122","57","39",
"1400000US18097360406","Census Tract 3604.06, Marion County, Indiana","3010","743","473","270","132","139","0","12","0","12","0","12","0","12","0","12","0","12","62","90","35","65","35","55","0","12","0","12","0","12","0","12","341","201","0","12","0","12","0","12","0","12","0","12","34","58","76","103","66","83","0","12","119","127","46","57","0","12","0","12","2537","826","1393","579","0","12","0","12","121","95","78","86","27","40","0","12","166","148","399","291","114","96","432","381","0","12","56","63","0","12","1144","446","54","96","0","12","131","119","52","90","0","12","0","12","76","109","192","219","389","233","111","112","120","106","19","31","0","12",
"1400000US18097360407","Census Tract 3604.07, Marion County, Indiana","3248","689","143","127","50","53","0","12","0","12","15","26","0","12","0","12","27","47","8","15","0","12","0","12","0","12","0","12","0","12","0","12","93","81","0","12","0","12","0","12","18","31","0","12","27","45","17","30","8","16","23","33","0","12","0","12","0","12","0","12","3105","687","1329","399","39","63","91","119","0","12","0","12","113","110","169","117","25","44","119","113","256","212","148","105","256","116","95","66","18","29","1776","544","136","158","62","76","114","161","52","61","0","12","116","186","156","115","126","128","281","187","279","157","260","172","174","133","20","31",
"1400000US18097360501","Census Tract 3605.01, Marion County, Indiana","6285","831","397","286","219","221","11","27","0","17","11","27","11","27","9","22","8","15","22","49","112","160","0","17","6","19","6","18","23","38","0","17","178","134","11","31","0","17","0","17","0","17","0","17","91","116","11","29","9","24","2","4","9","19","8","17","17","28","20","33","5888","831","2631","443","124","106","0","17","179","128","124","113","49","72","85","75","443","237","219","139","468","199","255","110","431","241","167","117","87","81","3257","607","90","90","0","17","383","325","89","114","111","123","95","99","341","243","601","205","213","134","573","285","386","146","241","68","134","105",
"1400000US18097360502","Census Tract 3605.02, Marion County, Indiana","5040","803","614","510","360","281","93","151","0","17","0","17","36","67","67","74","0","17","0","17","2","4","1","3","85","78","1","2","75","98","0","17","254","275","13","46","0","17","12","44","24","88","0","17","0","17","48","62","102","137","0","17","28","52","27","37","0","17","0","17","4426","734","1845","402","90","101","95","135","94","90","0","17","0","17","10","24","78","76","225","158","252","92","154","124","310","126","430","251","107","82","2581","513","107","84","68","105","88","110","66","59","0","17","24","40","589","286","172","115","262","162","276","137","340","155","430","173","159","94",
"1400000US18097360601","Census Tract 3606.01, Marion County, Indiana","4975","729","605","372","224","129","0","12","0","12","22","24","25","29","0","12","0","12","41","67","8","12","11","16","17","23","53","56","32","41","15","24","381","261","0","12","0","12","43","49","86","109","26","28","40","62","0","12","11","16","29","32","32","47","8","13","9","13","97","68","4370","670","2232","460","219","154","74","68","150","122","68","47","99","59","67","62","103","62","365","189","297","109","129","84","374","128","132","60","155","69","2138","336","50","78","34","39","127","81","36","41","29","32","27","30","170","108","358","156","212","75","234","86","364","113","229","84","268","91",
"1400000US18097360602","Census Tract 3606.02, Marion County, Indiana","6097","1099","987","441","462","228","32","51","0","17","169","158","0","17","0","17","0","17","0","17","81","98","0","17","90","79","33","40","57","57","0","17","525","252","54","85","0","17","33","63","0","17","0","17","0","17","104","110","51","64","127","140","115","155","13","21","28","47","0","17","5110","1193","2351","729","89","95","0","17","373","285","246","247","96","90","41","42","122","84","359","186","336","222","373","212","146","104","35","45","135","92","2759","720","117","124","0","17","202","174","97","155","86","105","99","185","260","160","424","220","311","196","380","172","336","167","341","210","106","85",
"1400000US18097360700","Census Tract 3607, Marion County, Indiana","2196","329","265","147","164","114","8","12","9","12","0","12","0","12","0","12","0","12","0","12","54","79","30","23","22","28","10","12","31","33","0","12","101","62","0","12","0","12","9","14","0","12","0","12","5","9","5","7","23","19","11","12","0","12","23","30","6","9","19","34","1931","313","883","175","46","33","5","9","22","21","68","45","6","8","46","38","52","67","172","85","108","50","154","64","94","45","71","29","39","25","1048","195","46","35","6","9","82","48","13","20","29","19","5","9","84","55","167","63","180","73","131","58","140","59","112","69","53","27",
"1400000US18097360800","Census Tract 3608, Marion County, Indiana","2308","442","311","142","169","109","8","12","0","12","27","40","0","12","0","12","13","18","38","42","0","12","19","29","20","22","35","43","5","7","4","7","142","63","0","12","0","12","5","7","0","12","0","12","0","12","0","12","18","26","18","20","0","12","30","28","4","7","67","44","1997","427","830","222","145","106","0","12","62","49","0","12","36","44","0","12","45","43","106","50","118","66","84","58","121","67","62","40","51","35","1167","266","103","111","57","68","0","12","28","34","0","12","0","12","191","132","50","40","149","72","159","58","108","71","153","77","169","67",
"1400000US18097360900","Census Tract 3609, Marion County, Indiana","5386","893","1781","590","780","407","102","92","130","201","38","46","0","17","44","65","44","65","73","87","21","30","60","55","93","91","43","49","126","122","6","13","1001","393","389","356","21","35","12","27","24","55","12","28","0","17","39","46","211","121","111","106","43","65","62","61","49","74","28","49","3605","850","1928","618","94","149","91","139","146","155","0","17","130","130","18","33","140","138","284","208","392","161","383","214","120","87","72","63","58","81","1677","386","92","130","0","17","0","17","59","94","0","17","36","60","94","104","179","132","329","153","284","141","239","149","102","76","263","117",
"1400000US18097361000","Census Tract 3610, Marion County, Indiana","2387","287","186","156","132","158","0","12","0","12","0","12","0","12","0","12","0","12","5","8","0","12","119","156","8","12","0","12","0","12","0","12","54","31","0","12","0","12","0","12","0","12","0","12","0","12","17","18","20","21","0","12","0","12","5","9","0","12","12","13","2201","264","1080","163","104","47","10","16","82","43","0","12","14","15","33","43","9","13","192","57","145","40","118","49","214","92","130","38","29","22","1121","148","111","50","16","16","57","29","39","30","8","13","13","17","26","24","227","78","105","44","148","39","189","70","134","36","48","27",
"1400000US18097361100","Census Tract 3611, Marion County, Indiana","3171","560","358","115","173","74","9","17","0","12","16","18","0","12","0","12","0","12","15","23","16","17","7","14","44","43","15","24","44","38","7","12","185","78","8","14","0","12","0","12","0","12","6","9","0","12","14","15","0","12","51","47","35","41","54","43","17","19","0","12","2813","591","1444","374","117","91","0","12","144","111","47","26","13","17","0","12","128","109","328","127","206","104","199","121","190","79","72","42","0","12","1369","280","110","63","0","12","102","38","24","26","0","12","48","48","77","85","315","129","168","73","221","106","172","80","99","44","33","25",
"1400000US18097361200","Census Tract 3612, Marion County, Indiana","3361","534","347","147","186","99","0","12","0","12","0","12","0","12","0","12","0","12","0","12","7","13","74","83","15","25","90","59","0","12","0","12","161","91","0","12","0","12","0","12","0","12","0","12","0","12","26","41","23","36","11","18","38","40","47","60","16","24","0","12","3014","502","1521","336","229","118","0","12","91","76","98","77","8","13","14","21","89","52","298","133","203","99","191","133","143","85","118","60","39","37","1493","249","159","74","52","57","51","45","133","104","0","12","0","12","114","68","241","124","183","76","52","50","293","140","105","76","110","70",
"1400000US18097361300","Census Tract 3613, Marion County, Indiana","2020","340","170","91","74","52","0","12","0","12","0","12","13","21","0","12","0","12","0","12","23","29","1","9","10","16","13","22","14","22","0","12","96","67","0","12","0","12","0","12","0","12","0","12","0","12","14","23","0","12","12","21","17","25","0","12","48","40","5","9","1850","337","1093","259","106","74","0","12","33","41","47","51","0","12","15","25","123","89","139","84","77","58","257","113","205","175","57","55","34","30","757","154","0","12","0","12","52","50","3","10","0","12","0","12","47","52","118","81","86","67","117","70","168","69","121","62","45","41",
"1400000US18097361401","Census Tract 3614.01, Marion County, Indiana","5804","1262","345","372","34","60","0","17","0","17","0","17","34","60","0","17","0","17","0","17","0","17","0","17","0","17","0","17","0","17","0","17","311","324","0","17","0","17","39","67","78","134","0","17","65","104","0","17","27","47","0","17","53","86","0","17","24","45","25","44","5459","1261","2706","559","133","179","0","17","164","144","223","142","0","17","143","120","276","270","288","166","515","187","573","322","244","105","66","68","81","64","2753","982","12","67","0","17","166","154","327","200","0","17","640","639","229","205","413","235","447","272","277","131","51","76","28","44","163","104",
"1400000US18097361402","Census Tract 3614.02, Marion County, Indiana","5959","1070","1374","899","911","631","92","155","50","79","0","17","0","17","117","179","0","17","130","188","303","240","43","70","140","202","16","34","0","17","20","31","463","378","0","17","48","76","64","101","0","17","0","17","0","17","0","17","57","90","50","78","163","228","81","124","0","17","0","17","4585","1124","2245","568","91","108","66","109","31","51","34","52","27","44","65","108","246","232","140","132","403","223","427","252","255","136","221","143","239","152","2340","690","70","110","108","162","161","174","171","135","0","17","0","17","238","247","369","206","414","309","58","66","329","168","274","138","148","102",
"1400000US18097361601","Census Tract 3616.01, Marion County, Indiana","5613","1178","89","139","21","33","0","17","0","17","0","17","0","17","0","17","0","17","0","17","0","17","21","33","0","17","0","17","0","17","0","17","68","106","25","39","0","17","22","34","0","17","0","17","0","17","0","17","21","34","0","17","0","17","0","17","0","17","0","17","5524","1170","2741","502","36","58","15","24","106","99","54","59","15","23","137","91","349","243","457","164","243","135","418","201","430","284","311","199","170","92","2783","757","95","86","0","17","64","77","144","136","51","62","62","56","323","326","357","217","226","125","433","224","620","480","167","107","241","145",
"1400000US18097361602","Census Tract 3616.02, Marion County, Indiana","3680","977","46","72","0","12","0","12","0","12","0","12","0","12","0","12","0","12","0","12","0","12","0","12","0","12","0","12","0","12","0","12","46","72","0","12","0","12","0","12","0","12","0","12","0","12","0","12","0","12","46","72","0","12","0","12","0","12","0","12","3634","966","1902","676","369","180","17","26","175","279","95","133","0","12","0","12","88","88","172","184","413","167","35","40","242","114","160","89","136","70","1732","483","205","213","0","12","100","122","19","31","17","29","92","242","74","68","487","188","55","48","93","72","183","82","317","135","90","57",
"1400000US18097370201","Census Tract 3702.01, Marion County, Indiana","3501","379","637","246","315","178","42","73","0","12","68","103","50","59","0","12","22","32","6","10","37","43","11","19","41","36","0","12","31","32","7","11","322","143","20","25","0","12","58","64","0","12","10","18","27","33","20","26","22","27","64","49","8","12","49","40","35","45","9","14","2864","375","1550","258","153","107","30","44","39","45","32","38","0","12","75","68","191","116","294","125","200","45","165","76","154","76","134","66","83","46","1314","209","138","90","0","12","20","29","0","12","9","15","8","12","195","98","265","109","125","67","171","94","239","95","64","39","80","48",
"1400000US18097370203","Census Tract 3702.03, Marion County, Indiana","4657","958","1783","939","753","370","108","118","46","70","100","81","50","58","0","12","216","251","106","90","13","23","21","34","29","46","50","73","0","12","14","22","1030","627","147","118","16","24","60","69","0","12","29","45","25","41","264","269","101","81","64","65","213","302","109","88","1","2","1","3","2874","981","1247","529","151","180","0","12","81","80","59","50","0","12","28","44","88","74","145","106","331","164","201","179","96","60","67","56","0","12","1627","540","73","83","96","89","177","132","110","107","0","12","0","12","264","243","338","142","66","57","159","77","202","119","119","59","23","29",
"1400000US18097370204","Census Tract 3702.04, Marion County, Indiana","3271","453","231","154","120","91","0","12","0","12","0","12","0","12","0","12","0","12","9","17","45","57","25","46","0","12","41","53","0","12","0","12","111","85","0","12","0","12","0","12","0","12","0","12","0","12","13","23","13","20","27","49","16","28","24","31","18","34","0","12","3040","467","1337","252","87","93","52","66","87","61","54","46","0","12","31","40","99","81","271","140","192","71","141","75","95","71","191","80","37","42","1703","346","202","146","0","12","21","33","46","45","45","54","29","43","70","62","233","122","145","106","281","171","243","110","137","89","251","139",
"1400000US18097370303","Census Tract 3703.03, Marion County, Indiana","7339","676","1287","777","692","389","87","103","0","17","164","120","0","17","0","17","37","51","39","65","70","60","38","51","58","62","0","17","90","92","109","114","595","426","38","52","0","17","0","17","0","17","10","18","0","17","208","206","78","74","69","73","33","38","0","17","71","89","88","107","6052","905","3006","587","108","83","0","17","447","251","47","74","88","73","43","48","243","136","611","205","520","240","236","121","343","150","260","155","60","48","3046","482","267","239","62","85","384","176","105","76","23","35","109","85","229","115","370","171","651","262","276","112","354","186","97","71","119","77",
"1400000US18097370304","Census Tract 3703.04, Marion County, Indiana","3346","759","170","124","84","70","0","12","0","12","0","12","0","12","0","12","0","12","2","7","22","37","0","12","1","4","39","44","0","12","20","32","86","86","0","12","0","12","0","12","0","12","0","12","0","12","0","12","25","39","61","71","0","12","0","12","0","12","0","12","3176","753","1915","587","110","152","56","74","227","160","168","146","0","12","18","29","153","160","339","235","191","107","215","209","291","145","147","91","0","12","1261","284","62","56","0","12","43","47","83","68","0","12","19","31","21","33","276","123","45","56","327","245","177","87","122","76","86","77",
"1400000US18097370305","Census Tract 3703.05, Marion County, Indiana","3835","855","223","255","104","176","33","132","0","12","0","12","0","12","0","12","0","12","8","32","0","12","0","12","0","12","63","68","0","12","0","12","119","102","10","43","0","12","0","12","0","12","0","12","0","12","7","29","21","36","0","12","0","12","64","64","0","12","17","28","3612","895","1724","371","173","233","0","12","68","63","106","84","3","21","51","69","206","128","244","99","92","68","380","149","245","165","105","37","51","52","1888","722","82","94","32","43","50","59","0","12","76","83","83","80","664","659","317","155","163","107","162","91","160","78","98","46","1","22",
"1400000US18097370306","Census Tract 3703.06, Marion County, Indiana","5850","826","640","425","279","220","0","17","0","17","47","62","48","62","0","17","39","52","23","37","31","49","24","38","0","17","67","84","0","17","0","17","361","236","0","17","0","17","87","86","0","17","0","17","0","17","19","31","111","127","19","31","84","84","17","27","24","38","0","17","5210","753","2816","427","97","86","16","28","217","120","259","147","20","33","117","111","305","166","402","205","359","148","357","159","415","273","171","89","81","63","2394","438","252","206","0","17","215","147","215","129","31","33","45","46","106","82","270","143","392","151","256","142","195","98","370","258","47","45",
"1400000US18097380101","Census Tract 3801.01, Marion County, Indiana","7314","975","672","591","256","165","0","17","0","17","131","108","0","17","0","17","0","17","0","17","0","17","58","48","0","17","67","111","0","17","0","17","416","479","159","261","0","17","101","80","0","17","47","78","0","17","0","17","62","50","47","79","0","17","0","17","0","17","0","17","6642","838","3159","559","144","141","0","17","49","106","273","153","0","17","48","77","243","258","313","231","336","157","457","381","613","124","469","347","214","132","3483","448","175","135","54","84","225","167","0","17","83","84","151","124","242","158","347","251","275","191","501","213","736","339","508","351","186","134",
"1400000US18097380102","Census Tract 3801.02, Marion County, Indiana","3763","1021","806","1418","538","945","147","258","0","12","129","232","0","12","131","232","0","12","0","12","0","12","131","225","0","12","0","12","0","12","0","12","268","473","144","252","0","12","0","12","0","12","0","12","0","12","0","12","124","222","0","12","0","12","0","12","0","12","0","12","2957","968","1314","504","47","79","0","12","154","134","41","70","0","12","116","122","47","81","39","67","160","189","655","389","55","94","0","12","0","12","1643","612","216","159","0","12","141","124","105","160","0","12","0","12","205","188","257","230","507","300","54","92","0","12","0","12","158","194",
"1400000US18097380103","Census Tract 3801.03, Marion County, Indiana","9061","1031","437","390","435","431","0","19","0","19","0","19","0","19","0","19","0","19","390","405","0","19","45","78","0","19","0","19","0","19","0","19","2","64","0","19","0","19","0","19","0","19","0","19","0","19","0","19","0","19","0","19","0","19","0","19","2","64","0","19","8624","962","4720","682","233","262","0","19","709","345","276","270","50","83","342","351","41","72","1152","545","543","345","1124","527","26","48","179","197","45","66","3904","639","195","215","0","19","475","348","0","19","32","68","37","72","206","152","632","294","730","354","900","632","382","270","249","232","66","104",
"1400000US18097380200","Census Tract 3802, Marion County, Indiana","3136","656","714","383","331","225","78","137","0","12","69","69","0","12","10","16","0","12","0","12","14","16","41","41","19","22","88","104","12","18","0","12","383","196","56","77","0","12","11","16","10","17","0","12","0","12","64","89","46","77","103","81","26","33","19","27","18","21","30","47","2422","500","1252","273","66","47","56","35","40","36","31","27","0","12","0","12","142","172","187","132","179","82","96","45","234","71","180","77","41","24","1170","311","136","68","15","19","94","54","84","62","8","13","0","12","131","144","63","48","158","60","86","70","172","74","126","65","97","65",
"1400000US18097380301","Census Tract 3803.01, Marion County, Indiana","2099","494","330","182","117","56","0","12","0","12","20","29","0","12","1","16","0","12","15","26","0","12","14","23","11","18","16","26","15","23","25","37","213","155","0","12","0","12","33","56","1","14","20","29","1","14","10","22","45","48","14","20","1","14","69","45","0","12","19","27","1769","476","976","327","22","26","13","23","120","120","99","106","18","32","45","47","48","45","45","50","118","103","186","132","185","122","0","12","77","60","793","260","11","19","0","12","113","99","0","12","30","38","10","16","125","72","48","42","102","67","135","79","108","71","24","24","87","51",
"1400000US18097380302","Census Tract 3803.02, Marion County, Indiana","2072","419","622","244","320","151","56","47","0","12","54","42","0","12","0","12","0","12","104","87","16","22","0","12","53","63","37","34","0","12","0","12","302","116","0","12","3","12","61","48","0","12","0","12","0","12","128","62","50","41","8","17","30","45","20","28","0","12","2","4","1450","427","684","203","0","12","0","12","61","68","53","61","0","12","16","36","139","85","49","64","101","162","47","31","88","60","58","48","72","47","766","305","49","77","0","12","87","87","0","12","0","12","10","18","82","67","261","162","30","31","47","36","125","117","52","45","23","32",
"1400000US18097380402","Census Tract 3804.02, Marion County, Indiana","4855","912","709","244","207","98","51","54","10","15","47","34","12","18","0","12","0","12","0","12","26","28","46","40","2","4","12","19","1","3","0","12","502","204","53","63","0","12","32","24","0","12","0","12","0","12","60","42","158","87","37","26","23","27","10","14","129","179","0","12","4146","923","1904","427","251","242","0","12","214","105","75","58","0","12","68","85","175","91","370","138","322","207","140","72","157","89","90","43","42","25","2242","563","45","36","9","14","237","196","228","215","17","27","17","19","122","66","592","219","346","222","162","64","263","82","108","52","96","41",
"1400000US18097380403","Census Tract 3804.03, Marion County, Indiana","3689","547","403","211","160","100","11","18","0","12","10","16","23","30","0","12","0","12","12","17","44","71","31","46","0","12","29","22","0","12","0","12","243","139","35","42","0","12","34","32","8","13","7","12","11","19","10","15","79","76","16","19","27","25","11","18","5","9","0","12","3286","569","1571","330","118","77","16","27","93","66","29","28","21","23","50","63","59","35","193","84","242","101","210","106","287","106","167","101","86","41","1715","320","58","42","0","12","105","81","46","35","0","12","18","15","114","71","286","104","256","99","252","160","254","118","181","89","145","61",
"1400000US18097380404","Census Tract 3804.04, Marion County, Indiana","3633","518","383","184","179","100","15","23","0","12","51","57","0","12","22","34","10","17","0","12","0","12","30","47","28","31","23","21","0","12","0","12","204","114","16","30","0","12","0","12","18","26","22","25","0","12","13","19","27","31","43","39","14","18","28","29","19","22","4","7","3250","520","1558","295","84","56","0","12","138","79","109","62","7","11","85","71","41","35","223","84","181","66","124","64","294","129","177","100","95","47","1692","287","75","69","16","23","154","81","48","42","8","13","58","42","81","63","126","74","243","78","143","55","360","110","210","108","170","71",
"1400000US18097380501","Census Tract 3805.01, Marion County, Indiana","2478","578","546","267","293","197","0","12","0","12","114","127","17","28","0","12","0","12","15","26","26","37","36","40","39","48","46","41","0","12","0","12","253","129","0","12","0","12","18","32","0","12","0","12","53","63","70","83","9","16","23","26","63","49","17","26","0","12","0","12","1932","535","943","303","128","115","0","12","42","65","64","45","0","12","30","35","169","199","71","61","125","60","137","92","65","40","100","60","12","14","989","284","66","73","18","29","45","41","36","49","0","12","0","12","88","131","143","97","168","128","65","43","161","94","119","49","80","59",
"1400000US18097380502","Census Tract 3805.02, Marion County, Indiana","3476","775","1104","375","620","228","113","87","0","12","32","57","42","27","0","12","42","28","207","156","53","54","59","40","25","31","46","48","1","3","0","12","484","206","0","12","0","12","82","53","41","27","0","12","42","27","128","81","69","74","90","138","15","24","0","12","17","20","0","12","2372","684","1199","430","176","232","0","12","20","33","0","12","14","22","30","44","110","118","405","211","82","54","119","62","176","92","35","40","32","29","1173","311","53","75","9","18","45","54","23","43","0","12","19","34","111","80","289","215","99","58","187","83","162","87","110","46","66","40",
"1400000US18097380600","Census Tract 3806, Marion County, Indiana","5964","1229","601","372","373","264","0","17","0","17","20","33","49","56","0","17","0","17","58","72","2","3","82","128","86","100","0","17","76","85","0","17","228","132","0","17","0","17","0","17","0","17","0","17","0","17","17","28","27","47","16","26","42","58","62","85","53","43","11","18","5363","1212","2786","632","208","121","116","151","448","185","47","64","0","17","20","34","288","248","323","153","683","372","322","134","203","91","91","67","37","49","2577","668","208","121","0","17","73","68","231","124","15","24","218","226","178","199","504","183","408","276","344","268","244","99","117","72","37","36",
"1400000US18097380700","Census Tract 3807, Marion County, Indiana","6721","995","1003","833","558","562","0","17","0","17","163","245","0","17","110","149","107","145","149","166","21","34","0","17","8","43","0","17","0","17","0","17","445","324","0","17","0","17","68","116","0","17","0","17","0","17","113","113","52","61","169","245","0","17","0","17","17","27","26","54","5718","794","3033","525","163","152","130","126","417","262","65","63","0","17","117","146","312","166","592","251","308","210","420","194","229","87","240","128","40","37","2685","537","420","277","0","17","56","69","43","51","0","17","34","54","337","188","492","253","161","113","391","170","460","210","153","88","138","88",
"1400000US18097380800","Census Tract 3808, Marion County, Indiana","2963","551","439","205","167","109","7","14","0","12","9","14","0","12","7","15","6","15","0","12","25","29","21","31","8","20","69","55","0","12","15","22","272","127","31","35","8","19","25","32","0","12","0","12","6","11","42","46","94","70","8","19","0","12","22","25","20","30","16","23","2524","541","1254","328","37","36","0","12","141","146","27","28","5","10","4","10","101","61","96","55","115","66","135","79","442","241","93","57","58","36","1270","269","16","21","0","12","75","48","32","25","29","29","0","12","136","71","99","55","168","85","147","82","392","244","114","58","62","41",
"1400000US18097380901","Census Tract 3809.01, Marion County, Indiana","5287","761","313","203","158","109","32","43","0","17","0","17","28","38","10","17","0","17","17","19","0","17","38","58","21","26","12","18","0","17","0","17","155","101","0","17","0","17","36","40","0","17","0","17","0","17","16","25","38","40","1","2","49","47","8","12","0","17","7","12","4974","774","2514","384","124","82","0","17","250","162","92","66","38","55","77","57","138","96","289","100","409","211","356","122","342","90","290","72","109","59","2460","432","180","177","22","21","117","70","113","75","52","46","160","93","138","91","319","174","285","109","336","86","239","89","361","73","138","49",
"1400000US18097380902","Census Tract 3809.02, Marion County, Indiana","5979","808","589","445","345","274","47","52","0","17","65","84","0","17","0","17","0","17","0","17","0","17","15","24","0","17","127","148","91","103","0","17","244","256","0","17","0","17","16","25","16","25","0","17","0","17","68","85","84","137","0","17","0","17","60","97","0","17","0","17","5390","732","2722","441","137","103","43","40","88","88","78","80","0","17","72","63","164","108","657","219","135","69","331","120","417","131","313","85","287","207","2668","403","120","102","0","17","106","106","138","71","15","25","8","13","143","89","400","156","224","84","472","132","397","146","340","77","305","210",
"1400000US18097381002","Census Tract 3810.02, Marion County, Indiana","3507","906","247","194","58","46","0","12","0","12","9","13","0","12","0","12","0","12","3","5","27","31","0","12","3","4","8","14","8","11","0","12","189","181","0","12","0","12","0","12","0","12","0","12","0","12","156","176","7","11","0","12","0","12","11","16","15","16","0","12","3260","896","1507","272","43","49","22","21","88","56","30","28","10","16","20","18","251","152","117","50","288","180","183","71","191","73","150","49","114","57","1753","686","250","239","4","6","230","236","48","24","23","21","20","17","55","32","248","212","193","73","159","51","311","75","149","45","63","28",
"1400000US18097381003","Census Tract 3810.03, Marion County, Indiana","3304","362","338","163","120","77","34","40","2","6","7","11","4","7","0","12","0","12","0","12","31","37","34","32","6","9","0","12","0","12","2","3","218","98","22","32","0","12","30","32","0","12","0","12","4","6","42","37","45","42","31","31","9","11","15","18","0","12","20","18","2966","371","1433","232","117","74","6","9","123","57","34","27","7","8","22","16","126","63","353","159","190","62","171","65","115","59","103","42","66","32","1533","275","187","161","19","20","143","81","43","29","15","15","22","38","209","162","278","143","144","66","109","39","151","62","128","47","85","35",
"1400000US18097381004","Census Tract 3810.04, Marion County, Indiana","3298","671","644","327","173","122","21","33","0","12","0","12","0","12","0","12","0","12","124","96","1","3","0","12","27","46","0","12","0","12","0","12","471","253","0","12","0","12","0","12","0","12","1","2","0","12","100","76","58","57","77","115","0","12","148","204","45","46","42","40","2654","684","1178","326","0","12","40","54","60","85","0","12","43","54","63","67","267","158","175","88","69","63","247","154","116","83","69","59","29","35","1476","493","66","85","0","12","59","72","18","31","0","12","0","12","426","333","158","109","182","115","330","155","50","56","139","87","48","41",
"1400000US18097381101","Census Tract 3811.01, Marion County, Indiana","5753","714","212","103","66","56","0","17","0","17","0","17","0","17","0","17","0","17","10","16","43","51","0","17","0","17","13","21","0","17","0","17","146","83","0","17","0","17","0","17","0","17","0","17","0","17","51","51","12","24","0","17","19","21","0","17","45","54","19","30","5541","715","2540","423","183","138","0","17","252","148","183","100","112","120","63","62","139","79","166","108","343","106","212","98","525","302","185","89","177","88","3001","448","107","103","23","40","264","168","89","99","20","33","48","53","87","72","592","208","444","189","218","108","394","120","301","104","414","215",
"1400000US18097381102","Census Tract 3811.02, Marion County, Indiana","7199","875","494","374","196","188","29","50","0","17","70","86","0","17","0","17","0","17","40","48","0","17","23","40","0","17","0","17","34","43","0","17","298","286","80","96","0","17","22","37","0","17","0","17","0","17","22","21","97","119","0","17","0","17","48","64","29","32","0","17","6705","928","3544","676","580","364","123","113","377","266","116","111","136","125","102","108","117","102","354","187","332","172","405","189","533","201","225","92","144","74","3161","494","63","71","0","17","208","110","29","40","106","137","24","44","137","105","534","164","559","232","592","362","380","140","317","123","212","158",
"1400000US18097381203","Census Tract 3812.03, Marion County, Indiana","3247","530","602","332","206","144","55","64","0","12","81","73","0","12","0","12","0","12","18","20","0","12","52","49","0","12","0","12","0","12","0","12","396","216","0","12","0","12","118","110","40","44","31","50","0","12","0","12","132","70","38","50","37","41","0","12","0","12","0","12","2645","615","1349","382","105","98","34","29","104","101","47","57","50","57","42","47","69","52","463","262","94","56","65","45","139","105","71","65","66","48","1296","350","101","68","36","49","138","112","49","63","15","25","5","14","71","50","287","112","124","96","237","123","143","87","29","24","61","42",
"1400000US18097381204","Census Tract 3812.04, Marion County, Indiana","2672","541","317","183","134","77","8","15","0","12","39","42","0","12","12","22","0","12","5","11","19","30","8","14","0","12","25","35","9","15","9","14","183","119","36","49","0","12","0","12","0","12","0","12","0","12","45","48","31","48","10","18","0","12","18","20","9","14","34","27","2355","528","1159","345","92","57","11","17","33","39","0","12","0","12","22","25","60","45","360","234","149","100","82","54","90","53","122","69","138","64","1196","269","109","75","0","12","54","35","8","14","0","12","11","21","128","132","265","128","78","51","37","27","99","65","118","54","289","91",
"1400000US18097381205","Census Tract 3812.05, Marion County, Indiana","6956","846","1161","627","477","299","128","133","23","38","81","115","0","17","0","17","0","17","13","21","48","78","106","176","14","22","0","17","41","67","23","26","684","409","185","284","0","17","125","127","0","17","0","17","32","50","11","18","195","123","12","19","12","19","5","8","107","90","0","17","5795","644","2534","416","186","148","0","17","109","98","101","82","76","92","29","46","393","216","403","155","469","137","336","120","223","96","197","83","12","20","3261","391","152","163","0","17","527","200","196","128","24","40","67","67","230","113","568","222","623","162","358","154","299","112","136","78","81","52",
"1400000US18097381206","Census Tract 3812.06, Marion County, Indiana","4377","803","507","339","332","256","17","27","0","12","24","30","59","45","24","30","0","12","0","12","0","12","30","32","60","86","14","23","19","33","85","118","175","126","0","12","0","12","0","12","53","40","0","12","46","59","0","12","25","47","23","29","0","12","20","32","0","12","8","13","3870","817","1984","555","104","90","18","34","122","83","43","51","0","12","43","57","179","150","340","191","489","259","267","127","158","81","89","56","132","71","1886","423","52","66","0","12","120","160","44","59","33","48","0","12","134","92","436","217","151","141","290","142","272","116","160","87","194","82",
"1400000US18097381207","Census Tract 3812.07, Marion County, Indiana","4257","1431","164","203","62","84","0","12","0","12","28","45","0","12","0","12","0","12","0","12","21","35","12","20","0","12","0","12","0","12","1","2","102","122","25","41","0","12","24","37","0","12","0","12","0","12","0","12","27","43","0","12","0","12","0","12","15","23","11","17","4093","1405","1893","580","82","78","17","32","85","53","41","37","29","39","57","68","201","155","161","133","494","375","53","47","421","252","135","66","117","65","2200","895","185","211","0","12","535","376","130","117","61","61","94","90","34","38","70","62","395","297","192","142","190","78","156","69","158","64",
"1400000US18097390102","Census Tract 3901.02, Marion County, Indiana","6369","1074","1191","667","508","297","213","194","36","60","78","87","0","17","34","56","41","57","0","17","0","17","78","102","7","15","0","17","21","38","0","17","683","470","0","17","42","69","49","70","139","156","81","110","73","110","68","90","42","54","128","112","7","15","18","21","36","57","0","17","5178","1215","2255","615","184","141","0","17","222","177","166","148","0","17","9","15","423","236","203","109","152","125","390","183","87","79","246","147","173","145","2923","800","258","178","0","17","216","192","82","100","0","17","0","17","87","83","345","213","610","593","325","157","334","140","488","256","178","187",
"1400000US18097390103","Census Tract 3901.03, Marion County, Indiana","3151","454","155","206","122","200","0","12","0","12","0","12","0","12","0","12","0","12","0","12","0","12","0","12","0","12","122","200","0","12","0","12","33","42","0","12","0","12","0","12","0","12","0","12","0","12","0","12","0","12","0","12","24","37","0","12","9","17","0","12","2996","412","1473","270","205","161","86","70","153","94","66","52","0","12","24","44","20","34","219","117","182","92","135","122","242","71","82","44","59","36","1523","280","102","83","0","12","141","82","43","46","94","108","5","13","54","39","142","87","299","85","97","75","222","52","127","57","197","185",
"1400000US18097390104","Census Tract 3901.04, Marion County, Indiana","6934","813","404","240","125","152","0","17","0","17","0","17","0","17","0","17","0","17","70","131","0","17","14","24","19","31","0","17","22","35","0","17","279","210","0","17","0","17","0","17","0","17","0","17","61","70","59","69","0","17","0","17","0","17","139","96","20","32","0","17","6530","852","3208","464","290","170","125","100","236","157","181","111","122","86","71","64","276","135","271","120","427","127","427","169","496","278","195","123","91","107","3322","534","101","79","33","54","323","150","110","71","108","97","90","75","343","177","455","146","536","178","235","134","487","271","371","243","130","85",
"1400000US18097390200","Census Tract 3902, Marion County, Indiana","5866","710","547","341","107","119","0","17","0","17","22","37","22","38","0","17","18","32","0","17","45","53","0","17","0","17","0","17","0","17","0","17","440","286","26","46","90","103","25","44","0","17","0","17","0","17","24","44","145","158","68","77","0","17","36","43","26","39","0","17","5319","701","2522","413","207","137","29","34","280","150","132","89","23","38","77","69","131","99","417","266","457","123","152","86","370","116","219","93","28","32","2797","401","245","131","47","46","140","103","219","125","44","49","62","37","158","109","578","284","309","138","377","112","385","170","152","64","81","46",
"1400000US18097390300","Census Tract 3903, Marion County, Indiana","6828","1067","439","265","164","172","22","36","0","17","40","64","0","17","0","17","0","17","18","30","0","17","72","79","0","17","12","19","0","17","0","17","275","160","21","35","0","17","0","17","0","17","0","17","0","17","97","134","0","17","33","37","0","17","25","30","65","65","34","41","6389","1001","3457","692","350","238","0","17","358","159","265","156","0","17","87","82","461","242","451","179","429","174","365","188","369","114","168","92","154","65","2932","389","76","75","19","31","211","138","212","117","31","46","79","72","154","121","275","136","677","163","374","205","411","182","263","157","150","76",
"1400000US18097390405","Census Tract 3904.05, Marion County, Indiana","4081","502","85","81","0","12","0","12","0","12","0","12","0","12","0","12","0","12","0","12","0","12","0","12","0","12","0","12","0","12","0","12","85","81","0","12","0","12","0","12","0","12","0","12","0","12","64","77","13","22","0","12","0","12","0","12","8","13","0","12","3996","483","2025","469","282","209","46","44","129","103","15","45","0","12","0","12","218","156","489","236","443","190","87","63","132","67","86","46","98","72","1971","209","148","140","23","29","128","95","26","53","0","12","0","12","58","68","545","108","263","137","204","94","145","89","209","95","222","108",
"1400000US18097390406","Census Tract 3904.06, Marion County, Indiana","6922","1154","136","111","69","77","0","17","0","17","0","17","13","22","0","17","0","17","0","17","0","17","0","17","56","74","0","17","0","17","0","17","67","70","0","17","0","17","13","21","0","17","0","17","0","17","0","17","23","46","13","22","0","17","0","17","0","17","18","28","6786","1125","3767","708","380","177","62","47","558","290","307","313","69","77","222","127","274","155","361","189","664","156","378","178","248","154","179","110","65","49","3019","547","335","236","32","38","374","135","147","103","68","89","105","69","46","48","594","266","538","227","367","233","176","97","184","112","53","52",
"1400000US18097390407","Census Tract 3904.07, Marion County, Indiana","6370","893","51","68","16","34","6","13","5","11","5","11","0","17","0","17","0","17","0","17","0","17","0","17","0","17","0","17","0","17","0","17","35","45","0","17","0","17","5","10","0","17","0","17","0","17","0","17","5","10","0","17","0","17","0","17","0","17","25","40","6319","889","3120","477","201","205","57","81","213","119","253","127","91","83","50","49","304","185","129","84","462","130","538","176","392","118","338","173","92","45","3199","503","140","89","29","46","404","207","131","94","46","50","149","156","151","79","184","94","472","149","547","154","400","167","264","155","282","155",
"1400000US18097390408","Census Tract 3904.08, Marion County, Indiana","5189","686","174","301","104","173","32","62","28","57","0","17","0","17","0","17","0","17","0","17","27","52","0","17","17","28","0","17","0","17","0","17","70","131","50","93","0","17","0","17","0","17","0","17","0","17","20","38","0","17","0","17","0","17","0","17","0","17","0","17","5015","712","2477","377","139","180","169","143","234","159","79","70","0","17","39","51","203","146","289","139","405","150","285","157","413","248","153","113","69","76","2538","490","183","130","0","17","187","184","43","60","160","194","192","149","171","141","289","176","302","189","398","189","314","193","230","130","69","67",
"1400000US18097390409","Census Tract 3904.09, Marion County, Indiana","6478","797","172","199","39","69","0","17","0","17","0","17","0","17","0","17","0","17","0","17","0","17","0","17","0","17","0","17","39","69","0","17","133","166","0","17","0","17","0","17","0","17","0","17","48","79","0","17","0","17","48","79","0","17","37","68","0","17","0","17","6306","821","2796","404","96","97","0","17","212","222","81","106","0","17","83","90","132","87","375","168","626","165","613","176","321","171","241","100","16","27","3510","723","428","199","42","56","167","156","176","146","13","33","58","76","73","67","661","255","799","548","437","239","430","167","184","84","42","53",
"1400000US18097390410","Census Tract 3904.10, Marion County, Indiana","1813","256","34","49","22","29","0","12","0","12","0","12","0","12","0","12","0","12","8","14","14","24","0","12","0","12","0","12","0","12","0","12","12","22","0","12","0","12","0","12","0","12","0","12","0","12","12","22","0","12","0","12","0","12","0","12","0","12","0","12","1779","257","840","208","40","36","0","12","102","73","0","12","0","12","14","22","127","95","95","64","82","22","114","102","47","42","111","75","108","66","939","145","17","31","18","30","104","62","19","25","26","42","0","12","107","59","120","84","91","57","98","67","56","57","224","73","59","41",
"1400000US18097390411","Census Tract 3904.11, Marion County, Indiana","3990","686","282","168","86","79","0","12","0","12","0","12","0","12","0","12","19","32","26","41","0","12","20","32","21","33","0","12","0","12","0","12","196","167","0","12","0","12","0","12","42","64","0","12","38","62","0","12","54","67","19","31","24","39","0","12","0","12","19","31","3708","691","1598","334","43","67","0","12","217","166","50","47","35","51","30","36","30","36","251","139","527","200","100","61","108","76","147","83","60","53","2110","470","102","107","0","12","364","314","20","37","32","37","83","121","75","62","378","148","259","132","129","82","201","89","284","150","183","122",
"1400000US18097390500","Census Tract 3905, Marion County, Indiana","2514","467","755","329","366","232","95","112","0","12","34","39","6","9","0","12","0","12","0","12","95","97","54","63","28","25","21","24","19","30","14","14","389","173","68","64","0","12","66","60","29","32","0","12","0","12","24","26","32","33","20","22","74","54","7","11","39","28","30","26","1759","463","844","343","36","37","8","12","52","55","18","25","0","12","124","185","36","36","110","68","201","141","69","51","96","55","44","31","50","38","915","230","32","28","0","12","86","67","140","85","13","19","32","38","9","13","152","83","58","35","100","52","179","96","55","33","59","28",
"1400000US18097390601","Census Tract 3906.01, Marion County, Indiana","1704","756","260","220","37","61","19","32","0","12","0","12","0","12","0","12","0","12","18","29","0","12","0","12","0","12","0","12","0","12","0","12","223","173","0","12","0","12","0","12","22","37","0","12","18","29","162","127","0","12","15","26","0","12","0","12","6","21","0","12","1444","742","505","317","0","12","0","12","0","12","0","12","0","12","0","12","90","150","229","201","86","74","16","26","26","32","58","39","0","12","939","693","189","322","0","12","0","12","0","12","0","12","0","12","240","273","370","325","61","57","10","18","69","36","0","12","0","12",
"1400000US18097390602","Census Tract 3906.02, Marion County, Indiana","3103","330","209","84","115","78","0","12","0","12","0","12","13","22","0","12","0","12","9","18","67","72","0","12","0","12","9","23","0","12","17","28","94","51","0","12","0","12","0","12","0","12","0","12","0","12","0","12","0","12","0","12","36","41","15","25","32","37","11","17","2894","342","1202","337","0","12","47","75","24","36","0","12","0","12","60","87","73","85","458","254","110","81","134","82","97","51","90","64","109","57","1692","261","10","17","14","26","84","96","69","70","0","12","13","19","126","178","290","142","167","114","154","116","260","96","287","132","218","74",
"1400000US18097390700","Census Tract 3907, Marion County, Indiana","3409","787","360","161","134","71","0","12","0","12","0","12","0","12","0","12","0","12","0","12","55","55","16","26","53","55","8","14","2","4","0","12","226","131","4","11","0","12","53","73","0","12","0","12","0","12","36","39","27","57","47","65","21","33","13","25","25","27","0","12","3049","786","1957","674","69","69","45","46","340","248","210","252","54","53","37","42","124","71","191","114","182","110","299","149","337","246","54","57","15","26","1092","219","22","37","0","12","134","98","52","51","82","75","10","19","94","101","111","85","148","60","223","126","108","69","67","52","41","46",
"1400000US18097390801","Census Tract 3908.01, Marion County, Indiana","0","12","0","12","0","12","0","12","0","12","0","12","0","12","0","12","0","12","0","12","0","12","0","12","0","12","0","12","0","12","0","12","0","12","0","12","0","12","0","12","0","12","0","12","0","12","0","12","0","12","0","12","0","12","0","12","0","12","0","12","0","12","0","12","0","12","0","12","0","12","0","12","0","12","0","12","0","12","0","12","0","12","0","12","0","12","0","12","0","12","0","12","0","12","0","12","0","12","0","12","0","12","0","12","0","12","0","12","0","12","0","12","0","12","0","12","0","12",
"1400000US18097390802","Census Tract 3908.02, Marion County, Indiana","4240","570","460","303","287","191","50","58","7","12","14","29","33","42","0","12","45","56","57","57","16","25","14","18","40","54","0","12","0","12","11","20","173","143","21","33","0","12","43","59","0","12","0","12","0","12","22","28","24","31","7","15","42","54","0","12","14","24","0","12","3780","621","2133","382","155","112","0","12","291","119","65","53","0","12","103","71","235","127","382","173","392","179","208","102","167","76","123","44","12","15","1647","333","50","44","21","33","114","82","81","86","54","64","77","76","120","65","297","120","290","131","197","87","126","70","144","48","76","45",
"1400000US18097390900","Census Tract 3909, Marion County, Indiana","3288","499","571","310","308","234","11","18","0","12","42","46","20","29","0","12","0","12","27","41","162","204","9","14","2","2","7","10","28","26","0","12","263","152","8","13","23","33","0","12","0","12","0","12","0","12","111","105","9","16","9","14","34","38","14","23","46","58","9","14","2717","443","1235","229","92","46","39","31","55","55","44","39","0","12","0","12","69","46","291","148","223","72","121","56","153","56","139","73","9","14","1482","298","159","109","0","12","132","98","0","12","0","12","0","12","46","38","413","127","326","184","167","75","114","44","64","51","61","44",
"1400000US18097391001","Census Tract 3910.01, Marion County, Indiana","871","287","290","202","21","35","0","12","0","12","0","12","0","12","0","12","0","12","21","35","0","12","0","12","0","12","0","12","0","12","0","12","269","197","0","12","0","12","0","12","0","12","0","12","0","12","249","196","20","32","0","12","0","12","0","12","0","12","0","12","581","203","405","154","49","71","0","12","0","12","0","12","0","12","0","12","49","60","161","123","108","88","38","56","0","12","0","12","0","12","176","121","0","12","0","12","0","12","0","12","0","12","0","12","86","87","19","33","36","54","0","12","35","56","0","12","0","12",
"1400000US18097391002","Census Tract 3910.02, Marion County, Indiana","5349","802","1261","369","830","309","0","17","0","17","0","17","0","17","0","17","0","17","459","263","315","164","0","17","0","17","56","62","0","17","0","17","431","188","0","17","0","17","0","17","0","17","12","27","0","17","185","132","212","124","0","17","0","17","22","29","0","17","0","17","4088","777","2102","489","0","17","0","17","0","17","0","17","0","17","55","46","451","236","1107","431","111","86","49","46","264","158","44","42","21","34","1986","558","73","71","0","17","0","17","0","17","0","17","0","17","229","133","1222","583","75","70","159","111","197","126","9","14","22","35",
