"GEO_ID","NAME","B17001_001E","B17001_001M","B17001_002E","B17001_002M","B17001_003E","B17001_003M","B17001_004E","B17001_004M","B17001_005E","B17001_005M","B17001_006E","B17001_006M","B17001_007E","B17001_007M","B17001_008E","B17001_008M","B17001_009E","B17001_009M","B17001_010E","B17001_010M","B17001_011E","B17001_011M","B17001_012E","B17001_012M","B17001_013E","B17001_013M","B17001_014E","B17001_014M","B17001_015E","B17001_015M","B17001_016E","B17001_016M","B17001_017E","B17001_017M","B17001_018E","B17001_018M","B17001_019E","B17001_019M","B17001_020E","B17001_020M","B17001_021E","B17001_021M","B17001_022E","B17001_022M","B17001_023E","B17001_023M","B17001_024E","B17001_024M","B17001_025E","B17001_025M","B17001_026E","B17001_026M","B17001_027E","B17001_027M","B17001_028E","B17001_028M","B17001_029E","B17001_029M","B17001_030E","B17001_030M","B17001_031E","B17001_031M","B17001_032E","B17001_032M","B17001_033E","B17001_033M","B17001_034E","B17001_034M","B17001_035E","B17001_035M","B17001_036E","B17001_036M","B17001_037E","B17001_037M","B17001_038E","B17001_038M","B17001_039E","B17001_039M","B17001_040E","B17001_040M","B17001_041E","B17001_041M","B17001_042E","B17001_042M","B17001_043E","B17001_043M","B17001_044E","B17001_044M","B17001_045E","B17001_045M","B17001_046E","B17001_046M","B17001_047E","B17001_047M","B17001_048E","B17001_048M","B17001_049E","B17001_049M","B17001_050E","B17001_050M","B17001_051E","B17001_051M","B17001_052E","B17001_052M","B17001_053E","B17001_053M","B17001_054E","B17001_054M","B17001_055E","B17001_055M","B17001_056E","B17001_056M","B17001_057E","B17001_057M","B17001_058E","B17001_058M","B17001_059E","B17001_059M",
"Geography","Geographic Area Name","Estimate!!Total:","Margin of Error!!Total:","Estimate!!Total:!!Income in the past 12 months below poverty level:","Margin of Error!!Total:!!Income in the past 12 months below poverty level:","Estimate!!Total:!!Income in the past 12 months below poverty level:!!Male:","Margin of Error!!Total:!!Income in the past 12 months below poverty level:!!Male:","Estimate!!Total:!!Income in the past 12 months below poverty level:!!Male:!!Under 5 years","Margin of Error!!Total:!!Income in the past 12 months below poverty level:!!Male:!!Under 5 years","Estimate!!Total:!!Income in the past 12 months below poverty level:!!Male:!!5 years","Margin of Error!!Total:!!Income in the past 12 months below poverty level:!!Male:!!5 years","Estimate!!Total:!!Income in the past 12 months below poverty level:!!Male:!!6 to 11 years","Margin of Error!!Total:!!Income in the past 12 months below poverty level:!!Male:!!6 to 11 years","Estimate!!Total:!!Income in the past 12 months below poverty level:!!Male:!!12 to 14 years","Margin of Error!!Total:!!Income in the past 12 months below poverty level:!!Male:!!12 to 14 years","Estimate!!Total:!!Income in the past 12 months below poverty level:!!Male:!!15 years","Margin of Error!!Total:!!Income in the past 12 months below poverty level:!!Male:!!15 years","Estimate!!Total:!!Income in the past 12 months below poverty level:!!Male:!!16 and 17 years","Margin of Error!!Total:!!Income in the past 12 months below poverty level:!!Male:!!16 and 17 years","Estimate!!Total:!!Income in the past 12 months below poverty level:!!Male:!!18 to 24 years","Margin of Error!!Total:!!Income in the past 12 months below poverty level:!!Male:!!18 to 24 years","Estimate!!Total:!!Income in the past 12 months below poverty level:!!Male:!!25 to 34 years","Margin of Error!!Total:!!Income in the past 12 months below poverty level:!!Male:!!25 to 34 years","Estimate!!Total:!!Income in the past 12 months below poverty level:!!Male:!!35 to 44 years","Margin of Error!!Total:!!Income in the past 12 months below poverty level:!!Male:!!35 to 44 years","Estimate!!Total:!!Income in the past 12 months below poverty level:!!Male:!!45 to 54 years","Margin of Error!!Total:!!Income in the past 12 months below poverty level:!!Male:!!45 to 54 years","Estimate!!Total:!!Income in the past 12 months below poverty level:!!Male:!!55 to 64 years","Margin of Error!!Total:!!Income in the past 12 months below poverty level:!!Male:!!55 to 64 years","Estimate!!Total:!!Income in the past 12 months below poverty level:!!Male:!!65 to 74 years","Margin of Error!!Total:!!Income in the past 12 months below poverty level:!!Male:!!65 to 74 years","Estimate!!Total:!!Income in the past 12 months below poverty level:!!Male:!!75 years and over","Margin of Error!!Total:!!Income in the past 12 months below poverty level:!!Male:!!75 years and over","Estimate!!Total:!!Income in the past 12 months below poverty level:!!Female:","Margin of Error!!Total:!!Income in the past 12 months below poverty level:!!Female:","Estimate!!Total:!!Income in the past 12 months below poverty level:!!Female:!!Under 5 years","Margin of Error!!Total:!!Income in the past 12 months below poverty level:!!Female:!!Under 5 years","Estimate!!Total:!!Income in the past 12 months below poverty level:!!Female:!!5 years","Margin of Error!!Total:!!Income in the past 12 months below poverty level:!!Female:!!5 years","Estimate!!Total:!!Income in the past 12 months below poverty level:!!Female:!!6 to 11 years","Margin of Error!!Total:!!Income in the past 12 months below poverty level:!!Female:!!6 to 11 years","Estimate!!Total:!!Income in the past 12 months below poverty level:!!Female:!!12 to 14 years","Margin of Error!!Total:!!Income in the past 12 months below poverty level:!!Female:!!12 to 14 years","Estimate!!Total:!!Income in the past 12 months below poverty level:!!Female:!!15 years","Margin of Error!!Total:!!Income in the past 12 months below poverty level:!!Female:!!15 years","Estimate!!Total:!!Income in the past 12 months below poverty level:!!Female:!!16 and 17 years","Margin of Error!!Total:!!Income in the past 12 months below poverty level:!!Female:!!16 and 17 years","Estimate!!Total:!!Income in the past 12 months below poverty level:!!Female:!!18 to 24 years","Margin of Error!!Total:!!Income in the past 12 months below poverty level:!!Female:!!18 to 24 years","Estimate!!Total:!!Income in the past 12 months below poverty level:!!Female:!!25 to 34 years","Margin of Error!!Total:!!Income in the past 12 months below poverty level:!!Female:!!25 to 34 years","Estimate!!Total:!!Income in the past 12 months below poverty level:!!Female:!!35 to 44 years","Margin of Error!!Total:!!Income in the past 12 months below poverty level:!!Female:!!35 to 44 years","Estimate!!Total:!!Income in the past 12 months below poverty level:!!Female:!!45 to 54 years","Margin of Error!!Total:!!Income in the past 12 months below poverty level:!!Female:!!45 to 54 years","Estimate!!Total:!!Income in the past 12 months below poverty level:!!Female:!!55 to 64 years","Margin of Error!!Total:!!Income in the past 12 months below poverty level:!!Female:!!55 to 64 years","Estimate!!Total:!!Income in the past 12 months below poverty level:!!Female:!!65 to 74 years","Margin of Error!!Total:!!Income in the past 12 months below poverty level:!!Female:!!65 to 74 years","Estimate!!Total:!!Income in the past 12 months below poverty level:!!Female:!!75 years and over","Margin of Error!!Total:!!Income in the past 12 months below poverty level:!!Female:!!75 years and over","Estimate!!Total:!!Income in the past 12 months at or above poverty level:","Margin of Error!!Total:!!Income in the past 12 months at or above poverty level:","Estimate!!Total:!!Income in the past 12 months at or above poverty level:!!Male:","Margin of Error!!Total:!!Income in the past 12 months at or above poverty level:!!Male:","Estimate!!Total:!!Income in the past 12 months at or above poverty level:!!Male:!!Under 5 years","Margin of Error!!Total:!!Income in the past 12 months at or above poverty level:!!Male:!!Under 5 years","Estimate!!Total:!!Income in the past 12 months at or above poverty level:!!Male:!!5 years","Margin of Error!!Total:!!Income in the past 12 months at or above poverty level:!!Male:!!5 years","Estimate!!Total:!!Income in the past 12 months at or above poverty level:!!Male:!!6 to 11 years","Margin of Error!!Total:!!Income in the past 12 months at or above poverty level:!!Male:!!6 to 11 years","Estimate!!Total:!!Income in the past 12 months at or above poverty level:!!Male:!!12 to 14 years","Margin of Error!!Total:!!Income in the past 12 months at or above poverty level:!!Male:!!12 to 14 years","Estimate!!Total:!!Income in the past 12 months at or above poverty level:!!Male:!!15 years","Margin of Error!!Total:!!Income in the past 12 months at or above poverty level:!!Male:!!15 years","Estimate!!Total:!!Income in the past 12 months at or above poverty level:!!Male:!!16 and 17 years","Margin of Error!!Total:!!Income in the past 12 months at or above poverty level:!!Male:!!16 and 17 years","Estimate!!Total:!!Income in the past 12 months at or above poverty level:!!Male:!!18 to 24 years","Margin of Error!!Total:!!Income in the past 12 months at or above poverty level:!!Male:!!18 to 24 years","Estimate!!Total:!!Income in the past 12 months at or above poverty level:!!Male:!!25 to 34 years","Margin of Error!!Total:!!Income in the past 12 months at or above poverty level:!!Male:!!25 to 34 years","Estimate!!Total:!!Income in the past 12 months at or above poverty level:!!Male:!!35 to 44 years","Margin of Error!!Total:!!Income in the past 12 months at or above poverty level:!!Male:!!35 to 44 years","Estimate!!Total:!!Income in the past 12 months at or above poverty level:!!Male:!!45 to 54 years","Margin of Error!!Total:!!Income in the past 12 months at or above poverty level:!!Male:!!45 to 54 years","Estimate!!Total:!!Income in the past 12 months at or above poverty level:!!Male:!!55 to 64 years","Margin of Error!!Total:!!Income in the past 12 months at or above poverty level:!!Male:!!55 to 64 years","Estimate!!Total:!!Income in the past 12 months at or above poverty level:!!Male:!!65 to 74 years","Margin of Error!!Total:!!Income in the past 12 months at or above poverty level:!!Male:!!65 to 74 years","Estimate!!Total:!!Income in the past 12 months at or above poverty level:!!Male:!!75 years and over","Margin of Error!!Total:!!Income in the past 12 months at or above poverty level:!!Male:!!75 years and over","Estimate!!Total:!!Income in the past 12 months at or above poverty level:!!Female:","Margin of Error!!Total:!!Income in the past 12 months at or above poverty level:!!Female:","Estimate!!Total:!!Income in the past 12 months at or above poverty level:!!Female:!!Under 5 years","Margin of Error!!Total:!!Income in the past 12 months at or above poverty level:!!Female:!!Under 5 years","Estimate!!Total:!!Income in the past 12 months at or above poverty level:!!Female:!!5 years","Margin of Error!!Total:!!Income in the past 12 months at or above poverty level:!!Female:!!5 years","Estimate!!Total:!!Income in the past 12 months at or above poverty level:!!Female:!!6 to 11 years","Margin of Error!!Total:!!Income in the past 12 months at or above poverty level:!!Female:!!6 to 11 years","Estimate!!Total:!!Income in the past 12 months at or above poverty level:!!Female:!!12 to 14 years","Margin of Error!!Total:!!Income in the past 12 months at or above poverty level:!!Female:!!12 to 14 years","Estimate!!Total:!!Income in the past 12 months at or above poverty level:!!Female:!!15 years","Margin of Error!!Total:!!Income in the past 12 months at or above poverty level:!!Female:!!15 years","Estimate!!Total:!!Income in the past 12 months at or above poverty level:!!Female:!!16 and 17 years","Margin of Error!!Total:!!Income in the past 12 months at or above poverty level:!!Female:!!16 and 17 years","Estimate!!Total:!!Income in the past 12 months at or above poverty level:!!Female:!!18 to 24 years","Margin of Error!!Total:!!Income in the past 12 months at or above poverty level:!!Female:!!18 to 24 years","Estimate!!Total:!!Income in the past 12 months at or above poverty level:!!Female:!!25 to 34 years","Margin of Error!!Total:!!Income in the past 12 months at or above poverty level:!!Female:!!25 to 34 years","Estimate!!Total:!!Income in the past 12 months at or above poverty level:!!Female:!!35 to 44 years","Margin of Error!!Total:!!Income in the past 12 months at or above poverty level:!!Female:!!35 to 44 years","Estimate!!Total:!!Income in the past 12 months at or above poverty level:!!Female:!!45 to 54 years","Margin of Error!!Total:!!Income in the past 12 months at or above poverty level:!!Female:!!45 to 54 years","Estimate!!Total:!!Income in the past 12 months at or above poverty level:!!Female:!!55 to 64 years","Margin of Error!!Total:!!Income in the past 12 months at or above poverty level:!!Female:!!55 to 64 years","Estimate!!Total:!!Income in the past 12 months at or above poverty level:!!Female:!!65 to 74 years","Margin of Error!!Total:!!Income in the past 12 months at or above poverty level:!!Female:!!65 to 74 years","Estimate!!Total:!!Income in the past 12 months at or above poverty level:!!Female:!!75 years and over","Margin of Error!!Total:!!Income in the past 12 months at or above poverty level:!!Female:!!75 years and over",
"1400000US18097310104","Census Tract 3101.04; Marion County; Indiana","3510","396","55","57","11","22","0","13","0","13","0","13","0","13","0","13","0","13","0","13","1","3","1","5","0","13","0","13","9","21","0","13","44","45","0","13","0","13","0","13","0","13","0","13","0","13","0","13","0","13","1","3","0","13","3","5","24","31","16","26","3455","399","1237","213","0","13","0","13","0","13","27","42","24","38","0","13","96","62","490","178","137","96","175","92","110","59","146","72","32","32","2218","386","199","68","0","13","160","40","0","13","0","13","22","38","139","163","496","216","190","118","258","210","192","71","327","122","235","200",
"1400000US18097310105","Census Tract 3101.05; Marion County; Indiana","4316","694","820","383","232","170","64","64","0","13","100","106","0","13","0","13","0","13","0","13","0","13","27","34","0","13","17","24","24","24","0","13","588","318","60","74","0","13","0","13","41","56","0","13","32","44","108","108","148","139","87","71","0","13","16","24","47","38","49","51","3496","668","1698","488","97","71","22","26","66","73","121","115","32","37","93","65","107","72","428","367","174","77","259","112","213","78","70","39","16","19","1798","319","22","34","11","17","175","141","138","82","0","13","38","52","137","99","237","106","236","126","387","116","163","74","189","85","65","48",
"1400000US18097310106","Census Tract 3101.06; Marion County; Indiana","3826","527","682","380","375","230","0","13","0","13","71","98","0","13","0","13","0","13","0","13","99","87","121","161","1","2","82","97","1","2","0","13","307","235","0","13","0","13","81","114","0","13","0","13","0","13","50","99","63","57","56","78","0","13","57","60","0","13","0","13","3144","535","1256","417","28","46","0","13","0","13","38","69","170","231","0","13","185","121","326","215","51","59","39","53","121","80","183","135","115","69","1888","384","117","144","0","13","105","93","0","13","0","13","0","13","86","60","512","228","319","191","93","91","37","42","156","87","463","162",
"1400000US18097310108","Census Tract 3101.08; Marion County; Indiana","3927","636","200","187","49","60","0","13","0","13","35","57","0","13","0","13","0","13","0","13","0","13","0","13","0","13","0","13","0","13","14","20","151","129","0","13","0","13","0","13","41","66","0","13","4","7","13","19","34","56","0","13","0","13","23","24","24","24","12","16","3727","638","1837","307","128","83","49","43","201","149","12","17","11","18","42","41","129","64","179","76","139","76","165","69","235","64","446","238","101","43","1890","391","136","93","46","58","35","31","44","58","18","25","37","54","128","73","177","113","173","129","191","89","308","70","448","248","149","56",
"1400000US18097310110","Census Tract 3101.10; Marion County; Indiana","2330","338","243","138","85","68","0","13","0","13","0","13","0","13","0","13","0","13","0","13","40","62","0","13","0","13","0","13","45","58","0","13","158","93","0","13","0","13","0","13","0","13","0","13","0","13","38","60","53","59","0","13","0","13","19","28","48","53","0","13","2087","303","848","257","0","13","0","13","41","67","42","66","0","13","0","13","95","82","211","105","72","57","123","83","193","116","71","57","0","13","1239","215","20","27","20","32","0","13","0","13","79","86","0","13","59","46","156","88","30","37","78","74","444","112","268","125","85","80",
"1400000US18097310111","Census Tract 3101.11; Marion County; Indiana","3431","433","774","494","251","167","0","13","0","13","21","27","46","52","0","13","32","50","24","38","8","16","120","87","0","13","0","13","0","13","0","13","523","374","118","108","105","97","0","13","0","13","0","13","74","72","30","41","0","13","110","85","24","43","12","21","37","45","13","21","2657","466","1433","321","14","29","0","13","71","78","11","25","18","27","0","13","391","181","484","273","109","91","84","63","88","51","126","74","37","35","1224","291","6","14","11","26","0","13","86","80","0","13","36","48","98","88","234","148","212","110","219","107","99","64","192","61","31","32",
"1400000US18097310112","Census Tract 3101.12; Marion County; Indiana","6200","906","363","264","177","135","0","18","0","18","0","18","31","34","16","24","0","18","45","50","34","42","16","24","15","21","0","18","0","18","20","31","186","206","0","18","0","18","0","18","0","18","0","18","0","18","0","18","0","18","139","200","28","30","0","18","0","18","19","30","5837","782","3048","627","135","76","28","35","232","88","237","243","180","227","133","134","103","71","153","88","386","197","298","121","638","239","319","179","206","131","2789","407","57","44","13","21","177","81","71","58","32","32","143","95","162","95","172","89","282","75","591","308","572","228","322","142","195","146",
"1400000US18097310113","Census Tract 3101.13; Marion County; Indiana","1029","136","45","48","8","11","0","13","0","13","0","13","0","13","0","13","0","13","0","13","0","13","0","13","0","13","1","2","7","11","0","13","37","44","14","25","0","13","7","12","0","13","0","13","0","13","1","3","5","7","2","4","0","13","7","11","1","2","0","13","984","144","522","94","3","6","4","7","45","23","47","28","7","12","5","9","14","12","35","28","53","36","87","34","114","51","90","46","18","19","462","77","26","25","0","13","29","27","9","11","0","13","0","13","5","8","35","27","46","32","67","38","151","56","66","32","28","21",
"1400000US18097310201","Census Tract 3102.01; Marion County; Indiana","4817","672","495","380","233","185","61","94","0","13","43","69","0","13","0","13","0","13","53","76","0","13","0","13","62","56","0","13","0","13","14","16","262","214","0","13","31","50","54","84","0","13","0","13","26","48","55","56","13","21","38","51","22","26","16","26","0","13","7","11","4322","596","2268","295","343","109","14","24","155","79","48","45","10","16","78","62","181","108","330","143","240","120","193","93","334","135","261","134","81","59","2054","433","85","86","96","99","200","136","66","46","0","13","103","117","204","143","249","145","271","129","290","146","309","133","146","81","35","31",
"1400000US18097310203","Census Tract 3102.03; Marion County; Indiana","5355","862","634","380","17","28","0","18","0","18","0","18","0","18","0","18","0","18","0","18","10","26","0","18","0","18","0","18","0","18","7","11","617","381","65","85","0","18","104","137","0","18","0","18","0","18","0","18","44","57","154","144","5","25","42","66","66","67","137","127","4721","991","2183","480","51","68","0","18","212","173","29","49","105","105","89","98","323","158","279","223","328","219","47","55","311","108","123","71","286","204","2538","669","160","153","19","33","219","154","173","146","0","18","84","122","179","150","81","72","409","261","381","174","247","127","158","81","428","228",
"1400000US18097310204","Census Tract 3102.04; Marion County; Indiana","4883","906","281","187","145","103","0","13","0","13","70","92","0","13","0","13","0","13","1","5","4","7","27","30","0","13","0","13","43","49","0","13","136","105","0","13","0","13","0","13","23","36","0","13","0","13","0","13","0","13","64","81","26","29","13","19","10","18","0","13","4602","975","2122","565","19","32","58","87","252","182","50","60","18","29","48","47","360","265","205","109","341","171","380","100","209","98","113","69","69","56","2480","495","101","87","0","13","38","46","55","58","57","71","131","98","243","153","403","217","430","155","573","257","241","84","141","63","67","71",
"1400000US18097310305","Census Tract 3103.05; Marion County; Indiana","6526","1000","1053","503","318","235","66","107","0","18","0","18","0","18","0","18","0","18","84","123","0","18","0","18","168","156","0","18","0","18","0","18","735","345","129","184","0","18","0","18","57","93","0","18","0","18","136","119","83","131","204","199","0","18","0","18","126","95","0","18","5473","975","2632","509","95","94","0","18","226","170","26","39","59","94","204","187","235","147","429","271","564","276","461","246","240","129","74","62","19","32","2841","770","185","182","0","18","387","388","95","138","110","131","0","18","566","381","234","164","531","243","168","109","302","201","191","103","72","69",
"1400000US18097310306","Census Tract 3103.06; Marion County; Indiana","8467","1353","2442","952","799","384","0","18","0","18","130","145","218","184","0","18","0","18","0","18","65","83","118","132","57","88","178","182","0","18","33","53","1643","741","485","306","29","63","214","186","137","192","32","51","17","25","0","18","336","229","140","136","208","166","1","4","13","20","31","51","6025","1406","2560","644","147","171","100","121","274","213","118","125","6","12","142","159","311","213","260","165","627","298","218","165","207","176","91","69","59","90","3465","906","794","478","79","94","218","163","47","76","0","18","74","89","254","194","520","270","428","243","652","491","299","185","47","59","53","55",
"1400000US18097310308","Census Tract 3103.08; Marion County; Indiana","3335","382","929","448","374","205","0","13","0","13","154","170","29","50","0","13","0","13","37","18","0","13","0","13","0","13","0","13","78","40","76","49","555","341","0","13","0","13","0","13","180","140","0","13","0","13","1","2","92","143","158","121","67","82","44","22","0","13","13","24","2406","492","1063","212","18","30","30","51","24","37","0","13","13","23","24","29","169","118","152","119","112","54","236","128","176","91","60","54","49","36","1343","357","58","54","0","13","122","142","19","33","28","34","52","66","165","182","191","106","155","85","241","133","149","89","71","46","92","47",
"1400000US18097310309","Census Tract 3103.09; Marion County; Indiana","3082","461","727","259","300","193","20","27","22","28","0","13","0","13","55","81","0","13","15","26","20","26","0","13","79","91","0","13","89","103","0","13","427","187","0","13","0","13","37","56","0","13","28","43","0","13","133","122","31","34","49","59","30","44","41","49","27","24","51","72","2355","496","1281","339","41","50","0","13","102","93","88","66","37","57","64","73","152","97","308","179","212","113","115","76","137","130","25","28","0","13","1074","294","71","74","0","13","22","33","51","64","0","13","0","13","137","127","269","148","185","115","172","80","46","51","79","51","42","43",
"1400000US18097310310","Census Tract 3103.10; Marion County; Indiana","5109","822","455","405","70","90","57","88","0","18","0","18","0","18","0","18","0","18","0","18","0","18","0","18","1","2","0","18","11","18","1","3","385","350","0","18","0","18","49","76","0","18","21","34","0","18","0","18","240","288","43","68","0","18","32","50","0","18","0","18","4654","782","2402","546","101","78","13","19","128","75","177","117","0","18","206","171","337","215","487","228","275","113","263","103","108","68","294","166","13","20","2252","476","71","57","27","44","181","124","44","55","33","38","130","115","111","79","306","139","288","97","258","109","299","140","344","213","160","155",
"1400000US18097310311","Census Tract 3103.11; Marion County; Indiana","6165","1189","828","926","260","276","0","18","0","18","100","145","88","127","0","18","0","18","12","21","19","19","3","11","10","20","28","40","0","18","0","18","568","661","183","273","60","87","101","148","0","18","0","18","0","18","0","18","80","113","6","12","0","18","91","71","47","67","0","18","5337","799","2462","522","254","89","0","18","70","57","103","95","0","18","25","40","395","228","430","282","258","102","438","169","137","64","195","85","157","87","2875","347","126","102","101","88","160","96","177","122","142","108","81","60","187","126","341","210","418","87","471","139","283","118","230","81","158","133",
"1400000US18097310312","Census Tract 3103.12; Marion County; Indiana","6003","714","684","535","164","134","0","18","0","18","0","18","0","18","0","18","0","18","0","18","0","18","103","114","27","43","34","53","0","18","0","18","520","450","147","167","72","109","0","18","0","18","0","18","0","18","115","136","60","92","0","18","0","18","40","67","86","75","0","18","5319","970","2996","646","0","18","0","18","312","209","97","151","118","152","250","156","607","335","374","265","332","181","302","200","292","152","295","152","17","26","2323","651","104","132","0","18","198","223","16","28","63","101","0","18","129","128","453","403","481","245","269","195","211","100","236","136","163","121",
"1400000US18097320105","Census Tract 3201.05; Marion County; Indiana","4429","670","440","344","148","151","19","30","0","13","42","61","0","13","0","13","0","13","37","74","50","54","0","13","0","13","0","13","0","13","0","13","292","262","60","88","21","33","43","44","0","13","0","13","30","48","48","79","56","61","34","55","0","13","0","13","0","13","0","13","3989","719","1857","443","102","117","0","13","243","204","98","109","0","13","41","67","114","116","389","159","175","110","141","86","244","121","117","83","193","88","2132","404","54","67","0","13","20","40","74","72","16","30","113","99","331","213","381","180","239","108","192","109","185","74","257","117","270","91",
"1400000US18097320106","Census Tract 3201.06; Marion County; Indiana","3506","1615","103","47","26","31","0","13","0","13","0","13","0","13","0","13","0","13","0","13","0","13","0","13","0","13","0","13","26","31","0","13","77","38","0","13","0","13","0","13","0","13","0","13","0","13","0","13","0","13","0","13","0","13","6","13","63","34","8","13","3403","1610","1722","832","43","52","164","165","274","337","24","32","0","13","19","31","45","48","537","466","175","126","140","68","102","60","79","47","120","117","1681","821","141","103","54","50","376","419","84","77","0","13","57","59","81","51","420","330","140","95","97","68","77","54","50","38","104","60",
"1400000US18097320107","Census Tract 3201.07; Marion County; Indiana","2015","494","49","29","19","16","0","13","0","13","0","13","0","13","0","13","0","13","8","12","3","5","1","5","0","13","0","13","7","8","0","13","30","28","0","13","0","13","0","13","0","13","0","13","0","13","3","6","3","5","0","13","18","25","0","13","0","13","6","9","1966","497","1030","271","57","28","38","22","126","132","19","14","0","13","0","13","56","42","175","86","115","34","169","107","121","76","79","29","75","35","936","249","63","41","6","10","97","126","0","13","10","16","28","20","43","27","113","46","183","119","59","28","161","65","90","30","83","36",
"1400000US18097320108","Census Tract 3201.08; Marion County; Indiana","4603","996","589","392","264","188","43","67","0","13","0","13","65","109","0","13","0","13","0","13","38","70","31","51","4","26","72","85","11","19","0","13","325","240","0","13","0","13","0","13","65","111","0","13","0","13","12","26","40","66","109","119","40","66","0","13","0","13","59","52","4014","914","1880","644","119","149","0","13","233","252","0","13","32","52","36","56","62","76","521","290","345","181","193","154","142","86","96","120","101","86","2134","485","192","165","0","13","84","102","17","28","0","13","10","30","267","308","579","304","363","193","213","130","128","130","163","173","118","91",
"1400000US18097320109","Census Tract 3201.09; Marion County; Indiana","2694","425","139","77","34","30","0","13","0","13","0","13","0","13","0","13","0","13","0","13","17","21","1","5","0","13","0","13","0","13","16","22","105","67","0","13","0","13","0","13","0","13","0","13","0","13","0","13","0","13","3","7","0","13","0","13","14","15","88","67","2555","427","1179","161","36","26","27","25","84","62","97","56","9","13","40","31","69","58","74","44","181","74","88","50","139","68","127","47","208","99","1376","372","54","45","0","13","56","47","89","50","0","13","65","53","36","37","149","66","129","67","168","69","292","313","138","60","200","66",
"1400000US18097320202","Census Tract 3202.02; Marion County; Indiana","5069","643","248","159","92","76","0","18","0","18","0","18","0","18","0","18","0","18","21","32","32","52","0","18","0","18","0","18","29","43","10","18","156","94","0","18","0","18","0","18","0","18","0","18","0","18","34","40","22","36","25","33","3","6","40","46","32","42","0","18","4821","630","2435","373","86","60","21","23","84","64","39","30","47","44","28","29","279","167","553","264","205","93","198","83","408","149","396","149","91","55","2386","413","137","107","0","18","76","56","43","51","15","24","77","81","72","76","487","294","212","85","255","179","589","178","255","112","168","86",
"1400000US18097320203","Census Tract 3202.03; Marion County; Indiana","2915","337","243","122","144","97","0","13","0","13","9","15","0","13","0","13","9","16","34","31","24","38","29","36","0","13","29","32","0","13","10","18","99","48","0","13","0","13","0","13","0","13","0","13","0","13","10","15","23","21","9","15","0","13","15","23","10","17","32","30","2672","355","1292","228","44","40","0","13","58","49","12","28","17","25","9","15","44","38","414","165","126","70","191","117","212","87","103","52","62","41","1380","243","104","59","13","19","32","34","16","18","0","13","4","8","155","72","317","124","125","64","290","159","84","54","107","47","133","74",
"1400000US18097320205","Census Tract 3202.05; Marion County; Indiana","1827","251","84","78","28","45","0","13","0","13","0","13","0","13","0","13","0","13","28","45","0","13","0","13","0","13","0","13","0","13","0","13","56","62","0","13","0","13","0","13","0","13","0","13","0","13","56","62","0","13","0","13","0","13","0","13","0","13","0","13","1743","234","846","162","14","22","0","13","31","44","0","13","0","13","0","13","103","80","327","114","127","93","145","66","17","26","31","29","51","58","897","201","57","53","0","13","16","25","0","13","0","13","0","13","165","104","261","119","79","63","22","25","140","91","138","56","19","22",
"1400000US18097320206","Census Tract 3202.06; Marion County; Indiana","2507","512","570","347","285","217","65","81","29","45","0","13","29","46","0","13","0","13","0","13","102","147","17","28","31","50","12","19","0","13","0","13","285","172","29","46","0","13","13","21","0","13","32","50","32","50","80","116","12","19","34","40","23","37","8","13","10","16","12","20","1937","485","948","270","17","25","0","13","51","59","38","41","21","30","47","58","131","113","178","145","82","45","73","57","151","104","64","45","95","49","989","349","56","42","37","43","34","45","0","13","74","75","22","31","62","46","246","300","83","52","138","68","71","47","84","45","82","43",
"1400000US18097320301","Census Tract 3203.01; Marion County; Indiana","3662","563","312","284","181","208","118","176","0","13","0","13","0","13","0","13","0","13","1","3","14","23","0","13","3","4","7","12","27","33","11","18","131","105","0","13","0","13","0","13","25","40","0","13","0","13","0","13","0","13","0","13","1","3","1","4","61","72","43","34","3350","509","1598","299","117","118","15","22","37","28","65","45","0","13","9","15","84","59","288","112","132","88","180","72","197","79","330","102","144","62","1752","316","76","55","16","27","109","87","54","40","0","13","26","30","60","52","200","79","157","92","200","86","202","71","420","155","232","93",
"1400000US18097320303","Census Tract 3203.03; Marion County; Indiana","3541","667","565","372","292","215","81","115","0","13","34","98","0","13","0","13","0","13","47","71","82","64","48","56","0","13","0","13","0","13","0","13","273","186","0","13","0","13","0","13","0","13","0","13","0","13","122","124","84","72","31","87","36","51","0","13","0","13","0","13","2976","751","1445","313","5","25","150","113","0","13","149","112","0","13","0","13","301","156","326","135","204","148","169","167","116","110","25","26","0","13","1531","593","206","215","0","13","209","200","0","13","0","13","0","13","175","117","500","179","318","243","38","45","37","34","48","38","0","13",
"1400000US18097320305","Census Tract 3203.05; Marion County; Indiana","2863","332","55","46","21","24","0","13","0","13","0","13","0","13","0","13","0","13","0","13","0","13","0","13","0","13","0","13","10","16","11","19","34","44","0","13","0","13","0","13","0","13","0","13","0","13","0","13","0","13","0","13","0","13","34","44","0","13","0","13","2808","339","1443","202","88","45","11","17","139","94","100","61","50","47","57","47","36","39","89","52","218","72","149","62","224","61","123","84","159","100","1365","203","78","61","0","13","101","81","66","47","11","17","35","41","94","75","126","63","194","76","182","66","181","58","166","103","131","93",
"1400000US18097320306","Census Tract 3203.06; Marion County; Indiana","3952","420","119","75","46","48","0","13","0","13","0","13","0","13","0","13","0","13","0","13","1","4","0","13","0","13","43","48","2","4","0","13","73","57","0","13","0","13","0","13","0","13","0","13","0","13","7","10","49","54","0","13","0","13","0","13","17","27","0","13","3833","434","1739","310","59","44","0","13","151","95","11","22","20","29","23","29","110","95","451","225","174","96","278","139","149","91","184","74","129","80","2094","411","47","46","43","49","94","83","31","48","35","44","18","26","294","206","468","194","254","179","256","136","217","90","146","82","191","155",
"1400000US18097320400","Census Tract 3204; Marion County; Indiana","3417","519","264","217","89","74","0","13","0","13","0","13","18","20","0","13","0","13","0","13","29","41","14","17","12","18","13","20","3","7","0","13","175","188","20","31","0","13","8","15","0","13","0","13","0","13","24","36","106","155","17","18","0","13","0","13","0","13","0","13","3153","520","1790","311","221","97","59","39","131","101","21","24","11","18","0","13","220","154","370","130","313","118","185","60","103","64","99","59","57","46","1363","279","144","95","51","73","184","105","0","13","0","13","33","67","79","69","140","62","228","95","121","49","132","80","178","93","73","51",
"1400000US18097320500","Census Tract 3205; Marion County; Indiana","3216","504","439","259","276","199","118","117","0","13","0","13","36","47","0","13","11","18","11","18","30","47","0","13","0","13","0","13","70","62","0","13","163","87","0","13","0","13","0","13","0","13","0","13","0","13","40","35","22","35","32","42","0","13","14","22","44","37","11","18","2777","569","1415","377","93","118","18","28","51","56","226","215","29","37","41","37","33","32","169","70","143","59","273","122","140","49","112","50","87","66","1362","235","39","42","14","22","209","90","0","13","12","18","12","18","124","60","168","119","172","139","109","55","327","110","127","46","49","31",
"1400000US18097320600","Census Tract 3206; Marion County; Indiana","2513","553","318","161","138","95","21","35","0","13","31","34","0","13","0","13","0","13","1","2","47","35","0","13","0","13","15","22","11","19","12","18","180","99","0","13","17","29","15","25","0","13","0","13","0","13","10","16","44","33","0","13","23","29","14","16","35","41","22","23","2195","561","1237","361","51","54","38","54","178","240","30","25","24","33","0","13","62","54","280","113","220","87","163","64","123","63","57","37","11","18","958","236","62","44","0","13","76","46","23","31","13","20","15","25","33","32","196","82","277","165","86","52","83","35","52","33","42","30",
"1400000US18097320700","Census Tract 3207; Marion County; Indiana","2330","275","198","76","84","48","0","13","0","13","0","13","0","13","0","13","0","13","10","15","18","21","0","13","36","32","10","16","10","14","0","13","114","57","0","13","0","13","0","13","0","13","0","13","0","13","40","37","0","13","13","20","12","17","22","24","17","28","10","14","2132","291","1224","192","149","66","14","20","21","21","24","40","0","13","0","13","116","81","310","103","290","114","73","62","81","43","121","52","25","25","908","159","45","60","71","73","27","42","0","13","0","13","0","13","46","33","216","94","239","88","56","58","103","52","75","41","30","35",
"1400000US18097320800","Census Tract 3208; Marion County; Indiana","3071","246","53","36","32","23","0","13","0","13","0","13","0","13","0","13","3","6","8","10","0","13","0","13","4","5","2","9","0","13","15","16","21","17","0","13","0","13","0","13","0","13","0","13","0","13","0","13","0","13","0","13","4","5","0","13","0","13","17","16","3018","247","1431","133","70","40","5","5","119","38","63","23","27","17","58","29","42","20","64","28","147","30","254","48","173","49","216","50","193","85","1587","148","46","22","15","14","136","40","80","27","13","10","66","24","45","27","91","31","145","30","246","42","221","52","262","51","221","89",
"1400000US18097320901","Census Tract 3209.01; Marion County; Indiana","5718","724","446","323","161","132","72","80","0","18","0","18","0","18","0","18","0","18","24","35","0","18","22","33","4","5","18","25","21","35","0","18","285","291","0","18","93","145","0","18","0","18","0","18","0","18","0","18","0","18","96","129","0","18","32","36","48","54","16","25","5272","672","2717","461","156","122","0","18","270","151","90","88","0","18","48","65","117","98","496","291","432","109","178","119","448","235","302","106","180","90","2555","354","19","31","25","39","268","141","76","75","31","49","45","54","65","59","157","89","409","119","211","123","646","262","367","88","236","104",
"1400000US18097320902","Census Tract 3209.02; Marion County; Indiana","4226","701","604","258","299","214","49","76","33","55","69","69","36","57","0","13","0","13","0","13","36","55","12","25","48","58","6","15","10","16","0","13","305","137","6","12","8","15","16","23","0","13","0","13","0","13","6","13","52","50","111","76","0","13","22","25","74","70","10","16","3622","692","1758","430","183","205","58","57","126","91","202","119","111","122","77","75","128","120","426","162","190","124","103","62","48","40","79","56","27","32","1864","375","50","60","149","141","161","142","123","107","0","13","39","46","123","77","319","170","454","149","190","99","144","79","56","40","56","41",
"1400000US18097320903","Census Tract 3209.03; Marion County; Indiana","5788","1044","1460","963","836","596","126","147","0","18","360","418","124","135","57","87","0","18","22","37","13","25","12","21","69","106","53","49","0","18","0","18","624","431","31","53","24","38","41","47","0","18","0","18","19","37","55","86","203","278","112","100","78","98","61","62","0","18","0","18","4328","724","1884","423","139","102","122","76","239","136","45","62","83","86","0","18","200","177","144","105","308","141","274","233","216","127","63","64","51","63","2444","551","369","110","23","37","126","105","226","101","0","18","12","25","37","38","491","252","568","215","281","192","104","68","158","63","49","36",
"1400000US18097321001","Census Tract 3210.01; Marion County; Indiana","2549","591","115","133","4","9","0","13","0","13","0","13","0","13","0","13","0","13","0","13","1","6","0","13","3","8","0","13","0","13","0","13","111","133","0","13","0","13","26","44","0","13","0","13","0","13","27","45","0","13","0","13","58","57","0","13","0","13","0","13","2434","589","1061","257","43","22","4","26","18","23","128","101","0","13","21","36","93","75","38","53","219","140","59","42","179","126","106","61","153","120","1373","395","30","54","0","13","102","141","56","32","41","48","1","4","18","23","257","141","248","122","105","83","212","160","259","133","44","49",
"1400000US18097321002","Census Tract 3210.02; Marion County; Indiana","5091","1193","325","203","113","100","0","18","0","18","0","18","0","18","0","18","0","18","32","48","66","57","3","5","0","18","0","18","12","16","0","18","212","149","0","18","0","18","48","71","0","18","0","18","0","18","3","5","108","94","38","49","2","4","2","6","11","16","0","18","4766","1206","2466","784","24","23","0","18","141","63","154","98","29","30","68","61","510","519","253","119","243","110","217","73","385","228","352","116","90","38","2300","481","217","199","1","2","172","93","72","57","0","18","6","11","71","60","182","91","350","90","345","277","324","81","321","103","239","110",
"1400000US18097321100","Census Tract 3211; Marion County; Indiana","3943","567","231","96","105","42","0","13","0","13","13","17","3","4","0","13","0","13","17","22","5","6","9","9","29","32","6","6","21","28","2","5","126","82","0","13","0","13","10","11","5","8","0","13","0","13","11","17","0","13","5","7","3","4","65","91","2","4","25","36","3712","575","1837","244","142","120","35","45","139","71","55","34","2","4","11","13","88","50","241","100","267","68","230","72","285","161","228","63","114","50","1875","395","29","27","0","13","136","77","42","34","2","4","26","23","139","75","373","221","159","58","179","67","433","143","190","71","167","55",
"1400000US18097321200","Census Tract 3212; Marion County; Indiana","5138","900","274","142","110","74","0","18","5","10","0","18","6","10","0","18","0","18","0","18","12","19","14","24","0","18","0","18","73","70","0","18","164","92","0","18","0","18","10","20","0","18","0","18","0","18","7","12","38","59","10","21","0","18","41","38","47","51","11","16","4864","895","2150","291","142","79","0","18","163","82","162","145","31","48","66","60","76","74","454","163","426","203","281","99","153","87","129","60","67","59","2714","702","528","486","72","58","191","129","63","55","48","51","20","32","130","110","484","118","346","199","378","120","152","76","183","74","119","80",
"1400000US18097321300","Census Tract 3213; Marion County; Indiana","2566","359","172","98","57","55","0","13","0","13","0","13","0","13","0","13","0","13","35","36","0","13","0","13","0","13","0","13","22","24","0","13","115","67","0","13","0","13","0","13","0","13","0","13","0","13","58","52","27","30","0","13","11","17","19","25","0","13","0","13","2394","367","1356","259","175","134","0","13","39","42","0","13","0","13","0","13","95","72","450","140","286","109","73","56","210","91","22","23","6","9","1038","181","66","64","0","13","37","35","16","26","0","13","46","54","18","22","360","127","168","69","121","68","52","50","117","58","37","30",
"1400000US18097321400","Census Tract 3214; Marion County; Indiana","5383","660","193","132","132","98","0","18","0","18","0","18","0","18","0","18","0","18","0","18","33","54","30","40","69","93","0","18","0","18","0","18","61","87","0","18","0","18","0","18","0","18","0","18","0","18","51","84","0","18","10","20","0","18","0","18","0","18","0","18","5190","653","2157","372","65","68","54","57","35","44","47","46","30","52","77","66","184","140","750","311","206","95","231","88","198","142","223","97","57","51","3033","516","137","103","0","18","331","292","99","55","47","38","127","74","208","99","741","231","266","92","420","103","360","212","227","81","70","61",
"1400000US18097321600","Census Tract 3216; Marion County; Indiana","5091","980","326","269","296","251","0","18","0","18","0","18","0","18","0","18","0","18","0","18","0","18","1","3","2","7","48","57","208","240","37","44","30","33","0","18","0","18","0","18","0","18","0","18","0","18","2","4","2","3","0","18","0","18","0","18","0","18","26","33","4765","874","2028","426","144","154","62","90","194","185","141","174","0","18","0","18","202","167","266","128","262","114","150","127","221","128","225","128","161","113","2737","565","322","156","40","63","33","56","0","18","56","84","0","18","255","244","440","212","357","133","209","198","277","121","494","231","254","141",
"1400000US18097321700","Census Tract 3217; Marion County; Indiana","3662","516","256","210","110","115","0","13","0","13","0","13","0","13","0","13","0","13","2","5","0","13","72","111","0","13","19","30","17","27","0","13","146","142","0","13","0","13","0","13","0","13","0","13","0","13","129","141","4","7","0","13","0","13","0","13","0","13","13","20","3406","448","1580","318","73","62","0","13","81","56","35","56","57","69","0","13","202","228","427","120","215","116","112","84","182","104","154","105","42","47","1826","288","65","90","27","45","54","49","0","13","0","13","0","13","33","38","624","160","262","127","201","101","196","103","251","123","113","98",
"1400000US18097321800","Census Tract 3218; Marion County; Indiana","3458","540","60","45","31","30","0","13","0","13","0","13","0","13","0","13","0","13","0","13","0","13","0","13","14","23","0","13","6","10","11","16","29","27","0","13","0","13","0","13","0","13","0","13","0","13","0","13","0","13","0","13","14","22","5","8","10","15","0","13","3398","545","1480","307","90","70","45","34","157","145","33","25","22","31","11","18","61","53","169","61","338","126","218","70","112","58","152","53","72","38","1918","287","95","54","30","27","290","150","121","79","0","13","71","63","33","31","213","73","360","133","233","67","205","48","198","53","69","38",
"1400000US18097321900","Census Tract 3219; Marion County; Indiana","3328","621","580","297","273","223","0","18","0","18","0","18","0","18","0","18","0","18","257","222","0","18","14","20","1","3","0","18","1","3","0","18","307","311","0","18","0","18","0","18","0","18","0","18","0","18","275","306","31","35","1","4","0","18","0","18","0","18","0","18","2748","570","1250","232","13","19","0","18","160","110","52","39","21","24","35","35","1","3","149","71","251","113","150","55","191","76","113","47","114","44","1498","371","248","153","84","124","79","50","28","28","12","18","36","36","62","54","236","95","199","114","185","57","154","49","112","56","63","38",
"1400000US18097322000","Census Tract 3220; Marion County; Indiana","3442","525","437","175","236","113","14","23","32","34","0","13","0","13","0","13","0","13","64","77","20","22","17","18","25","27","46","58","7","11","11","17","201","94","0","13","0","13","16","24","0","13","0","13","0","13","71","45","31","29","24","30","17","22","42","42","0","13","0","13","3005","527","1334","261","49","31","32","40","115","71","61","63","46","45","17","27","38","32","216","105","196","101","124","79","244","161","174","105","22","24","1671","341","55","46","10","17","105","74","60","46","0","13","16","26","230","103","193","89","399","270","168","60","217","113","177","56","41","40",
"1400000US18097322100","Census Tract 3221; Marion County; Indiana","2994","533","479","490","241","315","137","183","0","13","60","102","0","13","0","13","0","13","13","19","0","13","31","52","0","13","0","13","0","13","0","13","238","200","0","13","0","13","46","71","0","13","0","13","15","24","0","13","130","148","0","13","0","13","47","45","0","13","0","13","2515","331","1042","173","118","74","71","57","91","75","0","13","53","79","17","23","14","23","80","53","279","70","121","50","93","54","85","38","20","24","1473","213","164","68","56","86","236","115","41","36","2","5","0","13","68","68","231","92","272","86","194","84","111","57","47","34","51","38",
"1400000US18097322200","Census Tract 3222; Marion County; Indiana","2258","270","169","140","77","97","34","51","28","43","0","13","0","13","0","13","0","13","7","14","0","13","0","13","0","13","0","13","8","12","0","13","92","63","6","13","0","13","20","30","0","13","0","13","0","13","20","19","14","19","32","33","0","13","0","13","0","13","0","13","2089","293","1097","182","135","64","23","20","37","36","38","32","0","13","42","30","32","27","199","57","202","47","128","49","138","60","67","36","56","27","992","148","133","56","9","14","14","14","52","38","28","30","10","16","47","21","202","55","154","51","118","40","112","59","44","18","69","29",
"1400000US18097322300","Census Tract 3223; Marion County; Indiana","2397","446","149","107","94","82","0","13","0","13","0","13","0","13","0","13","0","13","0","13","23","35","12","19","44","66","0","13","5","11","10","15","55","49","14","22","0","13","0","13","0","13","0","13","0","13","11","16","6","10","12","21","8","12","4","11","0","13","0","13","2248","420","1296","402","94","56","0","13","98","43","10","17","7","13","0","13","169","205","349","102","171","56","213","183","105","34","47","28","33","26","952","178","75","46","0","13","69","48","8","13","9","15","64","69","14","17","234","54","221","58","147","77","37","25","44","27","30","26",
"1400000US18097322400","Census Tract 3224; Marion County; Indiana","2742","351","228","148","137","87","0","13","0","13","0","13","0","13","0","13","0","13","43","49","23","27","0","13","15","22","44","46","12","20","0","13","91","74","0","13","0","13","0","13","0","13","0","13","0","13","35","35","0","13","21","29","20","26","15","22","0","13","0","13","2514","334","1226","224","19","20","4","7","31","31","45","35","26","29","26","39","87","70","471","129","249","139","134","80","29","28","105","38","0","13","1288","256","107","81","0","13","8","14","14","25","0","13","0","13","286","217","392","110","185","95","71","40","115","49","95","45","15","25",
"1400000US18097322500","Census Tract 3225; Marion County; Indiana","1570","293","201","102","83","60","0","13","0","13","11","18","0","13","0","13","0","13","0","13","36","40","4","7","3","8","10","17","19","28","0","13","118","63","0","13","0","13","0","13","0","13","0","13","0","13","5","10","26","29","12","18","31","43","36","27","8","14","0","13","1369","269","642","141","31","43","0","13","90","77","0","13","0","13","0","13","116","96","171","84","72","35","73","39","29","34","60","27","0","13","727","188","44","53","0","13","53","50","82","77","0","13","19","22","32","27","193","87","175","67","53","50","33","27","33","35","10","15",
"1400000US18097322601","Census Tract 3226.01; Marion County; Indiana","1533","387","378","210","145","146","0","13","0","13","0","13","0","13","0","13","0","13","79","130","0","13","0","13","0","13","17","27","49","75","0","13","233","118","0","13","0","13","0","13","0","13","0","13","23","37","16","26","55","85","27","41","22","35","70","75","20","31","0","13","1155","399","380","137","0","13","0","13","21","39","35","55","0","13","41","46","95","84","8","30","0","13","53","60","45","50","76","78","6","20","775","353","0","13","0","13","60","66","25","40","0","13","33","53","48","55","161","152","27","43","149","98","178","84","45","45","49","46",
"1400000US18097322602","Census Tract 3226.02; Marion County; Indiana","1741","484","47","27","17","18","0","13","0","13","0","13","0","13","0","13","0","13","0","13","0","13","0","13","0","13","7","11","10","14","0","13","30","23","0","13","0","13","0","13","0","13","0","13","0","13","0","13","0","13","0","13","10","15","0","13","5","8","15","16","1694","486","898","280","0","13","0","13","81","69","0","13","0","13","0","13","159","80","29","28","117","71","90","79","235","183","47","34","140","148","796","282","28","36","0","13","40","52","93","145","0","13","59","55","44","31","144","52","51","31","83","108","62","37","129","100","63","47",
"1400000US18097322700","Census Tract 3227; Marion County; Indiana","1944","339","354","234","90","52","0","13","0","13","0","13","0","13","0","13","0","13","1","6","9","17","16","26","0","13","36","40","0","13","28","26","264","235","0","13","0","13","0","13","0","13","0","13","0","13","0","13","8","13","16","23","6","9","116","195","94","118","24","26","1590","247","723","116","0","13","26","37","16","25","13","22","0","13","33","36","74","55","62","51","91","46","109","45","120","53","101","65","78","69","867","216","24","32","30","44","69","50","81","76","15","20","15","20","35","35","99","60","55","44","158","91","173","62","52","47","61","48",
"1400000US18097330103","Census Tract 3301.03; Marion County; Indiana","3803","575","251","131","102","93","0","13","0","13","0","13","0","13","0","13","0","13","0","13","22","35","12","20","0","13","68","82","0","13","0","13","149","90","0","13","0","13","0","13","0","13","0","13","0","13","18","28","31","51","71","74","0","13","17","31","12","19","0","13","3552","608","1819","383","306","228","0","13","29","43","0","13","0","13","0","13","125","98","336","143","232","103","264","137","74","71","256","113","197","189","1733","332","76","114","0","13","84","86","0","13","0","13","19","31","91","66","397","137","226","104","140","105","280","105","316","240","104","51",
"1400000US18097330105","Census Tract 3301.05; Marion County; Indiana","4486","680","577","332","220","132","0","13","0","13","58","95","0","13","0","13","0","13","1","4","23","37","13","19","65","77","0","13","60","71","0","13","357","282","0","13","0","13","0","13","0","13","0","13","30","48","148","249","0","13","94","94","1","4","0","13","48","57","36","61","3909","686","1866","337","52","56","24","37","231","102","21","31","0","13","22","34","239","185","350","146","217","103","212","134","213","100","146","79","139","87","2043","543","76","71","0","13","110","59","125","100","25","43","0","13","138","136","437","173","538","336","41","39","244","116","196","88","113","79",
"1400000US18097330106","Census Tract 3301.06; Marion County; Indiana","4541","1232","1007","609","399","338","191","206","0","13","0","13","0","13","0","13","0","13","0","13","66","97","78","120","64","73","0","13","0","13","0","13","608","302","160","175","0","13","0","13","29","47","0","13","0","13","82","64","166","135","0","13","79","93","78","78","14","22","0","13","3534","1206","1979","884","198","299","0","13","272","280","125","209","0","13","0","13","154","134","686","402","150","105","115","117","158","99","93","92","28","30","1555","465","129","115","0","13","110","180","86","104","39","62","0","13","52","59","446","280","162","134","95","96","202","136","83","55","151","74",
"1400000US18097330107","Census Tract 3301.07; Marion County; Indiana","4649","405","95","74","37","42","0","13","0","13","0","13","17","27","0","13","0","13","0","13","0","13","0","13","0","13","0","13","20","31","0","13","58","47","0","13","0","13","0","13","0","13","0","13","0","13","10","16","21","32","16","26","0","13","0","13","11","18","0","13","4554","424","2191","232","142","77","0","13","228","74","37","38","11","19","68","55","88","74","241","106","325","77","194","91","316","86","339","112","202","106","2363","292","92","65","18","31","130","49","89","54","0","13","10","18","81","71","238","86","364","75","265","236","463","96","370","129","243","110",
"1400000US18097330108","Census Tract 3301.08; Marion County; Indiana","3803","909","53","52","19","24","0","13","0","13","0","13","0","13","0","13","0","13","0","13","0","13","0","13","0","13","6","10","0","13","13","23","34","32","0","13","0","13","0","13","0","13","0","13","0","13","0","13","0","13","0","13","0","13","9","14","12","21","13","20","3750","910","1950","425","123","55","11","17","230","231","57","44","0","13","54","36","68","41","379","211","217","166","196","63","208","50","262","76","145","55","1800","511","185","240","30","29","75","59","26","25","0","13","13","19","52","34","299","203","245","176","182","81","209","54","360","110","124","55",
"1400000US18097330109","Census Tract 3301.09; Marion County; Indiana","4866","936","73","85","44","56","0","13","0","13","0","13","0","13","0","13","0","13","4","7","34","55","0","13","3","7","3","6","0","13","0","13","29","30","0","13","0","13","0","13","0","13","0","13","0","13","0","13","0","13","22","31","4","9","3","7","0","13","0","13","4793","937","2214","410","46","52","22","32","92","59","119","91","15","23","114","154","118","88","327","105","450","259","153","104","322","96","332","162","104","77","2579","614","351","295","38","44","167","87","22","33","17","29","80","68","67","68","581","327","203","85","266","99","288","107","408","96","91","69",
"1400000US18097330203","Census Tract 3302.03; Marion County; Indiana","4748","580","201","307","152","230","0","13","0","13","101","153","51","77","0","13","0","13","0","13","0","13","0","13","0","13","0","13","0","13","0","13","49","77","0","13","0","13","0","13","0","13","0","13","0","13","0","13","0","13","0","13","49","77","0","13","0","13","0","13","4547","584","2413","413","215","81","28","35","117","70","178","160","19","31","100","87","72","63","77","64","295","82","424","190","279","109","465","110","144","70","2134","276","125","86","12","20","76","72","57","51","67","36","28","44","10","16","128","65","280","98","312","140","536","146","350","118","153","86",
"1400000US18097330204","Census Tract 3302.04; Marion County; Indiana","6249","861","41","56","16","26","0","18","0","18","0","18","0","18","0","18","0","18","0","18","0","18","0","18","0","18","0","18","16","26","0","18","25","31","0","18","0","18","0","18","0","18","0","18","0","18","5","9","0","18","0","18","0","18","19","30","0","18","1","3","6208","871","3066","461","123","101","34","47","436","174","170","132","48","51","184","116","90","71","264","135","452","129","355","134","400","121","441","242","69","59","3142","493","153","104","0","18","244","139","78","85","63","54","138","125","343","177","177","84","452","130","523","133","566","355","322","101","83","60",
"1400000US18097330206","Census Tract 3302.06; Marion County; Indiana","5033","845","74","65","54","54","0","18","0","18","0","18","0","18","0","18","0","18","0","18","0","18","0","18","0","18","37","53","17","23","0","18","20","25","0","18","0","18","0","18","0","18","0","18","0","18","6","11","0","18","0","18","14","20","0","18","0","18","0","18","4959","852","2240","361","266","176","34","31","87","53","69","46","32","31","34","34","244","107","225","99","312","61","375","204","342","94","163","95","57","35","2719","622","555","488","6","9","156","93","93","62","24","23","97","66","69","40","198","82","475","181","429","101","332","135","211","87","74","39",
"1400000US18097330208","Census Tract 3302.08; Marion County; Indiana","2851","365","68","48","35","31","0","13","0","13","0","13","0","13","0","13","0","13","0","13","0","13","0","13","14","22","9","14","12","17","0","13","33","27","0","13","0","13","0","13","0","13","0","13","0","13","0","13","0","13","0","13","0","13","21","20","12","16","0","13","2783","373","1400","254","169","79","0","13","110","76","32","47","0","13","0","13","43","35","329","168","153","57","148","72","200","68","163","49","53","34","1383","187","110","93","73","69","88","49","40","37","0","13","24","26","30","28","286","135","145","47","107","53","240","65","154","45","86","42",
"1400000US18097330210","Census Tract 3302.10; Marion County; Indiana","6985","1122","303","203","209","179","0","18","0","18","0","18","0","18","0","18","0","18","0","18","0","18","71","102","45","81","93","121","0","18","0","18","94","96","0","18","0","18","0","18","0","18","0","18","0","18","0","18","7","40","0","18","0","18","69","81","0","18","18","29","6682","1136","2546","681","201","176","0","18","294","236","45","69","0","18","268","324","291","121","301","155","288","110","498","283","192","153","104","88","64","74","4136","701","177","117","174","202","262","194","467","244","121","111","197","115","420","249","684","322","813","315","433","151","129","106","236","152","23","38",
"1400000US18097330211","Census Tract 3302.11; Marion County; Indiana","5460","615","1625","578","750","298","287","231","0","18","214","195","75","108","50","73","0","18","30","51","0","18","11","28","36","53","47","59","0","18","0","18","875","324","68","112","49","87","159","192","0","18","0","18","0","18","89","89","331","173","64","75","0","18","9","15","74","56","32","54","3835","783","1812","478","244","249","86","99","78","85","44","74","23","44","20","34","278","175","488","253","192","107","223","121","109","102","0","18","27","40","2023","504","230","159","0","18","124","131","58","67","39","56","89","120","176","170","227","140","258","143","226","119","458","247","118","112","20","36",
"1400000US18097330212","Census Tract 3302.12; Marion County; Indiana","5464","879","356","273","135","107","6","21","0","18","7","20","51","58","0","18","0","18","0","18","5","17","45","50","0","18","21","32","0","18","0","18","221","174","0","18","0","18","60","67","0","18","0","18","56","65","3","10","2","5","42","47","25","33","33","37","0","18","0","18","5108","877","2542","545","282","177","27","41","241","146","206","212","9","17","90","86","73","65","541","369","547","176","170","116","166","83","120","87","70","77","2566","478","174","107","38","58","125","83","233","186","25","38","49","51","415","280","209","130","471","106","305","124","265","130","121","84","136","73",
"1400000US18097330213","Census Tract 3302.13; Marion County; Indiana","3581","819","249","293","225","290","0","13","0","13","0","13","10","18","0","13","0","13","205","291","7","12","1","2","1","2","1","2","0","13","0","13","24","33","0","13","0","13","0","13","10","19","0","13","0","13","0","13","0","13","7","12","0","13","0","13","7","12","0","13","3332","577","1789","374","100","78","61","47","136","96","146","111","0","13","43","42","39","35","439","322","167","61","138","61","221","61","157","85","142","53","1543","248","40","72","0","13","67","44","56","40","25","31","0","13","219","217","237","77","143","59","171","82","296","63","122","56","167","62",
"1400000US18097330401","Census Tract 3304.01; Marion County; Indiana","5210","643","51","62","0","18","0","18","0","18","0","18","0","18","0","18","0","18","0","18","0","18","0","18","0","18","0","18","0","18","0","18","51","62","0","18","0","18","0","18","0","18","0","18","0","18","35","43","0","18","0","18","16","26","0","18","0","18","0","18","5159","630","2631","336","217","202","106","125","207","149","0","18","103","107","38","49","45","52","237","143","458","188","287","122","448","159","253","112","232","148","2528","441","266","147","0","18","68","71","45","59","21","38","21","37","78","100","568","234","235","103","299","138","396","156","309","129","222","129",
"1400000US18097330500","Census Tract 3305; Marion County; Indiana","5916","1101","304","177","100","101","0","18","0","18","0","18","0","18","0","18","0","18","0","18","66","109","6","12","0","18","0","18","0","18","28","49","204","164","0","18","0","18","0","18","41","60","0","18","31","45","0","18","13","28","35","51","0","18","42","64","25","43","17","28","5612","1067","2506","561","29","38","57","87","95","76","114","121","15","27","73","117","208","132","433","214","406","300","478","242","188","156","215","112","195","87","3106","791","151","118","0","18","246","249","179","202","90","123","13","26","163","217","385","197","300","159","572","295","357","179","401","125","249","118",
"1400000US18097330600","Census Tract 3306; Marion County; Indiana","5545","920","658","532","491","504","0","18","0","18","0","18","0","18","0","18","0","18","96","105","1","3","2","3","0","18","392","495","0","18","0","18","167","157","0","18","0","18","0","18","23","36","0","18","24","39","0","18","77","113","0","18","0","18","42","49","0","18","1","3","4887","890","2627","588","352","222","164","169","296","155","22","39","88","101","134","128","322","206","345","181","450","200","73","71","134","153","128","90","119","80","2260","621","29","57","35","59","97","118","38","61","94","130","57","63","284","176","646","399","545","213","64","61","165","98","94","97","112","83",
"1400000US18097330701","Census Tract 3307.01; Marion County; Indiana","2668","832","222","148","107","85","0","13","0","13","0","13","11","18","0","13","0","13","0","13","45","54","10","16","22","35","0","13","19","33","0","13","115","85","0","13","13","20","13","20","0","13","0","13","0","13","0","13","20","32","16","26","0","13","9","14","9","14","35","47","2446","844","1113","426","9","15","0","13","229","221","0","13","0","13","0","13","98","76","364","349","34","40","112","95","78","49","151","93","38","63","1333","490","10","17","0","13","66","101","159","140","41","63","38","39","38","58","109","78","359","344","200","125","120","85","127","98","66","64",
"1400000US18097330702","Census Tract 3307.02; Marion County; Indiana","4175","807","1035","530","390","295","66","72","0","13","96","92","55","79","0","13","0","13","20","35","0","13","47","69","36","47","47","53","23","27","0","13","645","280","114","128","43","44","113","63","0","13","0","13","0","13","52","54","117","99","48","50","26","27","110","108","22","22","0","13","3140","723","1570","609","305","386","17","28","44","48","35","41","0","13","91","152","162","109","209","107","271","143","180","103","110","81","95","100","51","40","1570","408","195","171","56","65","138","139","121","136","0","13","123","119","66","61","76","60","184","123","171","124","69","48","148","76","223","146",
"1400000US18097330803","Census Tract 3308.03; Marion County; Indiana","4218","990","1681","533","652","250","137","141","0","13","60","71","35","54","0","13","0","13","193","167","76","94","79","123","0","13","30","48","21","33","21","32","1029","420","54","76","37","60","189","158","64","76","15","23","0","13","89","110","381","281","98","82","72","86","0","13","30","32","0","13","2537","848","1025","367","30","48","0","13","132","155","116","144","0","13","34","61","166","123","267","199","49","57","81","81","103","110","0","13","47","42","1512","544","86","114","16","27","94","151","90","139","0","13","68","66","185","169","283","262","242","162","218","144","86","103","122","82","22","34",
"1400000US18097330804","Census Tract 3308.04; Marion County; Indiana","3501","733","525","375","231","212","0","13","0","13","50","84","0","13","0","13","55","86","27","43","0","13","49","79","0","13","0","13","50","76","0","13","294","190","0","13","0","13","0","13","0","13","54","86","0","13","0","13","23","39","52","78","100","101","36","47","8","11","21","24","2976","810","1449","720","0","13","0","13","31","35","64","61","0","13","36","61","193","152","428","326","216","150","298","243","43","54","124","170","16","19","1527","505","172","162","0","13","162","167","111","128","42","64","0","13","91","109","373","177","228","150","196","109","121","85","22","25","9","16",
"1400000US18097330805","Census Tract 3308.05; Marion County; Indiana","2338","413","380","220","198","147","80","88","0","13","0","13","0","13","0","13","10","17","38","41","0","13","0","13","45","58","25","28","0","13","0","13","182","129","27","43","0","13","0","13","0","13","0","13","0","13","10","18","0","13","71","86","33","40","0","13","41","50","0","13","1958","410","840","221","86","73","0","13","0","13","0","13","30","32","13","21","94","77","118","105","104","83","29","32","228","125","75","52","63","63","1118","315","157","141","0","13","64","62","31","34","15","23","15","22","183","140","142","112","29","31","87","88","204","102","134","79","57","39",
"1400000US18097330806","Census Tract 3308.06; Marion County; Indiana","5080","1257","1752","1140","814","621","224","280","0","18","430","536","31","51","0","18","11","25","55","74","0","18","40","61","23","38","0","18","0","18","0","18","938","540","36","58","0","18","199","303","43","68","67","69","13","32","161","228","18","44","231","157","11","27","115","167","20","30","24","36","3328","665","1589","387","136","117","0","18","358","208","61","54","0","18","56","50","94","97","146","132","344","154","117","103","156","113","97","105","24","38","1739","419","65","76","133","128","0","18","127","120","102","154","11","21","307","167","373","216","189","132","155","86","136","85","121","55","20","22",
"1400000US18097330900","Census Tract 3309; Marion County; Indiana","6348","1028","1112","479","342","139","0","18","0","18","0","18","0","18","0","18","0","18","0","18","108","91","46","71","148","105","40","50","0","18","0","18","770","408","0","18","0","18","0","18","0","18","0","18","57","91","0","18","258","340","89","102","170","170","61","70","70","60","65","75","5236","1032","2216","555","406","212","53","72","581","221","133","106","0","18","35","58","181","136","308","232","41","47","247","264","81","112","84","67","66","54","3020","673","204","231","191","178","290","234","13","42","50","82","56","85","419","294","267","205","424","208","585","343","244","139","138","96","139","78",
"1400000US18097331000","Census Tract 3310; Marion County; Indiana","4939","1109","1783","906","702","373","104","96","0","13","170","185","110","169","56","59","89","64","43","46","80","75","18","30","32","28","0","13","0","13","0","13","1081","568","105","101","0","13","91","138","179","199","17","28","0","13","2","4","264","199","73","61","178","154","23","38","99","82","50","45","3156","734","1299","352","224","180","0","13","110","93","24","32","0","13","89","121","187","115","96","64","78","98","131","74","157","86","116","69","87","53","1857","468","103","110","74","112","238","237","120","110","0","13","91","87","91","74","243","154","232","124","215","112","131","81","132","88","187","75",
"1400000US18097340101","Census Tract 3401.01; Marion County; Indiana","4944","826","832","609","409","267","62","81","0","13","102","135","27","29","0","13","5","11","18","27","14","22","13","21","0","13","12","18","0","13","156","185","423","406","119","149","0","13","14","23","0","13","0","13","88","116","1","6","26","27","122","132","11","21","25","31","0","13","17","19","4112","694","2023","406","168","108","0","13","168","100","134","86","11","18","48","39","144","87","292","148","249","112","172","79","274","112","177","89","186","144","2089","413","75","46","0","13","144","142","71","76","34","55","33","52","199","95","218","85","191","73","194","73","348","146","463","210","119","52",
"1400000US18097340102","Census Tract 3401.02; Marion County; Indiana","4134","550","905","430","455","270","112","183","0","13","55","51","32","41","94","126","0","13","1","3","0","13","32","41","56","84","61","67","4","7","8","14","450","249","19","39","0","13","0","13","35","46","15","28","9","20","114","108","65","60","50","68","9","14","6","17","66","78","62","64","3229","607","1566","376","97","96","0","13","122","124","114","130","49","80","0","13","200","129","213","170","240","118","96","103","215","113","143","97","77","47","1663","337","84","99","0","13","85","91","44","54","0","13","21","34","146","136","256","131","133","85","177","154","250","131","310","148","157","89",
"1400000US18097340108","Census Tract 3401.08; Marion County; Indiana","3506","609","1056","812","500","366","63","75","0","13","62","95","88","132","0","13","61","91","0","13","0","13","60","73","70","86","96","99","0","13","0","13","556","472","0","13","0","13","186","200","64","96","0","13","0","13","65","99","0","13","91","74","149","118","0","13","0","13","1","2","2450","553","1143","358","125","149","0","13","48","65","99","92","7","23","13","20","61","68","303","284","161","106","195","113","95","109","36","44","0","13","1307","369","17","42","121","104","156","112","35","39","0","13","5","20","316","288","163","167","261","132","113","98","68","47","43","35","9","15",
"1400000US18097340111","Census Tract 3401.11; Marion County; Indiana","3324","335","42","57","42","57","0","13","0","13","0","13","0","13","0","13","0","13","0","13","42","57","0","13","0","13","0","13","0","13","0","13","0","13","0","13","0","13","0","13","0","13","0","13","0","13","0","13","0","13","0","13","0","13","0","13","0","13","0","13","3282","325","1799","282","84","90","24","34","186","92","90","109","76","62","92","62","346","195","253","108","207","112","190","102","137","50","99","37","15","28","1483","231","27","32","0","13","57","63","68","62","0","13","142","68","77","64","305","124","241","93","180","81","173","66","166","72","47","36",
"1400000US18097340112","Census Tract 3401.12; Marion County; Indiana","4717","690","963","524","318","195","0","13","40","63","181","201","23","42","0","13","0","13","0","13","30","50","0","13","0","13","0","13","35","49","9","12","645","340","269","212","0","13","0","13","24","42","0","13","0","13","0","13","253","177","0","13","0","13","61","90","27","44","11","18","3754","732","1832","472","80","66","0","13","172","183","29","43","34","44","43","53","106","87","550","302","355","225","69","62","66","53","193","127","135","83","1922","399","151","111","0","13","83","85","40","60","0","13","29","45","119","85","473","275","256","121","160","147","148","90","284","110","179","99",
"1400000US18097340113","Census Tract 3401.13; Marion County; Indiana","3988","587","627","323","212","149","9","15","0","13","25","25","49","67","0","13","0","13","52","74","0","13","35","53","0","13","19","22","12","19","11","19","415","215","27","28","13","20","125","124","13","20","0","13","0","13","35","28","64","40","56","67","44","51","18","25","7","12","13","21","3361","597","1744","448","27","31","141","205","114","83","161","122","9","14","31","41","129","71","243","118","285","206","150","119","157","63","166","65","131","61","1617","339","141","99","0","13","145","147","27","34","13","22","64","48","78","67","67","42","328","137","124","59","124","61","104","50","402","228",
"1400000US18097340114","Census Tract 3401.14; Marion County; Indiana","4105","417","339","143","160","102","3","6","0","13","0","13","6","10","0","13","6","9","14","22","37","37","0","13","36","38","58","55","0","13","0","13","179","86","0","13","21","33","0","13","0","13","0","13","0","13","6","11","36","32","12","15","17","19","47","50","13","13","27","20","3766","409","1864","222","195","124","28","22","92","74","182","145","0","13","13","18","84","50","321","102","303","74","197","72","196","64","140","42","113","76","1902","253","152","119","14","21","135","74","75","77","24","28","7","11","44","28","312","115","301","54","228","74","247","70","251","154","112","36",
"1400000US18097340115","Census Tract 3401.15; Marion County; Indiana","5571","1078","623","355","333","228","0","18","0","18","0","18","0","18","11","18","0","18","10","17","127","110","157","182","0","18","0","18","21","35","7","13","290","279","0","18","0","18","50","90","0","18","39","67","28","46","0","18","56","96","0","18","0","18","0","18","117","130","0","18","4948","1110","2104","654","124","131","0","18","106","80","208","245","24","33","39","59","386","360","491","200","181","111","283","222","83","61","163","77","16","25","2844","627","162","226","0","18","165","189","9","15","0","18","93","122","370","196","433","213","232","186","564","309","454","170","292","203","70","63",
"1400000US18097340201","Census Tract 3402.01; Marion County; Indiana","3531","632","917","525","462","351","146","147","0","13","121","124","0","13","0","13","0","13","0","13","41","67","84","75","27","41","43","52","0","13","0","13","455","199","50","60","0","13","35","54","0","13","36","43","28","43","164","119","91","85","0","13","0","13","45","41","6","11","0","13","2614","516","1195","291","134","127","0","13","67","63","0","13","14","22","0","13","67","64","166","99","317","150","174","64","13","19","203","183","40","35","1419","346","107","133","0","13","287","188","35","45","0","13","31","38","162","110","199","92","169","89","124","101","155","83","101","50","49","35",
"1400000US18097340202","Census Tract 3402.02; Marion County; Indiana","4954","595","620","460","373","251","35","62","0","13","61","70","41","56","40","56","0","13","0","13","19","34","168","141","9","16","0","13","0","13","0","13","247","246","0","13","42","57","52","58","42","57","0","13","0","13","0","13","68","78","43","55","0","13","0","13","0","13","0","13","4334","650","2085","520","374","356","147","120","65","68","60","73","0","13","36","44","140","89","346","153","203","136","265","161","237","92","71","55","141","64","2249","308","142","123","46","43","135","89","136","92","110","86","14","26","189","130","411","178","353","143","208","106","198","88","157","94","150","58",
"1400000US18097340301","Census Tract 3403.01; Marion County; Indiana","3477","1010","1221","876","358","417","0","13","19","51","38","103","19","52","17","47","0","13","12","24","0","13","238","329","15","28","0","13","0","13","0","13","863","845","263","333","0","13","264","250","0","13","0","13","0","13","0","13","191","301","122","149","0","13","14","28","9","17","0","13","2256","628","858","274","59","52","64","87","81","90","63","95","0","13","73","80","128","100","94","83","167","117","98","77","31","47","0","13","0","13","1398","391","140","135","93","102","111","120","94","102","62","69","0","13","115","103","370","153","92","78","208","92","48","51","49","54","16","33",
"1400000US18097340302","Census Tract 3403.02; Marion County; Indiana","5259","907","307","338","191","208","0","18","0","18","43","123","0","18","26","41","27","42","0","18","70","85","25","39","0","18","0","18","0","18","0","18","116","147","0","18","8","71","0","18","0","18","0","18","0","18","0","18","29","57","0","18","45","55","0","18","17","26","17","28","4952","937","2245","538","128","133","0","18","12","26","283","132","60","118","49","87","335","199","189","160","229","154","359","187","525","412","34","33","42","49","2707","632","0","18","166","222","313","364","148","187","20","38","151","131","280","188","337","291","526","186","252","165","322","252","51","50","141","77",
"1400000US18097340400","Census Tract 3404; Marion County; Indiana","4325","734","876","377","267","147","11","25","0","13","63","66","20","34","0","13","0","13","0","13","8","16","56","64","11","20","68","74","12","15","18","26","609","303","0","13","50","73","0","13","24","51","12","21","25","40","109","136","228","135","59","59","47","59","11","18","10","17","34","33","3449","731","2134","640","121","103","34","60","138","110","64","64","94","76","21","32","430","294","389","205","385","204","276","181","109","100","43","41","30","41","1315","348","271","122","32","49","108","90","14","27","0","13","0","13","77","88","223","176","98","77","262","98","63","55","54","53","113","105",
"1400000US18097340500","Census Tract 3405; Marion County; Indiana","4295","640","707","394","113","111","0","18","0","18","0","18","0","18","0","18","40","59","0","18","57","88","0","18","0","18","16","25","0","18","0","18","594","353","0","18","0","18","0","18","75","112","0","18","0","18","0","18","150","173","40","55","34","53","272","322","8","16","15","21","3588","588","1565","351","202","156","53","64","120","118","10","24","10","27","26","41","99","79","154","109","470","244","216","76","14","21","156","66","35","53","2023","435","103","107","95","100","43","60","57","58","37","49","90","94","188","141","363","148","240","146","275","119","229","113","143","141","160","141",
"1400000US18097340600","Census Tract 3406; Marion County; Indiana","5236","936","557","214","387","163","0","18","0","18","0","18","0","18","0","18","0","18","36","58","41","40","0","18","48","61","124","119","131","105","7","11","170","100","0","18","0","18","0","18","0","18","0","18","0","18","21","35","0","18","0","18","0","18","10","17","60","54","79","71","4679","932","2219","527","78","113","55","101","360","140","269","234","0","18","87","119","52","61","527","251","429","219","94","89","206","189","32","44","30","38","2460","510","184","199","0","18","48","89","311","138","160","156","0","18","161","209","355","228","409","214","201","149","287","172","204","122","140","115",
"1400000US18097340700","Census Tract 3407; Marion County; Indiana","4258","851","1074","739","588","397","48","61","0","13","15","25","102","145","0","13","0","13","69","83","166","241","35","45","37","44","109","134","7","16","0","13","486","376","67","106","29","49","117","169","0","13","0","13","72","85","0","13","53","58","38","39","0","13","70","66","40","42","0","13","3184","633","1467","307","50","61","0","13","129","96","124","156","37","65","79","110","99","81","282","152","149","111","227","120","224","127","24","28","43","42","1717","424","99","96","0","13","130","122","81","98","0","13","180","148","97","89","241","154","144","84","297","146","198","98","193","158","57","62",
"1400000US18097340800","Census Tract 3408; Marion County; Indiana","1657","247","230","131","118","78","0","13","17","20","11","11","3","6","0","13","30","38","10","15","5","8","5","8","15","16","22","35","0","13","0","13","112","77","5","9","0","13","16","22","0","13","0","13","22","24","6","9","0","13","29","21","9","12","6","10","0","13","19","30","1427","252","757","153","19","22","6","9","37","36","8","9","0","13","6","10","94","75","153","54","88","41","55","29","149","41","89","30","53","25","670","138","0","13","14","18","21","24","28","33","0","13","17","14","85","50","78","39","55","26","104","65","121","46","107","39","40","26",
"1400000US18097340901","Census Tract 3409.01; Marion County; Indiana","3813","609","172","130","78","54","0","13","0","13","20","30","0","13","0","13","0","13","0","13","0","13","6","12","29","42","0","13","14","17","9","14","94","92","8","20","0","13","13","31","21","30","0","13","0","13","0","13","5","11","6","11","22","32","1","2","9","15","9","13","3641","604","1931","415","82","76","82","75","162","117","105","94","0","13","178","188","229","85","134","63","293","122","288","79","214","97","138","45","26","24","1710","246","47","53","66","52","174","121","44","39","68","66","76","65","89","65","151","72","362","116","223","69","250","90","143","41","17","19",
"1400000US18097340903","Census Tract 3409.03; Marion County; Indiana","1825","242","181","109","68","63","0","13","0","13","0","13","0","13","0","13","0","13","51","57","0","13","0","13","0","13","0","13","17","23","0","13","113","102","0","13","0","13","0","13","0","13","0","13","0","13","28","44","66","91","11","17","0","13","0","13","4","7","4","8","1644","256","827","189","72","47","29","51","32","24","18","31","0","13","0","13","157","90","250","147","172","91","29","23","51","35","17","13","0","13","817","224","0","13","13","14","31","38","0","13","0","13","0","13","97","73","162","105","78","51","133","100","166","111","14","15","123","134",
"1400000US18097340904","Census Tract 3409.04; Marion County; Indiana","4898","757","643","339","135","129","0","13","0","13","49","72","31","49","29","47","0","13","0","13","0","13","0","13","0","13","0","13","26","43","0","13","508","242","0","13","0","13","31","51","0","13","0","13","61","70","0","13","147","115","27","43","102","90","20","31","31","46","89","87","4255","794","2151","448","328","199","44","71","58","65","24","42","0","13","34","45","100","81","329","167","476","240","219","113","201","125","277","271","61","57","2104","474","268","196","33","54","282","269","57","65","0","13","0","13","123","115","363","182","238","148","150","108","346","162","163","78","81","73",
"1400000US18097341000","Census Tract 3410; Marion County; Indiana","1643","251","128","66","43","31","0","13","0","13","0","13","0","13","0","13","0","13","0","13","0","13","6","12","37","29","0","13","0","13","0","13","85","52","7","11","0","13","0","13","18","26","0","13","0","13","5","9","0","13","9","13","8","13","6","9","18","21","14","19","1515","261","802","171","60","50","15","16","46","39","16","17","0","13","2","4","20","25","124","52","165","80","153","47","89","46","80","38","32","23","713","143","43","30","11","12","63","39","14","14","0","13","0","13","16","17","103","58","135","45","71","40","119","34","86","29","52","23",
"1400000US18097341100","Census Tract 3411; Marion County; Indiana","2380","409","597","283","348","224","0","13","14","20","24","38","46","46","0","13","0","13","8","13","36","52","22","36","31","28","0","13","167","179","0","13","249","130","0","13","0","13","56","60","0","13","0","13","0","13","60","75","18","18","61","44","46","43","0","13","8","13","0","13","1783","385","997","251","94","101","0","13","56","63","47","54","83","48","29","43","132","78","95","85","132","90","128","82","145","74","39","21","17","18","786","216","79","80","0","13","56","54","64","60","0","13","65","56","39","44","94","60","129","70","94","69","71","36","47","29","48","31",
"1400000US18097341200","Census Tract 3412; Marion County; Indiana","2391","583","628","350","227","143","42","60","0","13","0","13","0","13","0","13","0","13","49","73","0","13","70","57","33","37","19","29","14","22","0","13","401","237","38","58","0","13","95","114","16","25","0","13","14","23","36","53","35","40","30","35","13","20","71","63","53","44","0","13","1763","530","1056","384","0","13","8","12","44","42","20","30","128","180","22","32","177","102","242","137","105","133","10","12","154","112","122","81","24","25","707","209","7","13","0","13","10","17","33","46","8","13","0","13","100","62","10","18","152","127","189","123","88","59","99","59","11","15",
"1400000US18097341600","Census Tract 3416; Marion County; Indiana","2114","423","755","395","314","198","58","94","0","13","33","47","0","13","0","13","12","18","66","84","21","30","0","13","41","38","32","30","31","29","20","31","441","224","53","87","0","13","47","50","15","23","0","13","0","13","69","82","33","35","10","16","108","65","19","19","87","74","0","13","1359","349","611","177","22","33","0","13","73","71","9","15","0","13","61","49","79","77","111","89","54","40","105","64","73","44","16","14","8","12","748","242","30","33","0","13","58","37","34","44","0","13","27","26","86","82","108","59","53","36","101","46","99","53","46","25","106","145",
"1400000US18097341701","Census Tract 3417.01; Marion County; Indiana","2804","426","961","213","367","155","51","79","0","13","11","30","52","69","10","27","0","13","0","13","65","63","45","60","36","64","71","71","23","29","3","6","594","210","59","82","0","13","142","36","70","80","57","77","0","13","43","70","95","127","50","50","30","41","25","30","17","30","6","9","1843","462","1107","278","108","119","60","75","97","100","52","79","0","13","83","94","74","49","112","70","188","113","148","70","140","127","35","30","10","18","736","213","22","45","0","13","39","52","6","11","0","13","0","13","126","93","164","118","166","125","55","57","81","45","42","32","35","24",
"1400000US18097341702","Census Tract 3417.02; Marion County; Indiana","2323","792","512","297","166","86","76","49","0","13","0","13","0","13","0","13","0","13","0","13","0","13","56","32","0","13","25","26","9","13","0","13","346","218","0","13","12","19","22","38","107","87","11","18","50","41","47","39","8","13","70","57","7","11","0","13","3","7","9","16","1811","797","832","398","0","13","0","13","67","78","53","72","42","37","25","29","36","36","123","139","266","180","104","68","29","27","78","58","9","16","979","580","15","22","0","13","222","208","149","192","21","26","28","33","37","23","170","187","91","55","97","46","24","26","77","53","48","38",
"1400000US18097341902","Census Tract 3419.02; Marion County; Indiana","4020","713","736","531","318","230","45","56","0","13","115","106","0","13","0","13","20","32","25","41","75","110","0","13","0","13","22","27","0","13","16","25","418","330","71","86","0","13","50","59","85","106","0","13","0","13","54","69","109","88","9","16","21","35","3","7","0","13","16","26","3284","656","1451","302","31","38","88","102","33","41","0","13","0","13","24","28","85","66","144","61","250","136","167","114","247","94","182","84","200","124","1833","461","162","112","0","13","260","177","31","34","33","43","103","100","42","39","148","64","362","160","146","85","214","87","175","75","157","71",
"1400000US18097341903","Census Tract 3419.03; Marion County; Indiana","6538","1247","1174","900","392","335","164","255","0","18","0","18","38","62","0","18","46","77","0","18","0","18","22","36","45","75","0","18","77","111","0","18","782","680","0","18","134","194","27","44","27","44","0","18","123","160","85","108","127","201","135","174","36","60","88","127","0","18","0","18","5364","1321","2944","921","280","313","115","130","266","272","321","309","0","18","0","18","0","18","897","404","633","420","165","153","172","121","92","87","3","15","2420","649","364","288","0","18","0","18","92","125","87","114","142","154","188","239","551","424","449","250","303","192","120","122","86","136","38","46",
"1400000US18097341904","Census Tract 3419.04; Marion County; Indiana","2273","393","240","141","100","71","0","13","0","13","19","22","0","13","0","13","18","21","10","13","0","13","17","19","14","19","22","23","0","13","0","13","140","90","0","13","0","13","19","22","12","18","0","13","0","13","63","54","0","13","35","27","0","13","0","13","11","13","0","13","2033","386","953","219","58","75","0","13","18","23","24","33","10","14","32","32","145","70","280","143","77","40","117","60","128","75","51","24","13","16","1080","234","164","114","0","13","42","33","24","30","39","35","35","34","60","36","237","114","174","85","173","76","79","42","53","24","0","13",
"1400000US18097342000","Census Tract 3420; Marion County; Indiana","5728","1176","954","605","630","374","5","11","0","18","186","216","0","18","0","18","0","18","178","207","13","25","175","150","2","4","0","18","65","88","6","13","324","255","0","18","0","18","0","18","0","18","0","18","48","79","0","18","0","18","153","180","44","69","69","90","0","18","10","17","4774","1200","2397","475","96","128","0","18","232","152","115","131","28","46","54","46","377","196","145","88","346","171","353","243","367","149","240","116","44","53","2377","869","19","39","57","71","611","496","182","164","42","71","34","58","35","43","200","152","299","149","338","161","334","175","133","98","93","61",
"1400000US18097342101","Census Tract 3421.01; Marion County; Indiana","5417","694","971","530","436","267","73","102","38","56","32","37","51","53","3","10","0","18","42","45","128","115","14","21","40","62","15","22","0","18","0","18","535","282","41","65","0","18","112","100","66","68","21","32","0","18","33","41","58","65","118","84","2","9","52","51","32","35","0","18","4446","812","2064","421","172","144","0","18","146","84","97","77","0","18","64","60","145","87","306","146","199","73","448","287","256","107","176","134","55","32","2382","459","184","157","0","18","68","60","143","126","87","85","182","121","101","87","364","165","297","102","476","217","221","107","216","63","43","29",
"1400000US18097342200","Census Tract 3422; Marion County; Indiana","4877","941","1094","774","517","307","0","13","183","253","0","13","0","13","0","13","0","13","0","13","113","103","130","175","59","69","0","13","32","50","0","13","577","509","202","277","0","13","51","73","0","13","0","13","0","13","16","26","212","237","1","4","54","74","19","28","22","37","0","13","3783","1123","1872","644","316","204","0","13","158","139","33","64","0","13","75","99","140","156","152","123","303","143","347","326","62","52","88","80","198","161","1911","588","0","13","0","13","256","216","274","234","0","13","0","13","229","140","242","171","211","134","182","174","143","118","242","243","132","114",
"1400000US18097342300","Census Tract 3423; Marion County; Indiana","6305","816","1444","929","861","497","45","76","90","103","128","150","0","18","0","18","196","225","0","18","110","109","152","101","16","26","0","18","10","17","114","157","583","463","0","18","84","100","59","100","74","87","0","18","0","18","83","95","80","89","136","137","38","52","0","18","10","17","19","32","4861","958","2642","681","175","164","0","18","325","252","33","55","261","271","0","18","178","121","254","169","307","212","252","136","515","191","284","129","58","60","2219","529","0","18","0","18","134","132","139","132","0","18","148","125","209","131","464","214","417","208","166","123","399","167","106","69","37","40",
"1400000US18097342400","Census Tract 3424; Marion County; Indiana","1578","389","348","242","189","115","0","13","0","13","25","40","0","13","33","47","0","13","2","4","39","32","35","43","11","16","37","34","7","11","0","13","159","135","0","13","0","13","9","15","0","13","0","13","33","47","25","37","25","33","41","46","0","13","10","15","16","24","0","13","1230","403","554","157","113","90","11","16","29","29","24","26","0","13","0","13","24","26","55","38","59","53","73","47","75","60","61","36","30","29","676","275","0","13","0","13","134","134","45","37","0","13","0","13","73","62","118","112","80","53","19","21","128","82","60","33","19","21",
"1400000US18097342500","Census Tract 3425; Marion County; Indiana","5588","857","2145","777","891","432","165","268","0","18","224","191","45","63","56","89","57","89","34","41","71","73","44","56","111","114","59","59","10","15","15","24","1254","497","49","57","0","18","0","18","220","174","3","11","202","216","221","178","202","156","187","167","114","124","27","30","28","25","1","3","3443","1097","1885","645","157","141","51","67","175","183","93","92","0","18","72","74","126","156","226","138","296","151","181","91","186","75","237","111","85","41","1558","518","79","105","6","15","217","173","30","35","55","78","49","55","80","55","226","159","221","112","139","77","205","73","221","108","30","26",
"1400000US18097342600","Census Tract 3426; Marion County; Indiana","3439","736","630","278","227","122","0","13","14","23","17","26","0","13","23","34","15","25","29","35","41","46","0","13","0","13","58","45","7","14","23","37","403","200","47","53","0","13","104","84","66","57","0","13","0","13","10","23","50","47","53","46","38","46","28","33","7","14","0","13","2809","750","1479","454","25","43","0","13","131","99","16","25","57","77","56","48","149","131","328","157","208","136","225","100","170","117","75","100","39","35","1330","383","15","25","0","13","149","162","8","18","0","13","20","31","219","114","179","104","127","64","195","70","285","244","108","55","25","25",
"1400000US18097350100","Census Tract 3501; Marion County; Indiana","1501","403","115","63","55","37","0","13","0","13","0","13","0","13","0","13","0","13","29","31","0","13","0","13","8","14","5","9","0","13","13","21","60","46","0","13","0","13","0","13","0","13","0","13","0","13","0","13","0","13","0","13","19","22","0","13","41","43","0","13","1386","410","597","272","0","13","0","13","135","162","55","55","11","24","0","13","107","107","110","100","38","41","59","49","38","29","35","26","9","15","789","223","43","59","0","13","55","62","126","125","8","15","53","44","83","77","89","62","84","84","103","56","82","49","54","33","9","15",
"1400000US18097350300","Census Tract 3503; Marion County; Indiana","2681","428","1021","417","286","123","0","13","0","13","23","37","31","41","0","13","0","13","63","71","49","63","37","40","64","75","0","13","19","28","0","13","735","359","178","154","0","13","68","72","33","42","0","13","35","45","36","57","227","133","0","13","34","39","2","3","122","138","0","13","1660","453","988","292","75","83","0","13","0","13","0","13","0","13","28","39","47","61","278","155","212","119","104","110","175","123","58","40","11","17","672","242","0","13","0","13","80","77","28","45","0","13","0","13","11","19","114","94","89","89","164","145","110","74","54","59","22","26",
"1400000US18097350400","Census Tract 3504; Marion County; Indiana","2600","600","529","463","251","242","68","106","0","13","88","89","0","13","0","13","24","38","0","13","39","44","0","13","32","44","0","13","0","13","0","13","278","239","0","13","0","13","32","48","64","97","30","47","0","13","24","36","40","58","33","39","39","46","0","13","16","27","0","13","2071","445","1257","336","135","92","0","13","156","173","0","13","0","13","37","58","60","61","272","150","283","111","101","86","97","59","74","49","42","46","814","196","64","72","0","13","101","98","31","39","0","13","9","18","57","55","92","59","113","69","25","29","173","94","70","56","79","71",
"1400000US18097350500","Census Tract 3505; Marion County; Indiana","2650","439","1194","315","68","84","0","13","0","13","0","13","0","13","0","13","24","45","16","33","0","13","0","13","8","16","20","31","0","13","0","13","1126","302","35","67","0","13","394","145","209","99","0","13","7","14","32","65","286","121","0","13","36","47","6","12","100","109","21","31","1456","393","725","182","0","13","0","13","0","13","0","13","0","13","18","44","11","18","249","169","84","92","48","48","102","54","123","99","90","71","731","289","64","101","0","13","68","89","61","80","0","13","0","13","135","115","54","65","0","13","113","95","94","67","22","26","120","71",
"1400000US18097350600","Census Tract 3506; Marion County; Indiana","4903","1175","1687","994","667","397","24","35","0","13","266","332","0","13","75","105","0","13","21","35","23","34","40","52","0","13","175","117","12","19","31","33","1020","632","0","13","0","13","213","212","243","208","0","13","22","38","0","13","206","187","26","43","125","109","58","53","0","13","127","181","3216","632","1548","449","124","121","0","13","73","82","0","13","47","74","0","13","100","88","168","164","242","121","255","109","268","185","168","94","103","60","1668","318","0","13","0","13","128","106","24","46","0","13","63","79","233","167","48","61","108","94","193","93","185","107","164","70","522","226",
"1400000US18097350700","Census Tract 3507; Marion County; Indiana","1746","400","649","332","318","182","39","59","0","13","87","96","0","13","0","13","84","96","0","13","70","75","27","41","11","18","0","13","0","13","0","13","331","181","68","83","0","13","53","70","0","13","0","13","0","13","14","22","83","86","76","86","0","13","10","16","27","24","0","13","1097","441","561","253","0","13","0","13","62","53","0","13","0","13","4","7","60","69","77","74","30","35","40","38","97","61","19","32","172","188","536","271","85","88","0","13","74","74","0","13","4","7","0","13","29","36","84","75","0","13","22","27","108","69","59","47","71","45",
"1400000US18097350800","Census Tract 3508; Marion County; Indiana","2505","471","837","435","473","235","48","72","0","13","115","89","155","114","0","13","39","47","0","13","21","31","20","32","22","29","33","50","20","21","0","13","364","217","0","13","41","50","0","13","91","83","0","13","0","13","0","13","73","63","105","70","0","13","14","18","10","16","30","36","1668","419","864","220","102","61","0","13","149","92","50","42","0","13","25","36","38","37","225","95","102","56","46","38","43","48","51","36","33","31","804","235","98","89","0","13","13","22","84","59","0","13","0","13","90","68","196","124","73","48","40","33","106","53","50","35","54","39",
"1400000US18097350900","Census Tract 3509; Marion County; Indiana","1903","290","260","166","203","133","0","13","0","13","4","7","22","30","0","13","5","7","57","51","72","90","0","13","0","13","39","35","4","6","0","13","57","49","0","13","0","13","0","13","0","13","0","13","17","24","0","13","6","9","5","7","0","13","29","25","0","13","0","13","1643","321","782","192","24","23","22","20","84","53","28","30","0","13","15","22","75","71","248","126","149","50","10","15","89","67","33","25","5","9","861","219","66","59","28","36","144","65","12","17","4","7","0","13","50","44","193","77","223","91","51","32","30","26","49","36","11","13",
"1400000US18097351000","Census Tract 3510; Marion County; Indiana","2206","347","496","259","248","186","0","13","0","13","63","60","63","60","61","59","0","13","0","13","23","36","6","16","0","13","19","26","13","22","0","13","248","108","0","13","0","13","0","13","11","17","12","18","0","13","30","52","13","25","27","36","86","62","0","13","69","45","0","13","1710","429","856","290","135","133","0","13","45","47","37","34","38","43","0","13","28","38","108","90","212","106","122","79","48","48","63","45","20","24","854","277","30","45","17","27","93","79","26","35","0","13","11","21","25","37","86","68","134","79","61","48","331","259","8","16","32","34",
"1400000US18097351200","Census Tract 3512; Marion County; Indiana","2441","507","914","468","476","238","106","79","0","13","84","64","0","13","0","13","0","13","0","13","68","49","0","13","0","13","156","131","62","68","0","13","438","263","0","13","97","74","97","74","0","13","0","13","0","13","0","13","82","63","2","4","40","58","62","76","32","31","26","30","1527","498","791","414","0","13","0","13","123","198","6","19","0","13","0","13","0","13","27","37","23","26","88","83","228","234","265","208","31","42","736","248","5","23","0","13","12","19","18","29","0","13","0","13","50","67","72","85","128","117","123","153","146","112","134","110","48","53",
"1400000US18097351500","Census Tract 3515; Marion County; Indiana","1947","332","306","144","114","57","29","43","0","13","0","13","0","13","0","13","0","13","36","40","0","13","16","17","26","23","0","13","7","11","0","13","192","112","34","35","0","13","0","13","0","13","9","15","14","22","21","23","40","35","7","12","44","51","12","16","11","15","0","13","1641","316","867","245","16","25","38","38","17","24","39","29","0","13","0","13","67","33","342","212","178","69","104","52","26","25","26","22","14","16","774","176","24","30","18","25","51","31","70","69","0","13","45","34","7","13","231","90","123","57","49","34","94","44","54","32","8","10",
"1400000US18097351600","Census Tract 3516; Marion County; Indiana","2463","439","322","168","133","86","0","13","0","13","0","13","0","13","0","13","0","13","96","73","0","13","9","12","2","9","26","43","0","13","0","13","189","162","0","13","0","13","15","23","0","13","0","13","0","13","135","152","9","12","14","24","0","13","0","13","16","24","0","13","2141","422","1049","222","62","34","36","52","85","76","17","26","0","13","31","34","22","35","299","129","101","48","179","41","84","71","68","59","65","96","1092","265","13","21","28","26","100","46","39","46","56","45","56","81","68","76","224","82","143","106","165","50","142","108","41","30","17","21",
"1400000US18097351700","Census Tract 3517; Marion County; Indiana","3063","376","808","373","197","97","39","63","0","13","19","31","62","56","0","13","0","13","38","54","1","3","2","5","14","23","1","3","13","20","8","16","611","320","68","60","0","13","190","170","0","13","15","25","0","13","52","63","163","126","16","28","58","54","22","37","27","32","0","13","2255","434","1339","306","85","67","20","31","53","45","55","86","0","13","0","13","80","90","442","238","261","108","95","65","144","65","81","58","23","30","916","198","22","28","16","21","54","48","37","35","0","13","0","13","97","96","209","88","198","84","69","59","59","61","115","62","40","47",
"1400000US18097351900","Census Tract 3519; Marion County; Indiana","2050","393","260","134","75","61","0","13","0","13","0","13","0","13","0","13","0","13","0","13","0","13","0","13","20","29","6","9","7","10","42","51","185","110","0","13","23","35","0","13","0","13","0","13","0","13","0","13","0","13","21","31","6","12","71","58","57","82","7","10","1790","403","654","183","41","52","0","13","43","49","37","48","0","13","67","52","17","23","203","104","31","39","36","37","43","43","43","32","93","64","1136","322","140","137","0","13","0","13","49","49","21","34","7","13","105","90","116","60","54","55","218","93","66","39","91","59","269","114",
"1400000US18097352100","Census Tract 3521; Marion County; Indiana","2069","515","677","376","338","156","80","88","0","13","58","60","0","13","23","35","0","13","28","32","0","13","0","13","57","46","71","61","0","13","21","34","339","246","0","13","0","13","118","77","116","123","0","13","0","13","28","32","0","13","66","59","0","13","0","13","6","11","5","12","1392","474","673","247","20","30","0","13","28","38","45","55","0","13","0","13","115","92","170","174","64","37","90","34","72","66","64","53","5","14","719","274","64","46","0","13","82","77","0","13","0","13","40","45","62","72","79","61","201","140","29","35","99","61","38","37","25","37",
"1400000US18097352300","Census Tract 3523; Marion County; Indiana","1818","504","459","264","220","118","0","13","14","21","60","53","0","13","0","13","41","61","0","13","24","25","17","25","19","21","11","19","34","29","0","13","239","167","0","13","0","13","16","25","0","13","15","22","0","13","42","62","13","21","66","63","14","22","11","16","25","39","37","48","1359","530","612","247","20","30","0","13","0","13","34","52","0","13","17","25","126","119","0","13","116","147","113","98","84","73","90","67","12","18","747","357","56","87","0","13","52","80","38","56","0","13","44","64","112","101","47","72","153","107","0","13","74","66","149","129","22","25",
"1400000US18097352400","Census Tract 3524; Marion County; Indiana","3082","709","611","360","364","226","65","74","0","13","27","41","22","35","0","13","0","13","26","37","70","67","40","42","68","62","46","50","0","13","0","13","247","152","0","13","51","79","0","13","0","13","0","13","0","13","0","13","111","79","22","33","26","40","18","29","19","30","0","13","2471","684","1041","249","115","92","0","13","168","135","17","29","0","13","0","13","44","57","249","166","161","99","0","13","189","116","73","54","25","30","1430","514","249","205","0","13","69","81","163","150","0","13","0","13","43","58","293","167","99","79","134","114","122","75","107","75","151","91",
"1400000US18097352500","Census Tract 3525; Marion County; Indiana","3240","447","771","410","588","388","152","101","60","40","60","39","0","13","11","18","0","13","0","13","0","13","265","273","14","23","16","24","10","15","0","13","183","86","0","13","0","13","0","13","14","22","0","13","0","13","24","37","48","32","18","29","37","38","13","19","19","23","10","16","2469","384","1329","300","97","79","0","13","28","56","9","16","9","18","16","20","71","66","326","83","216","99","212","100","203","107","73","35","69","41","1140","164","31","30","9","24","0","13","0","13","0","13","0","13","49","56","346","100","98","54","239","113","151","81","150","101","67","39",
"1400000US18097352600","Census Tract 3526; Marion County; Indiana","4172","978","926","541","407","263","0","13","50","69","98","130","0","13","0","13","0","13","73","67","22","61","28","39","84","89","52","42","0","13","0","13","519","290","0","13","0","13","180","159","30","43","0","13","0","13","67","68","85","63","0","13","8","24","124","104","6","18","19","38","3246","870","1612","492","76","100","34","50","154","105","78","84","0","13","32","54","195","136","438","175","283","140","128","77","99","56","95","129","0","13","1634","595","0","13","17","26","221","180","39","58","44","66","89","95","92","70","477","242","181","110","146","103","138","73","69","37","121","114",
"1400000US18097352700","Census Tract 3527; Marion County; Indiana","3007","759","271","171","191","131","0","13","0","13","28","43","16","25","0","13","17","27","12","20","27","31","33","50","0","13","0","13","58","58","0","13","80","65","0","13","0","13","16","25","0","13","0","13","0","13","1","5","0","13","34","39","0","13","0","13","14","19","15","20","2736","729","1411","551","73","105","0","13","378","345","0","13","0","13","0","13","30","42","239","98","358","210","168","67","54","54","111","67","0","13","1325","297","142","90","0","13","98","96","72","116","7","12","56","59","47","37","317","90","186","79","109","68","57","47","67","56","167","166",
"1400000US18097352800","Census Tract 3528; Marion County; Indiana","1812","406","560","252","303","118","41","47","0","13","50","44","13","20","28","37","3","8","0","13","82","87","5","13","19","23","27","27","35","28","0","13","257","152","0","13","0","13","23","31","23","35","20","30","0","13","82","79","18","28","50","40","10","20","9","17","7","12","15","21","1252","334","610","159","106","90","0","13","73","67","0","13","0","13","0","13","56","54","153","82","78","49","45","34","61","38","38","35","0","13","642","186","12","17","27","30","55","68","11","17","0","13","0","13","87","67","185","101","103","59","59","57","66","40","25","20","12","18",
"1400000US18097353300","Census Tract 3533; Marion County; Indiana","2398","337","313","119","189","94","0","13","0","13","0","13","0","13","0","13","0","13","14","23","60","50","38","45","16","25","17","16","44","68","0","13","124","82","0","13","0","13","0","13","0","13","0","13","0","13","25","29","67","53","16","24","0","13","0","13","14","22","2","4","2085","312","1112","218","11","21","11","19","32","32","0","13","0","13","4","11","229","159","362","116","130","82","99","39","133","86","101","59","0","13","973","171","40","31","0","13","30","48","54","51","20","27","42","33","172","98","245","95","134","81","98","50","99","49","39","28","0","13",
"1400000US18097353500","Census Tract 3535; Marion County; Indiana","2011","410","817","306","396","251","0","13","0","13","0","13","0","13","0","13","0","13","345","244","16","25","16","26","0","13","7","11","0","13","12","19","421","162","0","13","0","13","0","13","0","13","0","13","0","13","268","135","30","34","0","13","13","19","0","13","28","28","82","93","1194","231","645","200","0","13","0","13","0","13","0","13","0","13","0","13","147","130","297","101","69","58","19","29","54","59","45","39","14","20","549","143","0","13","0","13","0","13","0","13","0","13","0","13","102","78","184","89","73","102","41","52","46","42","77","46","26","26",
"1400000US18097353600","Census Tract 3536; Marion County; Indiana","2404","629","960","322","350","151","26","36","20","34","0","13","26","38","44","48","24","34","126","91","33","35","0","13","14","23","15","27","9","14","13","21","610","247","23","37","39","41","16","26","52","62","0","13","0","13","270","181","61","57","43","37","13","21","64","80","18","22","11","15","1444","540","812","423","22","40","0","13","24","34","73","105","0","13","151","143","81","72","233","161","94","86","12","19","27","34","95","80","0","13","632","203","0","13","0","13","0","13","0","13","0","13","0","13","286","143","27","28","26","40","80","61","80","90","54","45","79","56",
"1400000US18097354201","Census Tract 3542.01; Marion County; Indiana","3776","430","768","279","534","225","0","13","0","13","0","13","0","13","0","13","0","13","192","150","113","113","30","34","103","60","84","57","12","27","0","13","234","202","0","13","0","13","0","13","0","13","0","13","0","13","31","49","124","180","46","72","33","50","0","13","0","13","0","13","3008","436","1834","318","10","21","0","13","0","13","0","13","18","25","0","13","229","140","946","290","155","80","203","132","69","51","87","59","117","78","1174","288","8","19","0","13","0","13","0","13","0","13","0","13","222","115","514","226","65","51","139","87","150","92","44","31","32","37",
"1400000US18097354202","Census Tract 3542.02; Marion County; Indiana","4005","787","766","292","398","228","0","13","0","13","0","13","0","13","0","13","0","13","88","132","117","111","40","43","33","50","95","124","25","41","0","13","368","190","0","13","0","13","0","13","0","13","0","13","20","24","54","54","81","99","23","27","38","61","87","102","34","55","31","47","3239","773","1909","793","105","113","0","13","0","13","0","13","0","13","0","13","285","158","597","220","347","273","210","262","77","65","176","168","112","119","1330","374","0","13","0","13","0","13","0","13","0","13","0","13","248","157","591","362","147","100","100","86","162","117","61","46","21","35",
"1400000US18097354400","Census Tract 3544; Marion County; Indiana","1426","289","82","36","59","29","0","13","0","13","0","13","0","13","0","13","0","13","0","13","11","11","19","19","8","12","13","14","8","9","0","13","23","16","0","13","0","13","0","13","0","13","0","13","0","13","0","13","11","12","0","13","4","8","0","13","8","8","0","13","1344","288","743","143","7","10","0","13","57","31","30","23","20","25","5","9","31","37","136","44","102","38","161","52","150","132","35","18","9","9","601","167","16","17","5","8","18","22","13","19","29","26","13","19","45","45","110","35","117","30","148","148","41","25","20","14","26","20",
"1400000US18097354500","Census Tract 3545; Marion County; Indiana","2018","397","415","227","219","96","18","30","0","13","31","49","6","10","0","13","0","13","34","11","35","33","11","22","15","32","30","61","39","71","0","13","196","188","0","13","0","13","0","13","0","13","13","20","11","17","0","13","18","27","118","182","6","8","2","3","10","16","18","27","1603","309","820","228","29","29","23","29","41","30","39","36","0","13","25","35","41","45","213","94","231","160","85","50","51","42","21","20","21","29","783","174","47","36","27","39","76","51","68","61","0","13","0","13","31","31","186","57","63","36","173","100","23","22","57","45","32","33",
"1400000US18097354700","Census Tract 3547; Marion County; Indiana","1263","313","512","260","267","177","0","13","6","14","16","21","0","13","17","23","0","13","22","24","155","178","12","19","14","17","25","23","0","13","0","13","245","166","19","27","0","13","13","19","48","65","0","13","6","14","31","26","62","72","21","23","30","30","0","13","9","14","6","11","751","198","440","172","22","35","0","13","18","28","15","21","14","19","0","13","63","71","159","82","75","39","40","30","20","20","10","15","4","6","311","72","17","19","0","13","0","13","4","6","0","13","0","13","60","38","119","46","74","47","3","6","0","13","22","19","12","15",
"1400000US18097354800","Census Tract 3548; Marion County; Indiana","2039","592","350","210","197","128","8","16","0","13","7","14","0","13","0","13","0","13","6","9","46","38","84","80","0","13","0","13","46","56","0","13","153","106","0","13","7","14","7","14","0","13","0","13","0","13","8","18","31","31","28","43","29","35","14","19","29","39","0","13","1689","566","982","356","66","64","0","13","150","145","62","65","9","16","12","16","140","103","157","53","193","152","105","46","15","24","49","47","24","27","707","253","63","91","17","20","77","111","0","13","8","12","34","48","59","46","130","57","117","77","65","37","56","45","26","30","55","50",
"1400000US18097354900","Census Tract 3549; Marion County; Indiana","2471","463","813","397","281","136","0","13","9","14","0","13","0","13","0","13","0","13","35","39","73","59","9","13","31","34","79","64","20","30","25","28","532","374","145","160","0","13","0","13","0","13","0","13","0","13","25","29","81","91","72","51","87","98","54","73","62","55","6","13","1658","460","1016","357","60","92","29","35","0","13","53","61","0","13","43","65","33","55","328","195","96","77","203","167","90","55","68","53","13","18","642","225","42","51","0","13","13","32","26","46","10","24","23","37","190","110","33","35","42","35","70","52","81","57","100","76","12","18",
"1400000US18097355000","Census Tract 3550; Marion County; Indiana","2092","441","719","314","432","173","12","20","0","13","46","62","66","62","0","13","9","14","0","13","93","79","55","66","65","85","51","47","27","36","8","12","287","173","48","77","0","13","36","60","33","45","0","13","9","12","0","13","40","64","60","56","42","33","10","16","7","10","2","6","1373","403","608","199","21","31","0","13","32","37","29","29","20","30","51","41","34","35","63","52","144","71","66","30","79","48","58","33","11","17","765","291","64","73","45","53","10","16","3","12","8","13","3","11","61","56","205","150","116","71","112","67","66","34","57","37","15","17",
"1400000US18097355100","Census Tract 3551; Marion County; Indiana","1818","464","765","406","426","374","0","13","0","13","0","13","0","13","0","13","16","24","0","13","43","57","16","20","76","52","243","361","32","27","0","13","339","150","47","60","0","13","11","16","54","52","0","13","0","13","0","13","65","59","37","41","23","24","86","44","16","18","0","13","1053","262","509","130","17","24","0","13","0","13","0","13","0","13","0","13","21","28","135","71","27","25","73","42","144","66","59","50","33","25","544","208","53","65","0","13","50","55","0","13","11","17","42","58","19","22","133","82","68","57","48","36","81","48","19","21","20","20",
"1400000US18097355300","Census Tract 3553; Marion County; Indiana","2314","539","853","524","353","243","29","48","0","13","246","233","0","13","0","13","0","13","22","37","9","13","33","36","5","10","0","13","9","14","0","13","500","300","109","141","0","13","40","57","99","116","0","13","0","13","55","90","21","27","87","102","51","78","0","13","27","40","11","20","1461","274","808","183","74","56","12","23","54","59","0","13","0","13","0","13","0","13","179","98","83","49","80","61","226","88","85","42","15","24","653","147","74","46","0","13","0","13","22","29","0","13","0","13","19","24","171","67","76","53","81","63","149","90","38","31","23","26",
"1400000US18097355400","Census Tract 3554; Marion County; Indiana","1921","450","324","185","167","164","0","13","0","13","0","13","8","16","0","13","0","13","10","21","12","19","0","13","18","29","72","114","47","73","0","13","157","85","0","13","0","13","0","13","8","16","0","13","9","17","0","13","48","54","8","15","21","33","63","65","0","13","0","13","1597","437","743","266","0","13","0","13","32","39","49","58","0","13","0","13","47","46","342","248","92","85","98","64","49","40","14","22","20","35","854","286","16","26","0","13","74","105","59","91","0","13","53","69","73","58","248","152","106","72","93","68","69","50","38","34","25","33",
"1400000US18097355500","Census Tract 3555; Marion County; Indiana","3317","601","787","452","277","170","0","13","0","13","0","13","0","13","0","13","45","64","0","13","18","30","131","112","12","20","58","95","13","21","0","13","510","350","0","13","76","106","147","218","58","84","0","13","0","13","0","13","107","115","56","63","0","13","14","21","15","24","37","59","2530","574","1142","274","22","39","0","13","0","13","0","13","0","13","149","109","86","91","38","45","39","46","329","175","274","144","181","85","24","30","1388","426","0","13","0","13","27","46","73","115","29","50","0","13","69","65","312","232","106","69","191","90","364","202","94","52","123","74",
"1400000US18097355600","Census Tract 3556; Marion County; Indiana","2106","432","585","272","198","90","15","24","0","13","0","13","0","13","9","13","0","13","10","14","0","13","28","28","31","51","52","52","38","39","15","16","387","223","18","27","0","13","0","13","17","25","0","13","56","66","84","84","39","48","25","40","17","19","75","54","55","45","1","4","1521","429","814","309","64","74","0","13","24","29","1","5","5","9","111","112","81","67","47","41","164","90","69","51","115","124","87","46","46","28","707","163","27","31","1","5","77","56","34","48","6","9","8","13","58","45","132","77","72","44","97","63","28","22","122","52","45","29",
"1400000US18097355700","Census Tract 3557; Marion County; Indiana","2059","397","560","253","302","132","0","13","0","13","28","34","42","59","0","13","0","13","26","31","25","25","24","29","62","80","36","21","45","35","14","24","258","150","60","68","9","15","0","13","11","18","0","13","0","13","14","16","58","47","16","19","42","49","27","36","14","22","7","14","1499","295","844","158","28","44","0","13","38","47","10","15","0","13","33","42","114","72","127","76","52","49","84","53","187","95","54","50","117","111","655","202","0","13","9","15","0","13","10","15","0","13","17","30","35","34","135","65","69","66","114","76","81","64","71","49","114","133",
"1400000US18097355900","Census Tract 3559; Marion County; Indiana","2105","295","183","91","75","56","0","13","0","13","0","13","0","13","0","13","0","13","22","25","22","29","0","13","0","13","12","18","8","13","11","16","108","76","0","13","0","13","0","13","0","13","0","13","0","13","17","19","16","18","0","13","13","6","42","65","10","15","10","15","1922","292","961","204","45","40","0","13","0","13","0","13","0","13","0","13","13","16","434","120","205","121","130","107","71","40","42","29","21","25","961","156","82","47","0","13","27","36","0","13","25","48","0","13","129","75","271","95","141","53","139","103","62","40","27","25","58","37",
"1400000US18097356200","Census Tract 3562; Marion County; Indiana","2363","285","160","60","81","42","0","13","0","13","0","13","0","13","0","13","0","13","38","30","41","28","2","4","0","13","0","13","0","13","0","13","79","47","0","13","0","13","0","13","0","13","0","13","0","13","20","21","41","30","0","13","2","4","16","22","0","13","0","13","2203","300","1282","251","101","64","0","13","20","16","9","12","10","12","0","13","112","67","623","220","158","84","125","79","60","52","55","28","9","13","921","177","26","32","0","13","18","19","0","13","0","13","0","13","133","62","383","122","119","53","108","73","79","77","23","21","32","30",
"1400000US18097356400","Census Tract 3564; Marion County; Indiana","4238","565","1565","535","563","200","56","89","34","54","49","61","52","56","0","13","44","56","67","65","75","66","18","27","47","54","112","123","9","14","0","13","1002","439","36","45","0","13","111","88","214","301","0","13","0","13","232","166","147","101","99","110","101","102","53","57","0","13","9","14","2673","507","1446","291","66","69","0","13","32","50","43","49","0","13","9","26","224","134","472","184","87","97","229","129","169","84","83","71","32","49","1227","298","0","13","8","19","138","120","66","66","0","13","8","20","230","108","286","113","55","59","273","177","93","60","9","16","61","46",
"1400000US18097356900","Census Tract 3569; Marion County; Indiana","2133","371","571","246","188","91","42","35","0","13","21","35","10","18","0","13","0","13","28","36","0","13","27","29","12","21","25","25","0","13","23","34","383","184","30","46","0","13","48","43","25","32","0","13","0","13","36","42","64","40","46","47","0","13","91","46","43","54","0","13","1562","354","749","180","13","20","19","18","53","33","0","13","0","13","0","13","42","41","239","83","100","65","81","45","120","106","70","75","12","19","813","227","100","60","68","93","71","44","11","18","0","13","13","21","27","27","209","77","104","61","108","96","21","20","65","50","16","31",
"1400000US18097357000","Census Tract 3570; Marion County; Indiana","2040","337","186","81","99","50","0","13","0","13","17","24","0","13","0","13","0","13","9","13","40","29","0","13","0","13","24","27","0","13","9","14","87","45","0","13","0","13","0","13","0","13","0","13","0","13","19","22","10","16","10","15","23","24","25","27","0","13","0","13","1854","347","886","207","36","35","0","13","19","22","117","151","14","20","0","13","46","36","390","116","80","39","79","39","63","46","28","21","14","24","968","196","41","27","19","23","27","30","11","18","0","13","12","16","175","118","302","86","76","45","60","43","137","137","85","67","23","21",
"1400000US18097357100","Census Tract 3571; Marion County; Indiana","1783","328","130","89","100","70","0","13","0","13","0","13","0","13","0","13","0","13","0","13","59","63","0","13","32","36","9","14","0","13","0","13","30","33","0","13","0","13","0","13","0","13","0","13","0","13","0","13","0","13","0","13","20","31","0","13","10","15","0","13","1653","323","802","206","9","19","11","21","9","15","53","57","0","13","0","13","23","20","284","99","125","64","110","95","96","70","34","36","48","37","851","199","11","19","0","13","79","74","0","13","0","13","10","20","79","80","324","114","87","52","99","60","99","109","33","41","30","30",
"1400000US18097357200","Census Tract 3572; Marion County; Indiana","2686","509","500","238","201","103","0","13","0","13","13","20","16","25","0","13","0","13","24","30","29","35","37","39","55","59","15","24","0","13","12","20","299","181","0","13","0","13","27","33","16","25","18","27","0","13","25","29","95","75","14","21","50","53","24","36","16","26","14","21","2186","491","1130","222","47","41","0","13","83","63","9","16","37","37","97","88","75","55","365","130","145","80","97","60","140","91","21","24","14","22","1056","350","97","82","0","13","28","38","56","77","0","13","24","43","155","200","306","103","119","61","129","87","96","84","11","18","35","31",
"1400000US18097357300","Census Tract 3573; Marion County; Indiana","1981","426","612","321","263","135","51","70","24","37","49","50","0","13","0","13","0","13","5","7","37","49","0","13","22","27","66","41","5","8","4","9","349","201","0","13","0","13","21","33","20","33","0","13","31","50","27","36","73","53","13","21","43","42","27","30","18","21","76","66","1369","375","607","207","3","8","0","13","4","9","3","9","10","26","10","25","105","67","74","57","58","46","155","116","140","51","20","19","25","22","762","215","7","15","22","35","76","77","70","55","20","30","37","49","30","33","10","12","111","65","132","116","131","35","84","33","32","26",
"1400000US18097357400","Census Tract 3574; Marion County; Indiana","3858","968","1268","524","675","287","23","35","0","13","89","96","0","13","0","13","137","136","183","222","53","84","31","36","0","13","76","69","83","70","0","13","593","268","47","60","22","32","72","94","0","13","6","11","0","13","8","13","111","106","17","25","106","88","162","151","42","39","0","13","2590","976","1405","634","206","275","0","13","126","163","41","45","0","13","21","23","89","66","117","66","199","165","108","57","300","121","168","151","30","33","1185","373","0","13","0","13","162","240","0","13","19","30","19","30","39","37","22","24","121","96","292","114","112","77","347","156","52","44",
"1400000US18097357500","Census Tract 3575; Marion County; Indiana","3444","223","241","132","85","72","10","16","0","13","12","22","26","36","0","13","0","13","0","13","0","13","11","21","19","30","7","11","0","13","0","13","156","83","7","12","0","13","0","13","0","13","20","31","8","14","2","13","30","38","4","5","0","13","8","10","23","37","54","28","3203","237","1252","226","115","110","0","13","104","92","0","13","61","83","28","38","79","51","140","85","249","69","125","69","135","55","157","64","59","46","1951","201","93","113","38","53","170","105","179","80","23","37","67","85","245","143","173","129","304","105","132","93","322","94","128","55","77","45",
"1400000US18097357601","Census Tract 3576.01; Marion County; Indiana","5035","901","1936","933","952","512","75","106","0","18","13","26","107","110","118","93","118","93","48","60","88","59","317","268","50","57","12","20","6","10","0","18","984","542","0","18","92","131","163","197","37","50","0","18","0","18","176","171","248","213","161","121","25","31","74","52","8","13","0","18","3099","564","1567","366","98","78","0","18","64","57","62","69","16","24","14","25","101","71","263","147","257","177","116","82","411","277","129","74","36","53","1532","297","119","79","0","18","116","104","17","24","20","31","0","18","148","111","307","113","128","73","310","182","126","72","182","79","59","45",
"1400000US18097357602","Census Tract 3576.02; Marion County; Indiana","1535","184","629","176","358","137","65","97","14","20","140","104","30","40","14","23","0","13","0","13","95","90","0","13","0","13","0","13","0","13","0","13","271","54","0","13","0","13","23","41","71","53","0","13","0","13","0","13","138","34","39","37","0","13","0","13","0","13","0","13","906","181","498","120","22","29","12","21","19","23","36","41","0","13","8","15","76","76","59","47","25","23","97","35","29","36","46","43","69","40","408","101","12","20","25","32","45","37","0","13","6","12","23","28","51","44","75","53","52","41","5","11","52","36","48","24","14","18",
"1400000US18097357800","Census Tract 3578; Marion County; Indiana","1539","417","337","177","198","133","9","14","0","13","21","35","25","40","0","13","42","45","0","13","18","20","8","13","9","14","66","64","0","13","0","13","139","76","15","23","0","13","0","13","9","15","0","13","0","13","8","13","29","33","5","9","38","32","22","22","13","14","0","13","1202","342","649","238","75","78","24","36","94","96","47","42","10","16","6","10","14","16","119","53","59","42","67","41","39","26","68","32","27","25","553","145","0","13","0","13","8","13","7","10","0","13","0","13","7","10","170","72","131","59","48","37","103","47","61","38","18","20",
"1400000US18097357900","Census Tract 3579; Marion County; Indiana","3748","675","580","333","190","138","0","13","0","13","16","25","16","26","0","13","0","13","14","22","25","30","39","50","32","32","48","35","0","13","0","13","390","248","104","111","0","13","57","72","19","28","23","37","0","13","67","50","0","13","49","53","15","19","47","49","0","13","9","14","3168","746","1453","372","103","91","3","5","82","67","41","36","15","23","15","23","194","178","350","127","160","125","104","49","155","56","174","60","57","40","1715","423","37","33","33","55","123","77","17","28","102","124","0","13","96","84","507","213","291","138","73","44","237","96","137","84","62","44",
"1400000US18097358000","Census Tract 3580; Marion County; Indiana","1382","264","446","276","208","154","0","13","0","13","73","77","0","13","23","38","23","37","16","20","19","17","31","27","14","17","5","9","4","6","0","13","238","134","0","13","0","13","0","13","0","13","0","13","0","13","56","51","50","52","62","64","29","30","23","28","7","11","11","14","936","174","544","114","44","36","0","13","35","22","12","17","0","13","14","19","88","53","142","70","65","35","71","42","20","19","35","23","18","21","392","114","21","24","9","15","14","15","27","35","10","15","10","15","43","33","88","61","39","29","84","40","23","21","16","16","8","14",
"1400000US18097358100","Census Tract 3581; Marion County; Indiana","2439","655","577","332","265","154","0","13","0","13","104","90","0","13","46","59","0","13","0","13","49","48","17","26","18","29","0","13","0","13","31","44","312","212","0","13","0","13","48","62","47","62","0","13","0","13","10","16","132","107","0","13","19","29","21","31","35","34","0","13","1862","622","973","350","98","122","0","13","97","74","31","40","0","13","15","23","89","84","147","83","109","80","202","184","116","35","57","49","12","19","889","341","22","29","21","33","37","47","32","39","15","21","43","38","25","33","43","42","137","76","267","299","125","45","122","72","0","13",
"1400000US18097360101","Census Tract 3601.01; Marion County; Indiana","2639","860","768","433","234","190","54","74","0","13","0","13","0","13","0","13","0","13","0","13","61","83","0","13","0","13","94","93","25","26","0","13","534","265","50","49","0","13","47","48","0","13","0","13","25","29","115","159","21","32","0","13","30","47","139","90","57","61","50","56","1871","691","641","249","0","13","0","13","25","40","0","13","13","23","12","21","60","72","0","13","215","175","112","71","53","63","86","59","65","58","1230","549","0","13","0","13","70","111","94","146","0","13","54","80","114","123","126","123","219","182","80","89","81","62","249","119","143","120",
"1400000US18097360102","Census Tract 3601.02; Marion County; Indiana","1862","593","671","274","248","103","0","13","0","13","50","39","21","32","0","13","47","75","52","40","22","29","18","28","0","13","0","13","38","42","0","13","423","186","0","13","0","13","51","40","73","88","0","13","0","13","0","13","37","49","105","68","35","50","70","70","52","43","0","13","1191","523","589","275","0","13","67","115","47","86","0","13","0","13","0","13","0","13","159","95","94","106","11","18","106","99","53","50","52","36","602","301","0","13","0","13","83","113","0","13","0","13","0","13","21","28","96","126","122","126","0","13","109","95","99","59","72","53",
"1400000US18097360201","Census Tract 3602.01; Marion County; Indiana","4306","791","899","621","414","359","0","13","0","13","55","82","0","13","0","13","0","13","0","13","249","315","88","94","7","11","15","24","0","13","0","13","485","295","0","13","0","13","63","95","0","13","0","13","0","13","14","25","66","71","0","13","15","25","266","241","44","72","17","26","3407","600","1859","498","52","74","0","13","181","146","103","107","0","13","0","13","271","157","456","307","169","135","352","355","170","123","64","59","41","39","1548","395","108","97","18","30","68","73","0","13","0","13","0","13","77","74","328","196","118","121","527","212","132","79","86","59","86","83",
"1400000US18097360202","Census Tract 3602.02; Marion County; Indiana","3638","741","458","337","316","246","0","13","0","13","0","13","37","63","0","13","33","59","0","13","1","2","0","13","67","82","10","17","168","131","0","13","142","136","0","13","0","13","42","73","0","13","0","13","0","13","0","13","0","13","29","51","10","19","19","31","26","29","16","26","3180","748","1714","439","282","255","0","13","250","175","0","13","19","32","127","129","219","173","78","81","173","142","273","132","210","110","39","34","44","39","1466","378","120","110","0","13","70","84","38","55","0","13","169","147","235","198","109","106","224","126","310","120","81","60","51","46","59","42",
"1400000US18097360301","Census Tract 3603.01; Marion County; Indiana","3812","522","427","269","177","109","0","13","0","13","0","13","0","13","0","13","0","13","29","48","0","13","59","68","37","41","39","44","0","13","13","20","250","197","29","40","0","13","40","66","40","66","0","13","0","13","0","13","45","37","0","13","45","55","25","28","0","13","26","28","3385","590","1794","382","92","88","0","13","309","178","0","13","0","13","67","52","374","206","269","163","356","168","137","101","110","85","80","54","0","13","1591","365","108","92","62","93","132","76","124","100","19","30","59","60","85","79","311","187","262","114","145","79","194","76","79","53","11","15",
"1400000US18097360302","Census Tract 3603.02; Marion County; Indiana","2823","691","1781","669","913","374","278","217","25","39","105","115","16","23","31","50","26","30","0","13","115","123","118","91","28","33","77","81","75","59","19","30","868","346","125","114","18","28","121","97","0","13","0","13","64","105","129","104","115","92","117","91","38","45","55","52","41","45","45","71","1042","415","636","329","0","13","0","13","0","13","49","70","0","13","0","13","129","138","249","191","0","13","97","88","38","49","74","54","0","13","406","152","36","44","0","13","26","40","0","13","0","13","0","13","1","3","79","69","40","57","57","51","64","58","81","88","22","30",
"1400000US18097360401","Census Tract 3604.01; Marion County; Indiana","5537","1080","1710","699","614","318","288","250","0","18","22","40","22","40","0","18","0","18","34","57","3","5","1","3","32","54","114","170","29","47","69","108","1096","498","104","159","0","18","122","187","63","80","0","18","0","18","69","87","204","212","172","159","42","49","228","153","92","95","0","18","3827","1146","2043","739","47","77","0","18","234","212","0","18","40","62","80","92","450","485","159","207","247","144","424","352","129","92","101","82","132","121","1784","562","45","71","0","18","96","133","129","124","28","45","33","59","0","18","210","200","279","175","591","362","136","101","78","65","159","148",
"1400000US18097360402","Census Tract 3604.02; Marion County; Indiana","3041","1244","1344","1162","862","796","631","742","0","13","0","13","76","120","0","13","0","13","0","13","75","64","58","81","2","4","1","4","19","21","0","13","482","395","0","13","0","13","30","43","0","13","73","110","0","13","272","320","60","62","0","13","35","58","3","10","9","13","0","13","1697","576","655","210","0","13","52","71","20","38","40","75","0","13","77","69","63","55","26","37","137","100","19","31","87","53","107","52","27","20","1042","450","43","83","0","13","78","95","139","165","0","13","15","22","155","90","132","164","132","122","90","93","58","34","125","61","75","88",
"1400000US18097360405","Census Tract 3604.05; Marion County; Indiana","5761","822","245","145","86","79","14","22","0","18","0","18","0","18","0","18","0","18","24","36","46","59","2","2","0","18","0","18","0","18","0","18","159","95","0","18","0","18","0","18","0","18","0","18","0","18","0","18","13","21","0","18","23","37","65","58","18","29","40","56","5516","823","2129","554","298","250","0","18","99","95","61","58","16","26","86","88","113","101","360","291","250","171","312","171","278","160","198","112","58","57","3387","590","80","80","0","18","152","182","130","99","120","121","23","35","372","227","728","426","489","268","423","229","398","212","325","145","147","107",
"1400000US18097360406","Census Tract 3604.06; Marion County; Indiana","4140","955","1280","998","697","675","330","466","0","13","70","104","0","13","0","13","0","13","11","19","212","217","35","60","0","13","39","60","0","13","0","13","583","441","0","13","0","13","94","155","0","13","24","42","0","13","200","221","162","192","62","91","27","35","0","13","14","24","0","13","2860","682","1675","537","0","13","0","13","102","129","28","36","25","32","53","88","107","97","468","351","142","105","456","372","88","83","140","71","66","93","1185","403","33","57","0","13","32","42","118","116","0","13","63","86","132","162","59","59","224","189","207","158","179","113","104","80","34","57",
"1400000US18097360407","Census Tract 3604.07; Marion County; Indiana","3282","826","369","297","194","171","38","61","0","13","70","79","0","13","0","13","29","45","0","13","0","13","30","45","0","13","27","29","0","13","0","13","175","146","0","13","0","13","38","67","0","13","0","13","29","45","0","13","0","13","71","94","0","13","37","48","0","13","0","13","2913","757","1354","345","0","13","26","42","40","56","0","13","83","99","82","110","119","129","205","126","405","242","149","99","132","110","70","60","43","49","1559","540","43","59","0","13","186","174","30","33","0","13","284","238","206","137","50","54","183","159","264","150","105","80","189","124","19","29",
"1400000US18097360501","Census Tract 3605.01; Marion County; Indiana","6196","812","620","384","327","229","53","75","0","18","44","64","0","18","0","18","8","14","27","43","175","191","0","18","0","18","0","18","20","33","0","18","293","248","0","18","0","18","0","18","45","66","0","18","0","18","0","18","91","100","50","78","31","47","49","74","0","18","27","44","5576","911","2803","599","310","230","0","18","218","95","218","153","0","18","120","148","438","283","205","118","381","176","368","109","319","238","105","99","121","83","2773","569","74","64","0","18","306","313","149","92","31","48","48","76","168","201","496","211","302","139","494","268","227","148","336","129","142","95",
"1400000US18097360502","Census Tract 3605.02; Marion County; Indiana","6381","1089","590","425","192","122","46","72","0","18","0","18","0","18","0","18","0","18","0","18","0","18","18","33","90","89","2","8","36","53","0","18","398","335","42","68","0","18","40","62","78","126","0","18","0","18","3","5","43","68","17","37","0","18","146","107","16","29","13","23","5791","1064","3006","629","293","158","0","18","477","345","222","198","0","18","127","120","214","125","137","92","385","180","139","115","518","219","431","252","63","68","2785","605","286","184","80","119","231","207","38","84","34","62","0","18","222","193","426","208","216","145","334","187","346","147","401","169","171","115",
"1400000US18097360601","Census Tract 3606.01; Marion County; Indiana","4642","710","620","355","346","184","0","13","0","13","43","39","33","38","0","13","0","13","66","70","45","45","31","36","47","73","45","57","22","36","14","23","274","209","0","13","0","13","21","39","55","70","2","4","39","61","13","19","9","16","7","13","32","48","33","38","53","66","10","16","4022","645","2041","432","118","73","49","62","278","153","21","27","47","37","81","72","81","51","410","157","203","85","145","75","320","115","137","51","151","53","1981","328","75","83","13","19","93","65","71","46","49","39","15","20","104","71","350","144","239","86","261","112","410","128","185","64","116","51",
"1400000US18097360602","Census Tract 3606.02; Marion County; Indiana","5996","1142","1164","480","416","208","47","72","0","18","0","18","0","18","0","18","0","18","188","154","77","80","21","30","50","75","1","3","14","22","18","27","748","291","211","180","0","18","58","100","0","18","0","18","0","18","123","129","143","96","110","149","1","3","69","112","0","18","33","38","4832","1087","2702","664","185","178","28","38","421","265","299","252","22","35","156","101","28","37","382","196","393","208","258","94","237","126","156","73","137","90","2130","656","91","89","0","18","218","177","97","155","0","18","166","192","116","106","183","146","396","190","172","118","265","124","284","174","142","71",
"1400000US18097360700","Census Tract 3607; Marion County; Indiana","1848","315","145","85","53","34","0","13","9","13","0","13","0","13","0","13","0","13","0","13","10","11","0","13","15","18","4","6","15","14","0","13","92","61","0","13","0","13","0","13","0","13","0","13","21","20","0","13","11","12","0","13","10","15","24","21","4","6","22","34","1703","293","786","157","43","29","0","13","8","11","60","44","4","7","52","50","73","40","80","31","164","59","149","61","32","20","88","38","33","21","917","168","29","22","13","15","78","41","15","20","19","17","11","13","88","64","83","36","231","68","84","46","99","44","115","67","52","29",
"1400000US18097360800","Census Tract 3608; Marion County; Indiana","2862","518","423","208","172","101","36","51","0","13","39","44","0","13","0","13","13","19","0","13","38","29","0","13","18","21","5","9","7","11","16","18","251","142","34","47","0","13","6","10","0","13","0","13","0","13","89","115","56","48","12","18","0","13","37","27","11","12","6","9","2439","493","1002","264","175","128","12","19","82","79","14","21","48","70","0","13","25","34","128","79","145","84","117","74","71","46","167","85","18","18","1437","336","137","138","22","33","18","28","29","30","0","13","9","15","270","173","199","207","142","82","102","64","177","89","136","62","196","82",
"1400000US18097360900","Census Tract 3609; Marion County; Indiana","5314","896","1732","596","712","396","14","27","130","201","0","18","0","18","0","18","0","18","2","4","0","18","88","69","68","82","178","153","163","126","69","54","1020","427","308","283","0","18","15","30","31","59","17","31","0","18","96","143","136","111","56","91","12","26","129","131","137","145","83","81","3582","772","1679","542","92","147","88","136","209","141","42","59","18","35","0","18","16","25","280","225","290","125","242","117","319","149","64","53","19","34","1903","425","112","117","0","18","85","88","58","93","0","18","92","75","245","175","253","189","389","139","127","93","371","172","101","59","70","71",
"1400000US18097361000","Census Tract 3610; Marion County; Indiana","2093","229","69","39","38","28","0","13","0","13","0","13","8","12","0","13","0","13","0","13","6","10","0","13","5","8","0","13","0","13","19","26","31","23","0","13","0","13","0","13","0","13","0","13","0","13","0","13","6","10","7","12","0","13","6","9","0","13","12","12","2024","231","1012","150","108","45","20","19","22","20","18","17","13","16","31","46","35","33","155","50","133","38","94","44","212","85","127","48","44","24","1012","129","89","47","12","16","38","25","8","13","9","12","24","20","52","35","201","70","123","41","124","43","149","66","124","39","59","30",
"1400000US18097361100","Census Tract 3611; Marion County; Indiana","3124","590","273","117","84","61","6","9","0","13","16","13","0","13","0","13","0","13","0","13","48","54","5","9","9","13","0","13","0","13","0","13","189","110","9","17","0","13","0","13","0","13","8","11","0","13","33","47","32","51","8","13","12","13","77","77","10","15","0","13","2851","566","1396","371","182","117","20","32","117","84","43","38","10","12","21","22","128","114","183","105","209","81","119","97","178","83","186","89","0","13","1455","265","126","58","16","18","92","54","56","47","8","13","9","14","99","87","317","123","172","69","232","119","231","111","53","36","44","32",
"1400000US18097361200","Census Tract 3612; Marion County; Indiana","3305","466","270","122","153","90","0","13","0","13","0","13","0","13","0","13","0","13","0","13","42","58","39","60","19","25","30","30","23","25","0","13","117","78","0","13","0","13","26","40","0","13","0","13","0","13","34","33","3","9","10","18","11","18","22","24","0","13","11","18","3035","453","1580","325","160","153","0","13","103","48","71","60","26","41","66","60","94","75","296","117","231","97","239","155","132","67","111","70","51","39","1455","279","78","66","23","32","81","69","151","136","26","40","13","17","77","66","234","121","247","56","245","80","144","121","60","48","76","46",
"1400000US18097361300","Census Tract 3613; Marion County; Indiana","2503","332","382","258","221","155","55","56","0","13","44","46","14","22","0","13","0","13","1","3","37","33","38","39","19","28","0","13","13","20","0","13","161","111","0","13","0","13","50","52","0","13","0","13","0","13","1","3","72","52","32","27","0","13","0","13","0","13","6","9","2121","420","1062","301","22","34","17","28","31","37","57","66","0","13","33","37","132","104","98","51","173","83","217","108","186","176","70","34","26","27","1059","205","55","54","0","13","113","76","24","36","0","13","94","74","108","76","136","58","102","50","191","82","94","52","79","34","63","53",
"1400000US18097361401","Census Tract 3614.01; Marion County; Indiana","5207","1246","601","322","136","95","55","73","0","18","46","34","0","18","0","18","0","18","0","18","0","18","13","22","11","19","11","19","0","18","0","18","465","248","0","18","0","18","156","108","0","18","0","18","47","58","31","40","120","125","63","41","36","54","12","21","0","18","0","18","4606","1277","2112","518","206","155","33","46","133","94","119","92","0","18","84","79","116","70","354","177","222","103","517","325","198","88","52","41","78","68","2494","892","8","15","0","18","171","102","154","116","2","10","696","646","153","111","293","146","411","247","226","109","172","113","100","62","108","95",
"1400000US18097361402","Census Tract 3614.02; Marion County; Indiana","5690","914","954","751","605","550","0","18","0","18","50","72","0","18","125","163","0","18","159","195","0","18","27","41","244","200","0","18","0","18","0","18","349","254","0","18","0","18","0","18","0","18","0","18","55","76","0","18","13","28","50","71","146","163","72","106","13","28","0","18","4736","1025","2392","556","125","134","56","83","167","131","45","50","43","54","81","104","265","274","349","162","266","177","185","153","390","157","210","77","210","148","2344","637","270","274","34","44","154","174","168","132","0","18","3","17","249","287","462","219","316","250","22","63","333","119","264","126","69","53",
"1400000US18097361601","Census Tract 3616.01; Marion County; Indiana","5428","1264","152","144","85","108","0","18","0","18","0","18","43","68","0","18","0","18","33","41","0","18","9","16","0","18","0","18","0","18","0","18","67","63","0","18","0","18","9","13","0","18","0","18","0","18","28","51","0","18","17","27","0","18","0","18","13","11","0","18","5276","1261","2339","555","29","36","18","31","71","45","141","118","47","42","88","87","313","227","187","97","125","85","448","186","551","313","216","174","105","67","2937","807","152","123","27","50","174","117","65","115","0","18","70","63","368","339","309","183","187","147","470","198","556","453","284","77","275","157",
"1400000US18097361602","Census Tract 3616.02; Marion County; Indiana","3386","791","72","82","38","35","0","13","0","13","0","13","0","13","0","13","0","13","0","13","0","13","0","13","0","13","0","13","27","31","11","18","34","52","0","13","0","13","0","13","0","13","0","13","0","13","0","13","0","13","0","13","0","13","0","13","34","52","0","13","3314","780","1337","321","77","79","0","13","102","115","173","167","0","13","66","60","37","43","93","58","165","89","186","90","142","87","165","54","131","63","1977","518","202","216","25","38","216","137","42","53","22","32","72","73","113","107","452","214","142","85","217","86","193","76","203","59","78","58",
"1400000US18097370201","Census Tract 3702.01; Marion County; Indiana","3432","308","615","244","328","176","0","13","0","13","66","100","34","36","0","13","0","13","0","13","27","40","43","38","16","18","16","26","126","83","0","13","287","120","0","13","0","13","0","13","0","13","11","20","19","24","74","69","0","13","39","33","0","13","23","31","102","70","19","22","2817","318","1405","215","82","56","21","30","68","70","88","81","62","50","13","21","117","78","222","88","178","78","169","97","157","67","145","87","83","54","1412","219","156","74","48","51","21","25","54","55","9","15","8","13","72","50","243","110","213","99","122","70","223","71","164","84","79","53",
"1400000US18097370203","Census Tract 3702.03; Marion County; Indiana","5088","1240","1969","1038","1015","481","84","90","130","62","209","116","64","71","0","18","291","233","83","80","45","49","24","34","1","3","73","63","11","28","0","18","954","616","134","69","10","19","63","72","0","18","0","18","50","57","232","268","41","62","147","57","219","300","45","46","13","30","0","18","3119","1008","1577","587","224","230","0","18","115","84","45","53","0","18","41","58","134","86","209","112","355","167","224","213","144","73","57","52","29","36","1542","490","110","101","23","35","151","109","108","92","0","18","28","42","277","303","175","96","188","102","72","52","256","135","70","48","84","59",
"1400000US18097370204","Census Tract 3702.04; Marion County; Indiana","3598","453","201","166","82","89","38","60","0","13","14","21","0","13","0","13","0","13","11","19","0","13","0","13","0","13","0","13","19","30","0","13","119","82","15","23","0","13","14","22","0","13","0","13","0","13","11","19","23","27","0","13","0","13","13","20","31","35","12","19","3397","480","1786","271","181","152","0","13","95","64","28","42","18","28","38","49","192","193","333","151","147","71","197","120","325","138","206","124","26","31","1611","344","49","70","0","13","27","44","15","26","17","28","16","26","92","58","224","126","84","97","398","146","322","154","237","99","130","104",
"1400000US18097370303","Census Tract 3703.03; Marion County; Indiana","7390","828","632","305","442","238","41","50","0","18","72","73","0","18","0","18","0","18","201","199","47","48","0","18","38","60","0","18","43","52","0","18","190","158","37","52","0","18","0","18","0","18","0","18","0","18","34","36","47","49","35","48","0","18","28","45","0","18","9","15","6758","926","3317","602","261","195","150","130","351","157","149","118","53","57","118","92","200","148","661","310","610","239","324","156","263","173","158","135","19","43","3441","538","352","370","0","18","342","199","124","83","113","107","36","39","349","205","604","223","695","229","299","151","371","188","119","92","37","51",
"1400000US18097370304","Census Tract 3703.04; Marion County; Indiana","4031","806","736","646","350","294","107","117","0","13","47","80","0","13","0","13","41","52","18","24","0","13","101","102","0","13","26","38","10","15","0","13","386","358","0","13","0","13","134","139","48","80","0","13","33","42","0","13","0","13","157","138","13","21","0","13","0","13","1","2","3295","735","2076","596","192","183","102","102","176","123","273","128","0","13","16","25","37","40","340","221","203","106","258","213","335","164","76","47","68","48","1219","301","15","24","0","13","82","66","23","36","0","13","17","28","55","45","206","65","200","121","275","212","151","71","115","60","80","74",
"1400000US18097370305","Census Tract 3703.05; Marion County; Indiana","3925","810","1133","305","529","160","269","156","0","13","118","127","0","13","0","13","0","13","65","53","27","33","27","47","23","38","0","13","0","13","0","13","604","211","77","62","0","13","0","13","61","65","0","13","0","13","87","49","167","134","38","59","47","53","35","49","29","36","63","69","2792","829","1213","362","161","233","10","14","10","14","11","15","0","13","8","18","160","107","312","153","136","67","184","82","121","86","25","30","75","63","1579","697","131","114","0","13","58","61","30","45","0","13","81","34","689","660","142","94","83","50","140","52","130","69","78","51","17","23",
"1400000US18097370306","Census Tract 3703.06; Marion County; Indiana","4673","853","460","256","161","125","0","13","0","13","0","13","29","45","0","13","0","13","18","30","2","12","0","13","0","13","112","86","0","13","0","13","299","162","15","24","0","13","19","30","0","13","0","13","0","13","30","34","77","107","13","20","40","62","69","53","9","14","27","29","4213","771","2147","378","148","109","15","24","130","76","126","63","0","13","53","62","181","93","315","141","333","116","280","119","421","239","126","50","19","32","2066","445","152","115","34","51","157","119","110","99","13","21","99","75","154","90","264","99","283","77","243","119","272","96","236","236","49","37",
"1400000US18097380101","Census Tract 3801.01; Marion County; Indiana","7037","1007","305","359","131","160","0","18","0","18","55","83","0","18","0","18","0","18","20","31","56","74","0","18","0","18","0","18","0","18","0","18","174","205","41","62","0","18","49","74","0","18","0","18","0","18","0","18","84","85","0","18","0","18","0","18","0","18","0","18","6732","964","3525","636","296","225","0","18","203","154","46","58","80","91","129","109","265","145","362","245","389","177","622","355","409","168","544","310","180","92","3207","449","66","81","0","18","114","97","33","56","20","41","145","112","193","118","323","218","315","144","374","139","833","353","638","303","153","75",
"1400000US18097380102","Census Tract 3801.02; Marion County; Indiana","3328","774","496","677","133","190","62","105","0","13","12","23","0","13","0","13","0","13","0","13","0","13","46","78","13","25","0","13","0","13","0","13","363","489","114","192","52","91","53","91","21","40","0","13","15","25","0","13","59","101","10","18","0","13","39","54","0","13","0","13","2832","785","1317","409","77","75","12","31","29","48","0","13","0","13","109","74","20","31","171","69","199","91","534","370","87","85","71","54","8","16","1515","471","160","72","0","13","22","27","134","104","51","44","13","23","104","108","257","136","476","356","23","31","55","45","56","51","164","142",
"1400000US18097380103","Census Tract 3801.03; Marion County; Indiana","8525","1117","877","453","330","218","81","68","0","18","0","18","42","49","0","18","44","58","0","18","45","53","80","71","0","18","19","31","0","18","19","34","547","333","171","182","47","76","81","72","41","55","23","38","0","18","20","34","57","54","40","46","0","18","30","50","37","31","0","18","7648","1192","4083","630","82","99","104","160","641","330","212","137","0","18","93","82","320","191","757","464","538","219","991","462","157","104","136","93","52","78","3565","862","101","118","0","18","99","95","172","186","21","36","56","64","414","326","786","370","359","179","1149","565","54","63","316","155","38","45",
"1400000US18097380200","Census Tract 3802; Marion County; Indiana","2871","760","679","373","351","223","78","138","0","13","43","55","0","13","0","13","0","13","17","28","54","71","0","13","17","25","72","99","59","43","11","18","328","188","45","76","0","13","0","13","0","13","0","13","0","13","9","14","46","79","38","72","81","68","0","13","29","28","80","64","2192","622","1192","383","105","92","0","13","91","123","79","75","0","13","0","13","127","180","322","169","160","86","90","67","68","51","120","68","30","25","1000","363","70","90","0","13","0","13","3","9","0","13","35","56","188","174","127","96","182","100","50","64","110","65","184","75","51","36",
"1400000US18097380301","Census Tract 3803.01; Marion County; Indiana","2377","412","300","180","85","61","0","13","0","13","15","26","0","13","0","13","0","13","18","31","0","13","20","25","0","13","27","44","5","8","0","13","215","155","35","48","0","13","32","54","0","13","17","29","0","13","28","39","59","40","0","13","0","13","14","24","9","14","21","25","2077","441","1120","335","39","66","0","13","138","120","135","115","17","26","17","26","83","61","127","51","88","88","152","134","224","115","29","22","71","65","957","248","20","21","7","12","164","129","10","18","18","28","0","13","62","71","76","49","94","74","111","66","258","171","37","37","100","68",
"1400000US18097380302","Census Tract 3803.02; Marion County; Indiana","2965","632","822","261","227","134","16","25","0","13","42","55","20","35","0","13","15","24","54","71","20","33","32","40","0","13","28","34","0","13","0","13","595","176","134","77","21","46","84","27","0","13","0","13","18","29","154","125","127","58","13","21","0","13","27","34","0","13","17","28","2143","699","830","212","0","13","0","13","0","13","33","43","0","13","0","13","219","136","104","101","106","87","153","121","35","39","141","94","39","45","1313","605","283","254","0","13","69","107","74","93","10","20","19","33","166","115","245","160","167","90","40","40","132","93","108","73","0","13",
"1400000US18097380402","Census Tract 3804.02; Marion County; Indiana","5101","863","585","266","106","61","0","18","0","18","11","18","13","21","0","18","0","18","22","34","1","5","37","42","7","11","14","23","1","2","0","18","479","248","0","18","0","18","14","24","23","35","0","18","0","18","38","50","167","131","60","50","8","12","44","53","125","181","0","18","4516","920","1875","417","310","268","25","41","185","120","43","60","0","18","0","18","128","96","423","180","238","198","133","78","153","86","91","52","146","126","2641","611","226","141","47","51","291","207","233","206","44","53","82","70","123","102","746","254","173","212","266","147","176","105","87","57","147","73",
"1400000US18097380403","Census Tract 3804.03; Marion County; Indiana","3502","528","476","261","204","108","0","13","18","29","0","13","0","13","0","13","0","13","19","25","14","23","61","81","17","26","22","26","15","23","38","35","272","202","24","40","15","25","67","66","17","51","0","13","0","13","18","24","32","40","34","39","15","25","21","32","5","9","24","28","3026","527","1562","320","45","48","32","33","149","97","66","55","19","24","72","85","102","68","181","95","263","117","220","106","214","112","151","65","48","38","1464","298","29","41","0","13","100","55","54","51","0","13","58","44","40","43","252","99","251","117","195","71","210","118","185","87","90","56",
"1400000US18097380404","Census Tract 3804.04; Marion County; Indiana","3901","496","392","161","122","64","0","13","0","13","14","23","0","13","0","13","0","13","0","13","0","13","23","36","46","46","30","31","0","13","9","16","270","143","33","53","0","13","15","23","15","23","41","46","0","13","16","24","9","14","25","30","20","23","83","57","0","13","13","16","3509","524","1598","304","121","90","0","13","188","94","105","52","0","13","74","72","101","60","157","65","185","73","140","75","277","141","168","106","82","45","1911","279","83","74","0","13","148","76","80","59","40","46","68","65","47","36","217","115","257","75","209","85","272","111","192","114","298","89",
"1400000US18097380501","Census Tract 3805.01; Marion County; Indiana","2802","652","374","235","146","144","0","13","0","13","0","13","34","54","0","13","0","13","39","62","0","13","53","88","0","13","11","16","9","14","0","13","228","141","0","13","0","13","40","62","0","13","0","13","89","83","47","73","0","13","27","43","25","40","0","13","0","13","0","13","2428","576","1198","296","87","106","0","13","116","98","55","51","0","13","135","90","137","195","193","98","48","49","148","102","76","59","150","63","53","41","1230","307","99","116","0","13","89","72","13","25","27","40","28","40","148","145","147","109","242","120","140","90","191","117","88","77","18","22",
"1400000US18097380502","Census Tract 3805.02; Marion County; Indiana","2975","719","832","371","396","190","133","139","0","13","32","56","26","27","0","13","44","39","80","66","10","17","25","25","20","30","13","20","13","19","0","13","436","213","17","27","0","13","53","55","26","27","0","13","28","29","135","104","10","17","128","141","15","25","5","11","19","18","0","13","2143","646","1083","407","158","212","0","13","0","13","18","28","0","13","0","13","72","60","464","245","144","84","97","62","55","42","62","47","13","21","1060","283","49","69","9","15","53","50","0","13","0","13","14","22","109","71","368","229","46","36","95","62","211","69","48","42","58","42",
"1400000US18097380600","Census Tract 3806; Marion County; Indiana","4863","1280","601","269","214","172","0","13","0","13","18","29","0","13","0","13","0","13","86","123","14","39","1","3","82","96","0","13","13","22","0","13","387","228","27","43","0","13","21","33","0","13","0","13","0","13","124","159","43","58","0","13","0","13","101","139","40","44","31","41","4262","1295","1951","610","48","101","0","13","298","218","23","40","25","43","10","53","184","229","239","128","589","442","90","84","289","134","156","85","0","13","2311","749","241","296","34","52","21","32","67","72","0","13","238","268","231","215","211","136","404","311","435","303","219","118","160","126","50","48",
"1400000US18097380700","Census Tract 3807; Marion County; Indiana","6773","912","1440","874","991","606","0","18","0","18","251","280","36","63","106","144","104","141","175","192","125","148","34","61","31","40","129","197","0","18","0","18","449","299","0","18","0","18","16","29","31","54","21","41","0","18","119","84","0","18","199","247","12","23","20","32","25","40","6","16","5333","636","2540","425","99","132","128","126","253","167","252","113","31","51","35","58","192","131","328","172","537","157","284","113","149","101","170","126","82","60","2793","607","296","160","19","49","283","159","117","118","0","18","50","59","493","236","359","173","202","126","306","130","262","136","270","91","136","85",
"1400000US18097380800","Census Tract 3808; Marion County; Indiana","2977","543","487","233","171","116","0","13","0","13","11","19","16","25","28","30","28","30","0","13","12","20","0","13","51","55","25","37","0","13","0","13","316","132","17","27","57","46","51","43","0","13","0","13","0","13","0","13","47","52","75","48","12","18","28","28","29","36","0","13","2490","590","1371","356","71","70","12","22","156","159","25","33","8","15","44","65","169","96","146","74","119","63","161","78","303","240","88","50","69","52","1119","273","52","71","0","13","28","40","39","43","17","30","13","21","112","73","82","55","148","80","136","65","323","250","139","62","30","26",
"1400000US18097380901","Census Tract 3809.01; Marion County; Indiana","5110","691","136","97","88","78","0","18","0","18","0","18","0","18","0","18","0","18","10","16","0","18","12","20","38","41","28","34","0","18","0","18","48","59","0","18","0","18","0","18","0","18","0","18","0","18","0","18","3","5","1","5","44","58","0","18","0","18","0","18","4974","695","2460","419","128","73","0","18","298","167","55","55","12","18","28","35","130","82","295","153","473","216","257","104","376","101","257","93","151","54","2514","380","221","166","28","30","233","79","48","59","23","27","66","58","139","82","344","177","287","100","346","96","321","89","261","67","197","68",
"1400000US18097380902","Census Tract 3809.02; Marion County; Indiana","6191","689","504","398","170","201","0","18","0","18","0","18","0","18","0","18","0","18","0","18","0","18","0","18","0","18","125","142","45","71","0","18","334","281","0","18","0","18","0","18","0","18","0","18","0","18","96","87","78","126","37","60","0","18","108","119","15","23","0","18","5687","644","3033","401","85","93","36","42","315","166","90","75","0","18","129","106","225","155","377","194","308","105","358","214","438","132","303","101","369","221","2654","357","35","57","68","74","112","88","114","117","37","43","0","18","69","80","402","147","247","120","356","154","542","229","333","103","339","223",
"1400000US18097381002","Census Tract 3810.02; Marion County; Indiana","3808","879","162","202","15","13","0","13","0","13","0","13","0","13","0","13","0","13","0","13","0","13","0","13","3","5","3","4","7","11","2","4","147","201","0","13","0","13","0","13","0","13","0","13","0","13","131","201","0","13","0","13","5","7","4","5","7","11","0","13","3646","865","1733","240","32","31","58","38","196","68","29","30","21","20","38","32","145","99","169","57","298","179","263","87","194","80","184","45","106","52","1913","690","244","243","22","29","200","231","81","65","14","22","25","29","72","45","291","214","227","47","227","65","214","56","185","49","111","59",
"1400000US18097381003","Census Tract 3810.03; Marion County; Indiana","3623","361","634","275","278","141","67","55","4","8","26","30","20","31","0","13","0","13","0","13","74","56","33","36","27","36","0","13","27","43","0","13","356","154","41","33","0","13","55","48","18","27","0","13","5","7","55","41","85","60","31","27","4","6","7","12","46","52","9","12","2989","340","1584","229","165","100","0","13","88","41","87","47","95","119","10","10","235","72","238","107","130","45","206","70","128","43","108","44","94","35","1405","224","74","48","7","11","112","56","46","24","13","13","56","69","186","144","210","103","240","136","100","42","146","80","137","44","78","36",
"1400000US18097381004","Census Tract 3810.04; Marion County; Indiana","4121","713","1275","544","415","252","75","83","0","13","0","13","0","13","31","47","0","13","73","60","95","143","48","73","34","47","15","25","25","30","19","30","860","376","245","229","25","43","45","67","0","13","0","13","0","13","189","153","36","44","119","160","27","46","147","200","27","32","0","13","2846","668","1477","311","37","54","11","22","159","140","82","80","81","68","123","90","229","150","247","119","144","91","142","136","162","62","29","40","31","35","1369","420","53","72","0","13","46","51","29","48","0","13","15","24","300","270","277","167","212","146","158","71","37","50","170","102","72","49",
"1400000US18097381101","Census Tract 3811.01; Marion County; Indiana","6134","911","88","97","25","43","0","18","0","18","0","18","0","18","0","18","0","18","0","18","25","43","0","18","0","18","0","18","0","18","0","18","63","72","0","18","0","18","0","18","0","18","0","18","0","18","0","18","15","29","0","18","0","18","0","18","12","21","36","62","6046","901","2985","517","267","168","0","18","184","100","110","96","159","134","59","72","337","204","311","185","395","152","273","116","441","298","276","108","173","82","3061","550","115","66","24","39","324","200","55","88","53","66","69","62","136","92","379","162","368","181","209","106","502","145","270","97","557","275",
"1400000US18097381102","Census Tract 3811.02; Marion County; Indiana","7235","911","680","405","414","288","82","118","39","58","0","18","2","11","0","18","0","18","0","18","13","26","92","95","0","18","0","18","186","123","0","18","266","225","54","80","0","18","0","18","0","18","0","18","0","18","0","18","86","94","0","18","0","18","73","72","17","26","36","53","6555","855","3458","635","357","292","0","18","486","350","187","146","134","136","157","139","213","182","367","160","442","131","439","170","447","226","205","86","24","30","3097","451","136","92","81","122","239","182","113","85","0","18","110","106","113","106","259","118","735","201","600","365","308","112","255","97","148","79",
"1400000US18097381203","Census Tract 3812.03; Marion County; Indiana","3047","513","586","430","271","249","10","22","5","20","104","104","0","13","0","13","77","99","11","16","4","18","41","49","14","24","0","13","5","9","0","13","315","197","6","22","0","13","50","54","41","52","67","53","0","13","0","13","43","48","68","53","32","38","0","13","8","13","0","13","2461","653","1383","441","110","92","0","13","172","174","91","82","92","94","41","60","68","62","371","208","188","100","84","71","64","94","79","64","23","22","1078","288","102","65","0","13","90","96","48","56","0","13","7","18","129","77","164","135","162","103","173","131","106","81","61","42","36","30",
"1400000US18097381204","Census Tract 3812.04; Marion County; Indiana","2753","502","310","158","162","92","25","29","0","13","0","13","0","13","0","13","0","13","26","30","12","19","17","29","12","20","29","34","30","45","11","17","148","89","27","34","13","21","0","13","0","13","0","13","0","13","30","30","0","13","14","25","0","13","31","33","22","24","11","16","2443","530","1043","382","43","36","44","36","63","41","0","13","12","21","0","13","109","50","365","261","152","107","65","52","62","43","83","67","45","35","1400","252","76","66","0","13","51","34","10","17","0","13","0","13","109","128","235","116","108","59","74","96","178","108","185","65","374","101",
"1400000US18097381205","Census Tract 3812.05; Marion County; Indiana","7656","1010","1451","686","599","309","75","107","0","18","188","119","0","18","0","18","0","18","57","55","49","77","184","166","21","35","9","15","0","18","16","28","852","465","349","295","0","18","73","91","0","18","0","18","18","29","50","49","114","108","88","60","25","31","24","26","80","82","31","38","6205","891","2581","539","230","155","12","23","149","99","18","37","0","18","22","39","419","274","607","212","430","154","340","162","175","95","97","87","82","63","3624","539","186","119","92","94","454","261","359","164","0","18","78","83","252","135","753","249","432","160","319","151","342","164","152","73","205","83",
"1400000US18097381206","Census Tract 3812.06; Marion County; Indiana","4215","703","445","239","210","114","0","13","0","13","21","28","68","45","22","30","13","22","17","20","0","13","35","37","24","29","0","13","10","15","0","13","235","138","0","13","0","13","9","16","65","42","0","13","46","62","0","13","42","53","32","33","0","13","10","16","20","22","11","18","3770","714","1791","476","94","86","18","25","98","78","62","50","18","28","40","54","154","115","322","112","352","233","215","90","127","67","215","64","76","51","1979","367","109","74","0","13","167","160","62","68","0","13","0","13","131","80","282","138","190","154","270","111","265","115","314","95","189","82",
"1400000US18097381207","Census Tract 3812.07; Marion County; Indiana","4406","1380","194","207","78","90","0","13","0","13","32","49","0","13","0","13","0","13","0","13","30","42","9","18","0","13","0","13","7","13","0","13","116","122","24","35","0","13","29","42","0","13","0","13","0","13","0","13","29","43","0","13","0","13","0","13","22","26","12","18","4212","1383","1966","571","126","78","37","40","150","84","12","19","35","39","27","32","151","136","212","135","469","370","138","67","356","262","107","50","146","79","2246","906","222","201","0","13","574","380","12","22","6","10","82","92","96","80","132","69","406","321","278","141","133","67","155","77","150","66",
"1400000US18097390102","Census Tract 3901.02; Marion County; Indiana","5309","1046","786","463","225","129","0","18","48","83","109","81","48","83","0","18","0","18","0","18","0","18","0","18","0","18","20","33","0","18","0","18","561","377","198","196","0","18","0","18","49","84","0","18","0","18","28","43","197","113","42","74","0","18","15","25","14","24","18","31","4523","1079","1798","421","67","103","0","18","170","181","162","122","0","18","0","18","211","169","222","141","330","89","171","103","156","71","177","115","132","155","2725","809","0","18","0","18","328","186","97","98","0","18","83","77","150","122","409","142","559","632","107","78","323","127","390","247","279","172",
"1400000US18097390103","Census Tract 3901.03; Marion County; Indiana","3248","378","127","202","127","202","0","13","0","13","0","13","0","13","0","13","0","13","5","12","0","13","0","13","0","13","122","200","0","13","0","13","0","13","0","13","0","13","0","13","0","13","0","13","0","13","0","13","0","13","0","13","0","13","0","13","0","13","0","13","3121","328","1525","275","188","146","0","13","129","83","42","39","0","13","67","75","8","15","237","121","270","87","201","148","167","85","131","52","85","41","1596","220","101","87","0","13","110","78","38","58","81","105","92","84","52","46","206","102","225","77","193","106","187","92","177","50","134","172",
"1400000US18097390104","Census Tract 3901.04; Marion County; Indiana","7380","918","821","442","397","241","0","18","0","18","0","18","0","18","0","18","93","104","253","201","0","18","0","18","31","49","0","18","20","34","0","18","424","267","0","18","0","18","74","119","97","111","0","18","0","18","40","59","0","18","112","108","0","18","66","61","35","40","0","18","6559","1038","3110","567","278","206","177","162","252","190","108","83","0","18","23","47","189","123","425","204","482","148","329","168","569","261","251","104","27","40","3449","578","45","71","34","55","587","227","97","72","82","90","145","108","344","166","392","157","395","150","451","153","452","295","332","232","93","67",
"1400000US18097390200","Census Tract 3902; Marion County; Indiana","6704","679","368","277","93","103","21","34","12","20","4","23","16","28","0","18","4","22","0","18","2","4","32","38","2","5","0","18","0","18","0","18","275","230","19","33","45","67","17","29","0","18","0","18","0","18","4","23","120","154","47","57","0","18","0","18","23","38","0","18","6336","748","3255","446","217","124","18","31","395","190","175","95","56","82","82","64","262","144","631","352","507","163","333","117","304","160","233","103","42","48","3081","401","184","113","45","42","286","134","112","81","51","44","81","71","89","71","682","346","390","129","360","113","516","221","228","98","57","49",
"1400000US18097390300","Census Tract 3903; Marion County; Indiana","7413","1025","841","294","389","194","83","36","0","18","83","45","60","29","0","18","0","18","35","42","23","39","66","93","27","42","12","19","0","18","0","18","452","181","78","34","0","18","0","18","0","18","0","18","0","18","78","126","67","32","55","53","0","18","76","89","79","88","19","28","6572","1053","3680","687","492","229","0","18","336","135","253","132","0","18","147","81","391","220","497","200","327","185","611","201","428","173","139","99","59","58","2892","512","128","79","40","46","281","143","196","102","0","18","76","80","156","143","372","146","463","162","377","192","482","203","190","95","131","120",
"1400000US18097390405","Census Tract 3904.05; Marion County; Indiana","3857","481","117","118","2","5","0","13","0","13","0","13","0","13","0","13","0","13","0","13","1","3","0","13","1","3","0","13","0","13","0","13","115","118","0","13","0","13","0","13","0","13","0","13","0","13","90","111","0","13","0","13","0","13","0","13","25","40","0","13","3740","481","1713","351","95","109","55","49","167","100","33","48","0","13","0","13","121","137","411","210","312","169","133","79","156","74","129","85","101","96","2027","341","92","79","57","57","57","57","35","52","3","19","2","5","111","75","538","225","408","173","168","86","188","115","301","119","67","78",
"1400000US18097390406","Census Tract 3904.06; Marion County; Indiana","7046","1172","294","225","187","157","0","18","0","18","34","54","17","26","0","18","0","18","0","18","0","18","0","18","136","119","0","18","0","18","0","18","107","92","0","18","0","18","56","70","0","18","0","18","12","20","0","18","0","18","16","26","0","18","10","15","0","18","13","21","6752","1154","3760","743","163","118","33","36","502","282","399","315","136","103","332","164","353","189","318","167","438","158","432","192","358","158","160","77","136","83","2992","570","330","234","45","44","256","145","83","93","0","18","161","96","88","79","433","255","410","242","497","242","325","144","264","111","100","64",
"1400000US18097390407","Census Tract 3904.07; Marion County; Indiana","6644","844","481","478","180","175","20","30","21","32","21","32","0","18","0","18","0","18","58","83","0","18","0","18","48","69","12","20","0","18","0","18","301","311","0","18","0","18","22","33","59","83","17","27","55","78","59","76","19","28","0","18","50","72","11","18","0","18","9","14","6163","863","3250","469","251","207","31","34","265","106","252","105","43","43","148","100","257","174","134","76","460","143","633","166","439","103","290","170","47","38","2913","455","138","82","47","54","294","205","136","72","58","54","105","124","88","55","94","58","549","121","485","151","412","160","294","173","213","138",
"1400000US18097390408","Census Tract 3904.08; Marion County; Indiana","5537","641","581","413","268","167","81","73","36","49","18","30","0","18","0","18","20","25","8","14","74","66","0","18","23","37","0","18","8","12","0","18","313","271","52","69","48","70","58","72","0","18","52","76","0","18","17","24","41","60","14","24","8","15","0","18","23","27","0","18","4956","720","2433","351","108","75","37","59","157","97","145","89","28","38","117","73","154","90","268","103","362","88","372","117","378","228","158","63","149","86","2523","451","181","121","37","53","150","122","121","97","182","190","171","128","202","103","199","98","308","96","452","99","268","167","200","73","52","36",
"1400000US18097390409","Census Tract 3904.09; Marion County; Indiana","7071","652","210","216","101","107","15","31","0","18","28","45","0","18","0","18","0","18","0","18","0","18","40","49","0","18","0","18","0","18","18","29","109","114","10","22","0","18","42","50","0","18","0","18","0","18","19","33","38","47","0","18","0","18","0","18","0","18","0","18","6861","656","3117","370","201","106","0","18","282","133","200","138","0","18","76","104","109","94","482","178","553","168","286","179","549","119","257","85","122","80","3744","630","369","139","76","84","300","210","68","82","26","45","82","97","213","126","531","209","777","523","327","163","530","107","235","95","210","102",
"1400000US18097390410","Census Tract 3904.10; Marion County; Indiana","1855","245","39","45","14","22","0","13","0","13","0","13","0","13","0","13","0","13","0","13","14","22","0","13","0","13","0","13","0","13","0","13","25","24","0","13","0","13","0","13","0","13","0","13","0","13","20","23","0","13","0","13","0","13","0","13","0","13","5","9","1816","248","904","196","60","32","0","13","92","78","18","19","6","10","24","25","99","51","84","47","63","32","164","98","137","65","60","34","97","33","912","103","12","21","0","13","37","27","31","27","32","44","45","32","65","34","130","62","118","34","137","44","113","60","143","40","49","36",
"1400000US18097390411","Census Tract 3904.11; Marion County; Indiana","3967","580","493","440","119","114","0","13","0","13","0","13","0","13","0","13","22","35","0","13","80","109","1","3","16","27","0","13","0","13","0","13","374","331","83","115","0","13","77","108","19","33","0","13","46","68","0","13","83","98","20","31","32","39","0","13","0","13","14","24","3474","584","1753","370","138","116","48","72","297","182","49","53","75","65","40","38","47","47","108","70","400","177","104","64","273","110","97","60","77","55","1721","277","85","104","0","13","134","96","35","47","60","47","8","14","83","66","156","89","360","116","208","105","214","105","259","142","119","61",
"1400000US18097390500","Census Tract 3905; Marion County; Indiana","2550","498","607","329","393","259","83","122","0","13","30","38","0","13","0","13","0","13","0","13","103","117","30","49","78","65","0","13","52","56","17","19","214","163","27","45","0","13","25","41","26","41","0","13","0","13","40","50","42","39","18","31","0","13","13","21","13","22","10","16","1943","466","950","346","53","56","0","13","81","70","19","34","0","13","154","189","22","33","74","61","226","145","58","58","165","94","77","59","21","21","993","235","35","43","0","13","31","44","108","96","63","54","87","47","37","53","94","91","121","72","77","60","183","106","134","74","23","39",
"1400000US18097390601","Census Tract 3906.01; Marion County; Indiana","1749","606","223","133","79","77","40","57","0","13","0","13","0","13","0","13","0","13","7","11","0","13","0","13","0","13","32","54","0","13","0","13","144","79","0","13","0","13","0","13","0","13","0","13","0","13","116","79","0","13","0","13","28","44","0","13","0","13","0","13","1526","612","604","173","16","24","0","13","14","24","0","13","0","13","27","28","202","126","85","116","72","61","62","46","6","11","92","62","28","19","922","604","9","13","0","13","0","13","14","21","0","13","22","36","284","270","309","315","82","59","55","39","67","60","72","52","8","13",
"1400000US18097390602","Census Tract 3906.02; Marion County; Indiana","3541","375","232","161","99","101","0","13","0","13","0","13","0","13","0","13","0","13","0","13","48","74","0","13","0","13","6","13","0","13","45","71","133","82","0","13","0","13","0","13","0","13","0","13","0","13","15","25","0","13","0","13","6","15","35","33","44","57","33","35","3309","371","1534","426","72","73","0","13","99","76","66","87","0","13","0","13","274","198","520","283","84","60","110","62","61","59","117","71","131","93","1775","348","20","33","0","13","168","154","27","33","0","13","29","35","233","249","346","202","240","105","82","55","194","51","173","75","263","106",
"1400000US18097390700","Census Tract 3907; Marion County; Indiana","4468","913","712","537","192","147","0","13","0","13","100","126","16","31","15","28","0","13","2","11","10","18","11","12","8","12","27","31","3","6","0","13","520","411","76","108","61","89","78","102","0","13","0","13","57","83","0","13","108","112","33","48","25","37","13","24","69","85","0","13","3756","991","2235","815","29","39","145","110","428","340","215","289","0","13","0","13","216","84","102","58","264","139","265","128","345","281","138","103","88","97","1521","398","121","111","75","90","26","44","177","117","39","53","0","13","161","87","276","198","274","147","157","86","123","71","66","58","26","29",
"1400000US18097390801","Census Tract 3908.01; Marion County; Indiana","0","13","0","13","0","13","0","13","0","13","0","13","0","13","0","13","0","13","0","13","0","13","0","13","0","13","0","13","0","13","0","13","0","13","0","13","0","13","0","13","0","13","0","13","0","13","0","13","0","13","0","13","0","13","0","13","0","13","0","13","0","13","0","13","0","13","0","13","0","13","0","13","0","13","0","13","0","13","0","13","0","13","0","13","0","13","0","13","0","13","0","13","0","13","0","13","0","13","0","13","0","13","0","13","0","13","0","13","0","13","0","13","0","13","0","13","0","13",
"1400000US18097390802","Census Tract 3908.02; Marion County; Indiana","4431","719","604","302","388","221","44","74","0","13","33","51","0","13","0","13","130","106","29","45","38","46","0","13","45","59","51","81","7","12","11","18","216","118","0","13","0","13","0","13","0","13","0","13","0","13","9","15","46","48","74","69","30","47","44","51","13","23","0","13","3827","760","2092","415","194","159","0","13","246","139","75","61","17","29","31","60","206","115","358","154","526","196","218","115","99","62","79","51","43","28","1735","420","108","78","20","32","134","93","40","47","37","65","121","109","110","79","254","166","451","168","208","96","115","60","77","52","60","39",
"1400000US18097390900","Census Tract 3909; Marion County; Indiana","3076","551","512","302","286","233","11","17","0","13","37","48","15","34","15","27","0","13","14","22","154","198","10","17","0","13","7","10","23","28","0","13","226","124","8","12","16","34","0","13","0","13","0","13","0","13","45","71","13","16","41","41","30","34","10","16","18","24","45","35","2564","433","1259","205","103","50","16","22","15","19","15","26","0","13","0","13","90","69","380","164","255","84","95","50","98","50","185","86","7","12","1305","333","89","66","0","13","145","146","0","13","0","13","0","13","77","52","347","142","386","184","85","44","92","51","35","23","49","47",
"1400000US18097391001","Census Tract 3910.01; Marion County; Indiana","923","254","416","208","93","73","12","18","0","13","0","13","0","13","0","13","0","13","34","51","47","43","0","13","0","13","0","13","0","13","0","13","323","185","8","13","0","13","0","13","0","13","0","13","0","13","283","177","18","23","0","13","0","13","14","21","0","13","0","13","507","122","231","84","0","13","0","13","0","13","0","13","0","13","0","13","61","45","99","82","36","30","6","11","21","22","8","9","0","13","276","91","12","10","0","13","0","13","0","13","0","13","0","13","140","78","61","52","40","38","6","10","0","13","9","9","8","9",
"1400000US18097391002","Census Tract 3910.02; Marion County; Indiana","5709","782","1004","334","606","294","0","18","0","18","0","18","0","18","0","18","0","18","281","226","247","135","7","20","0","18","46","45","25","42","0","18","398","182","0","18","0","18","0","18","0","18","0","18","0","18","261","140","137","101","0","18","0","18","0","18","0","18","0","18","4705","702","2257","420","15","25","0","18","0","18","0","18","0","18","0","18","377","162","1043","389","272","157","147","116","313","213","49","60","41","48","2448","559","89","90","0","18","16","28","0","18","0","18","0","18","362","204","1577","514","75","65","56","59","162","147","111","74","0","18",
