"GEO_ID","NAME","B17001_001E","B17001_001M","B17001_002E","B17001_002M","B17001_003E","B17001_003M","B17001_004E","B17001_004M","B17001_005E","B17001_005M","B17001_006E","B17001_006M","B17001_007E","B17001_007M","B17001_008E","B17001_008M","B17001_009E","B17001_009M","B17001_010E","B17001_010M","B17001_011E","B17001_011M","B17001_012E","B17001_012M","B17001_013E","B17001_013M","B17001_014E","B17001_014M","B17001_015E","B17001_015M","B17001_016E","B17001_016M","B17001_017E","B17001_017M","B17001_018E","B17001_018M","B17001_019E","B17001_019M","B17001_020E","B17001_020M","B17001_021E","B17001_021M","B17001_022E","B17001_022M","B17001_023E","B17001_023M","B17001_024E","B17001_024M","B17001_025E","B17001_025M","B17001_026E","B17001_026M","B17001_027E","B17001_027M","B17001_028E","B17001_028M","B17001_029E","B17001_029M","B17001_030E","B17001_030M","B17001_031E","B17001_031M","B17001_032E","B17001_032M","B17001_033E","B17001_033M","B17001_034E","B17001_034M","B17001_035E","B17001_035M","B17001_036E","B17001_036M","B17001_037E","B17001_037M","B17001_038E","B17001_038M","B17001_039E","B17001_039M","B17001_040E","B17001_040M","B17001_041E","B17001_041M","B17001_042E","B17001_042M","B17001_043E","B17001_043M","B17001_044E","B17001_044M","B17001_045E","B17001_045M","B17001_046E","B17001_046M","B17001_047E","B17001_047M","B17001_048E","B17001_048M","B17001_049E","B17001_049M","B17001_050E","B17001_050M","B17001_051E","B17001_051M","B17001_052E","B17001_052M","B17001_053E","B17001_053M","B17001_054E","B17001_054M","B17001_055E","B17001_055M","B17001_056E","B17001_056M","B17001_057E","B17001_057M","B17001_058E","B17001_058M","B17001_059E","B17001_059M",
"Geography","Geographic Area Name","Estimate!!Total:","Margin of Error!!Total:","Estimate!!Total:!!Income in the past 12 months below poverty level:","Margin of Error!!Total:!!Income in the past 12 months below poverty level:","Estimate!!Total:!!Income in the past 12 months below poverty level:!!Male:","Margin of Error!!Total:!!Income in the past 12 months below poverty level:!!Male:","Estimate!!Total:!!Income in the past 12 months below poverty level:!!Male:!!Under 5 years","Margin of Error!!Total:!!Income in the past 12 months below poverty level:!!Male:!!Under 5 years","Estimate!!Total:!!Income in the past 12 months below poverty level:!!Male:!!5 years","Margin of Error!!Total:!!Income in the past 12 months below poverty level:!!Male:!!5 years","Estimate!!Total:!!Income in the past 12 months below poverty level:!!Male:!!6 to 11 years","Margin of Error!!Total:!!Income in the past 12 months below poverty level:!!Male:!!6 to 11 years","Estimate!!Total:!!Income in the past 12 months below poverty level:!!Male:!!12 to 14 years","Margin of Error!!Total:!!Income in the past 12 months below poverty level:!!Male:!!12 to 14 years","Estimate!!Total:!!Income in the past 12 months below poverty level:!!Male:!!15 years","Margin of Error!!Total:!!Income in the past 12 months below poverty level:!!Male:!!15 years","Estimate!!Total:!!Income in the past 12 months below poverty level:!!Male:!!16 and 17 years","Margin of Error!!Total:!!Income in the past 12 months below poverty level:!!Male:!!16 and 17 years","Estimate!!Total:!!Income in the past 12 months below poverty level:!!Male:!!18 to 24 years","Margin of Error!!Total:!!Income in the past 12 months below poverty level:!!Male:!!18 to 24 years","Estimate!!Total:!!Income in the past 12 months below poverty level:!!Male:!!25 to 34 years","Margin of Error!!Total:!!Income in the past 12 months below poverty level:!!Male:!!25 to 34 years","Estimate!!Total:!!Income in the past 12 months below poverty level:!!Male:!!35 to 44 years","Margin of Error!!Total:!!Income in the past 12 months below poverty level:!!Male:!!35 to 44 years","Estimate!!Total:!!Income in the past 12 months below poverty level:!!Male:!!45 to 54 years","Margin of Error!!Total:!!Income in the past 12 months below poverty level:!!Male:!!45 to 54 years","Estimate!!Total:!!Income in the past 12 months below poverty level:!!Male:!!55 to 64 years","Margin of Error!!Total:!!Income in the past 12 months below poverty level:!!Male:!!55 to 64 years","Estimate!!Total:!!Income in the past 12 months below poverty level:!!Male:!!65 to 74 years","Margin of Error!!Total:!!Income in the past 12 months below poverty level:!!Male:!!65 to 74 years","Estimate!!Total:!!Income in the past 12 months below poverty level:!!Male:!!75 years and over","Margin of Error!!Total:!!Income in the past 12 months below poverty level:!!Male:!!75 years and over","Estimate!!Total:!!Income in the past 12 months below poverty level:!!Female:","Margin of Error!!Total:!!Income in the past 12 months below poverty level:!!Female:","Estimate!!Total:!!Income in the past 12 months below poverty level:!!Female:!!Under 5 years","Margin of Error!!Total:!!Income in the past 12 months below poverty level:!!Female:!!Under 5 years","Estimate!!Total:!!Income in the past 12 months below poverty level:!!Female:!!5 years","Margin of Error!!Total:!!Income in the past 12 months below poverty level:!!Female:!!5 years","Estimate!!Total:!!Income in the past 12 months below poverty level:!!Female:!!6 to 11 years","Margin of Error!!Total:!!Income in the past 12 months below poverty level:!!Female:!!6 to 11 years","Estimate!!Total:!!Income in the past 12 months below poverty level:!!Female:!!12 to 14 years","Margin of Error!!Total:!!Income in the past 12 months below poverty level:!!Female:!!12 to 14 years","Estimate!!Total:!!Income in the past 12 months below poverty level:!!Female:!!15 years","Margin of Error!!Total:!!Income in the past 12 months below poverty level:!!Female:!!15 years","Estimate!!Total:!!Income in the past 12 months below poverty level:!!Female:!!16 and 17 years","Margin of Error!!Total:!!Income in the past 12 months below poverty level:!!Female:!!16 and 17 years","Estimate!!Total:!!Income in the past 12 months below poverty level:!!Female:!!18 to 24 years","Margin of Error!!Total:!!Income in the past 12 months below poverty level:!!Female:!!18 to 24 years","Estimate!!Total:!!Income in the past 12 months below poverty level:!!Female:!!25 to 34 years","Margin of Error!!Total:!!Income in the past 12 months below poverty level:!!Female:!!25 to 34 years","Estimate!!Total:!!Income in the past 12 months below poverty level:!!Female:!!35 to 44 years","Margin of Error!!Total:!!Income in the past 12 months below poverty level:!!Female:!!35 to 44 years","Estimate!!Total:!!Income in the past 12 months below poverty level:!!Female:!!45 to 54 years","Margin of Error!!Total:!!Income in the past 12 months below poverty level:!!Female:!!45 to 54 years","Estimate!!Total:!!Income in the past 12 months below poverty level:!!Female:!!55 to 64 years","Margin of Error!!Total:!!Income in the past 12 months below poverty level:!!Female:!!55 to 64 years","Estimate!!Total:!!Income in the past 12 months below poverty level:!!Female:!!65 to 74 years","Margin of Error!!Total:!!Income in the past 12 months below poverty level:!!Female:!!65 to 74 years","Estimate!!Total:!!Income in the past 12 months below poverty level:!!Female:!!75 years and over","Margin of Error!!Total:!!Income in the past 12 months below poverty level:!!Female:!!75 years and over","Estimate!!Total:!!Income in the past 12 months at or above poverty level:","Margin of Error!!Total:!!Income in the past 12 months at or above poverty level:","Estimate!!Total:!!Income in the past 12 months at or above poverty level:!!Male:","Margin of Error!!Total:!!Income in the past 12 months at or above poverty level:!!Male:","Estimate!!Total:!!Income in the past 12 months at or above poverty level:!!Male:!!Under 5 years","Margin of Error!!Total:!!Income in the past 12 months at or above poverty level:!!Male:!!Under 5 years","Estimate!!Total:!!Income in the past 12 months at or above poverty level:!!Male:!!5 years","Margin of Error!!Total:!!Income in the past 12 months at or above poverty level:!!Male:!!5 years","Estimate!!Total:!!Income in the past 12 months at or above poverty level:!!Male:!!6 to 11 years","Margin of Error!!Total:!!Income in the past 12 months at or above poverty level:!!Male:!!6 to 11 years","Estimate!!Total:!!Income in the past 12 months at or above poverty level:!!Male:!!12 to 14 years","Margin of Error!!Total:!!Income in the past 12 months at or above poverty level:!!Male:!!12 to 14 years","Estimate!!Total:!!Income in the past 12 months at or above poverty level:!!Male:!!15 years","Margin of Error!!Total:!!Income in the past 12 months at or above poverty level:!!Male:!!15 years","Estimate!!Total:!!Income in the past 12 months at or above poverty level:!!Male:!!16 and 17 years","Margin of Error!!Total:!!Income in the past 12 months at or above poverty level:!!Male:!!16 and 17 years","Estimate!!Total:!!Income in the past 12 months at or above poverty level:!!Male:!!18 to 24 years","Margin of Error!!Total:!!Income in the past 12 months at or above poverty level:!!Male:!!18 to 24 years","Estimate!!Total:!!Income in the past 12 months at or above poverty level:!!Male:!!25 to 34 years","Margin of Error!!Total:!!Income in the past 12 months at or above poverty level:!!Male:!!25 to 34 years","Estimate!!Total:!!Income in the past 12 months at or above poverty level:!!Male:!!35 to 44 years","Margin of Error!!Total:!!Income in the past 12 months at or above poverty level:!!Male:!!35 to 44 years","Estimate!!Total:!!Income in the past 12 months at or above poverty level:!!Male:!!45 to 54 years","Margin of Error!!Total:!!Income in the past 12 months at or above poverty level:!!Male:!!45 to 54 years","Estimate!!Total:!!Income in the past 12 months at or above poverty level:!!Male:!!55 to 64 years","Margin of Error!!Total:!!Income in the past 12 months at or above poverty level:!!Male:!!55 to 64 years","Estimate!!Total:!!Income in the past 12 months at or above poverty level:!!Male:!!65 to 74 years","Margin of Error!!Total:!!Income in the past 12 months at or above poverty level:!!Male:!!65 to 74 years","Estimate!!Total:!!Income in the past 12 months at or above poverty level:!!Male:!!75 years and over","Margin of Error!!Total:!!Income in the past 12 months at or above poverty level:!!Male:!!75 years and over","Estimate!!Total:!!Income in the past 12 months at or above poverty level:!!Female:","Margin of Error!!Total:!!Income in the past 12 months at or above poverty level:!!Female:","Estimate!!Total:!!Income in the past 12 months at or above poverty level:!!Female:!!Under 5 years","Margin of Error!!Total:!!Income in the past 12 months at or above poverty level:!!Female:!!Under 5 years","Estimate!!Total:!!Income in the past 12 months at or above poverty level:!!Female:!!5 years","Margin of Error!!Total:!!Income in the past 12 months at or above poverty level:!!Female:!!5 years","Estimate!!Total:!!Income in the past 12 months at or above poverty level:!!Female:!!6 to 11 years","Margin of Error!!Total:!!Income in the past 12 months at or above poverty level:!!Female:!!6 to 11 years","Estimate!!Total:!!Income in the past 12 months at or above poverty level:!!Female:!!12 to 14 years","Margin of Error!!Total:!!Income in the past 12 months at or above poverty level:!!Female:!!12 to 14 years","Estimate!!Total:!!Income in the past 12 months at or above poverty level:!!Female:!!15 years","Margin of Error!!Total:!!Income in the past 12 months at or above poverty level:!!Female:!!15 years","Estimate!!Total:!!Income in the past 12 months at or above poverty level:!!Female:!!16 and 17 years","Margin of Error!!Total:!!Income in the past 12 months at or above poverty level:!!Female:!!16 and 17 years","Estimate!!Total:!!Income in the past 12 months at or above poverty level:!!Female:!!18 to 24 years","Margin of Error!!Total:!!Income in the past 12 months at or above poverty level:!!Female:!!18 to 24 years","Estimate!!Total:!!Income in the past 12 months at or above poverty level:!!Female:!!25 to 34 years","Margin of Error!!Total:!!Income in the past 12 months at or above poverty level:!!Female:!!25 to 34 years","Estimate!!Total:!!Income in the past 12 months at or above poverty level:!!Female:!!35 to 44 years","Margin of Error!!Total:!!Income in the past 12 months at or above poverty level:!!Female:!!35 to 44 years","Estimate!!Total:!!Income in the past 12 months at or above poverty level:!!Female:!!45 to 54 years","Margin of Error!!Total:!!Income in the past 12 months at or above poverty level:!!Female:!!45 to 54 years","Estimate!!Total:!!Income in the past 12 months at or above poverty level:!!Female:!!55 to 64 years","Margin of Error!!Total:!!Income in the past 12 months at or above poverty level:!!Female:!!55 to 64 years","Estimate!!Total:!!Income in the past 12 months at or above poverty level:!!Female:!!65 to 74 years","Margin of Error!!Total:!!Income in the past 12 months at or above poverty level:!!Female:!!65 to 74 years","Estimate!!Total:!!Income in the past 12 months at or above poverty level:!!Female:!!75 years and over","Margin of Error!!Total:!!Income in the past 12 months at or above poverty level:!!Female:!!75 years and over",
"1400000US18097310104","Census Tract 3101.04, Marion County, Indiana","3013","603","360","165","210","119","0","12","0","12","0","12","0","12","0","12","0","12","0","12","40","60","0","12","14","23","27","31","0","12","129","104","150","95","0","12","0","12","0","12","0","12","0","12","0","12","32","47","0","12","0","12","0","12","70","71","16","26","32","38","2653","564","872","198","0","12","0","12","0","12","57","88","0","12","7","12","102","78","324","142","104","86","53","47","76","55","60","53","89","49","1781","490","90","77","0","12","27","43","22","37","0","12","46","52","191","152","301","133","135","77","306","279","189","99","148","68","326","296",
"1400000US18097310105","Census Tract 3101.05, Marion County, Indiana","3911","574","396","229","86","61","11","22","0","12","0","12","0","12","0","12","0","12","25","37","35","51","0","12","0","12","4","6","0","12","11","18","310","239","0","12","0","12","0","12","0","12","0","12","0","12","95","115","95","117","1","2","0","12","22","23","28","33","69","68","3515","413","1827","372","120","71","53","43","182","69","111","112","48","50","53","41","37","30","412","291","271","81","257","92","143","55","85","44","55","52","1688","233","121","86","8","13","119","67","56","49","0","12","27","25","149","76","231","112","270","84","292","91","172","65","195","55","48","46",
"1400000US18097310106","Census Tract 3101.06, Marion County, Indiana","4117","648","391","295","90","77","0","12","0","12","24","39","0","12","0","12","0","12","20","32","0","12","33","54","0","12","0","12","13","21","0","12","301","261","0","12","0","12","30","46","45","74","0","12","47","78","109","118","22","35","12","20","36","60","0","12","0","12","0","12","3726","654","1340","349","115","143","46","72","29","54","25","53","0","12","0","12","195","143","492","233","39","38","118","94","146","81","35","39","100","63","2386","507","201","150","0","12","90","77","69","47","0","12","0","12","277","146","488","197","299","142","136","82","223","122","27","39","576","431",
"1400000US18097310108","Census Tract 3101.08, Marion County, Indiana","3719","569","182","85","62","38","0","12","0","12","4","8","19","22","0","12","0","12","0","12","16","19","3","6","0","12","0","12","0","12","20","20","120","60","0","12","0","12","3","7","0","12","0","12","15","19","30","36","26","30","13","16","0","12","15","18","15","17","3","5","3537","559","1872","337","71","62","0","12","239","188","28","25","15","16","3","5","94","59","147","71","229","75","233","97","304","64","440","244","69","31","1665","264","82","68","3","6","36","35","29","40","4","7","11","9","92","58","163","73","234","111","166","50","417","84","365","229","63","46",
"1400000US18097310110","Census Tract 3101.10, Marion County, Indiana","2681","294","328","174","92","55","0","12","0","12","6","13","0","12","25","39","0","12","0","12","17","20","11","18","24","23","9","13","0","12","0","12","236","138","14","21","0","12","7","16","33","54","6","12","0","12","79","88","36","34","22","39","17","29","17","20","5","8","0","12","2353","282","1080","148","82","45","0","12","110","82","0","12","26","28","15","21","118","79","271","82","149","70","97","48","113","56","57","37","42","36","1273","228","65","38","25","30","21","24","44","42","0","12","0","12","184","118","418","111","135","63","132","54","192","113","57","32","0","12",
"1400000US18097310111","Census Tract 3101.11, Marion County, Indiana","3348","465","517","322","169","115","0","12","0","12","0","12","27","41","34","57","66","74","0","12","15","23","0","12","27","32","0","12","0","12","0","12","348","248","41","45","0","12","0","12","25","40","0","12","0","12","38","62","64","47","41","54","56","63","35","41","0","12","48","54","2831","478","1392","315","98","85","64","68","124","104","96","65","0","12","0","12","90","68","392","222","131","71","83","52","112","53","169","74","33","41","1439","247","57","67","0","12","62","69","0","12","27","40","27","31","193","95","304","127","221","88","154","79","210","80","106","45","78","45",
"1400000US18097310112","Census Tract 3101.12, Marion County, Indiana","7227","1267","293","270","75","80","0","17","0","17","0","17","0","17","0","17","22","37","12","20","0","17","0","17","19","32","0","17","22","36","0","17","218","255","0","17","0","17","0","17","0","17","0","17","0","17","0","17","0","17","162","248","14","24","0","17","42","49","0","17","6934","1152","3367","832","101","83","35","42","111","87","358","287","16","27","171","164","320","319","254","137","427","226","332","142","639","274","439","216","164","70","3567","659","177","123","62","66","174","82","89","84","95","96","129","106","268","144","364","146","278","104","748","427","682","247","231","93","270","110",
"1400000US18097310113","Census Tract 3101.13, Marion County, Indiana","922","170","175","118","60","46","0","12","0","12","0","12","0","12","0","12","0","12","27","21","0","12","0","12","33","27","0","12","0","12","0","12","115","75","0","12","0","12","0","12","0","12","0","12","59","42","1","2","0","12","0","12","51","37","4","4","0","12","0","12","747","142","414","137","27","48","6","14","37","31","18","24","0","12","37","23","27","91","0","12","61","13","57","33","89","50","27","34","28","33","333","58","0","12","0","12","19","25","11","18","0","12","0","12","0","12","0","12","66","14","64","41","101","72","29","37","43","60",
"1400000US18097310201","Census Tract 3102.01, Marion County, Indiana","4261","597","472","322","254","179","48","74","0","12","49","57","0","12","0","12","0","12","90","109","0","12","8","13","33","37","18","29","0","12","8","13","218","180","0","12","34","53","43","65","0","12","0","12","22","38","22","38","0","12","73","75","14","22","0","12","0","12","10","17","3789","551","1805","323","123","81","0","12","131","88","43","40","9","14","102","85","141","82","317","151","189","65","341","134","174","70","193","173","42","29","1984","367","171","83","0","12","215","109","33","40","13","20","103","114","189","108","276","94","249","93","271","124","197","87","143","74","124","83",
"1400000US18097310203","Census Tract 3102.03, Marion County, Indiana","5104","831","289","212","72","69","0","17","0","17","0","17","18","33","19","30","0","17","12","22","15","24","0","17","0","17","0","17","0","17","8","13","217","163","22","38","0","17","0","17","57","76","0","17","18","34","0","17","16","25","0","17","54","55","47","51","0","17","3","5","4815","814","2375","478","180","123","153","101","149","139","56","89","50","80","61","85","136","121","472","166","477","189","192","120","163","82","110","62","176","136","2440","580","199","154","0","17","270","226","81","100","0","17","78","110","19","34","395","143","506","221","189","110","129","71","206","108","368","243",
"1400000US18097310204","Census Tract 3102.04, Marion County, Indiana","5765","1093","936","349","283","129","57","50","0","17","25","28","9","18","0","17","30","47","17","22","29","34","25","28","9","14","67","63","0","17","15","19","653","276","68","92","0","17","14","23","13","21","27","37","80","109","81","89","42","40","95","83","81","69","82","53","57","40","13","22","4829","1144","2515","666","72","62","0","17","80","62","347","291","48","43","111","76","310","159","257","117","390","153","487","241","317","120","75","37","21","25","2314","587","129","85","0","17","96","66","58","59","68","52","96","78","497","334","213","128","344","134","440","168","236","82","127","51","10","20",
"1400000US18097310305","Census Tract 3103.05, Marion County, Indiana","5018","785","576","318","105","150","31","50","0","17","10","18","7","33","0","17","6","28","2","21","10","44","14","34","25","39","0","17","0","17","0","17","471","230","46","76","19","41","0","17","0","17","0","17","0","17","93","81","174","139","96","98","6","28","22","34","15","24","0","17","4442","818","2206","435","86","86","0","17","223","139","170","130","63","105","0","17","367","188","170","109","331","165","294","169","334","138","150","78","18","31","2236","592","188","150","0","17","208","204","0","17","0","17","93","138","202","119","487","204","252","169","269","139","218","100","221","107","98","61",
"1400000US18097310306","Census Tract 3103.06, Marion County, Indiana","7431","1708","1795","711","782","404","97","125","64","98","132","117","48","64","0","17","0","17","182","286","57","66","65","69","30","41","92","97","15","23","0","17","1013","421","99","114","137","145","73","78","35","57","43","70","74","109","2","4","187","155","183","139","52","81","92","98","20","33","16","26","5636","1754","2567","754","48","65","55","91","345","264","242","179","42","38","192","221","234","153","360","175","436","248","245","173","243","131","56","48","69","79","3069","1099","620","489","53","87","149","166","92","86","13","22","119","148","267","220","353","274","455","239","471","275","170","97","244","119","63","62",
"1400000US18097310308","Census Tract 3103.08, Marion County, Indiana","3244","624","310","260","96","89","14","20","13","20","0","12","0","12","0","12","0","12","0","12","20","37","12","17","29","47","8","16","0","12","0","12","214","240","0","12","0","12","17","23","0","12","0","12","0","12","0","12","104","166","38","40","45","73","0","12","10","15","0","12","2934","534","1340","283","75","82","14","29","84","81","86","76","0","12","111","93","178","95","297","214","99","52","213","87","106","40","50","29","27","37","1594","423","106","106","0","12","156","108","88","98","42","52","8","16","227","161","270","146","127","86","223","102","214","75","55","33","78","63",
"1400000US18097310309","Census Tract 3103.09, Marion County, Indiana","3646","493","420","224","228","175","0","12","0","12","0","12","8","13","14","31","22","34","67","72","31","52","0","12","0","12","86","77","0","12","0","12","192","100","0","12","0","12","0","12","0","12","18","33","0","12","7","12","0","12","22","32","24","38","64","58","57","51","0","12","3226","500","1559","311","299","163","95","105","96","142","101","111","0","12","61","89","183","163","268","154","234","120","26","31","131","74","35","22","30","29","1667","323","175","156","0","12","142","107","108","86","50","72","34","38","69","72","510","187","195","115","172","92","147","84","32","29","33","31",
"1400000US18097310310","Census Tract 3103.10, Marion County, Indiana","5473","936","381","299","55","55","6","13","0","17","10","23","0","17","0","17","0","17","0","17","11","17","6","10","10","16","12","18","0","17","0","17","326","298","0","17","0","17","19","24","0","17","0","17","0","17","20","34","234","290","0","17","36","37","0","17","17","27","0","17","5092","873","2299","569","167","83","37","33","172","113","60","58","28","39","163","144","348","248","345","181","258","95","249","83","169","63","272","162","31","44","2793","556","283","147","0","17","126","89","108","68","41","63","83","77","239","95","442","142","313","87","271","84","303","83","166","122","418","357",
"1400000US18097310311","Census Tract 3103.11, Marion County, Indiana","6794","1210","889","817","343","248","0","17","0","17","93","124","72","107","0","17","55","59","14","18","17","26","26","31","19","23","16","22","31","36","0","17","546","581","156","227","50","73","90","133","14","22","0","17","0","17","40","61","42","65","64","68","36","43","54","81","0","17","0","17","5905","835","2780","529","182","91","57","40","272","124","145","101","70","64","82","57","315","176","470","306","353","108","260","92","308","98","174","58","92","92","3125","411","304","122","25","42","161","118","198","107","22","25","124","86","115","77","586","267","520","123","351","127","417","103","140","53","162","112",
"1400000US18097310312","Census Tract 3103.12, Marion County, Indiana","6664","769","1456","789","291","242","0","17","0","17","58","95","58","95","0","17","0","17","5","12","47","80","111","130","12","18","0","17","0","17","0","17","1165","673","211","173","0","17","205","219","145","164","0","17","0","17","331","257","77","85","102","96","17","25","0","17","77","74","0","17","5208","852","2299","505","195","199","67","104","237","128","160","144","0","17","31","51","348","282","306","222","532","186","121","96","214","94","68","92","20","34","2909","637","102","156","11","23","567","366","40","59","0","17","0","17","93","144","486","227","434","220","413","228","488","193","102","84","173","120",
"1400000US18097320105","Census Tract 3201.05, Marion County, Indiana","3874","486","556","351","278","196","25","43","0","12","34","45","56","59","0","12","0","12","0","12","26","42","46","54","55","55","0","12","3","10","33","41","278","199","60","78","14","21","50","49","0","12","0","12","0","12","17","29","31","49","91","67","0","12","0","12","3","10","12","22","3318","495","1357","278","62","69","46","69","106","91","62","72","11","23","29","39","87","66","210","118","246","160","139","92","169","91","104","66","86","60","1961","371","232","193","0","12","97","76","0","12","11","26","0","12","116","101","446","158","170","125","197","123","265","83","286","120","141","68",
"1400000US18097320106","Census Tract 3201.06, Marion County, Indiana","3613","1761","446","273","161","90","10","17","0","12","0","12","0","12","40","47","0","12","21","26","0","12","0","12","0","12","90","67","0","12","0","12","285","201","0","12","55","63","0","12","55","63","0","12","0","12","6","10","0","12","9","15","47","46","67","66","0","12","46","49","3167","1781","1459","828","107","80","44","64","338","433","37","30","20","29","0","12","43","40","475","395","77","53","29","28","110","65","74","56","105","54","1708","971","28","28","0","12","402","472","47","41","0","12","33","37","175","83","520","496","92","58","60","41","115","58","126","56","110","63",
"1400000US18097320107","Census Tract 3201.07, Marion County, Indiana","2169","493","34","22","14","16","0","12","0","12","0","12","0","12","0","12","0","12","2","4","1","2","5","9","4","7","2","3","0","12","0","12","20","16","0","12","0","12","0","12","0","12","0","12","0","12","2","3","2","3","14","15","0","12","1","2","1","2","0","12","2135","490","1089","263","99","67","7","10","120","131","0","12","9","13","21","19","32","27","226","100","71","31","165","100","174","60","102","37","63","28","1046","252","82","50","19","21","107","127","14","19","0","12","14","15","37","29","125","44","204","107","123","39","150","65","105","37","66","29",
"1400000US18097320108","Census Tract 3201.08, Marion County, Indiana","4881","573","679","302","220","163","0","17","0","17","0","17","0","17","0","17","0","17","0","17","0","17","134","124","0","17","53","83","33","54","0","17","459","232","36","95","0","17","0","17","30","55","0","17","0","17","88","105","53","76","46","58","94","99","66","88","46","68","0","17","4202","631","2201","464","86","74","96","118","170","188","88","106","0","17","0","17","248","173","640","230","390","161","147","90","242","146","65","62","29","36","2001","388","121","115","32","54","318","232","131","89","14","23","0","17","229","100","573","190","163","108","92","79","218","83","54","53","56","57",
"1400000US18097320109","Census Tract 3201.09, Marion County, Indiana","2526","359","347","188","109","84","0","12","0","12","0","12","0","12","0","12","16","24","0","12","0","12","0","12","6","12","10","15","58","80","19","24","238","141","0","12","0","12","0","12","0","12","0","12","0","12","0","12","56","73","16","24","7","11","60","57","67","66","32","25","2179","389","1026","160","69","53","7","10","65","51","32","25","6","10","0","12","19","21","74","39","141","73","70","35","168","72","176","85","199","73","1153","339","11","13","5","10","32","27","17","20","33","49","19","20","10","17","144","70","120","72","99","61","382","317","192","70","89","50",
"1400000US18097320202","Census Tract 3202.02, Marion County, Indiana","4940","715","227","146","71","65","0","17","0","17","0","17","0","17","0","17","0","17","0","17","0","17","52","57","0","17","0","17","0","17","19","29","156","103","0","17","0","17","0","17","0","17","0","17","0","17","24","31","12","18","54","62","12","19","0","17","0","17","54","64","4713","751","2011","408","23","28","4","6","82","49","71","77","0","17","43","47","130","110","544","281","153","66","205","78","290","116","281","112","185","83","2702","482","89","54","0","17","95","69","87","65","9","16","50","59","189","101","530","314","253","82","280","177","504","179","308","129","308","94",
"1400000US18097320203","Census Tract 3202.03, Marion County, Indiana","2569","355","194","80","101","63","0","12","0","12","0","12","0","12","0","12","0","12","0","12","0","12","25","39","0","12","26","24","0","12","50","44","93","54","0","12","0","12","0","12","0","12","0","12","0","12","6","9","35","34","0","12","0","12","10","15","25","35","17","18","2375","372","1183","210","22","25","0","12","32","29","77","41","0","12","65","41","49","45","292","96","46","36","246","139","162","91","83","55","109","41","1192","243","27","27","0","12","5","7","6","9","14","22","4","9","86","61","311","104","99","56","253","165","141","63","135","63","111","60",
"1400000US18097320205","Census Tract 3202.05, Marion County, Indiana","2135","384","155","99","64","65","0","12","0","12","0","12","0","12","0","12","0","12","28","47","36","45","0","12","0","12","0","12","0","12","0","12","91","75","0","12","0","12","0","12","0","12","0","12","0","12","67","66","0","12","0","12","0","12","0","12","24","35","0","12","1980","363","861","205","14","23","0","12","0","12","0","12","0","12","0","12","58","55","344","133","229","115","22","36","103","18","91","53","0","12","1119","297","72","84","0","12","0","12","59","62","0","12","0","12","105","76","486","225","87","49","83","51","76","38","67","46","84","77",
"1400000US18097320206","Census Tract 3202.06, Marion County, Indiana","3375","546","686","388","250","225","10","28","0","12","40","59","38","56","41","60","0","12","0","12","85","140","8","22","14","22","0","12","14","22","0","12","436","249","0","12","0","12","66","98","36","61","47","74","0","12","132","94","0","12","89","77","0","12","36","55","16","30","14","22","2689","665","1103","260","0","12","4","13","45","55","74","62","69","88","59","54","140","99","106","78","100","59","229","112","208","142","57","53","12","20","1586","530","86","107","55","85","49","67","29","45","0","12","0","12","163","164","234","321","178","137","220","153","287","139","111","77","174","86",
"1400000US18097320301","Census Tract 3203.01, Marion County, Indiana","3618","584","309","318","165","213","123","178","0","12","0","12","0","12","0","12","0","12","0","12","2","4","0","12","1","3","10","16","29","36","0","12","144","119","0","12","0","12","0","12","42","63","0","12","0","12","0","12","5","9","0","12","0","12","20","32","77","69","0","12","3309","476","1551","261","102","106","0","12","70","59","71","46","0","12","23","26","31","38","202","95","174","83","201","83","253","85","186","75","238","74","1758","264","51","41","16","18","148","110","63","45","12","21","0","12","55","37","161","81","172","94","186","71","260","72","323","125","311","93",
"1400000US18097320303","Census Tract 3203.03, Marion County, Indiana","3214","335","338","182","189","108","39","63","0","12","9","15","0","12","0","12","0","12","76","57","47","47","18","19","0","12","0","12","0","12","0","12","149","112","0","12","0","12","0","12","0","12","0","12","0","12","50","53","77","71","22","25","0","12","0","12","0","12","0","12","2876","358","1480","230","65","45","0","12","18","30","0","12","0","12","6","11","203","99","736","186","155","82","166","83","104","91","9","14","18","22","1396","280","68","63","10","15","42","47","28","36","0","12","60","61","239","76","633","194","162","79","89","47","37","30","9","13","19","23",
"1400000US18097320305","Census Tract 3203.05, Marion County, Indiana","2845","335","0","12","0","12","0","12","0","12","0","12","0","12","0","12","0","12","0","12","0","12","0","12","0","12","0","12","0","12","0","12","0","12","0","12","0","12","0","12","0","12","0","12","0","12","0","12","0","12","0","12","0","12","0","12","0","12","0","12","2845","335","1427","281","76","74","77","82","120","110","43","52","44","46","78","90","91","99","121","76","121","66","152","72","201","119","192","111","111","99","1418","219","100","93","0","12","113","82","142","82","20","33","26","30","13","22","70","59","239","87","166","91","165","81","186","106","178","102",
"1400000US18097320306","Census Tract 3203.06, Marion County, Indiana","3982","458","269","137","106","97","0","12","0","12","0","12","0","12","0","12","18","29","13","19","16","26","0","12","17","28","42","66","0","12","0","12","163","92","0","12","0","12","0","12","0","12","0","12","0","12","67","62","76","57","0","12","18","27","0","12","2","4","0","12","3713","494","1648","297","27","34","11","23","125","77","25","38","10","16","51","33","236","161","400","158","105","58","210","86","205","92","164","89","79","70","2065","381","65","43","0","12","69","66","60","50","29","33","0","12","211","93","374","146","349","256","193","75","177","79","244","124","294","146",
"1400000US18097320400","Census Tract 3204, Marion County, Indiana","2965","462","159","127","42","38","0","12","0","12","0","12","0","12","0","12","0","12","0","12","10","13","9","11","0","12","23","35","0","12","0","12","117","127","0","12","0","12","0","12","0","12","0","12","0","12","5","11","94","128","10","15","0","12","8","13","0","12","0","12","2806","442","1256","228","28","40","14","21","69","58","12","21","8","15","17","25","150","101","246","99","184","94","136","60","150","61","194","87","48","42","1550","301","70","66","13","21","102","85","12","22","0","12","87","84","139","85","200","102","286","115","158","82","104","55","277","154","102","60",
"1400000US18097320500","Census Tract 3205, Marion County, Indiana","3273","534","514","239","291","196","10","18","0","12","0","12","25","36","59","54","45","48","72","69","8","14","0","12","50","67","8","13","14","19","0","12","223","85","11","18","0","12","0","12","0","12","0","12","0","12","10","12","47","49","38","42","34","35","32","40","32","29","19","22","2759","577","1319","289","65","41","22","21","98","70","166","219","16","18","10","15","34","30","132","65","174","63","157","93","190","54","125","54","130","61","1440","319","19","18","8","13","93","47","119","125","19","22","29","31","80","53","167","90","275","167","98","43","260","113","122","54","151","87",
"1400000US18097320600","Census Tract 3206, Marion County, Indiana","2339","503","225","99","114","57","0","12","0","12","0","12","5","9","0","12","0","12","0","12","0","12","0","12","44","30","14","21","33","39","18","20","111","62","0","12","0","12","0","12","0","12","0","12","0","12","11","20","7","11","0","12","24","22","26","27","34","44","9","15","2114","540","1124","368","35","32","8","13","167","222","31","36","16","25","0","12","88","76","317","81","121","81","104","57","192","73","34","28","11","17","990","200","35","27","0","12","10","19","7","13","0","12","12","18","54","45","263","68","284","168","52","32","144","58","74","35","55","27",
"1400000US18097320700","Census Tract 3207, Marion County, Indiana","2032","269","102","55","29","36","0","12","0","12","12","20","0","12","0","12","0","12","0","12","0","12","8","14","0","12","9","14","0","12","0","12","73","44","0","12","0","12","0","12","0","12","0","12","0","12","39","41","8","14","0","12","0","12","0","12","18","27","8","13","1930","283","1064","214","6","9","14","22","25","28","69","57","11","18","58","85","113","67","262","113","184","80","214","84","50","35","41","25","17","18","866","145","22","26","42","47","46","46","0","12","13","20","0","12","35","37","159","85","181","79","99","56","178","88","74","41","17","19",
"1400000US18097320800","Census Tract 3208, Marion County, Indiana","2944","245","58","25","23","13","0","12","0","12","0","12","0","12","0","12","5","10","3","4","1","4","0","12","0","12","5","6","7","9","2","3","35","19","0","12","0","12","0","12","0","12","0","12","0","12","0","12","0","12","2","4","0","12","3","4","16","14","14","11","2886","246","1385","147","76","41","20","18","139","47","67","36","28","21","52","23","19","17","52","24","170","35","229","44","187","44","167","35","179","113","1501","131","68","26","17","11","106","30","92","28","6","6","26","13","46","20","88","32","174","31","222","42","273","52","182","36","201","111",
"1400000US18097320901","Census Tract 3209.01, Marion County, Indiana","6425","1103","454","459","241","237","100","127","0","17","0","17","0","17","0","17","0","17","0","17","83","103","27","38","2","4","29","47","0","17","0","17","213","230","0","17","0","17","87","111","0","17","0","17","0","17","36","57","0","17","87","111","2","4","1","3","0","17","0","17","5971","1252","3090","968","276","181","0","17","127","123","173","167","13","24","89","94","392","308","519","337","270","110","350","142","501","251","288","107","92","49","2881","498","294","212","21","39","109","96","54","60","14","24","35","40","136","121","228","101","425","139","392","169","586","221","362","131","225","98",
"1400000US18097320902","Census Tract 3209.02, Marion County, Indiana","3821","675","921","462","513","307","139","167","47","55","45","60","43","54","31","44","20","28","8","21","56","66","67","77","6","11","34","55","17","27","0","12","408","198","22","28","0","12","6","13","0","12","0","12","40","50","61","68","78","70","89","78","63","80","24","23","25","30","0","12","2900","507","1446","323","94","82","33","52","22","25","47","52","4","7","26","28","253","156","360","159","200","115","145","73","159","107","89","43","14","20","1454","324","56","66","42","53","160","100","0","12","0","12","0","12","138","104","256","98","321","129","148","69","206","83","92","54","35","31",
"1400000US18097320903","Census Tract 3209.03, Marion County, Indiana","6220","1284","2551","1013","977","491","253","246","0","17","389","412","52","58","0","17","8","15","124","132","27","45","62","57","0","17","62","50","0","17","0","17","1574","643","119","128","62","54","322","167","183","145","0","17","69","76","134","104","412","341","180","100","47","45","46","44","0","17","0","17","3669","1015","1778","453","159","131","26","40","225","134","64","65","15","24","118","96","322","228","268","133","107","72","234","125","173","114","47","52","20","22","1891","666","73","81","30","45","161","124","52","73","0","17","6","11","197","147","403","189","362","251","263","211","157","87","131","69","56","45",
"1400000US18097321001","Census Tract 3210.01, Marion County, Indiana","3034","576","424","283","207","170","58","87","0","12","24","51","0","12","6","12","0","12","26","44","0","12","0","12","30","34","29","45","16","27","18","30","217","174","0","12","0","12","41","61","65","76","0","12","0","12","24","43","16","25","71","72","0","12","0","12","0","12","0","12","2610","629","1159","353","0","12","78","88","110","69","101","118","8","20","11","27","178","154","151","90","126","111","102","112","147","111","71","39","76","58","1451","413","153","105","0","12","93","109","0","12","0","12","123","143","36","46","343","194","124","76","127","65","267","200","150","77","35","36",
"1400000US18097321002","Census Tract 3210.02, Marion County, Indiana","5224","1523","892","810","470","483","0","17","0","17","145","179","0","17","0","17","0","17","193","165","63","69","2","4","0","17","67","81","0","17","0","17","422","337","81","103","0","17","0","17","0","17","0","17","0","17","82","70","119","110","0","17","2","5","138","154","0","17","0","17","4332","1499","2455","985","242","202","30","44","133","100","39","44","28","35","1","4","578","613","237","177","92","68","251","96","568","334","145","68","111","61","1877","584","73","103","70","107","69","57","81","96","0","17","8","11","118","111","234","165","155","103","377","290","241","101","227","75","224","131",
"1400000US18097321100","Census Tract 3211, Marion County, Indiana","3577","526","368","170","227","108","4","8","0","12","56","65","25","33","0","12","3","4","19","22","13","8","7","6","35","22","36","27","29","22","0","12","141","69","0","12","0","12","0","12","4","7","4","7","26","31","11","13","14","12","32","28","6","8","24","23","1","2","19","19","3209","528","1433","196","43","26","6","6","150","62","44","25","3","4","51","40","42","38","156","71","229","67","112","50","310","160","232","70","55","32","1776","391","94","61","22","15","106","49","35","30","15","17","11","16","67","43","303","235","208","65","175","50","401","176","243","75","96","51",
"1400000US18097321200","Census Tract 3212, Marion County, Indiana","4958","1034","75","89","8","14","0","12","0","12","0","12","0","12","0","12","0","12","0","12","0","12","0","12","8","14","0","12","0","12","0","12","67","76","0","12","0","12","8","14","9","17","11","22","0","12","9","14","22","32","0","12","8","14","0","12","0","12","0","12","4883","1033","2143","366","106","71","37","42","109","97","131","146","16","28","13","21","20","32","527","149","426","214","255","102","243","95","218","71","42","48","2740","769","539","522","48","72","137","91","86","56","1","3","61","47","90","104","437","121","348","203","304","141","414","140","152","62","123","97",
"1400000US18097321300","Census Tract 3213, Marion County, Indiana","2770","380","163","107","35","33","0","12","0","12","0","12","0","12","0","12","0","12","19","22","0","12","0","12","0","12","16","26","0","12","0","12","128","90","0","12","0","12","10","15","0","12","0","12","0","12","41","47","52","58","0","12","9","15","16","25","0","12","0","12","2607","379","1372","303","125","139","0","12","30","50","0","12","0","12","0","12","194","118","580","154","184","103","115","59","109","53","24","22","11","11","1235","170","88","63","0","12","43","44","14","18","0","12","30","32","115","70","481","140","176","88","105","44","50","30","93","67","40","26",
"1400000US18097321400","Census Tract 3214, Marion County, Indiana","5165","684","332","259","260","194","32","52","0","17","52","73","0","17","0","17","0","17","73","79","0","17","36","41","35","55","28","46","4","9","0","17","72","87","0","17","0","17","0","17","7","25","0","17","0","17","0","17","28","46","6","18","20","32","11","20","0","17","0","17","4833","693","2480","578","118","104","0","17","131","84","45","50","21","34","51","54","154","92","809","398","222","89","194","185","395","195","163","103","177","148","2353","310","85","68","18","31","55","69","69","65","5","18","127","121","94","82","635","208","228","92","409","117","289","116","264","115","75","71",
"1400000US18097321600","Census Tract 3216, Marion County, Indiana","5999","944","1136","537","555","319","222","199","12","27","27","36","0","17","0","17","0","17","48","70","21","25","2","4","1","3","76","61","134","202","12","20","581","310","81","62","62","78","58","90","29","45","0","17","0","17","174","173","137","89","0","17","14","23","0","17","17","28","9","14","4863","851","2251","414","223","132","0","17","85","71","140","169","34","41","16","27","167","96","431","164","214","90","318","171","262","130","157","95","204","119","2612","581","86","106","16","25","236","272","25","34","16","25","24","36","308","326","451","166","233","102","338","201","358","145","286","222","235","115",
"1400000US18097321700","Census Tract 3217, Marion County, Indiana","4001","564","377","183","133","147","0","12","0","12","0","12","0","12","0","12","0","12","7","14","28","40","70","113","12","19","0","12","16","26","0","12","244","151","0","12","0","12","0","12","0","12","0","12","0","12","54","91","56","61","0","12","18","27","52","81","49","74","15","26","3624","515","1590","306","48","60","0","12","47","48","48","56","0","12","16","32","149","210","592","136","291","130","116","89","175","71","58","36","50","44","2034","371","144","120","0","12","183","76","29","40","0","12","0","12","82","64","621","149","353","167","167","76","126","59","154","103","175","101",
"1400000US18097321800","Census Tract 3218, Marion County, Indiana","3404","549","103","58","35","26","0","12","0","12","0","12","0","12","0","12","0","12","12","19","15","18","0","12","0","12","0","12","8","12","0","12","68","46","0","12","0","12","0","12","0","12","14","24","0","12","0","12","35","36","0","12","14","21","5","9","0","12","0","12","3301","544","1515","268","100","54","33","28","125","140","33","31","25","30","39","35","27","29","269","59","181","108","271","84","169","64","168","69","75","42","1786","303","96","78","11","17","205","149","62","54","9","16","50","60","77","40","338","78","302","138","293","72","148","53","129","57","66","44",
"1400000US18097321900","Census Tract 3219, Marion County, Indiana","3411","737","519","301","276","266","0","17","0","17","0","17","0","17","0","17","0","17","266","265","8","13","0","17","2","4","0","17","0","17","0","17","243","150","0","17","0","17","0","17","0","17","0","17","0","17","226","145","2","5","0","17","0","17","0","17","1","3","14","21","2892","687","1335","283","104","56","10","11","173","133","18","15","12","13","48","50","8","15","168","67","273","145","116","63","207","97","102","52","96","76","1557","444","135","157","110","131","120","63","77","48","56","67","45","38","74","54","156","70","241","136","233","88","74","38","183","78","53","43",
"1400000US18097322000","Census Tract 3220, Marion County, Indiana","3255","631","747","346","405","240","0","12","0","12","68","67","0","12","62","64","0","12","180","130","44","38","7","10","31","40","0","12","13","15","0","12","342","153","22","39","32","38","9","14","37","40","0","12","14","20","67","84","48","40","51","51","12","20","27","39","8","13","15","17","2508","640","1052","292","52","49","0","12","36","53","56","54","26","42","0","12","0","12","202","116","145","76","98","63","247","153","152","105","38","33","1456","411","95","63","19","32","34","33","20","28","32","40","21","24","144","103","203","94","312","279","178","88","233","89","84","44","81","38",
"1400000US18097322100","Census Tract 3221, Marion County, Indiana","3045","548","501","402","175","240","76","133","0","12","52","102","0","12","0","12","0","12","14","16","0","12","6","11","11","20","6","13","2","4","8","13","326","201","15","30","0","12","0","12","0","12","0","12","11","24","58","54","201","169","14","27","11","20","16","25","0","12","0","12","2544","399","1159","277","164","89","66","65","124","65","9","15","51","87","0","12","81","71","187","117","184","64","83","56","109","69","83","44","18","23","1385","270","174","80","58","74","150","108","9","16","0","12","7","15","48","69","292","123","193","40","150","97","145","83","87","42","72","55",
"1400000US18097322200","Census Tract 3222, Marion County, Indiana","2238","297","116","76","84","71","0","12","0","12","0","12","0","12","0","12","0","12","31","47","22","23","5","7","12","18","0","12","0","12","14","19","32","25","0","12","0","12","0","12","0","12","0","12","0","12","0","12","11","12","0","12","7","10","0","12","0","12","14","19","2122","298","1089","162","136","64","22","20","110","37","38","26","9","11","17","16","3","7","179","56","170","43","146","45","109","55","89","43","61","29","1033","182","63","37","32","25","112","39","38","31","23","25","20","22","34","35","167","53","164","52","166","47","106","52","66","26","42","26",
"1400000US18097322300","Census Tract 3223, Marion County, Indiana","2417","389","154","101","51","69","0","12","0","12","0","12","0","12","0","12","0","12","0","12","0","12","0","12","43","68","0","12","8","12","0","12","103","72","0","12","6","9","0","12","0","12","0","12","0","12","26","41","29","24","35","46","0","12","7","11","0","12","0","12","2263","378","1154","316","108","50","11","12","63","31","11","12","0","12","8","13","189","187","287","85","111","38","162","130","105","52","64","41","35","30","1109","186","105","67","11","13","35","26","0","12","22","25","46","67","59","40","325","88","132","41","129","83","146","72","83","40","16","18",
"1400000US18097322400","Census Tract 3224, Marion County, Indiana","2778","400","173","97","52","55","0","12","0","12","0","12","0","12","0","12","0","12","29","30","23","29","0","12","0","12","0","12","0","12","0","12","121","82","0","12","0","12","0","12","0","12","12","19","0","12","56","40","0","12","11","16","33","37","9","14","0","12","0","12","2605","373","1176","265","90","49","13","21","20","25","0","12","0","12","51","56","91","82","340","143","268","140","78","60","145","64","68","30","12","15","1429","259","93","51","0","12","24","25","8","12","15","25","31","47","291","201","371","158","185","70","103","60","150","65","146","62","12","17",
"1400000US18097322500","Census Tract 3225, Marion County, Indiana","1559","250","456","182","149","71","0","12","0","12","35","37","0","12","0","12","0","12","43","48","0","12","42","34","18","18","3","6","1","3","7","12","307","141","31","34","0","12","26","28","25","28","0","12","0","12","20","23","88","53","54","36","34","24","6","10","4","7","19","17","1103","284","503","151","0","12","0","12","39","30","30","39","0","12","5","7","92","74","141","88","63","39","41","29","67","33","21","15","4","6","600","171","39","42","0","12","40","43","0","12","0","12","0","12","40","28","152","92","121","69","81","40","84","38","42","25","1","3",
"1400000US18097322601","Census Tract 3226.01, Marion County, Indiana","2313","507","1320","393","509","263","166","114","0","12","44","52","0","12","11","19","53","51","157","137","14","27","10","15","25","39","29","27","0","12","0","12","811","223","144","134","27","34","70","68","15","25","31","47","0","12","98","74","114","79","150","90","53","55","79","62","30","49","0","12","993","362","537","255","26","37","0","12","79","111","7","15","24","33","35","37","78","80","80","86","88","58","52","47","49","52","19","18","0","12","456","207","0","12","0","12","31","48","68","76","0","12","0","12","59","63","12","19","97","79","78","49","34","41","39","39","38","26",
"1400000US18097322602","Census Tract 3226.02, Marion County, Indiana","1726","403","82","58","21","23","0","12","0","12","0","12","0","12","0","12","0","12","10","15","0","12","0","12","0","12","11","17","0","12","0","12","61","56","0","12","0","12","0","12","0","12","0","12","0","12","0","12","0","12","38","61","0","12","10","17","13","21","0","12","1644","409","849","271","30","46","0","12","34","55","0","12","0","12","20","23","12","18","89","46","81","78","150","100","177","146","36","28","220","192","795","235","41","64","0","12","14","21","47","74","9","15","11","16","75","53","114","67","36","46","132","117","108","54","156","89","52","44",
"1400000US18097322700","Census Tract 3227, Marion County, Indiana","1694","331","284","206","54","68","0","12","0","12","0","12","0","12","0","12","0","12","0","12","0","12","0","12","28","43","0","12","0","12","26","38","230","195","0","12","0","12","0","12","0","12","32","51","32","51","0","12","0","12","0","12","36","45","58","97","58","102","14","12","1410","315","782","200","21","30","0","12","24","31","65","61","0","12","11","20","52","46","47","47","111","86","122","59","118","75","114","53","97","50","628","152","0","12","0","12","11","19","39","38","0","12","22","33","6","16","51","40","113","42","144","87","80","37","94","47","68","39",
"1400000US18097330103","Census Tract 3301.03, Marion County, Indiana","4394","690","469","379","121","125","0","12","0","12","0","12","90","121","0","12","0","12","0","12","19","34","0","12","0","12","12","22","0","12","0","12","348","269","0","12","0","12","17","29","108","147","0","12","0","12","65","81","59","77","73","101","11","22","15","25","0","12","0","12","3925","711","1730","362","107","81","71","64","34","51","47","63","24","35","0","12","70","80","429","141","179","90","87","67","273","93","190","81","219","251","2195","425","105","91","0","12","43","54","63","60","26","40","3","21","132","86","350","174","217","103","295","125","449","106","432","350","80","57",
"1400000US18097330105","Census Tract 3301.05, Marion County, Indiana","4687","747","587","398","136","143","0","12","0","12","0","12","0","12","0","12","0","12","1","2","1","2","58","71","75","97","1","2","0","12","0","12","451","297","86","130","0","12","0","12","0","12","0","12","0","12","129","184","30","34","60","93","0","12","0","12","60","72","86","60","4100","730","2087","402","36","53","0","12","245","107","131","112","0","12","29","44","107","105","548","199","141","121","347","190","264","90","151","74","88","57","2013","633","0","12","0","12","92","135","28","43","21","41","25","44","162","170","250","121","519","408","230","157","302","132","261","131","123","60",
"1400000US18097330106","Census Tract 3301.06, Marion County, Indiana","4802","1099","860","521","332","246","136","157","0","12","0","12","0","12","0","12","0","12","55","82","41","66","63","72","0","12","27","46","0","12","10","17","528","301","179","214","0","12","0","12","52","80","0","12","0","12","132","128","14","20","40","63","59","91","26","44","0","12","26","26","3942","1030","1912","787","315","278","16","26","0","12","142","175","0","12","0","12","57","67","681","454","195","111","181","156","135","150","142","127","48","44","2030","468","0","12","0","12","242","278","54","66","25","41","13","29","389","240","396","166","457","196","194","121","62","50","141","86","57","46",
"1400000US18097330107","Census Tract 3301.07, Marion County, Indiana","5430","526","413","241","230","135","21","36","0","17","10","22","0","17","10","22","36","55","10","22","0","17","35","40","45","57","12","19","19","30","32","36","183","130","0","17","0","17","29","39","10","21","0","17","11","22","28","44","0","17","18","31","10","21","28","37","33","37","16","25","5017","581","2215","347","43","68","0","17","14","23","26","34","107","69","84","88","150","97","327","125","124","67","319","102","543","133","282","132","196","86","2802","404","39","44","0","17","115","89","118","96","97","97","117","104","124","98","324","119","335","114","392","263","547","129","338","136","256","120",
"1400000US18097330108","Census Tract 3301.08, Marion County, Indiana","4286","887","133","118","55","58","0","12","0","12","9","13","0","12","0","12","0","12","0","12","0","12","0","12","11","16","35","49","0","12","0","12","78","64","0","12","0","12","0","12","0","12","0","12","0","12","17","25","18","22","0","12","9","13","34","47","0","12","0","12","4153","883","2051","461","101","56","11","17","229","251","42","28","20","22","22","20","83","56","269","219","311","178","225","53","362","79","242","77","134","62","2102","458","294","268","19","22","97","58","69","42","26","31","53","30","71","38","286","211","331","193","181","57","283","73","220","117","172","71",
"1400000US18097330109","Census Tract 3301.09, Marion County, Indiana","4970","963","190","122","95","77","0","12","0","12","0","12","0","12","0","12","0","12","7","15","3","7","55","64","7","15","0","12","0","12","23","36","95","84","0","12","0","12","0","12","0","12","0","12","0","12","0","12","0","12","0","12","18","24","4","8","73","83","0","12","4780","975","2365","433","133","66","31","34","116","70","48","54","67","78","128","170","184","119","327","110","327","236","284","91","321","95","361","181","38","38","2415","636","329","315","16","26","25","34","65","58","33","28","38","44","46","46","520","289","222","82","326","126","480","118","179","99","136","69",
"1400000US18097330203","Census Tract 3302.03, Marion County, Indiana","5435","590","33","51","0","17","0","17","0","17","0","17","0","17","0","17","0","17","0","17","0","17","0","17","0","17","0","17","0","17","0","17","33","51","0","17","0","17","0","17","0","17","0","17","0","17","4","17","0","17","0","17","0","17","0","17","29","47","0","17","5402","592","2633","435","91","63","11","18","95","90","176","159","23","35","116","94","121","81","331","175","235","99","402","173","583","134","279","103","170","90","2769","337","212","113","96","107","252","142","172","85","36","43","15","38","117","133","183","108","271","76","447","155","505","142","382","138","81","59",
"1400000US18097330204","Census Tract 3302.04, Marion County, Indiana","7183","1294","347","407","163","205","0","17","0","17","0","17","0","17","0","17","53","68","54","69","0","17","0","17","51","65","5","17","0","17","0","17","184","205","0","17","0","17","0","17","105","136","0","17","0","17","0","17","0","17","0","17","62","76","17","26","0","17","0","17","6836","1328","3809","722","142","108","8","17","549","194","196","124","0","17","57","69","454","207","240","163","590","167","475","166","332","118","697","650","69","54","3027","669","24","47","25","34","245","191","92","98","185","137","57","67","178","129","226","128","302","170","759","169","610","480","248","102","76","58",
"1400000US18097330206","Census Tract 3302.06, Marion County, Indiana","5276","824","361","213","112","88","11","16","0","17","22","33","0","17","0","17","29","42","0","17","34","38","8","13","0","17","0","17","8","13","0","17","249","147","18","27","0","17","0","17","39","56","0","17","0","17","35","55","17","18","27","40","51","50","0","17","9","13","53","55","4915","842","2341","324","203","125","6","11","158","69","92","48","47","31","83","59","209","82","292","97","271","82","499","225","294","72","156","66","31","31","2574","598","410","394","26","22","117","62","104","56","51","43","101","65","187","106","260","88","384","154","437","100","318","114","131","73","48","34",
"1400000US18097330208","Census Tract 3302.08, Marion County, Indiana","2807","419","50","34","23","26","0","12","0","12","0","12","0","12","0","12","0","12","7","12","0","12","0","12","8","15","0","12","8","14","0","12","27","23","0","12","0","12","0","12","0","12","0","12","0","12","7","11","0","12","0","12","0","12","0","12","0","12","20","21","2757","425","1404","278","52","42","30","27","165","92","74","63","57","59","10","19","48","45","319","174","153","69","177","68","178","68","123","43","18","19","1353","221","46","59","1","3","105","60","46","45","0","12","31","30","45","28","353","140","167","73","132","57","227","65","128","41","72","39",
"1400000US18097330210","Census Tract 3302.10, Marion County, Indiana","6761","1035","1057","690","299","183","43","57","0","17","16","29","92","88","0","17","85","107","63","61","0","17","0","17","0","17","0","17","0","17","0","17","758","552","209","288","0","17","166","152","51","69","0","17","0","17","56","87","47","53","91","110","46","69","0","17","92","101","0","17","5704","1067","2557","693","164","99","13","25","256","142","149","158","0","17","314","336","146","109","360","178","338","144","416","331","314","135","67","70","20","33","3147","668","106","86","45","57","461","198","86","76","23","34","150","127","245","174","441","186","545","213","382","117","345","333","307","169","11","19",
"1400000US18097330211","Census Tract 3302.11, Marion County, Indiana","4876","791","997","370","193","119","0","12","0","12","7","15","0","12","0","12","0","12","58","86","0","12","35","56","0","12","55","73","38","39","0","12","804","374","76","120","46","79","8","19","21","32","0","12","0","12","176","159","106","104","187","136","18","30","127","115","39","39","0","12","3879","773","1813","448","78","90","38","56","175","116","0","12","0","12","127","100","445","171","175","110","293","233","83","80","256","116","70","49","73","60","2066","529","12","31","32","54","157","141","156","133","0","12","65","98","293","178","313","164","330","196","412","177","163","97","59","65","74","59",
"1400000US18097330212","Census Tract 3302.12, Marion County, Indiana","4956","866","463","283","155","99","49","53","0","12","0","12","0","12","0","12","0","12","0","12","95","75","0","12","0","12","0","12","11","18","0","12","308","213","18","29","0","12","51","57","0","12","0","12","26","41","36","57","88","62","44","68","45","48","0","12","0","12","0","12","4493","935","2075","533","20","31","0","12","163","142","182","199","0","12","68","55","88","65","542","329","324","176","283","127","200","94","174","62","31","35","2418","570","125","105","0","12","269","201","145","130","74","104","98","111","432","276","222","93","311","177","389","121","219","115","71","38","63","54",
"1400000US18097330213","Census Tract 3302.13, Marion County, Indiana","4464","923","379","340","303","315","0","12","0","12","0","12","0","12","0","12","0","12","199","305","32","50","0","12","1","2","51","76","1","2","19","27","76","79","0","12","0","12","0","12","0","12","0","12","0","12","8","11","0","12","0","12","0","12","49","74","0","12","19","27","4085","685","2100","454","203","100","0","12","97","72","188","185","0","12","31","34","131","112","359","330","255","109","204","119","263","132","241","107","128","65","1985","309","64","45","12","21","116","68","32","32","30","34","14","23","299","231","259","103","134","71","220","102","418","135","111","71","276","92",
"1400000US18097330401","Census Tract 3304.01, Marion County, Indiana","6196","783","351","243","209","188","0","17","53","62","20","29","0","17","0","17","0","17","110","158","18","27","0","17","0","17","8","15","0","17","0","17","142","101","20","29","0","17","0","17","0","17","0","17","0","17","43","52","40","46","0","17","13","23","16","26","10","19","0","17","5845","784","2770","434","152","97","29","35","336","132","150","101","26","41","42","49","136","102","322","176","248","82","435","144","384","163","225","95","285","174","3075","530","95","94","58","69","185","175","52","50","149","98","43","50","260","187","328","179","396","163","371","125","533","193","297","99","308","121",
"1400000US18097330500","Census Tract 3305, Marion County, Indiana","6415","1224","1029","568","338","228","102","124","0","17","0","17","0","17","0","17","0","17","7","30","0","17","57","88","0","17","65","78","58","91","49","45","691","412","0","17","0","17","162","246","0","17","0","17","75","109","83","84","58","114","122","127","0","17","160","138","31","51","0","17","5386","1263","2410","585","95","128","0","17","277","200","55","83","45","68","0","17","98","86","283","164","409","293","311","269","316","139","392","109","129","65","2976","874","155","125","10","26","363","330","48","55","0","17","128","120","364","282","297","194","239","128","357","253","462","160","376","108","177","89",
"1400000US18097330600","Census Tract 3306, Marion County, Indiana","7081","1121","1174","771","809","695","37","63","0","17","83","126","117","164","0","17","0","17","0","17","13","23","4","6","47","59","508","620","0","17","0","17","365","254","55","70","10","18","84","103","30","44","0","17","0","17","0","17","112","87","10","17","53","74","11","21","0","17","0","17","5907","909","2732","412","151","139","61","82","200","138","451","89","0","17","34","52","321","220","315","157","695","243","78","61","253","142","62","40","111","71","3175","633","513","84","385","40","121","95","198","150","80","135","37","51","109","81","724","293","414","262","95","72","284","121","100","69","115","72",
"1400000US18097330701","Census Tract 3307.01, Marion County, Indiana","2086","650","183","205","113","169","34","65","0","12","0","12","0","12","0","12","0","12","79","127","0","12","0","12","0","12","0","12","0","12","0","12","70","59","0","12","0","12","0","12","0","12","0","12","0","12","24","47","35","57","11","26","0","12","0","12","0","12","0","12","1903","617","960","391","0","12","0","12","118","181","0","12","0","12","0","12","0","12","500","302","49","59","141","127","119","72","33","55","0","12","943","309","61","44","59","42","144","83","44","67","0","12","0","12","67","54","45","55","250","250","121","86","92","59","60","64","0","12",
"1400000US18097330702","Census Tract 3307.02, Marion County, Indiana","3639","792","840","337","264","135","46","70","13","20","29","52","15","37","51","34","0","12","0","12","0","12","110","78","0","12","0","12","0","12","0","12","576","239","44","76","0","12","44","60","42","55","24","33","0","12","75","59","47","73","53","60","76","62","135","152","36","56","0","12","2799","752","1571","566","238","286","117","107","88","95","0","12","0","12","116","144","120","115","51","57","396","155","97","94","226","81","122","64","0","12","1228","266","16","26","44","70","61","80","0","12","0","12","0","12","2","5","159","100","236","115","116","135","155","76","214","83","225","122",
"1400000US18097330803","Census Tract 3308.03, Marion County, Indiana","3711","915","1473","776","600","376","234","210","43","50","124","141","18","19","15","24","15","18","0","12","33","40","18","29","54","42","35","38","11","18","0","12","873","477","118","111","42","66","108","99","15","24","0","12","21","32","72","59","314","270","51","47","82","72","50","53","0","12","0","12","2238","591","1133","369","76","84","0","12","193","124","76","78","0","12","72","97","171","109","88","69","158","94","192","132","35","38","16","21","56","30","1105","338","88","81","14","22","51","72","19","31","36","59","37","42","81","68","245","184","138","87","158","114","131","71","93","54","14","26",
"1400000US18097330804","Census Tract 3308.04, Marion County, Indiana","3247","788","937","340","473","231","134","108","32","52","81","69","24","32","0","12","0","12","28","29","93","88","0","12","19","30","7","17","55","91","0","12","464","167","19","30","0","12","58","57","0","12","0","12","0","12","13","20","211","109","88","62","11","17","16","18","25","24","23","23","2310","786","1298","708","57","56","0","12","89","69","28","46","27","37","0","12","52","48","450","349","151","67","296","265","50","47","98","118","0","12","1012","282","69","76","0","12","186","100","52","51","22","38","40","41","94","92","138","74","118","73","120","96","83","60","75","33","15","17",
"1400000US18097330805","Census Tract 3308.05, Marion County, Indiana","2215","454","659","254","223","134","32","45","0","12","71","91","28","42","0","12","0","12","0","12","23","34","16","25","0","12","27","33","26","21","0","12","436","186","60","72","0","12","42","45","29","49","22","38","0","12","41","57","48","46","71","75","28","39","41","37","47","45","7","12","1556","392","713","210","80","78","0","12","13","21","29","35","0","12","0","12","10","17","244","129","122","96","23","26","92","60","70","52","30","29","843","227","150","95","0","12","25","41","44","43","0","12","0","12","68","58","134","89","63","45","53","46","163","67","64","39","79","62",
"1400000US18097330806","Census Tract 3308.06, Marion County, Indiana","4680","1377","2431","1379","1151","686","68","66","27","42","544","565","59","70","0","12","32","52","85","83","111","80","94","86","43","48","50","53","24","40","14","22","1280","744","64","66","16","26","378","432","148","115","0","12","26","44","31","39","40","39","234","112","34","39","197","242","100","88","12","20","2249","515","896","205","42","56","0","12","111","91","32","52","0","12","25","32","60","58","138","76","177","95","114","81","155","69","12","20","30","28","1353","408","96","99","64","75","90","101","99","85","9","16","50","55","72","66","352","173","137","81","83","55","170","80","50","42","81","43",
"1400000US18097330900","Census Tract 3309, Marion County, Indiana","6149","972","1638","631","506","271","52","83","18","31","47","77","46","77","0","17","0","17","116","120","22","39","99","105","11","21","84","77","0","17","11","17","1132","465","151","204","0","17","90","108","58","91","0","17","44","71","105","98","383","271","43","69","139","94","97","78","22","29","0","17","4511","1018","1713","418","68","83","77","58","236","166","122","120","13","25","14","23","161","168","255","145","185","134","346","286","70","57","93","55","73","55","2798","721","283","292","0","17","133","135","169","168","0","17","27","48","347","206","460","191","194","156","524","278","267","127","316","279","78","59",
"1400000US18097331000","Census Tract 3310, Marion County, Indiana","3850","1052","1387","1021","483","359","0","12","0","12","159","179","105","160","0","12","28","46","17","22","20","30","26","39","20","30","81","54","6","11","21","35","904","676","30","44","0","12","169","205","145","230","26","38","56","65","17","26","226","221","35","39","137","104","27","30","30","39","6","11","2463","360","1289","262","54","56","0","12","24","23","8","12","29","39","0","12","48","52","245","191","169","99","284","129","145","69","150","93","133","54","1174","243","83","90","0","12","15","23","14","26","19","32","15","24","65","49","47","45","158","94","201","93","156","85","253","87","148","61",
"1400000US18097340101","Census Tract 3401.01, Marion County, Indiana","5035","758","727","388","466","328","113","109","11","16","11","16","0","17","12","18","0","17","23","29","29","37","26","20","0","17","11","16","0","17","230","286","261","118","5","9","4","9","33","41","0","17","0","17","0","17","44","33","55","46","68","45","22","20","19","21","0","17","11","18","4308","755","2109","422","231","143","0","17","166","68","52","37","7","12","58","39","187","120","245","167","171","84","264","91","289","101","191","94","248","172","2199","439","51","39","9","14","151","106","66","55","49","61","103","74","250","167","127","79","237","91","245","80","296","114","436","216","179","90",
"1400000US18097340102","Census Tract 3401.02, Marion County, Indiana","3546","650","778","478","326","276","174","268","0","12","0","12","47","68","0","12","0","12","57","50","21","23","0","12","0","12","0","12","16","17","11","17","452","308","37","62","31","51","0","12","30","40","0","12","32","54","133","107","50","55","102","97","0","12","29","43","0","12","8","12","2768","521","1313","245","43","41","13","20","89","58","16","27","15","18","20","33","64","51","296","160","237","108","134","79","155","71","90","53","141","48","1455","373","48","39","0","12","140","156","59","78","4","11","14","27","82","79","199","130","153","107","152","80","239","103","166","90","199","97",
"1400000US18097340108","Census Tract 3401.08, Marion County, Indiana","2341","391","446","221","201","106","17","17","0","12","42","60","0","12","0","12","0","12","37","32","38","32","17","18","24","22","26","28","0","12","0","12","245","128","12","18","0","12","22","33","0","12","0","12","0","12","97","65","12","12","64","43","26","28","4","8","7","10","1","3","1895","358","1044","239","31","34","0","12","93","76","95","61","0","12","0","12","126","58","239","86","178","83","95","57","165","100","22","20","0","12","851","228","64","57","17","25","134","74","28","29","0","12","11","18","130","81","183","88","47","32","125","72","41","23","47","23","24","30",
"1400000US18097340111","Census Tract 3401.11, Marion County, Indiana","2819","264","155","142","33","39","0","12","0","12","0","12","0","12","0","12","0","12","5","7","0","12","0","12","0","12","28","39","0","12","0","12","122","107","0","12","0","12","0","12","0","12","37","51","0","12","8","15","9","15","0","12","33","46","10","17","15","23","10","16","2664","325","1355","249","103","56","0","12","71","53","73","56","55","58","48","38","158","115","146","80","222","99","188","71","151","69","118","48","22","33","1309","188","40","37","8","13","93","52","78","51","43","49","26","28","52","37","72","61","327","95","185","101","193","67","167","92","25","25",
"1400000US18097340112","Census Tract 3401.12, Marion County, Indiana","4230","439","415","232","213","202","9","18","0","12","55","74","0","12","0","12","0","12","94","123","0","12","40","63","0","12","0","12","5","11","10","19","202","126","31","51","0","12","0","12","0","12","0","12","0","12","20","24","18","24","21","35","12","22","6","11","3","6","91","83","3815","505","1789","393","99","82","45","65","63","54","99","60","0","12","6","8","209","104","422","243","321","132","141","64","201","114","113","79","70","44","2026","316","224","164","0","12","139","110","40","39","3","5","85","67","141","77","460","187","185","84","320","130","169","87","110","55","150","86",
"1400000US18097340113","Census Tract 3401.13, Marion County, Indiana","4133","760","505","252","141","81","29","43","0","12","0","12","0","12","13","20","0","12","18","29","0","12","61","57","0","12","20","25","0","12","0","12","364","194","26","38","10","16","35","40","32","51","0","12","15","18","3","6","36","37","32","52","49","48","83","59","26","35","17","20","3628","823","1854","549","226","193","168","251","156","101","90","96","12","18","103","96","148","79","83","56","275","216","187","89","183","69","130","65","93","58","1774","432","64","61","0","12","84","113","32","55","21","35","46","39","105","69","110","65","359","186","365","166","125","57","159","64","304","224",
"1400000US18097340114","Census Tract 3401.14, Marion County, Indiana","3863","431","168","97","110","69","0","12","0","12","0","12","0","12","0","12","0","12","8","14","7","11","13","20","0","12","45","47","37","50","0","12","58","44","0","12","0","12","5","10","0","12","0","12","0","12","12","14","0","12","4","10","14","23","2","4","21","30","0","12","3695","412","1800","212","148","78","0","12","101","62","113","58","65","50","44","34","145","81","182","83","203","82","253","70","278","76","172","62","96","45","1895","282","76","55","0","12","86","61","140","63","27","30","81","50","118","76","163","80","354","60","289","73","246","78","245","167","70","36",
"1400000US18097340115","Census Tract 3401.15, Marion County, Indiana","5933","772","593","439","338","277","66","92","0","17","17","27","56","78","0","17","0","17","13","20","125","110","40","53","0","17","17","25","0","17","4","7","255","178","68","94","0","17","0","17","0","17","0","17","0","17","15","23","58","54","51","62","55","58","8","14","0","17","0","17","5340","837","2460","479","220","236","7","14","119","88","75","66","10","18","60","52","332","176","463","171","415","177","302","238","247","108","171","67","39","38","2880","649","282","325","0","17","191","152","174","120","0","17","35","43","255","119","441","211","434","159","303","159","384","130","242","220","139","75",
"1400000US18097340201","Census Tract 3402.01, Marion County, Indiana","3461","580","823","402","421","221","14","25","0","12","13","20","13","21","67","57","0","12","100","91","129","127","56","66","13","23","8","14","0","12","8","12","402","211","14","26","0","12","76","70","73","88","12","23","0","12","35","38","37","45","68","59","43","47","36","48","8","13","0","12","2638","618","1242","348","156","148","46","73","41","48","58","48","0","12","18","19","177","110","139","82","207","113","147","86","108","62","124","123","21","16","1396","332","154","134","77","86","188","110","28","32","7","11","30","42","76","65","214","106","99","54","241","93","121","56","80","50","81","43",
"1400000US18097340202","Census Tract 3402.02, Marion County, Indiana","4355","625","1142","497","434","174","81","75","0","12","53","53","0","12","0","12","0","12","66","68","109","86","79","86","15","18","10","16","21","34","0","12","708","380","135","154","46","70","45","52","30","39","13","24","25","33","75","52","102","81","73","83","147","158","8","14","0","12","9","14","3213","643","1700","499","388","369","0","12","84","79","35","29","11","13","20","27","125","64","270","117","148","71","266","140","167","76","89","47","97","55","1513","252","75","66","31","31","55","48","41","36","7","10","28","38","145","73","370","187","158","72","187","81","181","68","123","57","112","61",
"1400000US18097340301","Census Tract 3403.01, Marion County, Indiana","3764","956","1536","876","570","363","68","77","34","42","70","65","18","46","22","31","0","12","0","12","28","35","257","306","0","12","73","112","0","12","0","12","966","761","293","331","29","48","149","197","10","17","49","71","0","12","63","88","230","297","94","61","0","12","35","35","0","12","14","23","2228","667","1359","470","187","140","26","33","102","89","39","63","22","41","37","45","24","40","154","94","228","112","401","219","84","74","18","29","37","33","869","273","25","56","13","34","26","48","18","29","49","54","0","12","43","53","81","87","111","94","315","108","87","90","66","58","35","31",
"1400000US18097340302","Census Tract 3403.02, Marion County, Indiana","5088","1118","2210","904","1003","582","324","342","117","149","103","100","0","17","0","17","21","39","61","92","134","140","86","69","115","114","42","49","0","17","0","17","1207","548","249","199","0","17","187","172","77","99","0","17","46","73","158","136","116","101","230","131","58","74","86","78","0","17","0","17","2878","911","1690","591","249","152","0","17","0","17","0","17","47","83","16","31","44","55","584","267","218","221","107","103","254","248","171","111","0","17","1188","404","48","79","94","145","0","17","17","27","0","17","26","42","338","162","149","124","67","67","81","89","313","248","55","48","0","17",
"1400000US18097340400","Census Tract 3404, Marion County, Indiana","3720","610","771","392","301","187","31","48","30","48","62","83","26","43","0","12","0","12","56","60","78","72","0","12","0","12","18","40","0","12","0","12","470","249","99","82","0","12","49","51","24","40","0","12","24","40","51","47","69","60","22","35","81","62","42","52","9","15","0","12","2949","549","1616","492","77","67","0","12","59","82","89","55","87","64","0","12","309","293","199","94","398","230","146","111","129","99","90","40","33","30","1333","240","105","90","25","36","120","112","9","16","0","12","94","79","57","54","264","136","89","86","343","153","73","36","77","33","77","66",
"1400000US18097340500","Census Tract 3405, Marion County, Indiana","5544","826","1685","570","558","316","108","101","0","17","25","34","35","55","0","17","0","17","249","291","50","65","0","17","71","55","0","17","20","29","0","17","1127","440","59","75","121","118","115","118","0","17","15","25","33","53","213","114","261","221","52","45","100","90","158","255","0","17","0","17","3859","747","1565","308","229","147","0","17","126","87","66","81","33","50","0","17","344","185","263","118","100","66","72","58","217","96","84","43","31","46","2294","592","193","136","0","17","127","112","114","88","12","20","48","73","321","226","456","191","294","155","160","81","172","91","181","149","216","195",
"1400000US18097340600","Census Tract 3406, Marion County, Indiana","5372","989","1189","361","541","200","132","95","11","16","44","44","20","33","0","17","31","40","22","26","89","74","55","42","36","38","38","27","58","48","5","8","648","207","10","15","74","59","74","54","40","53","22","38","17","22","71","63","114","63","55","53","59","65","52","37","34","32","26","26","4183","909","2217","570","99","72","0","17","184","115","251","225","0","17","170","174","195","105","357","174","307","133","219","80","292","113","107","41","36","29","1966","437","148","165","22","37","113","84","85","71","0","17","82","50","167","91","355","202","226","135","237","97","278","124","157","54","96","45",
"1400000US18097340700","Census Tract 3407, Marion County, Indiana","4886","847","1242","844","412","297","0","12","0","12","35","53","71","114","0","12","0","12","25","33","107","152","20","32","48","52","94","122","12","20","0","12","830","609","209","204","41","63","217","228","0","12","0","12","65","100","10","19","164","135","51","60","30","29","23","31","9","14","11","25","3644","486","1644","392","115","103","84","125","228","166","0","12","74","102","0","12","124","131","256","168","202","155","227","120","252","138","48","39","34","30","2000","373","233","144","0","12","236","255","0","12","0","12","118","148","145","109","379","151","170","144","219","105","140","74","261","186","99","55",
"1400000US18097340800","Census Tract 3408, Marion County, Indiana","1633","223","156","111","89","62","4","7","12","18","15","26","7","12","5","7","5","9","12","14","4","8","11","12","4","7","6","9","4","7","0","12","67","57","6","13","0","12","14","18","0","12","0","12","9","14","0","12","9","14","5","8","13","14","6","10","5","7","0","12","1477","199","750","114","23","29","6","9","42","25","13","18","4","7","26","18","111","77","39","26","107","43","132","41","102","39","79","26","66","26","727","133","16","18","0","12","43","30","20","16","6","9","4","6","60","32","94","49","37","21","135","74","130","44","81","32","101","43",
"1400000US18097340901","Census Tract 3409.01, Marion County, Indiana","3982","558","233","173","84","73","0","12","19","31","12","19","0","12","0","12","0","12","0","12","28","33","11","19","0","12","14","21","0","12","0","12","149","112","47","74","0","12","0","12","12","19","14","22","0","12","22","28","0","12","10","17","0","12","35","34","9","15","0","12","3749","587","1821","366","126","78","52","59","228","135","95","86","18","26","92","139","99","73","295","130","169","82","295","97","158","75","123","51","71","39","1928","319","65","66","0","12","303","134","69","67","36","55","41","41","117","84","450","146","210","99","270","109","204","72","98","46","65","28",
"1400000US18097340903","Census Tract 3409.03, Marion County, Indiana","1515","465","275","235","40","49","0","12","0","12","0","12","0","12","0","12","0","12","0","12","0","12","0","12","25","43","0","12","15","23","0","12","235","226","0","12","0","12","0","12","0","12","0","12","0","12","141","203","78","125","0","12","0","12","0","12","16","26","0","12","1240","515","502","222","7","24","0","12","17","37","0","12","0","12","0","12","56","55","257","202","60","84","62","90","37","43","0","12","6","20","738","383","104","169","0","12","10","20","10","21","0","12","0","12","37","44","329","181","8","18","14","24","114","121","0","12","112","156",
"1400000US18097340904","Census Tract 3409.04, Marion County, Indiana","4742","649","363","194","198","115","0","12","0","12","29","46","0","12","0","12","0","12","13","22","33","55","15","29","63","77","25","27","20","32","0","12","165","123","0","12","0","12","29","45","0","12","0","12","0","12","21","25","40","74","0","12","26","43","0","12","0","12","49","56","4379","691","2132","414","186","147","0","12","143","94","0","12","85","66","0","12","171","128","571","206","299","155","198","80","80","69","284","318","115","68","2247","547","271","242","0","12","312","282","35","52","0","12","23","38","349","228","276","126","285","155","184","112","219","119","169","71","124","75",
"1400000US18097341000","Census Tract 3410, Marion County, Indiana","1626","223","60","37","24","18","0","12","0","12","0","12","0","12","0","12","0","12","11","12","6","9","7","10","0","12","0","12","0","12","0","12","36","26","7","10","0","12","0","12","0","12","0","12","3","7","4","6","6","10","0","12","0","12","6","8","10","14","0","12","1566","220","808","153","59","54","0","12","60","48","34","26","0","12","10","15","54","38","126","46","131","49","159","57","67","30","76","35","32","20","758","137","54","33","11","14","39","35","26","24","13","18","18","17","46","33","118","52","107","36","131","50","103","36","39","16","53","27",
"1400000US18097341100","Census Tract 3411, Marion County, Indiana","2151","380","381","141","308","129","0","12","0","12","0","12","0","12","0","12","0","12","18","24","0","12","16","21","26","27","30","35","209","121","9","11","73","52","0","12","0","12","0","12","0","12","0","12","0","12","5","8","20","32","0","12","0","12","31","37","17","16","0","12","1770","369","962","266","62","54","70","46","150","105","77","51","37","36","21","22","47","37","82","47","119","70","114","69","131","64","52","34","0","12","808","154","44","54","0","12","68","72","0","12","0","12","0","12","96","92","161","84","110","85","143","54","129","40","14","12","43","28",
"1400000US18097341200","Census Tract 3412, Marion County, Indiana","2627","720","942","442","410","249","46","75","55","51","127","101","0","12","6","9","11","14","46","94","23","36","0","12","21","33","75","48","0","12","0","12","532","230","106","100","20","32","119","83","16","25","0","12","8","16","5","8","78","54","39","39","61","47","52","39","13","13","15","20","1685","602","849","328","29","27","0","12","43","32","4","8","138","211","0","12","93","62","135","85","120","93","95","69","149","96","33","33","10","13","836","313","75","44","7","11","18","31","16","25","9","13","37","37","67","45","65","50","215","167","147","115","81","36","18","16","81","53",
"1400000US18097341600","Census Tract 3416, Marion County, Indiana","1884","368","760","285","325","158","53","49","0","12","117","68","0","12","0","12","0","12","0","12","69","64","0","12","38","47","48","36","0","12","0","12","435","186","30","53","35","55","75","72","24","39","0","12","31","35","15","28","62","47","25","36","73","63","11","15","36","49","18","19","1124","313","509","132","56","41","0","12","57","50","16","23","2","10","3","10","75","68","71","58","57","49","35","55","97","53","35","34","5","8","615","234","32","49","13","21","0","12","0","12","33","38","15","22","87","77","63","54","89","64","23","32","104","60","40","29","116","145",
"1400000US18097341701","Census Tract 3417.01, Marion County, Indiana","2800","591","1290","389","795","327","136","74","36","49","272","211","12","20","0","12","23","35","29","34","50","63","0","12","168","95","69","77","0","12","0","12","495","189","36","48","91","58","70","95","0","12","0","12","13","21","42","54","110","100","24","26","48","41","61","50","0","12","0","12","1510","504","841","349","0","12","36","56","81","79","36","56","30","49","22","36","117","133","110","84","203","129","68","66","88","64","50","41","0","12","669","211","18","31","36","60","37","57","37","49","0","12","0","12","68","56","159","80","50","53","47","38","99","69","74","58","44","37",
"1400000US18097341702","Census Tract 3417.02, Marion County, Indiana","2285","983","248","168","156","108","12","19","0","12","17","21","0","12","0","12","0","12","11","20","54","70","0","12","11","18","51","59","0","12","0","12","92","71","0","12","0","12","10","17","0","12","0","12","0","12","9","14","16","18","0","12","15","21","42","57","0","12","0","12","2037","987","1009","484","89","43","0","12","122","99","54","83","0","12","65","34","0","12","217","173","276","207","55","47","67","51","64","37","0","12","1028","681","24","27","0","12","164","233","157","224","0","12","32","31","44","33","254","220","97","44","75","45","57","46","78","50","46","40",
"1400000US18097341902","Census Tract 3419.02, Marion County, Indiana","3942","759","509","580","168","205","0","12","0","12","47","75","0","12","16","25","0","12","0","12","81","131","13","20","0","12","11","14","0","12","0","12","341","381","54","86","0","12","52","68","106","137","2","4","0","12","13","19","55","90","6","10","0","12","53","49","0","12","0","12","3433","489","1566","247","119","48","68","66","94","49","58","63","11","16","13","20","147","86","178","81","172","93","203","95","291","78","90","45","122","95","1867","310","60","49","10","16","153","98","85","45","24","36","93","77","70","34","342","134","231","138","203","87","289","75","134","58","173","57",
"1400000US18097341903","Census Tract 3419.03, Marion County, Indiana","5781","905","1433","597","723","347","57","103","0","17","75","90","53","62","36","55","38","64","25","51","0","17","293","177","100","105","0","17","0","17","46","66","710","315","0","17","0","17","87","109","126","113","0","17","97","105","60","79","82","88","144","71","79","96","35","52","0","17","0","17","4348","832","2269","543","53","81","66","81","292","137","123","156","65","69","77","68","67","78","539","246","352","390","354","189","233","113","32","33","16","30","2079","540","192","240","0","17","235","212","96","101","37","67","39","58","73","82","377","204","275","146","293","200","263","118","129","159","70","58",
"1400000US18097341904","Census Tract 3419.04, Marion County, Indiana","2011","216","403","156","236","112","28","34","7","13","60","77","11","18","0","12","26","25","44","31","3","6","18","23","32","29","0","12","7","10","0","12","167","67","12","13","0","12","11","17","0","12","0","12","0","12","28","26","68","44","19","19","20","22","9","14","0","12","0","12","1608","207","765","130","91","73","11","18","132","59","0","12","0","12","32","32","13","20","127","56","168","76","66","38","66","35","32","24","27","21","843","170","39","34","7","12","86","48","55","36","38","26","0","12","102","60","208","86","124","55","55","29","98","35","31","25","0","12",
"1400000US18097342000","Census Tract 3420, Marion County, Indiana","6579","1243","637","539","189","171","0","17","0","17","0","17","50","79","0","17","0","17","0","17","0","17","49","77","56","75","10","17","24","39","0","17","448","383","60","80","58","78","114","116","0","17","0","17","50","79","0","17","0","17","132","108","0","17","34","36","0","17","0","17","5942","1310","2924","596","208","150","32","54","301","197","150","122","67","80","190","199","203","166","300","147","434","217","464","208","406","221","109","62","60","56","3018","916","110","114","32","54","534","464","292","213","17","31","44","70","142","114","292","157","554","220","359","120","341","166","173","93","128","122",
"1400000US18097342101","Census Tract 3421.01, Marion County, Indiana","5665","590","1101","541","386","211","103","118","0","17","37","55","134","101","0","17","0","17","32","30","27","31","25","38","17","28","11","17","0","17","0","17","715","377","81","91","36","54","233","160","26","29","0","17","46","76","42","50","116","95","61","75","26","25","35","45","13","21","0","17","4564","619","2172","400","190","102","74","97","144","92","60","52","13","22","61","72","100","82","232","104","382","133","372","232","281","97","227","148","36","26","2392","402","93","97","0","17","288","159","77","79","38","61","129","94","125","103","351","162","323","131","389","186","342","105","188","67","49","38",
"1400000US18097342200","Census Tract 3422, Marion County, Indiana","5634","901","1335","529","417","231","168","169","0","17","44","77","26","30","0","17","0","17","54","42","29","43","36","32","51","40","9","15","0","17","0","17","918","374","136","117","0","17","252","160","28","45","0","17","33","31","140","109","242","128","11","17","57","40","17","25","2","4","0","17","4299","928","2428","576","226","205","114","52","207","118","10","22","0","17","111","110","210","101","511","203","305","131","364","279","249","90","13","17","108","142","1871","470","130","101","0","17","144","105","111","117","0","17","62","44","153","94","169","158","222","97","247","214","294","120","200","228","139","57",
"1400000US18097342300","Census Tract 3423, Marion County, Indiana","6593","1077","1138","589","491","253","62","62","53","65","98","81","43","66","16","29","0","17","8","14","54","58","53","62","15","27","0","17","89","81","0","17","647","354","114","162","0","17","48","79","34","41","0","17","34","59","92","78","83","78","100","99","51","45","23","30","68","69","0","17","5455","1071","3032","731","316","249","45","68","164","118","40","66","234","259","123","76","318","186","340","190","336","218","426","238","498","228","135","112","57","41","2423","480","109","95","17","29","147","100","63","71","51","63","0","17","314","178","301","147","392","199","318","165","286","115","257","89","168","85",
"1400000US18097342400","Census Tract 3424, Marion County, Indiana","1528","289","400","228","227","127","25","31","16","26","44","38","0","12","0","12","0","12","15","16","31","28","30","28","33","38","33","39","0","12","0","12","173","111","6","10","0","12","32","34","18","21","7","10","6","9","0","12","47","43","8","10","15","24","15","23","19","21","0","12","1128","275","615","144","25","22","28","31","6","8","0","12","0","12","17","16","20","24","51","34","82","44","108","60","147","72","105","51","26","19","513","163","0","12","0","12","12","13","6","9","0","12","6","11","19","21","50","36","71","52","72","54","186","129","64","46","27","18",
"1400000US18097342500","Census Tract 3425, Marion County, Indiana","4535","741","1064","552","499","310","149","200","0","12","46","72","69","78","0","12","9","18","14","23","103","90","15","24","48","56","32","38","14","16","0","12","565","274","91","81","0","12","96","80","10","16","0","12","22","26","62","61","128","99","77","68","29","46","41","34","0","12","9","14","3471","754","1836","498","92","85","99","112","215","176","101","96","0","12","83","63","76","58","345","171","147","95","206","92","230","93","203","110","39","25","1635","341","48","54","31","45","252","144","142","93","27","34","0","12","31","37","343","172","187","106","108","59","225","101","153","111","88","52",
"1400000US18097342600","Census Tract 3426, Marion County, Indiana","3773","568","1237","418","698","204","88","75","19","32","219","110","0","12","0","12","25","32","13","21","94","63","48","31","101","85","60","43","8","14","23","34","539","269","45","58","9","13","111","139","25","32","0","12","27","43","74","66","123","69","19","23","35","37","29","31","42","49","0","12","2536","603","1305","398","78","70","22","34","97","73","51","45","53","57","31","36","124","114","320","164","77","51","135","102","73","64","186","126","58","33","1231","373","78","73","0","12","126","133","0","12","29","40","0","12","34","36","245","123","89","80","118","69","357","261","96","54","59","37",
"1400000US18097350100","Census Tract 3501, Marion County, Indiana","1259","291","74","54","35","42","0","12","0","12","10","19","0","12","0","12","0","12","5","8","0","12","9","16","0","12","11","14","0","12","0","12","39","27","0","12","0","12","0","12","0","12","0","12","0","12","0","12","0","12","8","16","10","14","21","24","0","12","0","12","1185","296","634","167","17","28","0","12","111","105","0","12","11","16","38","46","94","86","153","74","40","43","46","39","73","57","42","37","9","15","551","190","0","12","0","12","40","64","83","79","3","5","0","12","0","12","85","55","109","68","113","63","60","43","30","22","28","26",
"1400000US18097350300","Census Tract 3503, Marion County, Indiana","2290","589","896","475","244","120","81","96","0","12","15","23","0","12","0","12","0","12","25","27","66","45","57","47","0","12","0","12","0","12","0","12","652","411","54","90","0","12","23","36","0","12","0","12","0","12","95","88","149","103","94","181","40","48","62","64","135","183","0","12","1394","335","681","197","36","56","0","12","0","12","29","47","0","12","20","42","45","66","198","98","10","16","164","108","56","47","48","43","75","48","713","231","9","14","0","12","32","50","25","51","0","12","53","57","44","42","124","74","122","73","120","140","92","72","55","38","37","34",
"1400000US18097350400","Census Tract 3504, Marion County, Indiana","2481","483","395","179","224","146","0","12","0","12","0","12","0","12","0","12","0","12","107","115","6","11","23","30","25","29","16","17","37","41","10","17","171","100","0","12","0","12","0","12","0","12","0","12","0","12","47","36","59","74","42","47","8","14","7","11","8","13","0","12","2086","475","1303","388","32","29","9","16","136","188","49","65","0","12","33","55","163","138","340","156","118","60","104","69","174","57","66","39","79","48","783","158","23","27","0","12","93","66","68","49","0","12","11","19","54","48","102","48","97","81","63","48","134","55","54","37","84","45",
"1400000US18097350500","Census Tract 3505, Marion County, Indiana","2370","485","843","322","360","144","22","25","9","15","56","48","29","38","26","32","27","34","50","47","45","40","0","12","31","30","22","22","37","37","6","11","483","205","70","59","0","12","41","42","8","13","0","12","31","41","99","72","94","72","32","32","25","28","18","16","42","47","23","26","1527","429","636","198","33","38","0","12","16","21","0","12","0","12","0","12","88","74","89","69","112","76","68","56","129","65","15","13","86","50","891","295","59","77","32","40","70","63","45","56","0","12","5","9","73","92","45","40","55","46","183","106","139","55","94","74","91","64",
"1400000US18097350600","Census Tract 3506, Marion County, Indiana","5484","815","1581","573","566","277","78","88","0","17","44","61","18","28","50","58","45","46","0","17","169","120","89","141","35","35","0","17","30","27","8","13","1015","393","107","97","0","17","41","65","63","67","0","17","57","52","158","116","205","129","18","27","82","71","80","68","31","52","173","271","3903","809","1820","552","117","127","0","17","152","143","62","82","70","121","15","22","103","93","244","299","178","110","236","162","407","264","108","55","128","66","2083","395","39","48","0","17","176","111","98","104","0","17","73","78","61","62","150","104","318","172","214","137","405","146","209","82","340","183",
"1400000US18097350700","Census Tract 3507, Marion County, Indiana","1507","363","528","249","175","84","0","12","0","12","41","43","10","16","0","12","0","12","3","10","17","18","0","12","34","34","33","32","17","25","20","28","353","199","61","56","38","49","71","94","0","12","10","15","0","12","51","55","41","34","54","47","8","13","2","4","17","25","0","12","979","260","512","201","13","21","0","12","13","22","17","26","0","12","10","17","6","12","77","80","43","37","117","55","47","40","17","18","152","173","467","128","11","17","0","12","0","12","6","11","0","12","7","17","14","18","71","51","52","40","89","42","113","65","43","50","61","37",
"1400000US18097350800","Census Tract 3508, Marion County, Indiana","1590","399","508","173","183","89","50","62","0","12","46","56","0","12","0","12","24","29","0","12","19","20","23","37","0","12","21","23","0","12","0","12","325","107","53","48","8","18","0","12","5","8","0","12","0","12","54","49","85","48","61","42","33","26","0","12","15","22","11","12","1082","371","552","233","46","38","24","37","99","92","41","41","0","12","0","12","0","12","139","99","22","22","76","56","39","36","20","23","46","37","530","192","41","47","0","12","25","29","27","31","0","12","0","12","82","74","71","56","45","36","112","51","60","35","36","28","31","27",
"1400000US18097350900","Census Tract 3509, Marion County, Indiana","1366","310","183","131","45","37","0","12","0","12","0","12","14","23","0","12","0","12","11","17","0","12","9","13","0","12","0","12","11","17","0","12","138","105","0","12","0","12","17","27","17","27","0","12","13","21","6","11","18","22","26","32","0","12","24","31","17","19","0","12","1183","305","578","189","67","64","10","16","33","35","13","20","0","12","0","12","12","19","212","143","67","39","71","42","31","23","47","29","15","17","605","176","61","50","0","12","46","39","27","27","0","12","12","19","16","22","133","64","140","75","24","22","52","29","63","50","31","30",
"1400000US18097351000","Census Tract 3510, Marion County, Indiana","2609","532","983","247","349","150","80","58","0","12","153","116","0","12","0","12","0","12","59","76","0","12","30","39","0","12","0","12","11","17","16","25","634","192","38","47","28","44","72","79","100","78","17","27","34","57","34","51","59","57","94","73","35","34","110","78","13","17","0","12","1626","529","632","243","89","131","0","12","0","12","0","12","17","26","0","12","124","97","151","106","29","27","112","84","42","50","31","29","37","30","994","379","0","12","0","12","8","18","26","26","16","22","0","12","135","111","112","85","162","101","110","81","345","287","31","23","49","41",
"1400000US18097351200","Census Tract 3512, Marion County, Indiana","2746","641","994","501","366","192","97","55","0","12","132","103","0","12","0","12","28","36","0","12","0","12","40","57","21","25","48","41","0","12","0","12","628","330","237","215","0","12","55","75","0","12","0","12","0","12","19","22","86","51","56","61","111","65","37","39","27","28","0","12","1752","588","836","419","41","50","11","17","32","38","76","81","0","12","29","42","56","46","68","44","70","59","32","41","230","230","177","172","14","16","916","312","74","83","25","39","49","46","64","63","0","12","11","17","106","69","100","109","106","68","77","51","158","95","105","65","41","25",
"1400000US18097351500","Census Tract 3515, Marion County, Indiana","1585","371","387","191","215","121","0","12","0","12","20","32","9","14","0","12","26","42","49","49","18","19","22","22","59","37","12","20","0","12","0","12","172","88","0","12","0","12","23","38","0","12","0","12","0","12","61","48","15","16","25","29","28","30","16","18","0","12","4","8","1198","361","634","240","0","12","0","12","25","40","0","12","0","12","0","12","14","15","367","213","107","70","48","35","37","21","12","12","24","24","564","208","62","94","0","12","31","47","0","12","0","12","0","12","65","35","210","89","30","29","59","29","85","47","14","14","8","9",
"1400000US18097351600","Census Tract 3516, Marion County, Indiana","2553","396","276","114","130","69","16","26","0","12","0","12","16","26","0","12","29","40","4","8","18","17","12","20","0","12","35","37","0","12","0","12","146","86","0","12","0","12","16","25","0","12","0","12","0","12","60","60","43","30","12","20","2","5","2","5","0","12","11","17","2277","393","1210","230","61","37","0","12","29","32","18","27","0","12","31","35","167","92","460","161","159","78","97","48","105","70","70","49","13","18","1067","265","100","56","12","20","18","25","31","35","0","12","69","102","65","70","280","82","178","56","125","51","137","96","28","22","24","27",
"1400000US18097351700","Census Tract 3517, Marion County, Indiana","2416","391","339","198","197","131","65","97","0","12","28","29","0","12","0","12","0","12","0","12","8","13","16","23","44","44","28","33","0","12","8","12","142","110","0","12","0","12","22","27","34","56","6","10","0","12","15","16","35","40","10","17","6","10","9","11","5","9","0","12","2077","327","1175","237","109","74","27","42","97","59","10","16","0","12","0","12","13","20","382","235","143","71","188","96","175","72","22","22","9","15","902","172","78","54","7","14","33","32","7","14","0","12","14","24","72","57","229","82","163","79","107","83","112","67","58","49","22","26",
"1400000US18097351900","Census Tract 3519, Marion County, Indiana","2599","456","408","136","161","69","0","12","0","12","7","12","0","12","0","12","0","12","12","15","16","22","46","51","16","20","37","30","16","12","11","17","247","123","24","32","0","12","0","12","9","15","0","12","0","12","0","12","36","32","6","10","49","42","48","38","70","102","5","7","2191","452","872","154","55","51","6","8","84","63","16","25","9","13","36","40","77","52","175","112","103","53","79","39","41","30","110","48","81","49","1319","388","119","165","0","12","59","35","99","60","0","12","25","30","178","142","101","67","121","57","209","108","123","61","131","58","154","70",
"1400000US18097352100","Census Tract 3521, Marion County, Indiana","2036","388","761","289","477","188","84","67","0","12","92","95","21","23","19","30","18","21","57","49","17","26","48","46","46","35","49","30","13","15","13","15","284","139","35","39","13","20","35","43","0","12","0","12","41","50","0","12","43","34","39","34","41","38","29","31","0","12","8","11","1275","342","611","229","46","45","0","12","59","39","12","13","0","12","0","12","43","33","176","180","102","51","60","41","30","21","59","45","24","22","664","148","28","30","1","11","47","36","17","18","7","11","14","16","110","60","60","55","67","60","88","39","115","52","76","33","34","22",
"1400000US18097352300","Census Tract 3523, Marion County, Indiana","1120","280","255","108","98","46","5","11","0","12","3","6","4","12","0","12","0","12","17","28","0","12","8","13","26","24","29","20","0","12","6","9","157","78","8","14","5","14","4","7","0","12","0","12","0","12","31","32","27","38","26","31","7","11","29","33","5","9","15","15","865","273","384","139","5","7","0","12","34","26","15","22","0","12","14","22","18","28","51","41","56","44","76","74","18","17","97","44","0","12","481","191","0","12","6","8","0","12","0","12","12","19","8","12","24","25","41","34","62","48","43","37","60","37","191","171","34","22",
"1400000US18097352400","Census Tract 3524, Marion County, Indiana","2849","603","635","214","259","108","0","12","34","52","18","28","0","12","0","12","0","12","23","28","14","21","98","87","29","32","21","23","22","24","0","12","376","173","0","12","0","12","0","12","0","12","0","12","0","12","55","71","52","71","86","96","43","37","80","54","32","36","28","37","2214","624","1036","270","120","97","31","47","46","57","35","40","0","12","36","52","48","48","234","130","224","103","99","55","109","52","50","30","4","8","1178","415","127","158","31","48","125","118","88","78","0","12","28","48","139","114","145","81","193","106","83","71","157","65","48","42","14","17",
"1400000US18097352500","Census Tract 3525, Marion County, Indiana","2972","423","688","355","429","330","74","94","13","20","0","12","0","12","13","21","12","18","0","12","70","53","167","261","8","14","46","41","26","24","0","12","259","116","10","16","0","12","16","24","0","12","0","12","0","12","22","26","47","42","18","26","27","25","48","49","36","46","35","42","2284","311","1155","201","42","43","7","16","29","45","10","14","10","16","0","12","131","108","187","67","161","67","210","83","232","94","121","62","15","23","1129","230","86","67","10","15","60","54","34","31","10","15","0","12","77","67","239","82","86","59","212","102","156","63","118","123","41","31",
"1400000US18097352600","Census Tract 3526, Marion County, Indiana","3579","609","1435","430","580","197","80","60","64","53","83","41","29","48","20","26","0","12","29","32","36","36","123","88","45","37","48","47","6","11","17","27","855","279","111","85","32","44","229","107","98","92","0","12","14","21","28","33","172","87","67","44","59","52","14","23","22","31","9","15","2144","572","1125","375","81","87","0","12","95","77","75","62","0","12","12","19","91","78","192","92","159","84","158","93","125","67","111","119","26","26","1019","281","53","51","15","24","98","68","32","37","15","25","0","12","52","42","250","116","114","59","79","51","121","70","30","27","160","140",
"1400000US18097352700","Census Tract 3527, Marion County, Indiana","2151","511","480","191","124","87","46","51","0","12","16","28","0","12","0","12","0","12","0","12","19","28","8","25","0","12","0","12","0","12","35","56","356","158","19","37","0","12","20","37","9","14","15","18","0","12","40","48","77","69","38","40","0","12","137","101","0","12","1","2","1671","579","819","340","14","22","0","12","157","158","47","67","11","28","0","12","54","70","152","82","106","89","96","75","66","52","80","60","36","45","852","294","48","41","3","13","36","60","58","61","0","12","43","63","73","55","147","68","110","77","28","38","70","76","74","61","162","145",
"1400000US18097352800","Census Tract 3528, Marion County, Indiana","1259","313","369","245","142","95","0","12","0","12","0","12","0","12","48","74","2","4","0","12","0","12","5","8","54","52","17","25","1","4","15","21","227","178","0","12","0","12","37","57","49","62","0","12","0","12","13","22","34","43","35","42","49","56","10","14","0","12","0","12","890","243","455","123","12","22","0","12","42","42","13","24","0","12","52","52","46","61","78","57","66","49","8","13","72","46","52","49","14","16","435","166","0","12","0","12","0","12","0","12","2","5","12","23","37","31","103","114","59","46","79","59","51","35","32","28","60","32",
"1400000US18097353300","Census Tract 3533, Marion County, Indiana","2143","349","338","132","158","88","0","12","0","12","0","12","0","12","0","12","10","17","40","33","32","30","11","17","15","25","14","20","36","58","0","12","180","89","0","12","0","12","0","12","0","12","0","12","0","12","61","36","79","58","0","12","21","23","19","20","0","12","0","12","1805","358","1009","235","33","46","11","17","0","12","0","12","0","12","0","12","179","169","385","135","176","82","86","42","45","32","73","67","21","19","796","203","0","12","0","12","58","62","29","43","0","12","0","12","121","73","246","95","134","64","66","52","88","49","31","24","23","24",
"1400000US18097353500","Census Tract 3535, Marion County, Indiana","2364","468","965","394","527","303","0","12","0","12","0","12","0","12","0","12","2","5","306","237","172","147","0","12","0","12","47","47","0","12","0","12","438","246","0","12","0","12","0","12","0","12","2","5","10","14","329","219","27","27","0","12","0","12","0","12","10","15","60","99","1399","249","766","222","27","48","0","12","15","25","0","12","6","16","0","12","174","123","366","219","70","26","40","34","41","37","0","12","27","39","633","179","0","12","0","12","0","12","22","24","0","12","0","12","131","94","208","99","40","36","106","93","28","23","41","45","57","51",
"1400000US18097353600","Census Tract 3536, Marion County, Indiana","3113","612","793","222","412","162","0","12","19","35","0","12","18","35","0","12","2","4","166","134","95","70","19","22","36","31","36","35","16","25","5","9","381","145","22","43","0","12","0","12","0","12","0","12","8","14","244","116","18","21","0","12","5","9","57","47","16","20","11","19","2320","626","1173","416","116","82","0","12","155","154","96","140","0","12","21","33","85","76","258","200","171","80","104","66","118","56","25","26","24","22","1147","388","89","105","0","12","91","69","0","12","18","29","0","12","271","246","175","110","68","53","89","61","206","125","61","42","79","36",
"1400000US18097354201","Census Tract 3542.01, Marion County, Indiana","3701","458","756","300","423","258","0","12","0","12","0","12","0","12","0","12","23","30","39","44","56","92","53","44","141","124","67","63","44","40","0","12","333","172","0","12","0","12","0","12","0","12","0","12","0","12","40","70","42","49","0","12","81","59","121","142","0","12","49","78","2945","418","1668","349","29","43","0","12","0","12","23","21","0","12","0","12","62","49","802","341","112","88","157","104","242","120","185","100","56","46","1277","263","31","52","0","12","0","12","24","23","0","12","0","12","97","92","776","222","41","49","26","26","120","69","88","55","74","56",
"1400000US18097354202","Census Tract 3542.02, Marion County, Indiana","3359","757","379","179","94","71","0","12","0","12","0","12","0","12","0","12","0","12","0","12","18","29","0","12","3","18","69","63","4","7","0","12","285","161","0","12","0","12","0","12","0","12","0","12","0","12","14","23","90","95","0","12","0","12","116","89","63","70","2","12","2980","758","1729","713","80","37","0","12","0","12","0","12","0","12","7","17","87","72","461","159","387","293","303","315","159","76","222","150","23","25","1251","272","58","15","0","12","0","12","0","12","0","12","0","12","185","113","606","235","96","76","179","140","109","90","11","20","7","13",
"1400000US18097354400","Census Tract 3544, Marion County, Indiana","1543","307","192","86","107","63","4","8","0","12","0","12","0","12","0","12","0","12","5","7","3","6","65","56","2","4","17","15","7","10","4","6","85","34","10","15","0","12","0","12","0","12","0","12","0","12","4","6","21","17","0","12","0","12","23","18","4","6","23","25","1351","304","625","142","7","10","15","14","21","18","12","13","0","12","0","12","7","10","166","54","124","46","64","32","194","138","0","12","15","17","726","190","47","33","9","12","36","37","6","9","0","12","0","12","37","32","211","59","96","45","188","150","53","39","8","11","35","24",
"1400000US18097354500","Census Tract 3545, Marion County, Indiana","2152","422","563","265","138","65","12","20","0","12","0","12","10","14","0","12","0","12","7","10","40","32","10","16","34","29","19","20","3","10","3","5","425","239","0","12","26","40","39","41","26","40","0","12","11","16","42","52","57","42","141","171","16","14","51","31","4","6","12","10","1589","297","883","204","42","29","26","27","90","50","14","14","13","19","27","32","13","11","192","58","182","144","137","62","89","41","28","16","30","27","706","137","40","27","0","12","119","62","11","16","0","12","14","19","25","29","153","65","165","59","73","31","48","32","37","26","21","15",
"1400000US18097354700","Census Tract 3547, Marion County, Indiana","1535","284","520","177","233","131","0","12","0","12","12","13","7","11","0","12","0","12","6","10","159","134","6","10","14","16","20","15","9","15","0","12","287","109","27","46","0","12","8","11","51","50","3","6","0","12","39","33","44","43","45","29","50","35","0","12","20","21","0","12","1015","255","557","162","34","30","6","9","67","48","32","25","5","9","13","14","22","16","165","74","111","48","46","26","40","26","13","17","3","8","458","124","26","24","0","12","15","15","22","19","36","29","38","29","61","48","145","51","37","25","54","27","19","19","5","7","0","12",
"1400000US18097354800","Census Tract 3548, Marion County, Indiana","1847","536","537","223","292","163","14","21","3","7","41","36","12","17","0","12","0","12","55","57","88","80","32","30","26","23","12","19","9","14","0","12","245","115","10","12","0","12","40","52","0","12","0","12","0","12","0","12","57","42","54","47","20","18","53","39","11","17","0","12","1310","522","699","330","21","22","0","12","71","80","31","41","12","17","37","37","59","48","102","46","182","201","35","29","80","50","53","54","16","17","611","227","78","86","5","8","123","114","6","9","52","52","8","11","16","14","151","69","57","33","43","31","46","27","21","24","5","10",
"1400000US18097354900","Census Tract 3549, Marion County, Indiana","2555","399","1060","318","435","133","36","34","0","12","26","28","0","12","0","12","13","21","41","29","103","59","44","33","105","68","50","37","17","18","0","12","625","229","51","51","0","12","29","36","0","12","21","24","21","24","23","21","118","84","71","46","72","48","147","104","72","64","0","12","1495","364","978","301","32","32","0","12","51","43","30","35","0","12","13","21","155","78","183","141","182","97","192","162","94","58","46","33","0","12","517","149","30","31","0","12","12","19","0","12","0","12","27","30","30","23","75","50","114","59","80","44","99","58","30","27","20","17",
"1400000US18097355000","Census Tract 3550, Marion County, Indiana","2256","427","946","264","558","197","77","70","12","20","99","56","13","21","0","12","39","36","0","12","65","53","101","68","140","85","0","12","7","10","5","8","388","118","14","22","0","12","81","58","0","12","0","12","17","28","17","21","87","80","62","44","66","47","13","21","19","22","12","19","1310","354","640","199","89","76","0","12","76","54","29","27","22","31","30","26","31","31","137","62","55","33","57","39","60","37","48","27","6","9","670","222","11","21","14","21","74","83","13","20","22","26","0","12","29","36","239","144","101","45","33","20","53","30","81","64","0","12",
"1400000US18097355100","Census Tract 3551, Marion County, Indiana","1917","516","1232","506","641","419","43","38","21","27","149","104","0","12","0","12","0","12","13","16","31","29","26","31","74","51","270","411","14","18","0","12","591","225","75","67","17","26","78","51","41","43","0","12","0","12","39","25","61","36","50","37","121","64","57","51","52","40","0","12","685","163","316","86","0","12","11","17","6","8","4","7","0","12","0","12","61","52","59","52","46","35","25","24","61","35","35","29","8","8","369","128","11","17","0","12","51","47","0","12","0","12","6","10","29","20","77","47","80","49","47","47","30","22","36","19","2","5",
"1400000US18097355300","Census Tract 3553, Marion County, Indiana","2462","544","797","512","383","208","59","74","0","12","139","188","0","12","0","12","49","60","18","27","50","63","38","38","18","31","0","12","12","20","0","12","414","313","200","178","0","12","42","66","0","12","0","12","0","12","32","44","33","42","43","59","53","54","11","18","0","12","0","12","1665","315","852","210","75","64","7","11","96","87","0","12","0","12","0","12","0","12","67","46","147","76","147","82","146","77","117","57","50","35","813","194","8","12","17","30","80","78","10","15","0","12","0","12","43","67","213","84","122","77","76","77","143","86","63","30","38","32",
"1400000US18097355400","Census Tract 3554, Marion County, Indiana","3088","523","994","270","576","180","0","12","0","12","13","20","63","61","65","73","0","12","18","27","43","51","99","59","85","63","157","129","0","12","33","53","418","169","42","53","0","12","32","31","24","37","34","33","18","29","13","21","35","47","36","29","112","92","63","62","9","13","0","12","2094","531","881","301","21","24","0","12","58","52","15","25","0","12","8","13","0","12","274","221","189","127","113","74","116","87","69","41","18","15","1213","328","0","12","9","17","198","97","144","89","0","12","82","76","64","54","207","122","219","105","91","60","150","60","35","29","14","17",
"1400000US18097355500","Census Tract 3555, Marion County, Indiana","4236","896","655","300","293","153","80","90","0","12","0","12","19","32","0","12","19","31","0","12","32","51","26","41","33","39","53","55","31","35","0","12","362","195","29","44","0","12","85","74","19","30","0","12","0","12","0","12","27","40","44","38","60","53","43","47","0","12","55","70","3581","865","1779","379","164","124","51","76","168","125","95","82","0","12","0","12","46","40","329","156","218","119","314","159","191","97","172","114","31","30","1802","538","143","122","0","12","158","126","121","144","0","12","0","12","32","35","386","226","121","80","161","71","425","221","130","74","125","72",
"1400000US18097355600","Census Tract 3556, Marion County, Indiana","2158","465","657","220","335","112","0","12","25","41","24","38","0","12","7","11","6","10","50","53","98","43","38","34","47","37","11","14","29","32","0","12","322","125","40","52","0","12","29","46","0","12","7","11","0","12","27","29","76","57","68","53","22","33","19","17","33","37","1","2","1501","445","906","308","85","92","0","12","64","43","45","33","31","31","78","113","114","77","18","22","128","81","99","56","177","97","43","25","24","18","595","164","14","22","0","12","51","49","24","38","2","6","7","11","23","25","67","58","78","49","97","61","99","31","84","34","49","28",
"1400000US18097355700","Census Tract 3557, Marion County, Indiana","1824","334","581","184","275","119","16","24","0","12","36","39","26","38","4","9","19","30","5","9","24","29","31","32","44","43","43","37","14","29","13","29","306","97","34","36","0","12","0","12","0","12","0","12","9","14","35","28","29","32","39","36","76","41","50","39","24","20","10","11","1243","316","654","173","40","42","0","12","35","34","17","18","0","12","23","28","50","38","77","48","32","27","83","47","134","77","65","39","98","130","589","190","36","44","0","12","26","22","14","24","0","12","31","35","59","41","58","40","79","49","81","38","28","23","53","23","124","131",
"1400000US18097355900","Census Tract 3559, Marion County, Indiana","1946","341","238","105","144","69","0","12","0","12","0","12","0","12","0","12","26","43","12","17","31","31","0","12","26","22","14","15","30","19","5","8","94","50","7","11","0","12","0","12","7","11","0","12","0","12","3","7","13","14","7","11","5","7","43","31","0","12","9","14","1708","347","847","215","38","36","0","12","44","35","21","20","6","10","0","12","78","51","250","81","174","97","140","121","27","17","41","33","28","20","861","166","29","29","0","12","39","22","23","19","22","18","4","8","113","58","271","94","110","43","122","100","57","27","38","23","33","23",
"1400000US18097356200","Census Tract 3562, Marion County, Indiana","1950","298","144","61","57","30","0","12","0","12","0","12","0","12","0","12","0","12","27","23","0","12","12","12","9","11","9","11","0","12","0","12","87","53","0","12","0","12","0","12","0","12","0","12","0","12","25","28","57","42","0","12","5","9","0","12","0","12","0","12","1806","297","1025","263","83","66","0","12","13","13","6","9","0","12","0","12","63","40","531","234","143","46","58","39","70","45","46","29","12","17","781","122","41","25","0","12","18","16","0","12","0","12","7","11","78","41","333","89","109","53","62","35","59","21","48","20","26","24",
"1400000US18097356400","Census Tract 3564, Marion County, Indiana","3933","569","1429","585","691","311","143","129","25","34","81","68","28","45","0","12","28","31","56","57","123","103","61","54","86","72","52","42","8","12","0","12","738","368","83","79","0","12","10","16","187","223","6","11","10","16","108","80","90","72","100","83","68","59","61","54","15","16","0","12","2504","493","1523","336","34","44","12","19","142","91","62","59","0","12","12","19","332","251","323","208","206","137","229","103","73","60","81","63","17","29","981","254","69","64","0","12","75","65","0","12","11","17","22","25","143","85","152","93","102","62","158","122","153","86","66","45","30","28",
"1400000US18097356900","Census Tract 3569, Marion County, Indiana","1912","275","496","154","133","70","22","29","0","12","4","7","25","32","0","12","7","14","0","12","4","9","26","25","12","14","16","15","17","14","0","12","363","115","22","29","0","12","14","22","13","18","0","12","34","39","42","30","126","73","7","11","66","43","10","10","16","18","13","21","1416","258","654","158","15","16","0","12","25","28","10","15","0","12","0","12","38","31","182","77","83","50","43","31","140","95","92","68","26","28","762","185","66","45","81","125","24","27","13","18","0","12","0","12","27","20","164","68","115","68","90","86","84","36","58","32","40","30",
"1400000US18097357000","Census Tract 3570, Marion County, Indiana","2051","441","522","194","265","133","40","45","0","12","39","39","0","12","0","12","0","12","24","26","31","36","0","12","50","43","76","38","0","12","5","7","257","100","0","12","0","12","0","12","0","12","0","12","6","9","34","35","45","41","45","49","43","32","80","46","4","7","0","12","1529","419","875","268","32","29","0","12","32","31","135","189","7","12","7","11","53","40","291","133","95","36","54","40","73","42","73","34","23","30","654","222","16","26","0","12","14","16","8","14","0","12","15","17","48","54","143","63","91","56","63","42","158","140","69","55","29","18",
"1400000US18097357100","Census Tract 3571, Marion County, Indiana","2107","356","403","186","175","96","14","24","5","7","48","64","9","13","0","12","5","8","25","36","33","39","23","27","8","12","5","8","0","12","0","12","228","114","25","36","0","12","0","12","31","36","0","12","0","12","32","31","57","39","41","40","17","18","20","20","0","12","5","7","1704","317","891","189","34","24","17","24","23","26","14","19","6","9","22","22","31","29","341","89","109","67","100","79","94","73","81","32","19","22","813","187","39","27","0","12","71","54","5","8","0","12","0","12","36","32","303","88","95","39","57","34","121","117","73","59","13","13",
"1400000US18097357200","Census Tract 3572, Marion County, Indiana","2110","519","483","219","210","114","8","16","7","13","7","13","0","12","0","12","32","48","9","18","28","33","52","51","31","32","36","44","0","12","0","12","273","138","7","14","0","12","23","28","5","9","19","23","0","12","8","16","44","44","44","37","40","33","70","53","5","13","8","13","1627","470","831","214","75","71","2","18","54","52","7","11","0","12","0","12","28","42","182","100","116","80","164","102","119","57","43","40","41","43","796","333","30","44","24","42","34","47","6","10","0","12","54","67","143","146","178","93","61","53","117","101","82","70","40","37","27","22",
"1400000US18097357300","Census Tract 3573, Marion County, Indiana","1950","308","852","216","302","100","82","79","29","43","51","53","15","25","0","12","10","16","7","11","38","41","0","12","16","18","27","28","27","30","0","12","550","174","77","75","0","12","98","111","16","25","0","12","16","26","88","48","73","49","32","25","6","9","52","39","6","9","86","74","1098","323","628","186","31","33","0","12","18","26","18","26","11","19","0","12","36","36","138","60","79","51","90","123","115","53","44","32","48","36","470","154","17","22","0","12","11","15","7","11","0","12","14","25","24","20","45","31","50","45","147","108","63","54","30","27","62","31",
"1400000US18097357400","Census Tract 3574, Marion County, Indiana","5052","1040","1612","537","765","317","111","64","4","11","124","81","43","71","0","17","69","86","258","232","7","13","38","40","57","66","54","46","0","17","0","17","847","289","21","27","27","43","62","65","71","96","6","9","43","64","25","28","152","96","45","49","170","116","148","144","65","50","12","17","3440","1044","1788","654","332","357","0","17","307","191","11","18","106","140","14","26","51","48","235","137","183","156","97","50","343","117","36","25","73","45","1652","479","77","66","14","22","291","288","0","17","14","27","84","79","60","58","206","112","208","155","205","117","121","76","176","92","196","95",
"1400000US18097357500","Census Tract 3575, Marion County, Indiana","3822","283","424","183","169","120","10","15","0","12","9","15","8","13","11","20","0","12","0","12","0","12","79","96","38","37","14","17","0","12","0","12","255","127","69","73","0","12","0","12","11","20","7","11","14","19","15","16","5","12","40","42","62","47","7","10","9","12","16","33","3398","341","1376","239","182","142","0","12","110","64","33","40","33","38","34","39","115","68","201","82","151","73","189","70","147","71","101","48","80","42","2022","318","180","126","12","18","78","71","97","65","39","42","125","108","292","192","249","121","244","105","273","112","169","62","161","54","103","48",
"1400000US18097357601","Census Tract 3576.01, Marion County, Indiana","4736","921","1178","576","395","249","0","12","0","12","0","12","0","12","0","12","0","12","32","53","63","95","142","195","66","65","44","66","31","38","17","27","783","366","40","66","55","82","89","132","0","12","0","12","0","12","111","142","94","124","139","131","141","100","97","120","0","12","17","28","3558","754","1917","469","73","114","0","12","118","102","38","62","0","12","65","72","102","95","140","111","541","263","246","128","436","345","53","61","105","104","1641","416","36","52","0","12","114","84","45","38","0","12","0","12","310","160","242","130","231","128","233","232","295","119","112","58","23","38",
"1400000US18097357602","Census Tract 3576.02, Marion County, Indiana","1368","177","241","224","119","108","0","12","0","12","35","47","0","12","0","12","0","12","0","12","39","66","22","38","23","35","0","12","0","12","0","12","122","132","38","52","0","12","50","58","0","12","0","12","0","12","0","12","34","45","0","12","0","12","0","12","0","12","0","12","1127","298","675","220","136","93","0","12","122","75","35","47","0","12","0","12","49","76","136","60","35","46","0","12","74","68","77","67","11","17","452","152","30","63","0","12","53","63","0","12","0","12","0","12","21","53","124","54","32","43","0","12","99","85","88","71","5","8",
"1400000US18097357800","Census Tract 3578, Marion County, Indiana","1830","340","368","165","143","100","0","12","0","12","0","12","18","25","5","8","0","12","0","12","16","16","6","11","0","12","74","80","24","35","0","12","225","117","59","77","0","12","0","12","0","12","6","9","0","12","45","43","50","44","7","12","32","26","18","24","8","12","0","12","1462","325","712","205","88","74","0","12","68","50","52","43","12","18","4","8","48","33","137","63","134","67","68","34","65","32","6","8","30","20","750","179","17","24","0","12","48","26","26","24","0","12","11","18","16","16","243","105","143","57","48","31","96","37","46","32","56","24",
"1400000US18097357900","Census Tract 3579, Marion County, Indiana","3514","880","367","142","140","78","0","12","0","12","19","21","0","12","0","12","0","12","7","11","43","57","15","15","12","17","44","43","0","12","0","12","227","112","21","25","12","21","8","13","13","21","0","12","10","16","5","8","8","14","7","12","43","34","57","36","0","12","43","62","3147","885","1595","437","147","100","14","17","47","44","40","30","70","62","47","40","181","178","260","94","325","199","160","62","179","53","105","61","20","25","1552","487","98","123","9","15","80","60","23","32","103","132","36","34","71","51","279","152","330","206","133","54","221","108","98","60","71","47",
"1400000US18097358000","Census Tract 3580, Marion County, Indiana","1170","331","463","318","183","173","5","8","0","12","45","70","0","12","28","45","32","46","17","19","27","31","0","12","20","33","6","9","3","6","0","12","280","174","30","39","0","12","38","42","0","12","6","11","0","12","44","54","27","32","82","75","0","12","9","12","28","31","16","15","707","163","381","101","16","27","0","12","23","23","0","12","17","23","0","12","27","25","52","43","82","48","17","15","107","50","29","18","11","13","326","111","47","56","0","12","11","13","11","13","0","12","0","12","0","12","61","47","29","25","54","28","48","24","53","40","12","15",
"1400000US18097358100","Census Tract 3581, Marion County, Indiana","2762","620","641","351","411","250","41","67","0","12","173","220","0","12","32","36","22","35","9","14","66","64","27","32","10","15","31","29","0","12","0","12","230","129","0","12","0","12","17","29","21","35","0","12","0","12","0","12","31","35","92","88","47","48","0","12","9","15","13","23","2121","682","948","271","102","85","0","12","18","23","24","47","0","12","0","12","45","48","58","52","172","109","261","200","91","65","105","75","72","61","1173","478","21","30","0","12","111","170","68","76","16","21","43","54","69","67","145","90","124","108","353","326","201","107","22","22","0","12",
"1400000US18097360101","Census Tract 3601.01, Marion County, Indiana","2385","609","721","277","294","149","45","48","24","37","0","12","39","50","0","12","0","12","10","17","0","12","31","31","88","77","10","16","8","12","39","58","427","156","58","53","0","12","63","61","20","33","0","12","0","12","0","12","123","57","9","15","72","63","35","30","14","20","33","24","1664","636","703","251","0","12","0","12","8","13","47","52","36","40","33","39","77","80","31","49","214","137","49","35","100","54","49","33","59","50","961","470","51","69","0","12","17","19","122","160","17","24","28","29","157","134","32","50","195","154","101","63","65","53","137","79","39","39",
"1400000US18097360102","Census Tract 3601.02, Marion County, Indiana","2126","482","581","318","302","217","78","121","0","12","70","124","35","62","0","12","0","12","0","12","18","26","19","30","30","48","13","15","34","39","5","9","279","136","0","12","0","12","0","12","0","12","0","12","0","12","73","103","59","88","57","69","44","42","22","22","6","11","18","18","1545","415","582","205","11","20","58","91","130","141","0","12","0","12","0","12","13","27","48","75","44","45","56","52","96","86","87","58","39","37","963","260","0","12","0","12","32","51","33","53","0","12","0","12","28","41","104","81","128","130","136","125","217","101","117","63","168","111",
"1400000US18097360201","Census Tract 3602.01, Marion County, Indiana","3777","890","893","594","430","354","0","12","0","12","36","36","0","12","17","27","29","45","42","66","239","334","0","12","57","74","0","12","10","16","0","12","463","263","22","33","0","12","0","12","0","12","0","12","14","21","0","12","111","99","79","65","10","16","227","231","0","12","0","12","2884","726","1470","418","113","109","0","12","36","38","74","96","22","33","42","39","219","165","241","154","174","96","363","307","86","69","58","58","42","39","1414","468","100","107","0","12","53","49","30","44","0","12","42","70","190","127","297","193","121","77","374","174","117","61","46","39","44","38",
"1400000US18097360202","Census Tract 3602.02, Marion County, Indiana","3118","749","915","489","526","311","66","79","0","12","93","86","84","83","27","46","0","12","78","106","54","85","56","62","42","43","18","24","8","18","0","12","389","199","0","12","80","95","27","46","6","16","27","38","0","12","15","24","55","66","52","56","32","36","30","48","27","35","38","37","2203","611","1115","402","97","90","0","12","89","108","38","58","0","12","0","12","226","218","100","70","94","70","226","116","114","66","83","49","48","36","1088","253","79","91","0","12","17","27","45","72","0","12","37","41","202","97","114","82","105","75","129","105","223","100","88","51","49","37",
"1400000US18097360301","Census Tract 3603.01, Marion County, Indiana","3522","548","548","260","295","168","8","14","0","12","24","27","44","67","0","12","0","12","69","63","47","62","11","16","61","62","0","12","19","22","12","18","253","134","9","14","9","14","8","14","0","12","0","12","8","15","32","44","75","64","69","70","33","31","0","12","10","14","0","12","2974","556","1509","347","77","63","36","57","246","151","53","71","6","12","12","14","185","128","276","115","190","95","154","109","124","66","118","56","32","27","1465","261","20","27","35","57","182","99","35","44","112","114","22","27","121","79","189","92","268","122","169","90","209","78","56","34","47","34",
"1400000US18097360302","Census Tract 3603.02, Marion County, Indiana","3024","781","1431","678","689","312","205","207","22","32","157","107","20","27","0","12","13","20","0","12","129","96","45","57","78","52","20","23","0","12","0","12","742","403","96","81","18","26","103","105","0","12","18","26","61","141","67","50","155","97","70","94","85","61","62","41","6","10","1","3","1593","406","1025","293","9","14","24","26","117","84","25","27","23","33","34","27","96","62","270","222","79","55","131","83","115","56","71","39","31","25","568","184","9","13","0","12","19","22","15","24","0","12","0","12","74","62","110","80","65","47","97","48","68","37","77","77","34","23",
"1400000US18097360401","Census Tract 3604.01, Marion County, Indiana","6712","1175","1845","771","647","332","21","37","42","52","142","137","93","115","58","75","75","79","0","17","42","63","0","17","0","17","160","187","14","25","0","17","1198","535","253","213","0","17","206","188","78","102","0","17","73","113","66","101","136","122","163","141","0","17","194","113","18","28","11","17","4867","1110","2815","904","117","126","0","17","75","116","0","17","0","17","0","17","446","512","358","186","228","157","841","537","396","131","253","134","101","84","2052","465","0","17","0","17","42","52","79","97","14","25","112","100","71","84","499","268","202","126","360","311","328","173","202","88","143","95",
"1400000US18097360402","Census Tract 3604.02, Marion County, Indiana","3260","1130","1503","1060","829","767","637","766","0","12","31","35","52","80","0","12","0","12","0","12","34","27","43","44","26","24","5","7","1","4","0","12","674","355","28","44","47","52","30","33","32","35","131","182","0","12","232","250","53","37","23","24","87","105","6","10","5","8","0","12","1757","509","654","179","0","12","6","12","104","73","39","37","0","12","18","20","106","110","57","36","89","64","105","63","32","29","66","29","32","23","1103","424","26","34","0","12","160","117","47","44","36","34","0","12","32","47","257","203","141","125","147","92","118","68","42","30","97","100",
"1400000US18097360405","Census Tract 3604.05, Marion County, Indiana","6390","785","822","355","428","187","87","71","0","17","108","85","0","17","0","17","0","17","48","60","37","60","29","39","51","62","68","103","0","17","0","17","394","225","0","17","38","61","102","77","0","17","0","17","0","17","25","42","103","80","19","29","44","54","63","103","0","17","0","17","5568","857","2651","495","348","218","53","74","191","123","162","124","29","41","96","68","180","99","470","196","319","167","415","168","118","73","170","78","100","64","2917","546","35","45","0","17","254","186","120","103","196","180","90","74","125","95","520","257","425","161","470","216","305","156","293","99","84","52",
"1400000US18097360406","Census Tract 3604.06, Marion County, Indiana","2745","752","782","484","281","195","87","143","0","12","0","12","0","12","0","12","0","12","73","100","20","46","101","102","0","12","0","12","0","12","0","12","501","346","0","12","0","12","0","12","0","12","0","12","37","56","58","85","185","214","32","42","83","136","106","122","0","12","0","12","1963","688","806","356","0","12","0","12","108","103","21","60","0","12","0","12","61","61","296","265","121","100","105","122","51","55","43","60","0","12","1157","395","131","140","0","12","49","84","25","72","0","12","0","12","38","39","145","193","417","271","195","166","129","92","28","45","0","12",
"1400000US18097360407","Census Tract 3604.07, Marion County, Indiana","3323","761","267","378","103","144","0","12","0","12","80","141","0","12","0","12","0","12","23","28","0","12","0","12","0","12","0","12","0","12","0","12","164","236","0","12","0","12","38","84","57","88","0","12","0","12","17","28","13","23","39","61","0","12","0","12","0","12","0","12","3056","715","1211","283","43","67","80","90","60","82","0","12","48","64","96","88","122","97","107","63","231","151","113","98","212","99","82","45","17","26","1845","600","261","184","74","90","241","212","33","51","0","12","91","171","96","84","174","137","137","107","296","152","261","157","149","107","32","37",
"1400000US18097360501","Census Tract 3605.01, Marion County, Indiana","6045","1049","460","281","257","209","13","24","0","17","12","24","13","24","12","21","5","10","28","50","120","171","0","17","8","20","31","43","15","25","0","17","203","152","14","28","0","17","0","17","0","17","0","17","106","140","16","31","10","20","2","5","10","22","10","17","15","24","20","32","5585","1062","2355","480","50","62","0","17","167","132","76","92","88","70","63","73","432","248","190","128","411","194","222","100","386","239","159","91","111","72","3230","766","96","107","0","17","355","271","30","50","90","102","77","91","302","233","660","246","220","184","587","333","419","159","195","75","199","116",
"1400000US18097360502","Census Tract 3605.02, Marion County, Indiana","4958","850","606","445","361","309","81","142","0","12","0","12","50","85","78","90","27","48","0","12","2","4","1","3","94","89","28","47","0","12","0","12","245","163","0","12","0","12","0","12","0","12","0","12","0","12","45","60","95","132","23","40","70","86","12","20","0","12","0","12","4352","728","1911","457","0","12","108","151","150","155","0","12","0","12","21","37","55","69","241","226","264","124","249","178","285","134","424","245","114","75","2441","440","99","82","0","12","16","27","72","77","38","67","31","49","480","288","149","118","284","169","265","157","326","118","504","183","177","79",
"1400000US18097360601","Census Tract 3606.01, Marion County, Indiana","4741","505","729","396","252","157","0","12","0","12","11","20","25","32","0","12","0","12","48","74","8","12","9","13","15","20","72","66","30","33","34","39","477","287","0","12","0","12","68","67","44","66","14","21","88","86","0","12","1","2","87","96","30","46","26","34","20","22","99","69","4012","498","2110","308","210","145","20","30","116","81","64","38","58","39","60","50","126","86","303","172","311","103","148","80","396","118","145","62","153","81","1902","276","0","12","34","40","95","53","58","71","0","12","8","15","92","66","316","171","239","70","222","96","364","109","213","94","261","90",
"1400000US18097360602","Census Tract 3606.02, Marion County, Indiana","6109","1167","1162","577","458","241","123","133","0","17","173","135","20","37","0","17","0","17","0","17","0","17","0","17","79","78","35","41","28","41","0","17","704","368","0","17","106","145","11","36","52","69","0","17","82","113","30","47","8","25","143","108","186","176","61","75","25","41","0","17","4947","1082","2157","713","83","110","0","17","352","256","167","227","67","77","0","17","124","105","387","182","337","204","313","183","147","104","76","84","104","86","2790","628","136","127","17","29","198","175","103","137","56","77","81","143","230","157","459","225","216","174","425","176","291","137","477","344","101","74",
"1400000US18097360700","Census Tract 3607, Marion County, Indiana","2044","296","193","137","122","110","1","6","0","12","0","12","0","12","0","12","0","12","0","12","52","82","31","21","8","14","12","13","18","27","0","12","71","40","0","12","0","12","2","7","0","12","0","12","8","11","5","8","2","9","14","15","0","12","29","31","1","4","10","15","1851","299","834","179","42","34","6","9","32","25","45","41","16","25","41","33","12","13","175","104","123","72","105","48","114","51","95","41","28","19","1017","180","55","45","0","12","47","37","14","21","7","11","4","6","65","45","187","76","158","71","119","52","155","64","169","84","37","24",
"1400000US18097360800","Census Tract 3608, Marion County, Indiana","1997","371","401","204","206","134","6","9","0","12","50","57","0","12","0","12","21","34","30","32","8","17","14","23","16","17","56","59","0","12","5","7","195","93","0","12","0","12","4","8","16","25","0","12","6","12","0","12","54","56","23","26","0","12","27","28","0","12","65","41","1596","297","635","149","39","44","0","12","18","30","16","25","0","12","10","16","49","36","84","52","54","34","110","69","149","65","63","39","43","33","961","235","67","108","53","70","0","12","8","17","0","12","11","20","32","35","30","32","100","68","188","49","142","62","143","68","187","64",
"1400000US18097360900","Census Tract 3609, Marion County, Indiana","4870","930","1531","557","866","445","104","119","172","273","43","55","0","17","45","74","45","74","73","102","45","53","19","28","232","152","3","4","82","98","3","12","665","237","58","68","31","51","0","17","0","17","0","17","0","17","56","67","31","63","140","113","65","78","139","100","64","84","81","71","3339","808","1690","587","78","121","85","134","70","113","0","17","112","122","41","61","199","230","270","193","238","97","345","184","109","120","106","78","37","55","1649","355","0","17","0","17","0","17","58","92","0","17","0","17","129","120","206","142","386","138","226","160","235","170","102","84","307","156",
"1400000US18097361000","Census Tract 3610, Marion County, Indiana","2428","278","88","83","36","77","0","12","0","12","0","12","0","12","0","12","0","12","7","10","0","12","19","75","10","14","0","12","0","12","0","12","52","30","0","12","0","12","0","12","0","12","0","12","0","12","11","14","20","21","0","12","0","12","7","10","0","12","14","15","2340","268","1139","175","118","52","16","24","91","51","6","10","8","12","31","43","18","18","184","52","179","44","96","41","240","93","115","37","37","24","1201","146","128","53","7","11","85","39","29","24","14","14","9","10","26","24","277","90","112","39","164","58","161","60","139","45","50","28",
"1400000US18097361100","Census Tract 3611, Marion County, Indiana","3445","588","373","120","207","84","0","12","0","12","8","15","0","12","0","12","0","12","30","33","17","20","16","26","54","42","21","23","53","45","8","12","166","76","10","18","0","12","0","12","0","12","10","16","0","12","12","12","0","12","47","41","39","41","26","33","22","23","0","12","3072","587","1539","370","123","97","0","12","149","108","37","30","44","48","29","44","120","120","328","131","251","96","222","135","184","75","52","32","0","12","1533","271","98","54","0","12","149","56","21","23","0","12","56","58","91","94","311","116","223","77","274","115","179","79","123","54","8","11",
"1400000US18097361200","Census Tract 3612, Marion County, Indiana","3387","603","364","166","176","102","0","12","0","12","0","12","0","12","13","20","0","12","0","12","16","20","86","90","17","26","44","43","0","12","0","12","188","115","0","12","0","12","0","12","0","12","0","12","0","12","46","52","23","36","0","12","56","47","50","76","13","20","0","12","3023","550","1484","311","274","120","0","12","80","56","99","80","13","21","30","34","66","55","234","99","212","90","168","141","169","87","98","68","41","38","1539","335","111","76","68","57","69","72","145","117","0","12","0","12","103","70","237","125","110","71","178","137","247","152","188","93","83","61",
"1400000US18097361300","Census Tract 3613, Marion County, Indiana","2145","355","156","96","53","50","0","12","0","12","0","12","0","12","0","12","0","12","0","12","21","35","5","10","13","20","14","22","0","12","0","12","103","80","0","12","0","12","7","13","7","13","0","12","7","14","10","17","0","12","0","12","19","26","12","18","38","32","3","5","1989","344","1135","276","118","68","0","12","42","38","57","71","0","12","20","25","121","72","109","78","56","44","265","113","218","164","111","49","18","19","854","162","0","12","0","12","65","48","12","17","0","12","0","12","55","49","134","85","120","74","148","60","154","66","134","55","32","29",
"1400000US18097361401","Census Tract 3614.01, Marion County, Indiana","5823","1476","254","275","34","57","0","17","0","17","0","17","34","57","0","17","0","17","0","17","0","17","0","17","0","17","0","17","0","17","0","17","220","222","0","17","0","17","34","56","68","112","0","17","0","17","0","17","22","36","43","70","0","17","0","17","26","40","27","44","5569","1444","2783","648","174","183","0","17","217","160","160","150","0","17","135","147","399","314","270","199","575","176","619","302","109","124","66","67","59","51","2786","1109","21","66","0","17","119","149","212","132","0","17","591","650","77","112","486","365","558","331","223","150","145","146","54","60","300","238",
"1400000US18097361402","Census Tract 3614.02, Marion County, Indiana","5772","1102","1061","601","541","354","71","121","60","83","0","17","0","17","0","17","0","17","37","66","334","251","0","17","0","17","18","37","0","17","21","33","520","366","0","17","59","82","68","94","0","17","0","17","0","17","0","17","69","123","59","82","139","159","126","144","0","17","0","17","4711","1100","2116","540","98","112","0","17","28","47","38","65","0","17","85","123","322","243","173","148","356","181","369","242","201","117","294","177","152","113","2595","704","127","137","121","185","156","153","150","168","0","17","0","17","326","311","407","186","482","342","58","70","270","163","267","133","231","159",
"1400000US18097361601","Census Tract 3616.01, Marion County, Indiana","5916","1125","84","118","31","35","0","17","0","17","0","17","0","17","0","17","0","17","0","17","0","17","17","28","0","17","0","17","14","23","0","17","53","89","18","31","0","17","18","30","0","17","0","17","0","17","0","17","17","29","0","17","0","17","0","17","0","17","0","17","5832","1132","2918","487","36","58","12","29","258","136","73","69","11","22","93","70","430","315","538","192","307","138","381","187","315","213","257","162","207","81","2914","782","134","112","0","17","66","79","117","131","70","82","54","57","392","406","339","237","367","130","493","332","556","301","107","96","219","167",
"1400000US18097361602","Census Tract 3616.02, Marion County, Indiana","3749","759","43","65","0","12","0","12","0","12","0","12","0","12","0","12","0","12","0","12","0","12","0","12","0","12","0","12","0","12","0","12","43","65","0","12","0","12","0","12","0","12","0","12","0","12","0","12","0","12","43","65","0","12","0","12","0","12","0","12","3706","762","1769","359","100","58","15","24","256","155","96","147","0","12","18","28","233","130","170","84","223","104","89","65","340","142","101","70","128","79","1937","492","235","165","0","12","219","130","71","78","19","30","28","44","86","70","313","225","142","75","114","72","280","117","266","124","164","91",
"1400000US18097370201","Census Tract 3702.01, Marion County, Indiana","3452","311","454","264","253","182","27","58","0","12","72","112","6","9","0","12","27","36","6","9","35","46","0","12","40","40","0","12","26","27","14","16","201","130","6","12","0","12","65","73","0","12","0","12","6","11","12","20","9","18","32","38","10","16","53","36","0","12","8","12","2998","322","1506","198","118","91","0","12","86","56","16","23","0","12","66","57","220","127","207","102","218","77","184","82","189","86","123","47","79","42","1492","213","105","82","0","12","65","44","69","62","24","27","33","46","201","98","217","104","206","77","184","88","227","71","74","39","87","46",
"1400000US18097370203","Census Tract 3702.03, Marion County, Indiana","4215","929","1473","663","526","317","111","128","0","12","100","110","67","76","19","31","1","3","96","94","5","8","1","3","46","69","62","86","0","12","18","27","947","618","50","61","0","12","39","52","0","12","49","71","0","12","332","342","54","54","79","103","222","309","120","95","1","2","1","3","2742","932","1215","531","172","176","0","12","63","74","90","71","0","12","21","30","223","179","118","94","252","159","156","136","61","48","59","54","0","12","1527","509","62","92","83","82","208","157","142","129","0","12","0","12","208","204","301","137","94","71","153","72","163","122","113","46","0","12",
"1400000US18097370204","Census Tract 3702.04, Marion County, Indiana","2965","452","389","189","263","176","0","12","0","12","49","62","49","62","0","12","0","12","7","13","86","78","24","41","0","12","48","58","0","12","0","12","126","72","0","12","0","12","0","12","0","12","0","12","0","12","8","14","16","25","26","44","14","24","46","40","16","27","0","12","2576","495","1060","276","35","47","48","61","72","60","22","35","0","12","11","18","73","73","275","172","113","65","124","66","88","58","145","76","54","48","1516","345","174","118","0","12","16","26","36","41","41","40","21","36","47","53","230","102","131","110","273","142","230","127","112","87","205","102",
"1400000US18097370303","Census Tract 3703.03, Marion County, Indiana","6832","668","970","569","485","291","36","64","0","17","110","99","0","17","0","17","44","52","0","17","86","73","43","52","16","28","0","17","54","57","96","106","485","302","0","17","0","17","0","17","40","70","12","21","0","17","193","164","28","34","57","53","43","38","13","22","47","68","52","71","5862","743","3030","406","99","76","39","59","436","182","56","59","75","60","31","35","229","165","604","201","543","233","286","103","337","137","214","145","81","45","2832","465","154","99","41","63","367","135","174","106","32","37","140","98","207","113","357","124","643","245","268","119","299","177","78","59","72","80",
"1400000US18097370304","Census Tract 3703.04, Marion County, Indiana","3055","733","203","137","89","69","0","12","0","12","0","12","0","12","0","12","0","12","4","6","19","30","0","12","1","4","50","53","0","12","15","26","114","99","0","12","0","12","0","12","0","12","0","12","0","12","0","12","19","31","95","93","0","12","0","12","0","12","0","12","2852","772","1527","583","149","167","0","12","229","143","17","31","0","12","9","22","162","128","316","224","145","105","189","188","166","82","129","66","16","25","1325","276","73","64","0","12","104","83","68","51","12","26","10","25","18","29","298","166","75","77","319","200","167","72","90","59","91","60",
"1400000US18097370305","Census Tract 3703.05, Marion County, Indiana","3893","820","247","171","141","137","52","86","0","12","0","12","0","12","0","12","0","12","0","12","57","98","0","12","0","12","32","35","0","12","0","12","106","72","0","12","0","12","0","12","0","12","0","12","0","12","0","12","36","44","0","12","0","12","53","48","0","12","17","29","3646","809","1677","338","130","155","0","12","38","43","117","76","14","25","49","48","188","101","296","135","130","100","296","129","189","119","168","71","62","52","1969","721","90","69","32","39","29","34","0","12","90","83","68","61","709","702","410","152","107","77","95","67","176","74","151","70","12","25",
"1400000US18097370306","Census Tract 3703.06, Marion County, Indiana","5705","720","422","350","170","187","0","17","0","17","49","65","36","63","0","17","33","55","28","44","0","17","24","37","0","17","0","17","0","17","0","17","252","197","0","17","0","17","44","76","0","17","0","17","0","17","20","32","126","134","0","17","37","40","0","17","25","37","0","17","5283","720","2758","407","150","143","42","47","198","125","231","172","21","36","67","77","255","161","449","224","370","134","295","135","441","221","167","83","72","52","2525","433","278","214","0","17","353","133","132","121","26","30","45","44","91","78","301","149","382","171","265","144","213","80","370","252","69","60",
"1400000US18097380101","Census Tract 3801.01, Marion County, Indiana","6457","1031","657","557","256","167","0","17","0","17","102","87","0","17","0","17","0","17","35","60","0","17","51","42","0","17","68","108","0","17","0","17","401","420","132","207","0","17","96","81","0","17","45","71","0","17","40","69","45","39","43","68","0","17","0","17","0","17","0","17","5800","955","2738","597","93","122","0","17","58","122","245","139","38","64","41","66","118","191","411","223","323","213","465","322","494","138","340","300","112","105","3062","485","195","121","44","74","153","133","0","17","67","68","182","139","99","119","356","243","228","168","418","219","555","336","495","335","270","174",
"1400000US18097380102","Census Tract 3801.02, Marion County, Indiana","4283","1175","2166","1837","1320","1183","211","337","110","149","406","339","109","149","184","289","98","132","0","12","0","12","202","306","0","12","0","12","0","12","0","12","846","704","186","294","0","12","133","180","132","180","0","12","0","12","0","12","317","273","0","12","0","12","78","106","0","12","0","12","2117","1115","1177","697","86","119","30","59","70","117","47","83","0","12","27","45","62","108","71","97","85","153","600","455","99","155","0","12","0","12","940","595","42","117","0","12","71","122","0","12","0","12","0","12","39","111","430","246","265","255","93","145","0","12","0","12","0","12",
"1400000US18097380103","Census Tract 3801.03, Marion County, Indiana","8389","1181","620","477","454","368","0","17","78","125","0","17","0","17","0","17","0","17","254","320","83","124","39","58","0","17","0","17","0","17","0","17","166","253","79","125","0","17","0","17","0","17","0","17","0","17","0","17","70","111","0","17","0","17","0","17","17","48","0","17","7769","1272","3740","675","365","245","0","17","405","299","159","139","41","63","234","233","71","87","653","249","515","264","897","505","175","210","181","148","44","54","4029","751","273","264","154","165","310","261","0","17","30","53","22","40","242","141","742","384","499","247","801","643","506","301","337","185","113","155",
"1400000US18097380200","Census Tract 3802, Marion County, Indiana","3072","453","703","368","303","200","81","129","0","12","46","50","0","12","8","12","0","12","0","12","26","32","34","31","6","11","86","99","16","18","0","12","400","202","55","76","0","12","11","19","9","13","0","12","0","12","63","67","53","87","84","59","68","81","26","28","8","13","23","38","2369","308","1316","207","64","44","64","31","57","39","30","28","0","12","0","12","125","131","202","109","207","76","140","77","211","86","126","55","90","43","1053","202","96","53","6","12","87","35","87","53","8","12","0","12","78","84","69","37","175","55","76","50","157","74","108","43","106","61",
"1400000US18097380301","Census Tract 3803.01, Marion County, Indiana","1881","511","351","175","137","82","0","12","0","12","11","19","11","19","17","22","9","16","0","12","0","12","23","27","5","10","19","28","9","15","33","48","214","121","0","12","0","12","34","54","14","18","0","12","14","18","38","37","16","27","24","26","35","40","39","38","0","12","0","12","1530","514","863","329","25","29","15","24","97","116","84","97","0","12","24","38","13","23","136","88","91","95","225","126","74","59","7","14","72","63","667","287","11","18","0","12","101","100","0","12","11","18","11","19","113","76","65","56","105","76","102","69","54","51","24","20","70","42",
"1400000US18097380302","Census Tract 3803.02, Marion County, Indiana","1916","348","674","224","360","142","52","39","0","12","44","37","0","12","0","12","0","12","126","96","15","17","0","12","54","55","45","41","16","25","8","13","314","118","0","12","8","13","53","45","0","12","0","12","0","12","107","71","47","34","13","19","36","45","33","42","9","15","8","14","1242","264","634","149","0","12","0","12","93","78","71","54","0","12","8","15","173","89","0","12","21","28","56","45","109","74","42","39","61","51","608","183","0","12","0","12","37","44","0","12","0","12","8","13","101","74","194","152","43","33","49","43","83","46","61","59","32","32",
"1400000US18097380402","Census Tract 3804.02, Marion County, Indiana","5099","979","829","367","329","165","48","48","8","13","37","30","10","15","0","17","0","17","92","105","23","24","48","40","37","42","11","17","15","23","0","17","500","261","51","55","0","17","25","27","0","17","0","17","0","17","52","44","105","74","72","52","62","63","16","14","117","177","0","17","4270","915","1933","434","259","253","0","17","216","103","65","50","23","33","69","80","193","100","394","123","317","179","111","65","135","65","106","46","45","26","2337","532","50","41","9","15","255","198","248","208","27","43","10","16","161","78","541","203","384","207","189","72","244","85","136","54","83","41",
"1400000US18097380403","Census Tract 3804.03, Marion County, Indiana","3771","648","435","239","166","100","11","18","0","12","11","17","22","24","0","12","0","12","22","28","45","70","28","45","0","12","27","25","0","12","0","12","269","166","37","48","0","12","37","39","9","16","7","13","22","24","11","17","89","82","17","20","26","24","10","16","4","7","0","12","3336","572","1531","299","133","66","21","23","91","68","19","21","17","20","55","58","80","45","166","64","190","77","206","86","287","97","179","100","87","41","1805","376","88","47","7","10","86","66","60","36","0","12","26","23","115","60","244","72","261","122","268","127","257","146","240","133","153","58",
"1400000US18097380404","Census Tract 3804.04, Marion County, Indiana","3625","504","436","226","208","108","24","33","0","12","73","62","0","12","28","39","11","17","0","12","0","12","21","34","17","28","20","22","0","12","14","20","228","127","18","29","0","12","0","12","44","46","0","12","0","12","10","16","40","45","46","44","9","15","18","18","28","27","15","21","3189","494","1569","325","58","38","0","12","118","78","94","65","23","30","83","71","58","49","234","83","139","68","206","121","338","121","148","100","70","45","1620","263","118","104","19","24","83","58","20","22","10","15","55","33","99","59","156","69","184","64","145","55","368","99","208","125","155","77",
"1400000US18097380501","Census Tract 3805.01, Marion County, Indiana","2247","624","569","310","345","260","0","12","11","19","113","132","0","12","0","12","0","12","0","12","128","155","34","40","21","34","38","33","0","12","0","12","224","115","0","12","0","12","0","12","0","12","0","12","19","32","67","83","51","60","9","14","59","42","13","18","0","12","6","10","1678","542","881","312","117","99","0","12","23","37","39","39","0","12","7","12","188","208","71","58","95","50","130","73","89","66","106","60","16","15","797","265","48","52","14","21","14","22","16","30","0","12","0","12","55","58","114","70","144","144","76","38","136","90","100","51","80","43",
"1400000US18097380502","Census Tract 3805.02, Marion County, Indiana","3197","730","581","240","357","172","58","68","0","12","20","33","0","12","0","12","0","12","154","143","41","52","19","29","7","8","56","54","2","4","0","12","224","126","0","12","0","12","0","12","0","12","0","12","0","12","92","61","61","60","67","96","0","12","0","12","4","7","0","12","2616","664","1485","477","391","272","15","23","108","104","0","12","12","21","48","54","97","96","341","185","124","57","132","63","156","71","41","50","20","19","1131","261","18","29","17","28","49","54","51","48","0","12","30","39","80","61","267","206","110","64","202","83","123","61","119","46","65","50",
"1400000US18097380600","Census Tract 3806, Marion County, Indiana","5829","1199","453","264","261","171","68","105","0","17","21","34","59","69","0","17","0","17","60","68","1","2","17","40","0","17","0","17","35","46","0","17","192","115","0","17","0","17","0","17","0","17","0","17","0","17","79","96","0","17","17","29","37","49","23","32","23","26","13","23","5376","1196","2812","623","306","156","35","64","284","131","57","56","15","24","27","43","317","288","498","194","609","342","308","138","219","86","89","65","48","47","2564","682","215","123","0","17","150","109","122","57","15","26","171","182","204","204","464","136","397","259","369","285","230","87","191","73","36","35",
"1400000US18097380700","Census Tract 3807, Marion County, Indiana","6262","1150","890","810","486","565","0","17","0","17","135","219","0","17","120","173","122","177","46","52","17","29","0","17","17","26","16","26","13","21","0","17","404","300","0","17","0","17","73","115","0","17","0","17","0","17","93","104","54","65","142","229","0","17","0","17","27","31","15","24","5372","797","2801","525","180","157","154","132","321","212","28","46","0","17","90","101","276","157","648","231","297","141","373","166","187","97","205","116","42","37","2571","485","393","233","0","17","80","100","69","81","0","17","30","54","219","116","531","172","170","98","323","154","473","156","146","92","137","88",
"1400000US18097380800","Census Tract 3808, Marion County, Indiana","2881","542","442","194","189","95","10","16","0","12","8","13","0","12","0","12","0","12","0","12","42","37","34","39","0","12","77","64","0","12","18","25","253","126","35","36","0","12","25","35","0","12","0","12","10","16","40","46","52","42","12","18","0","12","46","40","14","21","19","26","2439","544","1205","299","49","47","0","12","135","142","35","26","7","12","3","11","66","46","49","39","137","65","122","81","450","238","108","47","44","35","1234","307","12","18","0","12","78","46","13","21","23","25","0","12","110","72","130","61","163","94","141","92","396","235","115","58","53","32",
"1400000US18097380901","Census Tract 3809.01, Marion County, Indiana","4845","648","291","162","142","94","21","32","0","12","0","12","19","28","8","13","0","12","8","12","0","12","46","58","28","36","12","19","0","12","0","12","149","78","0","12","0","12","28","32","0","12","0","12","0","12","12","20","26","30","0","12","60","51","16","16","0","12","7","12","4554","660","2301","336","52","50","0","12","187","156","130","89","67","58","50","37","148","87","222","103","457","220","361","134","278","89","247","74","102","49","2253","410","152","194","14","16","92","68","123","76","16","20","135","94","173","90","258","177","245","91","299","69","231","76","319","73","196","75",
"1400000US18097380902","Census Tract 3809.02, Marion County, Indiana","5621","728","593","467","382","300","57","66","0","17","89","113","0","17","0","17","0","17","0","17","0","17","10","18","0","17","145","146","81","89","0","17","211","223","0","17","0","17","12","21","12","20","0","17","0","17","41","49","81","123","0","17","0","17","51","81","14","23","0","17","5028","755","2794","506","155","104","40","37","96","76","64","66","0","17","22","27","176","129","649","216","230","125","283","124","314","99","344","93","421","384","2234","380","122","91","0","17","113","133","134","81","17","28","13","21","136","85","317","108","134","84","371","123","247","91","318","85","312","206",
"1400000US18097381002","Census Tract 3810.02, Marion County, Indiana","3444","897","192","126","57","40","0","12","0","12","8","13","0","12","0","12","0","12","19","26","23","24","0","12","0","12","7","10","0","12","0","12","135","115","0","12","0","12","0","12","0","12","0","12","0","12","101","111","6","10","0","12","0","12","21","20","7","10","0","12","3252","890","1462","255","82","59","5","5","112","50","29","21","5","8","28","20","223","134","156","59","239","179","163","72","175","60","131","43","114","56","1790","705","278","254","4","5","247","230","39","24","28","20","42","39","48","29","256","214","214","72","143","53","284","85","149","48","58","28",
"1400000US18097381003","Census Tract 3810.03, Marion County, Indiana","3455","432","556","340","304","259","129","172","24","31","7","11","4","8","0","12","0","12","0","12","26","29","102","90","9","11","0","12","0","12","3","5","252","131","26","33","0","12","32","34","21","29","0","12","25","29","38","48","22","23","37","35","8","10","18","24","0","12","25","23","2899","354","1511","283","118","90","46","62","121","49","42","32","21","21","15","14","91","42","339","196","181","83","195","94","100","40","134","54","108","48","1388","280","136","127","8","13","137","91","33","22","10","12","30","39","173","148","217","110","137","62","105","43","148","69","151","57","103","50",
"1400000US18097381004","Census Tract 3810.04, Marion County, Indiana","3456","722","849","456","331","263","14","24","0","12","51","68","51","68","0","12","33","47","84","75","1","3","0","12","97","101","0","12","0","12","0","12","518","272","13","20","0","12","11","20","0","12","1","2","0","12","102","65","43","48","145","143","0","12","126","185","39","36","38","37","2607","743","1107","328","0","12","53","65","79","79","0","12","58","61","75","59","176","145","200","125","90","70","191","146","83","65","71","43","31","36","1500","501","78","90","0","12","44","70","0","12","0","12","0","12","474","405","168","80","178","126","212","153","99","92","160","73","87","58",
"1400000US18097381101","Census Tract 3811.01, Marion County, Indiana","5527","675","243","120","99","82","18","31","0","17","0","17","0","17","0","17","0","17","8","14","50","63","13","24","0","17","10","17","0","17","0","17","144","78","0","17","0","17","0","17","0","17","0","17","0","17","44","41","10","19","13","22","16","19","0","17","43","53","18","29","5284","683","2433","395","119","116","0","17","262","122","211","107","99","109","65","65","107","84","163","85","290","112","275","103","444","263","211","96","187","94","2851","469","111","110","0","17","284","176","135","110","18","29","35","41","110","83","451","161","504","164","190","99","354","124","317","110","342","188",
"1400000US18097381102","Census Tract 3811.02, Marion County, Indiana","6855","891","386","411","227","239","47","80","0","17","81","95","0","17","0","17","0","17","42","50","0","17","38","61","0","17","0","17","19","30","0","17","159","188","42","68","0","17","40","64","0","17","0","17","0","17","28","24","34","54","0","17","0","17","0","17","15","26","0","17","6469","904","3492","578","443","219","64","60","325","219","60","90","91","105","103","114","166","107","452","129","343","159","513","172","481","222","277","92","174","76","2977","528","133","135","0","17","152","123","69","68","48","70","31","45","229","131","333","138","440","162","597","398","406","140","329","118","210","138",
"1400000US18097381203","Census Tract 3812.03, Marion County, Indiana","3051","529","591","327","221","130","42","57","0","12","81","67","0","12","0","12","0","12","16","18","40","41","42","46","0","12","0","12","0","12","0","12","370","220","43","67","0","12","107","115","36","47","0","12","0","12","20","26","102","66","8","13","54","53","0","12","0","12","0","12","2460","574","1196","304","92","75","57","33","107","83","48","47","5","9","43","48","38","37","468","213","42","33","73","37","135","86","21","20","67","46","1264","368","88","65","51","48","184","100","76","74","15","24","10","21","51","42","280","112","122","98","148","85","143","93","40","26","56","42",
"1400000US18097381204","Census Tract 3812.04, Marion County, Indiana","2779","510","357","228","130","97","0","12","0","12","39","50","0","12","9","13","0","12","0","12","22","35","23","24","16","25","0","12","10","16","11","16","227","144","35","56","0","12","17","27","0","12","0","12","0","12","40","53","59","74","7","11","0","12","20","23","10","16","39","32","2422","513","1156","274","128","75","0","12","37","46","0","12","0","12","20","22","24","22","309","167","213","112","62","66","95","60","129","67","139","60","1266","298","94","60","0","12","40","34","7","13","0","12","9","16","123","136","304","170","72","60","46","39","116","85","149","59","306","96",
"1400000US18097381205","Census Tract 3812.05, Marion County, Indiana","6229","678","1005","546","413","299","123","123","19","30","55","71","0","17","0","17","17","29","12","21","46","76","105","169","0","17","0","17","24","50","12","19","592","347","173","269","0","17","94","109","0","17","0","17","21","32","11","19","177","110","12","19","11","18","5","8","88","82","0","17","5224","549","2290","364","240","146","0","17","147","81","58","66","73","70","21","33","213","228","485","175","308","111","332","122","215","93","175","74","23","27","2934","378","144","148","0","17","437","159","92","71","19","32","70","56","190","115","585","198","455","170","354","137","339","113","164","81","85","47",
"1400000US18097381206","Census Tract 3812.06, Marion County, Indiana","3923","724","221","208","192","198","16","28","0","12","0","12","0","12","0","12","0","12","0","12","0","12","0","12","54","72","15","23","18","30","89","117","29","40","0","12","0","12","0","12","0","12","0","12","0","12","4","29","0","12","0","12","0","12","14","24","0","12","11","18","3702","727","1828","393","27","46","35","58","118","79","43","52","0","12","65","59","246","130","176","108","437","218","176","95","240","151","118","67","147","67","1874","398","102","60","0","12","149","158","0","12","53","62","0","12","106","68","349","147","313","273","245","111","167","83","162","86","228","92",
"1400000US18097381207","Census Tract 3812.07, Marion County, Indiana","4050","1374","74","107","42","70","0","12","0","12","0","12","0","12","0","12","19","35","19","36","0","12","3","5","0","12","0","12","0","12","1","2","32","41","0","12","0","12","0","12","0","12","0","12","0","12","0","12","0","12","19","35","0","12","0","12","0","12","13","20","3976","1384","1779","491","83","76","0","12","43","38","56","51","42","49","52","58","264","169","69","61","440","337","50","50","435","221","135","58","110","55","2197","971","159","212","0","12","532","373","131","105","64","65","101","88","18","30","81","67","428","362","141","121","238","69","175","68","129","61",
"1400000US18097390102","Census Tract 3901.02, Marion County, Indiana","5674","765","1189","550","496","277","141","147","36","56","175","194","0","17","13","30","28","37","0","17","0","17","46","68","11","19","25","40","21","34","0","17","693","349","74","116","43","67","54","70","71","86","53","65","42","61","159","133","59","56","69","60","36","44","16","18","17","32","0","17","4485","752","2058","468","180","111","0","17","367","222","131","114","0","17","42","51","236","137","147","94","206","93","197","79","154","83","230","127","168","151","2427","478","214","107","0","17","183","109","123","77","21","33","0","17","55","55","379","258","408","380","282","108","282","117","443","239","37","37",
"1400000US18097390103","Census Tract 3901.03, Marion County, Indiana","3130","471","214","226","194","223","0","12","0","12","0","12","0","12","13","22","0","12","0","12","53","85","0","12","0","12","128","202","0","12","0","12","20","33","0","12","0","12","0","12","0","12","0","12","0","12","0","12","0","12","0","12","20","33","0","12","0","12","0","12","2916","405","1445","275","172","150","63","61","175","88","61","59","0","12","42","65","36","41","204","104","220","97","109","112","152","93","148","111","63","44","1471","294","106","85","13","21","158","105","68","63","95","124","13","21","12","18","106","74","276","93","112","74","129","68","125","84","258","213",
"1400000US18097390104","Census Tract 3901.04, Marion County, Indiana","6113","850","486","336","186","156","0","17","0","17","33","52","0","17","0","17","47","52","29","54","23","39","14","26","21","33","0","17","19","30","0","17","300","222","0","17","29","49","29","49","0","17","0","17","42","50","37","44","0","17","50","62","0","17","113","85","0","17","0","17","5627","894","2642","466","232","146","112","91","136","102","141","96","105","71","42","33","270","126","202","94","371","114","359","141","463","248","105","63","104","123","2985","542","145","69","40","63","280","116","105","73","151","101","58","50","318","142","379","124","503","198","282","133","404","261","199","102","121","72",
"1400000US18097390200","Census Tract 3902, Marion County, Indiana","4753","674","150","103","61","49","0","12","0","12","15","23","11","16","0","12","0","12","0","12","35","39","0","12","0","12","0","12","0","12","0","12","89","69","17","29","0","12","0","12","0","12","0","12","0","12","12","19","24","33","14","21","0","12","22","28","0","12","0","12","4603","666","2167","373","185","103","53","46","249","118","72","44","67","49","64","65","69","54","380","267","397","90","142","64","260","102","180","74","49","42","2436","371","226","113","10","17","194","87","168","88","45","40","40","37","187","109","428","229","325","108","251","87","343","161","134","63","85","36",
"1400000US18097390300","Census Tract 3903, Marion County, Indiana","6333","955","212","144","11","18","0","17","0","17","0","17","0","17","0","17","0","17","0","17","0","17","0","17","0","17","11","18","0","17","0","17","201","142","0","17","0","17","0","17","0","17","0","17","0","17","89","123","19","30","30","36","0","17","23","26","22","29","18","29","6121","882","3240","619","390","235","0","17","361","175","228","154","0","17","16","26","501","240","426","201","366","196","335","167","329","96","137","66","151","77","2881","393","91","76","15","25","182","175","188","116","28","45","146","76","211","126","245","125","667","205","378","154","337","161","250","171","143","87",
"1400000US18097390405","Census Tract 3904.05, Marion County, Indiana","3684","432","123","77","24","30","0","12","0","12","16","27","0","12","0","12","0","12","0","12","8","14","0","12","0","12","0","12","0","12","0","12","99","60","0","12","0","12","0","12","0","12","0","12","0","12","21","32","19","22","14","26","0","12","0","12","18","21","27","30","3561","437","1811","356","254","159","0","12","124","98","0","12","0","12","10","19","192","133","481","245","351","165","59","44","136","63","66","41","138","97","1750","230","171","131","27","48","160","86","33","48","0","12","0","12","63","64","452","99","178","90","177","92","157","90","144","56","188","104",
"1400000US18097390406","Census Tract 3904.06, Marion County, Indiana","6049","1052","36","41","5","11","0","17","0","17","0","17","0","17","0","17","0","17","0","17","0","17","0","17","5","11","0","17","0","17","0","17","31","38","0","17","0","17","0","17","0","17","0","17","0","17","0","17","16","30","0","17","0","17","0","17","0","17","15","25","6013","1053","3317","642","332","163","36","36","504","230","338","329","47","55","212","131","269","140","323","161","554","129","344","112","171","106","137","68","50","38","2696","509","274","198","17","26","291","117","99","57","78","57","134","102","97","94","431","212","561","194","421","189","153","88","113","59","27","32",
"1400000US18097390407","Census Tract 3904.07, Marion County, Indiana","5967","731","44","54","14","26","0","17","0","17","0","17","0","17","0","17","0","17","0","17","0","17","0","17","0","17","9","16","0","17","5","10","30","42","0","17","0","17","0","17","0","17","0","17","0","17","0","17","0","17","0","17","0","17","0","17","0","17","30","42","5923","727","2782","410","249","187","68","75","164","98","187","111","78","65","35","40","319","166","146","74","367","113","526","136","269","74","296","153","78","37","3141","406","174","98","25","38","359","183","151","97","60","57","170","128","224","104","221","97","413","125","463","134","360","152","206","127","315","156",
"1400000US18097390408","Census Tract 3904.08, Marion County, Indiana","4824","693","21","34","21","34","0","12","0","12","0","12","0","12","0","12","0","12","0","12","0","12","0","12","21","34","0","12","0","12","0","12","0","12","0","12","0","12","0","12","0","12","0","12","0","12","0","12","0","12","0","12","0","12","0","12","0","12","0","12","4803","695","2317","375","162","188","111","105","314","188","67","60","0","12","54","64","161","147","233","121","382","143","358","184","302","201","141","106","32","51","2486","468","169","136","0","12","227","160","54","64","139","171","114","132","257","177","246","151","354","207","195","116","434","199","207","145","90","72",
"1400000US18097390409","Census Tract 3904.09, Marion County, Indiana","5548","787","145","155","47","67","0","17","0","17","0","17","0","17","0","17","0","17","0","17","0","17","0","17","0","17","0","17","47","67","0","17","98","128","0","17","0","17","0","17","0","17","0","17","37","64","0","17","0","17","36","61","0","17","25","41","0","17","0","17","5403","785","2361","374","136","100","0","17","162","167","10","45","0","17","51","58","244","130","349","163","490","144","499","108","296","143","111","93","13","23","3042","678","305","140","63","74","119","100","85","89","14","36","55","69","78","63","487","188","861","674","411","186","383","165","141","80","40","49",
"1400000US18097390410","Census Tract 3904.10, Marion County, Indiana","1677","215","9","15","9","15","0","12","0","12","0","12","0","12","0","12","0","12","9","15","0","12","0","12","0","12","0","12","0","12","0","12","0","12","0","12","0","12","0","12","0","12","0","12","0","12","0","12","0","12","0","12","0","12","0","12","0","12","0","12","1668","218","755","188","24","34","0","12","79","77","0","12","0","12","12","20","113","96","88","76","99","33","96","78","23","31","136","60","85","59","913","131","19","33","22","36","118","74","23","27","17","28","0","12","104","71","81","55","88","67","97","61","61","46","229","62","54","37",
"1400000US18097390411","Census Tract 3904.11, Marion County, Indiana","3492","572","216","127","61","91","0","12","0","12","0","12","0","12","0","12","0","12","24","40","0","12","16","27","21","37","0","12","0","12","0","12","155","142","17","27","0","12","0","12","42","65","0","12","0","12","13","21","67","69","0","12","0","12","0","12","0","12","16","26","3276","558","1436","289","38","61","0","12","186","143","33","38","0","12","13","21","45","41","212","127","429","170","150","110","129","86","170","84","31","36","1840","396","84","93","0","12","298","257","16","27","0","12","81","99","63","61","326","131","186","132","175","103","180","83","266","140","165","120",
"1400000US18097390500","Census Tract 3905, Marion County, Indiana","2377","445","711","290","374","225","106","130","0","12","40","35","6","8","0","12","0","12","0","12","117","96","56","60","13","18","21","17","8","11","7","11","337","167","44","37","0","12","50","47","17","25","0","12","0","12","28","26","58","57","12","17","80","64","0","12","19","26","29","24","1666","387","860","345","37","37","11","15","70","50","12","17","0","12","144","207","28","41","163","94","155","133","74","46","70","37","51","35","45","39","806","192","21","21","0","12","86","64","93","73","11","17","33","38","35","38","126","74","63","42","49","31","191","75","25","21","73","28",
"1400000US18097390601","Census Tract 3906.01, Marion County, Indiana","2547","969","932","640","385","311","154","148","0","12","69","103","69","103","0","12","0","12","32","53","0","12","61","93","0","12","0","12","0","12","0","12","547","352","24","40","0","12","139","209","39","64","0","12","30","50","128","127","137","117","26","44","0","12","0","12","24","42","0","12","1615","819","495","275","0","12","0","12","7","30","20","89","0","12","6","27","0","12","278","212","41","45","17","29","67","63","59","72","0","12","1120","799","185","301","0","12","66","103","0","12","0","12","13","56","241","276","448","465","34","51","10","18","123","74","0","12","0","12",
"1400000US18097390602","Census Tract 3906.02, Marion County, Indiana","3048","397","289","172","127","100","11","17","45","75","0","12","13","20","0","12","0","12","21","28","26","40","0","12","0","12","11","24","0","12","0","12","162","95","0","12","0","12","0","12","0","12","0","12","0","12","42","62","0","12","0","12","66","65","27","30","27","32","0","12","2759","418","1295","360","22","28","91","81","16","26","6","15","0","12","48","67","98","90","555","300","78","64","127","72","75","37","116","69","63","47","1464","234","92","74","4","15","0","12","46","58","0","12","5","15","13","21","264","124","144","88","169","126","263","103","290","121","174","68",
"1400000US18097390700","Census Tract 3907, Marion County, Indiana","3114","631","516","227","239","126","0","12","0","12","14","24","0","12","0","12","39","62","0","12","88","71","16","27","75","52","7","14","0","12","0","12","277","137","6","11","0","12","30","46","48","76","0","12","0","12","39","30","13","47","64","60","61","68","5","9","11","17","0","12","2598","628","1575","537","49","57","0","12","272","197","166","190","57","56","72","53","74","64","166","110","142","93","242","138","292","234","43","46","0","12","1023","199","0","12","29","47","125","72","44","67","35","41","31","34","111","76","137","101","141","59","194","116","107","55","39","43","30","39",
"1400000US18097390801","Census Tract 3908.01, Marion County, Indiana","0","12","0","12","0","12","0","12","0","12","0","12","0","12","0","12","0","12","0","12","0","12","0","12","0","12","0","12","0","12","0","12","0","12","0","12","0","12","0","12","0","12","0","12","0","12","0","12","0","12","0","12","0","12","0","12","0","12","0","12","0","12","0","12","0","12","0","12","0","12","0","12","0","12","0","12","0","12","0","12","0","12","0","12","0","12","0","12","0","12","0","12","0","12","0","12","0","12","0","12","0","12","0","12","0","12","0","12","0","12","0","12","0","12","0","12","0","12",
"1400000US18097390802","Census Tract 3908.02, Marion County, Indiana","3983","543","354","223","203","137","42","51","8","13","20","30","38","39","0","12","12","19","18","24","17","30","31","28","0","12","6","12","0","12","11","19","151","119","18","27","0","12","45","55","0","12","0","12","0","12","16","22","24","28","10","15","7","11","19","24","12","18","0","12","3629","573","2105","403","158","99","0","12","232","82","55","55","0","12","77","52","262","144","349","176","410","178","234","108","180","76","119","51","29","23","1524","331","46","41","26","34","120","86","80","67","53","59","69","75","94","73","281","114","227","91","182","90","150","62","136","54","60","45",
"1400000US18097390900","Census Tract 3909, Marion County, Indiana","2717","435","417","221","253","193","11","18","0","12","19","29","0","12","0","12","0","12","11","18","171","183","10","15","3","3","8","11","20","23","0","12","164","92","8","15","0","12","0","12","0","12","0","12","0","12","59","49","10","15","21","23","26","29","0","12","29","47","11","17","2300","367","1065","217","51","38","10","11","46","42","22","24","0","12","0","12","40","37","294","149","222","80","103","52","172","76","95","69","10","17","1235","246","95","61","0","12","18","24","0","12","0","12","0","12","41","30","403","135","221","116","214","83","112","51","55","54","76","80",
"1400000US18097391001","Census Tract 3910.01, Marion County, Indiana","989","325","409","261","44","67","0","12","0","12","0","12","0","12","0","12","0","12","44","67","0","12","0","12","0","12","0","12","0","12","0","12","365","258","0","12","0","12","0","12","0","12","0","12","0","12","159","145","186","200","20","2","0","12","0","12","0","12","0","12","580","197","398","196","42","73","0","12","0","12","0","12","0","12","0","12","85","109","135","114","108","74","28","34","0","12","0","12","0","12","182","131","0","12","0","12","0","12","0","12","0","12","0","12","0","12","124","129","31","56","0","12","27","34","0","12","0","12",
"1400000US18097391002","Census Tract 3910.02, Marion County, Indiana","5048","820","1172","345","698","279","0","17","0","17","0","17","0","17","0","17","0","17","386","218","261","154","0","17","0","17","51","48","0","17","0","17","474","179","0","17","0","17","0","17","0","17","16","34","0","17","181","123","271","138","0","17","0","17","6","26","0","17","0","17","3876","778","2019","468","27","43","0","17","0","17","0","17","0","17","50","41","407","203","1130","440","113","96","44","41","209","133","20","24","19","30","1857","605","38","61","0","17","0","17","0","17","0","17","0","17","264","146","1110","613","48","48","138","105","211","137","28","32","20","31",
