"GEO_ID","NAME","B17001_001E","B17001_001M","B17001_002E","B17001_002M","B17001_003E","B17001_003M","B17001_004E","B17001_004M","B17001_005E","B17001_005M","B17001_006E","B17001_006M","B17001_007E","B17001_007M","B17001_008E","B17001_008M","B17001_009E","B17001_009M","B17001_010E","B17001_010M","B17001_011E","B17001_011M","B17001_012E","B17001_012M","B17001_013E","B17001_013M","B17001_014E","B17001_014M","B17001_015E","B17001_015M","B17001_016E","B17001_016M","B17001_017E","B17001_017M","B17001_018E","B17001_018M","B17001_019E","B17001_019M","B17001_020E","B17001_020M","B17001_021E","B17001_021M","B17001_022E","B17001_022M","B17001_023E","B17001_023M","B17001_024E","B17001_024M","B17001_025E","B17001_025M","B17001_026E","B17001_026M","B17001_027E","B17001_027M","B17001_028E","B17001_028M","B17001_029E","B17001_029M","B17001_030E","B17001_030M","B17001_031E","B17001_031M","B17001_032E","B17001_032M","B17001_033E","B17001_033M","B17001_034E","B17001_034M","B17001_035E","B17001_035M","B17001_036E","B17001_036M","B17001_037E","B17001_037M","B17001_038E","B17001_038M","B17001_039E","B17001_039M","B17001_040E","B17001_040M","B17001_041E","B17001_041M","B17001_042E","B17001_042M","B17001_043E","B17001_043M","B17001_044E","B17001_044M","B17001_045E","B17001_045M","B17001_046E","B17001_046M","B17001_047E","B17001_047M","B17001_048E","B17001_048M","B17001_049E","B17001_049M","B17001_050E","B17001_050M","B17001_051E","B17001_051M","B17001_052E","B17001_052M","B17001_053E","B17001_053M","B17001_054E","B17001_054M","B17001_055E","B17001_055M","B17001_056E","B17001_056M","B17001_057E","B17001_057M","B17001_058E","B17001_058M","B17001_059E","B17001_059M",
"Geography","Geographic Area Name","Estimate!!Total","Margin of Error!!Total","Estimate!!Total!!Income in the past 12 months below poverty level","Margin of Error!!Total!!Income in the past 12 months below poverty level","Estimate!!Total!!Income in the past 12 months below poverty level!!Male","Margin of Error!!Total!!Income in the past 12 months below poverty level!!Male","Estimate!!Total!!Income in the past 12 months below poverty level!!Male!!Under 5 years","Margin of Error!!Total!!Income in the past 12 months below poverty level!!Male!!Under 5 years","Estimate!!Total!!Income in the past 12 months below poverty level!!Male!!5 years","Margin of Error!!Total!!Income in the past 12 months below poverty level!!Male!!5 years","Estimate!!Total!!Income in the past 12 months below poverty level!!Male!!6 to 11 years","Margin of Error!!Total!!Income in the past 12 months below poverty level!!Male!!6 to 11 years","Estimate!!Total!!Income in the past 12 months below poverty level!!Male!!12 to 14 years","Margin of Error!!Total!!Income in the past 12 months below poverty level!!Male!!12 to 14 years","Estimate!!Total!!Income in the past 12 months below poverty level!!Male!!15 years","Margin of Error!!Total!!Income in the past 12 months below poverty level!!Male!!15 years","Estimate!!Total!!Income in the past 12 months below poverty level!!Male!!16 and 17 years","Margin of Error!!Total!!Income in the past 12 months below poverty level!!Male!!16 and 17 years","Estimate!!Total!!Income in the past 12 months below poverty level!!Male!!18 to 24 years","Margin of Error!!Total!!Income in the past 12 months below poverty level!!Male!!18 to 24 years","Estimate!!Total!!Income in the past 12 months below poverty level!!Male!!25 to 34 years","Margin of Error!!Total!!Income in the past 12 months below poverty level!!Male!!25 to 34 years","Estimate!!Total!!Income in the past 12 months below poverty level!!Male!!35 to 44 years","Margin of Error!!Total!!Income in the past 12 months below poverty level!!Male!!35 to 44 years","Estimate!!Total!!Income in the past 12 months below poverty level!!Male!!45 to 54 years","Margin of Error!!Total!!Income in the past 12 months below poverty level!!Male!!45 to 54 years","Estimate!!Total!!Income in the past 12 months below poverty level!!Male!!55 to 64 years","Margin of Error!!Total!!Income in the past 12 months below poverty level!!Male!!55 to 64 years","Estimate!!Total!!Income in the past 12 months below poverty level!!Male!!65 to 74 years","Margin of Error!!Total!!Income in the past 12 months below poverty level!!Male!!65 to 74 years","Estimate!!Total!!Income in the past 12 months below poverty level!!Male!!75 years and over","Margin of Error!!Total!!Income in the past 12 months below poverty level!!Male!!75 years and over","Estimate!!Total!!Income in the past 12 months below poverty level!!Female","Margin of Error!!Total!!Income in the past 12 months below poverty level!!Female","Estimate!!Total!!Income in the past 12 months below poverty level!!Female!!Under 5 years","Margin of Error!!Total!!Income in the past 12 months below poverty level!!Female!!Under 5 years","Estimate!!Total!!Income in the past 12 months below poverty level!!Female!!5 years","Margin of Error!!Total!!Income in the past 12 months below poverty level!!Female!!5 years","Estimate!!Total!!Income in the past 12 months below poverty level!!Female!!6 to 11 years","Margin of Error!!Total!!Income in the past 12 months below poverty level!!Female!!6 to 11 years","Estimate!!Total!!Income in the past 12 months below poverty level!!Female!!12 to 14 years","Margin of Error!!Total!!Income in the past 12 months below poverty level!!Female!!12 to 14 years","Estimate!!Total!!Income in the past 12 months below poverty level!!Female!!15 years","Margin of Error!!Total!!Income in the past 12 months below poverty level!!Female!!15 years","Estimate!!Total!!Income in the past 12 months below poverty level!!Female!!16 and 17 years","Margin of Error!!Total!!Income in the past 12 months below poverty level!!Female!!16 and 17 years","Estimate!!Total!!Income in the past 12 months below poverty level!!Female!!18 to 24 years","Margin of Error!!Total!!Income in the past 12 months below poverty level!!Female!!18 to 24 years","Estimate!!Total!!Income in the past 12 months below poverty level!!Female!!25 to 34 years","Margin of Error!!Total!!Income in the past 12 months below poverty level!!Female!!25 to 34 years","Estimate!!Total!!Income in the past 12 months below poverty level!!Female!!35 to 44 years","Margin of Error!!Total!!Income in the past 12 months below poverty level!!Female!!35 to 44 years","Estimate!!Total!!Income in the past 12 months below poverty level!!Female!!45 to 54 years","Margin of Error!!Total!!Income in the past 12 months below poverty level!!Female!!45 to 54 years","Estimate!!Total!!Income in the past 12 months below poverty level!!Female!!55 to 64 years","Margin of Error!!Total!!Income in the past 12 months below poverty level!!Female!!55 to 64 years","Estimate!!Total!!Income in the past 12 months below poverty level!!Female!!65 to 74 years","Margin of Error!!Total!!Income in the past 12 months below poverty level!!Female!!65 to 74 years","Estimate!!Total!!Income in the past 12 months below poverty level!!Female!!75 years and over","Margin of Error!!Total!!Income in the past 12 months below poverty level!!Female!!75 years and over","Estimate!!Total!!Income in the past 12 months at or above poverty level","Margin of Error!!Total!!Income in the past 12 months at or above poverty level","Estimate!!Total!!Income in the past 12 months at or above poverty level!!Male","Margin of Error!!Total!!Income in the past 12 months at or above poverty level!!Male","Estimate!!Total!!Income in the past 12 months at or above poverty level!!Male!!Under 5 years","Margin of Error!!Total!!Income in the past 12 months at or above poverty level!!Male!!Under 5 years","Estimate!!Total!!Income in the past 12 months at or above poverty level!!Male!!5 years","Margin of Error!!Total!!Income in the past 12 months at or above poverty level!!Male!!5 years","Estimate!!Total!!Income in the past 12 months at or above poverty level!!Male!!6 to 11 years","Margin of Error!!Total!!Income in the past 12 months at or above poverty level!!Male!!6 to 11 years","Estimate!!Total!!Income in the past 12 months at or above poverty level!!Male!!12 to 14 years","Margin of Error!!Total!!Income in the past 12 months at or above poverty level!!Male!!12 to 14 years","Estimate!!Total!!Income in the past 12 months at or above poverty level!!Male!!15 years","Margin of Error!!Total!!Income in the past 12 months at or above poverty level!!Male!!15 years","Estimate!!Total!!Income in the past 12 months at or above poverty level!!Male!!16 and 17 years","Margin of Error!!Total!!Income in the past 12 months at or above poverty level!!Male!!16 and 17 years","Estimate!!Total!!Income in the past 12 months at or above poverty level!!Male!!18 to 24 years","Margin of Error!!Total!!Income in the past 12 months at or above poverty level!!Male!!18 to 24 years","Estimate!!Total!!Income in the past 12 months at or above poverty level!!Male!!25 to 34 years","Margin of Error!!Total!!Income in the past 12 months at or above poverty level!!Male!!25 to 34 years","Estimate!!Total!!Income in the past 12 months at or above poverty level!!Male!!35 to 44 years","Margin of Error!!Total!!Income in the past 12 months at or above poverty level!!Male!!35 to 44 years","Estimate!!Total!!Income in the past 12 months at or above poverty level!!Male!!45 to 54 years","Margin of Error!!Total!!Income in the past 12 months at or above poverty level!!Male!!45 to 54 years","Estimate!!Total!!Income in the past 12 months at or above poverty level!!Male!!55 to 64 years","Margin of Error!!Total!!Income in the past 12 months at or above poverty level!!Male!!55 to 64 years","Estimate!!Total!!Income in the past 12 months at or above poverty level!!Male!!65 to 74 years","Margin of Error!!Total!!Income in the past 12 months at or above poverty level!!Male!!65 to 74 years","Estimate!!Total!!Income in the past 12 months at or above poverty level!!Male!!75 years and over","Margin of Error!!Total!!Income in the past 12 months at or above poverty level!!Male!!75 years and over","Estimate!!Total!!Income in the past 12 months at or above poverty level!!Female","Margin of Error!!Total!!Income in the past 12 months at or above poverty level!!Female","Estimate!!Total!!Income in the past 12 months at or above poverty level!!Female!!Under 5 years","Margin of Error!!Total!!Income in the past 12 months at or above poverty level!!Female!!Under 5 years","Estimate!!Total!!Income in the past 12 months at or above poverty level!!Female!!5 years","Margin of Error!!Total!!Income in the past 12 months at or above poverty level!!Female!!5 years","Estimate!!Total!!Income in the past 12 months at or above poverty level!!Female!!6 to 11 years","Margin of Error!!Total!!Income in the past 12 months at or above poverty level!!Female!!6 to 11 years","Estimate!!Total!!Income in the past 12 months at or above poverty level!!Female!!12 to 14 years","Margin of Error!!Total!!Income in the past 12 months at or above poverty level!!Female!!12 to 14 years","Estimate!!Total!!Income in the past 12 months at or above poverty level!!Female!!15 years","Margin of Error!!Total!!Income in the past 12 months at or above poverty level!!Female!!15 years","Estimate!!Total!!Income in the past 12 months at or above poverty level!!Female!!16 and 17 years","Margin of Error!!Total!!Income in the past 12 months at or above poverty level!!Female!!16 and 17 years","Estimate!!Total!!Income in the past 12 months at or above poverty level!!Female!!18 to 24 years","Margin of Error!!Total!!Income in the past 12 months at or above poverty level!!Female!!18 to 24 years","Estimate!!Total!!Income in the past 12 months at or above poverty level!!Female!!25 to 34 years","Margin of Error!!Total!!Income in the past 12 months at or above poverty level!!Female!!25 to 34 years","Estimate!!Total!!Income in the past 12 months at or above poverty level!!Female!!35 to 44 years","Margin of Error!!Total!!Income in the past 12 months at or above poverty level!!Female!!35 to 44 years","Estimate!!Total!!Income in the past 12 months at or above poverty level!!Female!!45 to 54 years","Margin of Error!!Total!!Income in the past 12 months at or above poverty level!!Female!!45 to 54 years","Estimate!!Total!!Income in the past 12 months at or above poverty level!!Female!!55 to 64 years","Margin of Error!!Total!!Income in the past 12 months at or above poverty level!!Female!!55 to 64 years","Estimate!!Total!!Income in the past 12 months at or above poverty level!!Female!!65 to 74 years","Margin of Error!!Total!!Income in the past 12 months at or above poverty level!!Female!!65 to 74 years","Estimate!!Total!!Income in the past 12 months at or above poverty level!!Female!!75 years and over","Margin of Error!!Total!!Income in the past 12 months at or above poverty level!!Female!!75 years and over",
"1400000US18097310103","Census Tract 3101.03, Marion County, Indiana","7160","533","659","523","384","388","172","239","49","69","49","69","0","16","0","16","18","27","0","16","0","16","0","16","62","59","0","16","0","16","34","36","275","196","50","69","0","16","0","16","0","16","0","16","17","27","86","89","0","16","37","61","20","27","47","48","17","26","1","2","6501","588","2965","278","130","82","65","73","239","108","165","84","17","25","124","73","178","90","266","125","370","113","613","110","465","118","226","76","107","55","3536","416","275","134","54","52","118","69","115","87","114","84","173","90","247","114","331","136","425","94","686","169","619","116","196","80","183","90",
"1400000US18097310104","Census Tract 3101.04, Marion County, Indiana","3157","277","313","144","159","104","0","11","0","11","0","11","0","11","0","11","0","11","46","75","32","40","0","11","0","11","35","40","0","11","46","41","154","96","0","11","0","11","0","11","0","11","0","11","0","11","14","23","15","23","45","50","0","11","41","50","23","26","16","26","2844","320","1250","281","23","42","0","11","19","35","23","35","0","11","0","11","28","39","507","221","103","85","29","37","263","90","136","71","119","63","1594","258","15","22","0","11","60","85","0","11","0","11","0","11","113","85","291","124","233","117","119","98","280","92","226","83","257","102",
"1400000US18097310105","Census Tract 3101.05, Marion County, Indiana","3619","258","381","146","238","121","20","30","0","11","11","17","0","11","17","25","33","51","23","36","0","11","0","11","10","18","14","20","110","71","0","11","143","62","0","11","0","11","0","11","0","11","0","11","18","28","0","11","26","29","15","23","10","14","20","22","35","26","19","20","3238","264","1611","181","138","71","19","22","104","90","94","62","8","13","58","44","142","100","280","95","179","63","219","71","193","50","110","47","67","51","1627","167","97","42","28","32","111","53","27","27","0","11","43","50","136","76","324","106","243","92","234","73","223","66","110","45","51","30",
"1400000US18097310106","Census Tract 3101.06, Marion County, Indiana","3786","389","320","150","147","106","0","11","0","11","15","24","0","11","0","11","0","11","34","55","84","88","0","11","14","22","0","11","0","11","0","11","173","107","13","21","0","11","14","24","0","11","0","11","0","11","44","69","29","35","11","18","31","26","0","11","0","11","31","35","3466","385","1544","240","107","75","50","81","35","47","51","51","3","13","34","44","252","127","382","182","87","62","200","129","178","83","15","21","150","67","1922","309","184","145","0","11","97","90","64","59","33","41","0","11","299","132","408","183","291","117","203","105","93","68","45","42","205","69",
"1400000US18097310108","Census Tract 3101.08, Marion County, Indiana","3239","293","137","127","61","67","0","11","0","11","0","11","0","11","0","11","0","11","42","64","0","11","0","11","0","11","19","23","0","11","0","11","76","68","0","11","0","11","0","11","0","11","0","11","0","11","38","58","0","11","0","11","20","24","9","11","0","11","9","14","3102","310","1560","217","77","50","16","16","46","29","29","19","3","6","8","13","96","83","135","85","219","89","198","100","426","70","228","63","79","42","1542","180","28","25","12","13","57","42","45","33","17","19","19","19","86","64","144","63","129","40","212","59","430","64","272","56","91","44",
"1400000US18097310110","Census Tract 3101.10, Marion County, Indiana","2831","255","111","62","22","24","0","11","0","11","0","11","0","11","0","11","0","11","14","18","8","14","0","11","0","11","0","11","0","11","0","11","89","52","0","11","0","11","0","11","0","11","0","11","0","11","20","19","21","24","0","11","12","19","36","35","0","11","0","11","2720","253","1169","172","70","43","26","28","190","119","0","11","8","15","10","16","145","88","239","79","140","48","148","66","129","69","40","32","24","24","1551","184","157","82","8","12","55","55","31","30","0","11","0","11","231","110","398","100","222","51","160","84","228","71","46","23","15","23",
"1400000US18097310111","Census Tract 3101.11, Marion County, Indiana","3678","327","349","178","132","87","0","11","0","11","11","18","12","18","0","11","31","51","0","11","22","22","11","17","0","11","8","12","37","42","0","11","217","105","23","25","0","11","0","11","0","11","0","11","0","11","7","10","18","20","41","39","53","54","49","43","0","11","26","43","3329","300","1593","312","88","72","36","58","226","97","63","47","0","11","20","23","218","147","400","200","146","69","109","79","234","82","40","29","13","21","1736","248","96","66","0","11","47","50","58","76","21","31","73","75","205","77","513","275","249","118","207","83","132","53","98","57","37","35",
"1400000US18097310201","Census Tract 3102.01, Marion County, Indiana","3633","413","373","261","128","81","0","11","0","11","8","12","0","11","0","11","0","11","51","49","0","11","46","48","7","12","16","19","0","11","0","11","245","234","0","11","0","11","7","12","0","11","0","11","0","11","182","224","13","21","21","27","0","11","14","21","8","14","0","11","3260","429","1609","270","138","72","42","32","161","123","98","42","0","11","64","54","121","73","300","119","160","53","246","74","189","74","73","32","17","15","1651","299","120","74","0","11","120","61","23","24","73","58","70","43","79","64","207","75","348","97","220","93","240","62","126","67","25","20",
"1400000US18097310203","Census Tract 3102.03, Marion County, Indiana","5557","484","1456","608","814","405","161","170","0","16","224","166","72","81","0","16","18","27","115","113","96","109","24","35","30","50","74","74","0","16","0","16","642","334","92","91","0","16","73","70","39","64","0","16","0","16","61","72","77","76","132","90","0","16","94","80","24","28","50","47","4101","656","2098","509","167","103","0","16","103","103","120","116","85","76","74","54","221","148","404","229","311","126","231","120","112","81","82","51","188","80","2003","274","86","62","52","86","115","86","61","50","38","47","17","27","95","88","236","114","323","122","243","121","329","111","85","56","323","120",
"1400000US18097310204","Census Tract 3102.04, Marion County, Indiana","5886","532","951","281","369","166","26","32","6","10","36","30","34","24","15","14","16","19","37","48","38","33","56","49","51","50","38","35","16","18","0","16","582","202","72","54","6","10","44","39","9","15","27","24","11","15","110","88","34","25","112","68","61","53","71","51","16","17","9","14","4935","583","2410","361","150","81","8","13","239","89","314","144","15","17","96","62","128","72","347","147","441","126","369","109","228","82","51","34","24","24","2525","327","189","106","27","24","363","137","120","57","29","24","75","52","219","87","211","97","370","86","434","92","337","106","112","70","39","41",
"1400000US18097310305","Census Tract 3103.05, Marion County, Indiana","7013","722","1659","636","652","318","103","113","0","16","98","111","38","54","0","16","31","36","159","93","63","81","31","44","113","91","0","16","16","26","0","16","1007","396","162","138","0","16","63","85","115","110","66","84","15","24","154","102","143","122","157","119","14","22","79","78","39","64","0","16","5354","784","2575","431","288","186","74","83","209","90","150","137","0","16","50","61","365","143","445","185","387","125","231","124","208","82","168","69","0","16","2779","501","100","71","10","18","197","106","250","171","108","103","62","83","364","164","383","173","481","173","302","118","313","110","141","67","68","47",
"1400000US18097310306","Census Tract 3103.06, Marion County, Indiana","7461","900","2959","953","1437","454","386","205","0","16","293","154","168","112","0","16","0","16","157","173","142","127","136","94","136","114","8","12","11","18","0","16","1522","587","262","156","51","76","248","133","88","92","45","67","0","16","183","192","296","154","225","137","62","52","7","12","33","39","22","26","4502","717","2093","408","151","101","20","36","252","120","68","62","35","42","78","60","426","231","418","162","137","81","135","75","308","118","50","32","15","20","2409","484","306","225","0","16","211","117","139","117","14","23","102","91","249","129","433","187","305","119","230","88","259","97","104","45","57","44",
"1400000US18097310308","Census Tract 3103.08, Marion County, Indiana","3698","447","524","458","123","120","47","57","0","11","0","11","33","51","11","17","0","11","21","33","11","18","0","11","0","11","0","11","0","11","0","11","401","350","69","106","0","11","0","11","0","11","0","11","41","50","149","126","51","58","47","72","22","25","14","16","8","12","0","11","3174","327","1658","218","28","34","0","11","177","102","103","57","27","30","91","63","121","85","261","140","386","111","222","86","151","59","30","20","61","37","1516","193","168","109","11","17","211","89","114","72","0","11","24","30","40","40","124","62","294","81","228","71","135","55","88","37","79","41",
"1400000US18097310309","Census Tract 3103.09, Marion County, Indiana","3931","467","698","269","304","178","31","50","0","11","55","66","35","33","0","11","0","11","9","16","81","74","12","18","0","11","34","43","47","54","0","11","394","179","56","61","0","11","66","62","19","29","15","23","0","11","7","12","92","78","68","61","8","12","19","21","27","24","17","19","3233","504","1536","295","175","113","100","94","30","35","31","50","10","16","85","78","166","102","365","178","205","100","63","62","203","67","85","42","18","22","1697","356","136","113","32","36","130","88","57","52","40","64","93","79","228","137","239","109","248","84","262","103","174","54","35","27","23","23",
"1400000US18097310310","Census Tract 3103.10, Marion County, Indiana","4622","303","316","181","143","98","20","23","0","11","36","41","9","15","0","11","11","19","25","30","0","11","35","29","0","11","7","13","0","11","0","11","173","107","12","19","0","11","34","34","7","13","0","11","0","11","6","11","41","29","15","18","36","32","7","11","0","11","15","24","4306","317","2006","229","146","73","55","53","243","85","37","36","28","33","128","90","253","117","132","75","291","79","335","91","216","75","142","56","0","11","2300","276","153","84","0","11","109","65","84","48","29","23","126","77","172","75","500","149","380","98","348","84","272","77","83","47","44","33",
"1400000US18097310311","Census Tract 3103.11, Marion County, Indiana","5347","358","289","166","165","124","41","53","0","16","53","57","13","20","0","16","0","16","0","16","10","16","20","28","17","23","2","4","9","15","0","16","124","76","0","16","0","16","0","16","12","19","0","16","0","16","8","13","34","44","20","27","0","16","50","50","0","16","0","16","5058","422","2284","267","93","58","30","47","227","118","74","56","55","61","100","68","241","114","364","114","339","91","226","77","325","100","158","48","52","35","2774","237","152","71","10","16","224","100","70","62","81","72","106","60","334","115","419","138","373","97","434","94","357","89","110","33","104","45",
"1400000US18097310312","Census Tract 3103.12, Marion County, Indiana","5547","540","922","389","362","231","76","94","0","16","0","16","0","16","63","66","0","16","17","29","91","104","95","92","13","21","7","11","0","16","0","16","560","256","88","112","0","16","39","52","0","16","0","16","0","16","36","59","107","91","67","73","34","40","26","30","99","89","64","72","4625","562","1852","327","319","151","0","16","27","45","13","20","0","16","0","16","297","167","391","171","268","176","290","175","155","93","55","60","37","47","2773","511","199","271","64","91","185","177","23","41","0","16","14","26","449","207","391","205","334","123","705","197","280","110","48","57","81","77",
"1400000US18097320105","Census Tract 3201.05, Marion County, Indiana","4405","446","636","302","282","146","17","27","0","11","0","11","37","42","0","11","0","11","14","20","100","95","21","28","34","35","30","31","9","15","20","27","354","200","98","118","0","11","0","11","11","17","12","17","0","11","44","44","40","47","58","51","8","19","50","50","9","15","24","28","3769","477","1906","299","93","72","32","36","174","102","32","40","53","50","112","83","244","149","378","153","231","70","195","64","190","68","107","46","65","39","1863","292","155","84","14","15","51","53","18","27","0","11","19","22","124","82","366","165","233","71","320","85","239","71","244","93","80","48",
"1400000US18097320106","Census Tract 3201.06, Marion County, Indiana","2417","357","163","92","94","62","32","37","0","11","0","11","0","11","0","11","0","11","20","31","42","43","0","11","0","11","0","11","0","11","0","11","69","54","0","11","0","11","0","11","0","11","0","11","0","11","26","34","9","15","0","11","0","11","11","17","0","11","23","35","2254","366","1158","224","128","81","11","17","151","86","104","69","29","32","6","11","70","53","152","107","80","35","25","24","157","45","99","33","146","47","1096","199","64","65","0","11","84","60","30","35","0","11","24","27","94","65","96","62","180","75","80","44","212","51","116","39","116","42",
"1400000US18097320107","Census Tract 3201.07, Marion County, Indiana","1766","141","131","99","67","64","0","11","0","11","0","11","0","11","15","21","15","21","0","11","0","11","8","9","0","11","17","20","0","11","12","14","64","39","0","11","0","11","0","11","0","11","0","11","0","11","11","16","7","11","13","19","0","11","5","7","10","10","18","15","1635","177","800","95","45","29","0","11","27","19","30","24","0","11","3","5","17","16","145","42","133","38","120","50","107","29","90","31","83","35","835","110","45","25","28","24","29","23","7","12","3","6","13","13","10","10","170","41","73","25","157","58","124","37","111","30","65","31",
"1400000US18097320108","Census Tract 3201.08, Marion County, Indiana","4827","621","1371","580","440","242","142","149","0","11","27","44","19","34","0","11","36","56","79","98","25","29","13","23","55","86","44","70","0","11","0","11","931","438","235","200","0","11","0","11","34","54","34","53","26","43","200","129","167","138","77","73","59","58","26","31","58","77","15","23","3456","524","1600","281","172","123","16","37","104","109","59","71","0","11","0","11","86","88","438","168","297","166","81","67","258","136","57","40","32","35","1856","408","141","89","0","11","142","167","94","96","53","64","16","26","152","146","518","162","297","129","138","90","104","68","156","66","45","23",
"1400000US18097320109","Census Tract 3201.09, Marion County, Indiana","2628","168","344","132","51","44","0","11","0","11","0","11","0","11","0","11","0","11","0","11","5","12","0","11","3","6","0","11","38","40","5","8","293","119","0","11","0","11","0","11","0","11","0","11","0","11","0","11","45","65","0","11","19","20","39","44","83","47","107","46","2284","164","1002","119","44","40","11","15","95","50","15","22","45","33","28","28","33","35","46","31","134","53","139","41","145","42","92","45","175","64","1282","147","95","50","14","21","28","41","18","20","8","12","28","30","92","52","160","61","142","40","135","56","264","63","151","53","147","51",
"1400000US18097320202","Census Tract 3202.02, Marion County, Indiana","3834","283","335","118","127","56","0","11","0","11","0","11","0","11","0","11","0","11","47","37","0","11","23","31","25","21","12","13","0","11","20","32","208","91","0","11","0","11","0","11","0","11","0","11","0","11","18","21","0","11","61","63","6","10","32","37","20","29","71","72","3499","306","1672","184","122","74","19","21","89","38","31","27","19","21","14","17","29","31","362","105","211","76","220","67","358","87","116","51","82","51","1827","198","70","42","19","18","114","61","105","45","42","32","30","29","80","57","209","68","156","58","240","78","320","71","155","55","287","82",
"1400000US18097320203","Census Tract 3202.03, Marion County, Indiana","3245","262","408","172","103","58","0","11","0","11","6","11","7","11","0","11","0","11","7","10","41","40","6","10","0","11","8","12","0","11","28","24","305","139","24","38","0","11","25","42","6","11","0","11","12","18","19","17","34","37","33","39","21","34","86","70","6","10","39","38","2837","252","1277","143","0","11","0","11","81","44","62","35","0","11","38","34","113","53","341","88","132","67","185","70","123","43","138","60","64","37","1560","234","49","39","8","13","56","43","25","19","0","11","8","13","161","90","378","136","132","59","198","74","207","112","191","84","147","46",
"1400000US18097320204","Census Tract 3202.04, Marion County, Indiana","5516","424","1458","422","810","328","128","90","0","16","214","133","132","99","0","16","71","71","43","55","105","118","39","62","26","28","41","48","11","22","0","16","648","178","23","38","0","16","0","16","0","16","68","66","0","16","123","90","153","82","75","64","124","81","13","21","22","31","47","41","4058","452","1991","253","59","55","32","47","54","59","0","16","0","16","160","110","240","101","293","116","516","157","264","118","198","110","107","56","68","48","2067","363","55","58","31","51","111","73","19","32","0","16","0","16","195","96","556","259","274","107","166","73","223","102","289","91","148","62",
"1400000US18097320301","Census Tract 3203.01, Marion County, Indiana","3557","189","251","115","132","112","0","11","0","11","8","13","0","11","0","11","0","11","64","100","8","13","0","11","0","11","0","11","8","14","44","46","119","75","13","20","0","11","12","19","0","11","0","11","0","11","0","11","28","25","14","18","0","11","0","11","33","39","19","21","3306","222","1643","211","43","36","0","11","125","59","54","42","0","11","13","20","101","86","330","125","183","52","91","48","282","69","269","74","152","60","1663","190","48","36","8","13","70","32","26","26","0","11","17","20","93","73","234","117","108","36","182","65","378","86","287","63","212","76",
"1400000US18097320303","Census Tract 3203.03, Marion County, Indiana","3402","308","413","152","190","89","10","15","0","11","0","11","0","11","0","11","0","11","62","61","59","45","18","20","12","18","24","32","5","8","0","11","223","122","10","15","0","11","0","11","0","11","0","11","0","11","97","62","111","82","0","11","0","11","5","9","0","11","0","11","2989","324","1551","210","88","53","0","11","36","49","27","41","0","11","20","19","221","100","828","187","146","73","149","78","28","31","8","13","0","11","1438","221","110","67","42","39","48","40","0","11","0","11","13","21","234","103","590","151","196","86","123","59","36","23","46","2","0","11",
"1400000US18097320304","Census Tract 3203.04, Marion County, Indiana","6267","378","275","136","135","98","0","16","0","16","0","16","0","16","0","16","0","16","20","24","56","72","0","16","37","62","22","33","0","16","0","16","140","94","0","16","0","16","0","16","0","16","0","16","0","16","86","70","38","60","0","16","0","16","0","16","2","4","14","21","5992","387","2912","281","159","89","0","16","296","93","170","96","37","35","56","47","124","128","352","149","362","108","513","158","370","107","236","91","237","80","3080","264","78","69","79","80","226","106","144","91","0","16","15","25","199","112","496","217","445","128","400","129","454","136","204","83","340","80",
"1400000US18097320400","Census Tract 3204, Marion County, Indiana","3171","254","231","95","98","53","0","11","0","11","0","11","0","11","0","11","0","11","5","8","7","15","15","25","0","11","49","43","19","31","3","6","133","83","0","11","0","11","0","11","0","11","0","11","0","11","8","13","86","81","5","9","8","14","5","11","11","17","10","16","2940","293","1365","198","153","90","12","20","68","57","19","18","18","34","38","45","117","69","183","95","301","89","90","55","178","58","122","74","66","34","1575","174","167","101","0","11","56","47","40","41","16","21","96","68","53","48","300","98","207","73","209","69","192","61","105","54","134","50",
"1400000US18097320500","Census Tract 3205, Marion County, Indiana","3025","197","308","172","97","75","52","59","0","11","0","11","0","11","7","17","0","11","0","11","29","28","0","11","0","11","9","15","0","11","0","11","211","111","24","33","0","11","7","17","0","11","0","11","9","17","54","48","12","20","18","24","10","15","27","25","14","21","36","43","2717","246","1184","133","14","25","0","11","83","69","90","50","0","11","39","43","17","19","204","89","175","51","137","65","248","76","70","39","107","42","1533","207","59","59","0","11","99","68","107","54","21","26","80","59","92","75","251","74","183","81","113","50","188","57","126","50","214","102",
"1400000US18097320600","Census Tract 3206, Marion County, Indiana","2301","226","339","153","143","65","30","34","0","11","0","11","0","11","0","11","0","11","5","9","23","32","17","20","16","24","43","31","0","11","9","15","196","109","32","36","23","27","19","32","0","11","0","11","0","11","20","25","28","24","0","11","0","11","27","23","28","43","19","19","1962","210","1086","154","20","22","0","11","34","28","17","28","9","14","26","38","173","94","330","113","97","50","121","46","163","65","58","32","38","28","876","136","39","26","0","11","19","21","16","27","0","11","0","11","45","47","236","76","91","57","168","57","133","48","65","32","64","40",
"1400000US18097320700","Census Tract 3207, Marion County, Indiana","1955","182","216","115","120","89","0","11","0","11","0","11","0","11","0","11","31","41","12","18","39","62","17","19","14","19","7","13","0","11","0","11","96","68","8","13","0","11","0","11","0","11","0","11","0","11","20","32","23","37","8","13","15","20","0","11","0","11","22","24","1739","197","911","141","18","21","7","12","34","30","50","33","0","11","0","11","64","73","172","83","204","104","131","51","151","61","66","33","14","20","828","122","29","26","0","11","48","40","9","14","0","11","35","30","83","51","198","68","108","46","90","38","122","39","69","32","37","40",
"1400000US18097320800","Census Tract 3208, Marion County, Indiana","3006","166","105","54","47","30","0","11","0","11","0","11","1","3","0","11","12","15","7","7","0","11","0","11","2","3","20","23","0","11","5","7","58","29","0","11","0","11","4","5","3","5","0","11","2","3","3","5","0","11","10","12","15","12","19","17","0","11","2","4","2901","186","1380","113","109","46","11","9","114","32","90","41","19","14","40","19","56","40","79","33","214","53","198","36","233","39","147","29","70","24","1521","117","100","35","23","15","116","36","62","25","28","20","32","17","34","29","128","54","169","35","280","44","187","42","200","51","162","47",
"1400000US18097320901","Census Tract 3209.01, Marion County, Indiana","5991","491","872","459","457","288","52","82","0","16","8","13","80","89","0","16","23","36","41","40","183","181","29","42","23","32","0","16","18","30","0","16","415","215","0","16","0","16","138","119","19","32","22","35","0","16","22","27","0","16","81","71","20","30","97","63","16","26","0","16","5119","511","2285","328","174","100","46","41","267","123","42","42","18","26","52","61","220","126","178","115","279","93","241","84","375","121","323","111","70","56","2834","311","90","68","32","38","95","71","91","79","0","16","26","31","232","173","244","126","369","120","340","118","704","181","337","122","274","106",
"1400000US18097320902","Census Tract 3209.02, Marion County, Indiana","4411","450","1410","428","637","233","206","145","21","37","113","110","41","47","34","43","0","11","38","42","53","53","37","42","18","22","24","34","36","37","16","17","773","266","78","72","0","11","161","103","103","75","0","11","53","45","25","40","112","72","96","51","63","69","36","36","46","43","0","11","3001","533","1209","266","225","135","10","17","56","54","47","53","18","21","40","42","132","87","298","114","94","64","139","68","70","47","48","34","32","25","1792","349","149","98","99","91","155","109","48","59","36","43","21","25","177","98","359","116","148","88","226","92","227","77","97","56","50","31",
"1400000US18097320903","Census Tract 3209.03, Marion County, Indiana","4876","490","1221","505","443","215","109","124","0","11","107","96","22","27","13","21","33","36","66","71","13","21","44","49","11","13","25","41","0","11","0","11","778","391","165","122","0","11","149","127","60","58","0","11","10","21","103","76","176","132","77","59","38","50","0","11","0","11","0","11","3655","564","1814","339","155","117","0","11","88","97","151","89","0","11","12","21","277","159","360","144","199","97","317","109","138","66","76","43","41","35","1841","353","71","63","45","51","208","107","92","84","24","27","107","92","196","102","290","138","302","123","154","86","187","78","59","37","106","37",
"1400000US18097321001","Census Tract 3210.01, Marion County, Indiana","2786","272","611","291","430","185","46","46","0","11","88","79","60","40","45","45","18","22","0","11","61","47","23","25","40","40","26","37","16","20","7","11","181","117","64","74","0","11","9","17","0","11","0","11","0","11","0","11","23","28","62","56","0","11","0","11","8","14","15","16","2175","278","1045","210","70","45","0","11","43","33","45","38","35","30","12","18","136","90","109","72","187","95","150","56","131","56","65","25","62","29","1130","177","32","44","0","11","34","42","26","23","0","11","18","20","143","81","157","79","91","55","216","60","146","55","150","59","117","44",
"1400000US18097321002","Census Tract 3210.02, Marion County, Indiana","4198","313","561","199","218","94","0","11","0","11","51","26","0","11","14","25","10","17","96","66","2","4","34","32","9","20","2","5","0","11","0","11","343","162","39","38","40","35","54","25","40","35","53","30","13","22","24","27","0","11","77","35","0","11","2","4","1","3","0","11","3637","358","1665","284","67","87","49","44","123","113","84","49","2","3","4","4","106","85","222","101","152","97","207","86","296","123","190","80","163","67","1972","297","58","70","0","11","112","101","93","63","59","87","2","3","80","66","232","97","274","117","228","82","232","90","390","100","212","67",
"1400000US18097321100","Census Tract 3211, Marion County, Indiana","3695","248","418","158","159","62","13","15","5","9","7","6","2","4","32","37","13","16","3","4","6","8","20","19","37","25","6","7","0","11","15","17","259","121","8","14","0","11","24","21","41","38","0","11","11","19","23","29","13","11","27","24","49","49","29","32","2","3","32","26","3277","326","1566","206","49","30","33","33","163","77","46","38","36","34","35","25","113","74","200","68","206","86","233","74","210","64","132","40","110","51","1711","193","77","37","6","6","61","34","75","53","16","18","101","43","133","80","164","56","169","71","293","76","309","71","124","39","183","51",
"1400000US18097321200","Census Tract 3212, Marion County, Indiana","5085","340","303","148","159","84","19","29","18","28","14","23","0","16","0","16","15","24","0","16","29","32","13","20","14","23","37","43","0","16","0","16","144","82","14","22","0","16","13","21","0","16","0","16","0","16","0","16","47","45","28","30","14","21","14","23","14","22","0","16","4782","377","2393","284","172","81","29","33","134","86","123","112","0","16","61","75","135","94","359","148","347","121","496","157","307","124","167","74","63","51","2389","231","89","58","29","31","356","155","87","57","61","48","30","33","68","51","434","137","359","125","430","115","303","118","86","56","57","46",
"1400000US18097321300","Census Tract 3213, Marion County, Indiana","2423","244","226","113","194","97","18","29","16","25","0","11","0","11","0","11","0","11","59","42","51","71","0","11","21","30","0","11","29","40","0","11","32","35","0","11","0","11","9","14","0","11","0","11","0","11","0","11","15","23","0","11","8","13","0","11","0","11","0","11","2197","221","1238","180","51","43","7","12","52","43","0","11","0","11","0","11","230","143","555","144","147","48","50","36","109","40","31","17","6","10","959","134","28","26","0","11","34","42","8","15","0","11","0","11","66","50","346","100","162","52","92","38","125","39","63","30","35","25",
"1400000US18097321400","Census Tract 3214, Marion County, Indiana","5585","394","515","267","213","150","0","16","0","16","0","16","0","16","0","16","0","16","21","33","73","88","61","84","21","26","36","56","1","4","0","16","302","204","0","16","0","16","0","16","0","16","0","16","0","16","49","77","145","149","0","16","0","16","59","91","30","48","19","27","5070","355","2233","323","181","124","33","36","39","36","23","29","49","41","81","65","144","97","627","200","245","96","318","167","242","89","157","69","94","61","2837","263","149","71","55","46","128","61","52","59","10","19","54","44","196","129","668","183","363","135","445","133","387","111","155","77","175","87",
"1400000US18097321600","Census Tract 3216, Marion County, Indiana","5558","502","806","317","414","199","55","56","31","36","31","36","0","16","0","16","39","63","78","120","90","96","1","5","48","43","41","44","0","16","0","16","392","184","0","16","0","16","19","31","19","31","0","16","0","16","46","57","146","118","59","73","19","31","59","83","25","29","0","16","4752","478","2256","345","217","155","0","16","211","197","0","16","17","28","3","15","164","102","536","211","308","139","326","137","212","126","167","65","95","49","2496","369","56","70","67","103","234","117","127","95","0","16","59","56","128","111","502","181","226","110","372","127","204","101","288","93","233","105",
"1400000US18097321700","Census Tract 3217, Marion County, Indiana","3552","324","141","98","45","39","0","11","0","11","0","11","0","11","0","11","0","11","10","17","0","11","15","24","3","6","15","24","0","11","2","6","96","93","0","11","0","11","0","11","0","11","31","48","0","11","0","11","18","25","0","11","0","11","47","73","0","11","0","11","3411","351","1746","261","33","61","0","11","75","55","33","49","0","11","0","11","106","88","631","183","333","145","222","98","201","96","11","18","101","60","1665","283","66","69","0","11","69","61","0","11","0","11","31","49","143","79","409","126","170","91","203","85","256","122","126","90","192","72",
"1400000US18097321800","Census Tract 3218, Marion County, Indiana","3586","242","139","75","29","26","0","11","0","11","0","11","0","11","0","11","0","11","0","11","0","11","9","13","0","11","8","12","12","18","0","11","110","69","11","17","0","11","5","10","0","11","0","11","0","11","0","11","32","51","10","15","33","27","8","12","11","17","0","11","3447","252","1758","212","87","38","23","19","56","34","46","33","25","23","50","34","48","33","522","193","287","57","255","54","192","56","125","39","42","30","1689","177","163","95","20","18","126","51","38","29","8","12","44","43","48","30","370","117","265","66","231","52","217","56","118","34","41","31",
"1400000US18097321900","Census Tract 3219, Marion County, Indiana","3713","420","699","291","322","282","0","16","0","16","0","16","8","12","0","16","0","16","256","280","40","29","7","12","0","16","11","19","0","16","0","16","377","200","0","16","0","16","7","12","0","16","0","16","0","16","319","195","26","28","14","16","0","16","0","16","0","16","11","17","3014","311","1374","170","114","44","15","17","102","46","48","41","0","16","50","56","111","88","189","70","190","62","193","80","188","66","107","47","67","61","1640","254","52","33","46","28","144","73","45","22","12","19","26","22","177","132","285","111","276","100","196","69","171","74","130","57","80","40",
"1400000US18097322000","Census Tract 3220, Marion County, Indiana","3667","357","794","252","280","130","0","11","0","11","10","15","15","24","21","33","15","25","87","84","52","44","6","10","22","36","45","52","7","13","0","11","514","186","0","11","0","11","15","24","8","12","0","11","43","44","164","92","56","78","65","59","18","20","120","88","11","16","14","17","2873","376","1280","200","43","42","15","28","113","69","38","38","30","30","9","14","50","57","262","102","217","83","118","58","230","85","104","49","51","43","1593","245","113","65","0","11","113","72","46","48","60","47","23","26","68","43","344","124","199","71","166","70","241","87","121","45","99","38",
"1400000US18097322100","Census Tract 3221, Marion County, Indiana","2950","423","555","349","180","104","0","11","0","11","27","44","34","51","0","11","0","11","57","83","18","30","11","19","17","27","0","11","16","26","0","11","375","262","29","45","0","11","54","84","67","99","0","11","37","53","41","58","88","74","11","20","37","53","0","11","11","17","0","11","2395","405","1232","241","53","45","19","17","59","50","75","62","0","11","0","11","69","52","251","141","294","100","137","82","120","66","147","40","8","13","1163","211","102","60","25","28","120","73","81","42","0","11","22","24","41","43","188","89","132","57","133","73","134","66","140","58","45","40",
"1400000US18097322200","Census Tract 3222, Marion County, Indiana","2145","206","226","113","101","60","7","9","0","11","43","48","0","11","5","7","0","11","0","11","6","8","9","10","24","26","3","4","4","6","0","11","125","65","22","25","0","11","0","11","2","5","0","11","0","11","0","11","30","26","42","24","9","15","8","10","7","9","5","8","1919","215","974","139","86","41","9","9","67","28","26","16","11","12","42","30","35","27","190","74","143","45","152","41","97","29","71","22","45","20","945","138","73","39","36","30","115","39","20","16","21","15","11","14","29","21","135","50","141","37","129","31","131","44","66","19","38","22",
"1400000US18097322300","Census Tract 3223, Marion County, Indiana","2499","167","199","98","107","61","0","11","0","11","18","29","0","11","9","15","0","11","36","37","10","16","9","13","21","17","0","11","4","7","0","11","92","61","10","16","0","11","0","11","12","18","0","11","9","14","0","11","7","11","17","20","12","18","8","12","7","11","10","14","2300","167","1112","124","141","64","10","15","17","18","8","12","15","22","0","11","70","51","303","88","177","56","161","48","117","50","63","30","30","25","1188","122","98","51","9","14","43","37","0","11","0","11","12","19","162","93","308","80","128","45","174","50","120","47","92","28","42","36",
"1400000US18097322400","Census Tract 3224, Marion County, Indiana","3125","299","614","250","217","95","10","17","25","39","35","42","0","11","8","11","0","11","22","23","45","38","25","22","29","35","18","19","0","11","0","11","397","207","18","31","0","11","0","11","0","11","46","40","0","11","136","91","46","46","44","38","70","70","16","20","13","20","8","12","2511","367","1327","251","43","34","9","17","70","52","77","61","16","27","55","59","169","81","360","98","181","89","141","66","144","56","38","27","24","20","1184","190","29","24","0","11","14","16","28","28","0","11","25","27","81","65","447","123","190","67","162","75","133","51","62","46","13","17",
"1400000US18097322500","Census Tract 3225, Marion County, Indiana","1341","190","481","171","231","112","23","27","17","26","33","26","9","14","0","11","0","11","12","14","51","45","32","28","27","20","11","12","5","8","11","18","250","88","15","19","0","11","20","18","0","11","0","11","0","11","12","13","59","43","39","34","46","31","27","27","14","12","18","13","860","141","372","84","16","18","0","11","15","17","24","22","0","11","10","13","54","37","71","37","89","28","29","23","55","33","7","9","2","3","488","94","6","9","0","11","31","31","6","8","0","11","0","11","23","16","104","42","118","66","79","32","58","26","36","20","27","18",
"1400000US18097322600","Census Tract 3226, Marion County, Indiana","4011","426","1741","415","570","190","181","99","10","15","71","62","11","17","0","11","34","44","69","57","48","41","35","39","81","53","9","15","8","13","13","20","1171","300","240","145","28","46","73","64","69","61","0","11","10","16","249","112","174","91","83","55","94","70","121","82","8","13","22","24","2270","364","1095","234","36","44","0","11","77","95","29","41","0","11","43","45","153","80","182","90","130","80","206","99","100","58","88","50","51","43","1175","220","58","60","0","11","36","32","24","39","67","79","9","11","106","76","119","74","169","74","257","111","210","76","85","40","35","23",
"1400000US18097322700","Census Tract 3227, Marion County, Indiana","1964","248","292","156","163","76","6","12","0","11","0","11","10","16","0","11","27","41","22","28","0","11","0","11","60","59","21","20","17","18","0","11","129","106","18","33","0","11","5","10","0","11","6","11","0","11","7","14","14","20","0","11","65","50","7","12","7","12","0","11","1672","261","868","171","9","15","0","11","32","33","0","11","11","16","65","47","106","92","101","83","78","51","139","72","124","52","121","50","82","39","804","155","0","11","30","49","0","11","0","11","35","38","17","20","21","21","84","59","110","65","131","66","136","45","143","54","97","47",
"1400000US18097330103","Census Tract 3301.03, Marion County, Indiana","4975","480","382","305","133","152","0","16","0","16","45","71","45","71","0","16","0","16","4","9","0","16","0","16","0","16","39","58","0","16","0","16","249","177","0","16","0","16","21","38","0","16","0","16","46","73","8","13","18","28","44","69","98","88","14","23","0","16","0","16","4593","473","2041","342","152","125","15","26","79","63","18","29","0","16","0","16","133","114","621","199","391","153","177","87","222","100","148","68","85","57","2552","357","278","160","0","16","106","105","0","16","19","31","47","52","110","84","828","230","158","118","210","84","441","100","228","84","127","77",
"1400000US18097330105","Census Tract 3301.05, Marion County, Indiana","5047","421","528","253","277","206","18","26","0","16","18","26","0","16","0","16","11","21","65","89","64","74","0","16","51","46","50","79","0","16","0","16","251","127","20","32","0","16","0","16","0","16","10","19","0","16","25","29","31","33","18","28","10","18","28","33","55","66","54","44","4519","479","2287","360","188","127","21","33","95","77","103","86","45","52","20","30","243","185","518","149","250","143","341","97","220","104","50","38","193","84","2232","341","136","112","19","32","158","90","62","67","0","16","92","65","110","70","499","185","303","144","278","130","228","91","119","57","228","88",
"1400000US18097330106","Census Tract 3301.06, Marion County, Indiana","3846","443","1148","479","479","242","59","64","0","11","17","32","0","11","0","11","124","125","46","52","43","41","155","116","21","25","6","12","8","13","0","11","669","464","130","158","0","11","56","95","63","110","0","11","17","29","136","109","71","95","68","97","92","93","0","11","25","31","11","19","2698","354","1298","221","54","60","17","30","15","24","0","11","0","11","0","11","213","124","257","148","217","132","239","124","116","74","120","91","50","44","1400","277","46","73","0","11","25","48","0","11","0","11","0","11","293","156","301","134","295","140","10","20","164","92","151","91","115","82",
"1400000US18097330107","Census Tract 3301.07, Marion County, Indiana","6457","340","196","178","81","83","0","16","0","16","13","20","0","16","14","22","0","16","13","20","0","16","0","16","12","19","0","16","14","22","15","24","115","99","0","16","0","16","12","19","13","19","0","16","13","21","24","37","0","16","0","16","13","19","12","19","14","22","14","22","6261","373","3040","296","159","129","60","45","197","75","141","77","96","98","31","48","275","116","467","146","291","94","330","105","592","102","208","73","193","82","3221","226","65","61","21","29","212","98","115","90","18","26","67","53","274","113","404","116","372","75","525","122","560","119","328","89","260","89",
"1400000US18097330108","Census Tract 3301.08, Marion County, Indiana","3818","291","66","60","26","25","0","11","0","11","0","11","0","11","0","11","0","11","0","11","0","11","0","11","11","17","8","13","0","11","7","12","40","51","0","11","0","11","0","11","0","11","0","11","30","48","0","11","0","11","10","17","0","11","0","11","0","11","0","11","3752","275","1894","191","52","37","51","50","118","61","106","60","43","34","34","29","113","66","102","52","284","86","362","64","266","67","254","82","109","47","1858","189","40","28","7","11","132","57","78","48","53","49","33","30","169","76","129","61","194","72","368","77","396","72","155","46","104","49",
"1400000US18097330109","Census Tract 3301.09, Marion County, Indiana","4829","405","221","147","119","94","0","11","0","11","0","11","9","18","0","11","0","11","0","11","17","25","72","79","0","11","3","7","18","28","0","11","102","87","0","11","0","11","0","11","0","11","0","11","0","11","21","33","0","11","0","11","9","19","0","11","54","77","18","29","4608","450","2324","324","173","99","0","11","123","104","12","20","28","42","89","60","212","102","407","142","241","117","288","88","480","107","213","72","58","47","2284","304","169","129","0","11","48","53","38","44","0","11","19","29","236","143","371","157","204","81","267","109","595","134","201","84","136","85",
"1400000US18097330202","Census Tract 3302.02, Marion County, Indiana","11089","937","2595","979","960","444","180","153","0","18","223","179","63","80","12","21","105","92","208","138","99","71","56","74","0","18","14","20","0","18","0","18","1635","568","204","185","0","18","213","188","145","145","82","86","10","18","245","159","187","124","197","143","86","67","208","153","42","40","16","26","8494","931","3773","571","302","159","137","127","263","155","323","205","75","78","177","152","406","250","526","203","420","167","541","122","252","98","232","74","119","62","4721","700","318","227","50","67","634","254","130","91","16","25","145","118","223","162","897","324","784","185","782","229","383","138","216","76","143","89",
"1400000US18097330203","Census Tract 3302.03, Marion County, Indiana","5872","366","200","141","124","84","14","23","0","16","11","20","0","16","0","16","0","16","25","39","0","16","0","16","0","16","74","79","0","16","0","16","76","76","0","16","0","16","0","16","0","16","0","16","0","16","0","16","0","16","11","19","22","29","43","65","0","16","0","16","5672","394","2711","277","176","161","15","26","179","82","212","120","13","20","101","97","100","67","218","96","242","101","442","170","588","115","270","88","155","87","2961","277","224","129","23","36","261","148","86","65","34","38","121","68","202","100","243","112","318","100","572","109","462","115","302","112","113","85",
"1400000US18097330204","Census Tract 3302.04, Marion County, Indiana","6581","434","537","396","172","155","0","16","23","36","23","36","0","16","0","16","36","51","33","46","0","16","0","16","33","46","24","27","0","16","0","16","365","296","67","89","63","82","0","16","65","91","0","16","0","16","0","16","21","35","58","76","52","53","39","44","0","16","0","16","6044","618","2790","290","290","109","58","65","192","96","188","92","33","35","122","84","156","92","367","118","267","85","443","125","442","126","129","66","103","65","3254","459","202","141","39","41","178","122","85","70","104","80","66","48","278","146","530","156","354","124","731","149","384","112","117","63","186","91",
"1400000US18097330206","Census Tract 3302.06, Marion County, Indiana","4912","379","227","130","63","46","13","21","0","11","0","11","0","11","0","11","11","17","0","11","9","16","8","13","0","11","6","9","16","22","0","11","164","96","30","34","12","18","0","11","10","15","0","11","0","11","0","11","21","22","22","25","21","25","0","11","12","18","36","41","4685","395","2322","213","151","87","21","24","210","71","105","57","46","30","75","52","214","92","353","101","335","92","354","86","288","79","129","36","41","37","2363","265","186","76","24","22","143","57","187","73","26","26","48","33","174","82","362","84","273","67","400","90","382","86","147","43","11","18",
"1400000US18097330208","Census Tract 3302.08, Marion County, Indiana","2814","246","137","123","74","78","0","11","0","11","0","11","10","16","0","11","10","18","0","11","45","61","9","15","0","11","0","11","0","11","0","11","63","60","0","11","0","11","9","16","0","11","0","11","0","11","0","11","0","11","9","16","11","17","0","11","15","24","19","22","2677","281","1346","181","171","67","24","24","100","55","67","41","0","11","10","17","99","84","232","82","132","54","145","59","187","63","130","43","49","30","1331","159","55","43","0","11","110","60","0","11","15","23","21","24","69","41","262","85","168","49","181","63","280","65","129","38","41","26",
"1400000US18097330209","Census Tract 3302.09, Marion County, Indiana","8703","647","832","405","260","128","56","63","0","16","15","24","0","16","0","16","0","16","43","49","52","57","0","16","40","44","2","3","38","45","14","25","572","341","28","46","0","16","45","52","0","16","24","39","55","60","131","105","125","104","18","28","93","78","0","16","10","18","43","40","7871","672","4119","422","264","134","128","109","405","184","125","97","58","52","160","93","337","185","554","190","635","144","502","142","537","172","156","71","258","81","3752","374","162","97","12","18","250","129","390","178","74","77","121","82","119","76","406","145","585","161","674","175","445","128","179","72","335","117",
"1400000US18097330401","Census Tract 3304.01, Marion County, Indiana","5817","409","248","209","192","178","0","16","18","26","18","27","0","16","0","16","0","16","92","143","55","63","0","16","0","16","9","15","0","16","0","16","56","56","18","27","0","16","0","16","0","16","0","16","0","16","0","16","17","26","0","16","0","16","9","15","12","18","0","16","5569","414","2512","297","189","96","0","16","192","132","121","66","37","44","88","58","166","96","275","124","254","116","422","112","344","98","268","74","156","69","3057","328","135","97","0","16","193","88","91","65","74","51","57","53","331","140","282","139","421","172","521","142","479","126","269","93","204","127",
"1400000US18097330500","Census Tract 3305, Marion County, Indiana","6600","715","1187","730","668","455","69","85","0","16","39","65","39","64","96","120","116","117","50","83","84","81","0","16","89","78","56","54","0","16","30","37","519","309","27","41","0","16","62","73","60","73","0","16","0","16","0","16","83","85","116","121","47","75","84","79","40","47","0","16","5413","580","2361","421","16","28","0","16","337","212","56","80","57","75","21","31","192","173","388","172","191","135","223","130","339","163","474","102","67","59","3052","506","257","194","23","37","274","138","129","121","14","25","91","120","185","151","305","122","533","174","259","143","384","144","375","126","223","116",
"1400000US18097330600","Census Tract 3306, Marion County, Indiana","5265","753","1754","728","671","295","0","16","55","87","198","168","98","108","50","76","0","16","79","65","65","48","125","115","0","16","1","5","0","16","0","16","1083","500","324","201","0","16","118","95","161","124","0","16","17","29","44","51","255","147","63","75","31","35","30","33","15","24","25","39","3511","543","1554","278","39","48","45","40","51","47","0","16","20","37","35","44","161","97","297","147","321","119","178","113","267","93","103","59","37","32","1957","346","58","59","67","91","54","62","97","80","37","60","122","93","155","113","386","145","298","117","182","94","229","99","197","87","75","47",
"1400000US18097330700","Census Tract 3307, Marion County, Indiana","5698","446","1078","433","463","261","13","24","0","16","13","22","77","81","25","34","0","16","60","108","60","84","70","115","75","84","70","67","0","16","0","16","615","295","18","33","14","24","106","88","58","93","0","16","0","16","14","25","186","131","93","80","47","60","33","38","17","24","29","32","4620","575","2407","378","166","147","48","60","63","62","11","19","37","57","35","34","99","76","322","179","498","269","446","212","377","149","180","70","125","97","2213","345","103","57","9","18","235","120","84","93","0","16","0","16","115","90","173","75","423","184","298","146","361","138","230","80","182","90",
"1400000US18097330803","Census Tract 3308.03, Marion County, Indiana","3977","644","1691","573","739","283","195","102","29","39","161","87","31","48","0","11","15","22","101","67","66","62","58","43","63","60","20","30","0","11","0","11","952","345","205","156","0","11","150","87","39","48","16","25","0","11","151","86","124","83","157","82","50","49","51","38","9","16","0","11","2286","442","1111","253","63","59","32","37","126","75","47","43","16","26","34","38","101","71","232","152","250","100","94","48","65","37","37","36","14","21","1175","267","143","94","31","37","102","83","44","46","0","11","69","63","147","74","160","78","165","78","112","61","112","61","76","33","14","19",
"1400000US18097330804","Census Tract 3308.04, Marion County, Indiana","3392","472","1551","398","548","178","222","136","0","11","147","77","24","27","0","11","12","19","46","51","21","23","10","15","33","43","33","38","0","11","0","11","1003","276","213","156","0","11","184","95","48","49","29","45","0","11","84","62","230","81","177","123","11","16","9","13","0","11","18","29","1841","345","943","267","152","121","0","11","124","79","21","24","0","11","10","18","143","103","140","74","77","51","147","90","111","93","18","21","0","11","898","165","21","22","0","11","70","49","34","40","9","15","32","39","165","98","183","95","54","43","116","64","116","66","98","55","0","11",
"1400000US18097330805","Census Tract 3308.05, Marion County, Indiana","2843","390","1320","393","467","157","127","88","18","27","109","93","0","11","0","11","4","10","0","11","38","45","23","36","25","29","72","51","38","34","13","21","853","272","157","91","0","11","114","64","25","39","28","36","0","11","118","81","136","76","44","47","138","88","80","58","8","13","5","8","1523","296","841","177","61","66","22","29","81","69","24","38","43","44","0","11","85","57","124","90","232","123","42","40","89","51","31","34","7","13","682","171","45","48","28","42","0","11","11","19","0","11","0","11","113","65","84","65","66","45","99","48","121","55","69","36","46","31",
"1400000US18097330806","Census Tract 3308.06, Marion County, Indiana","3782","425","1307","439","655","269","132","107","32","38","84","85","66","71","43","54","12","18","27","42","91","68","29","42","91","83","38","38","0","11","10","16","652","239","46","57","35","62","92","74","21","23","0","11","0","11","79","64","102","75","140","78","38","44","46","38","43","62","10","17","2475","464","1208","255","72","54","0","11","197","127","50","51","0","11","0","11","135","73","274","118","77","63","175","76","107","63","38","27","83","40","1267","304","71","57","25","36","137","78","13","21","0","11","33","39","81","63","252","139","227","114","89","54","232","66","53","39","54","31",
"1400000US18097330900","Census Tract 3309, Marion County, Indiana","5136","613","726","322","270","169","35","28","0","16","34","54","0","16","0","16","54","56","0","16","66","69","0","16","25","41","56","78","0","16","0","16","456","248","33","54","0","16","40","47","13","25","0","16","27","43","79","84","72","63","34","39","81","68","55","62","11","18","11","18","4410","737","1639","390","201","148","0","16","108","102","83","89","48","55","0","16","196","161","290","250","281","167","88","78","85","67","175","109","84","53","2771","521","219","117","0","16","333","226","72","85","20","35","21","39","224","127","571","193","230","156","545","202","208","106","260","109","68","52",
"1400000US18097331000","Census Tract 3310, Marion County, Indiana","4432","373","797","306","344","169","45","54","33","38","89","70","29","44","0","11","13","21","17","28","10","17","31","32","25","40","51","43","1","11","0","11","453","176","53","51","0","11","56","64","22","34","10","17","0","11","30","33","94","66","40","50","46","54","32","35","32","40","38","27","3635","365","1766","211","49","41","15","18","86","59","77","71","0","11","58","43","163","98","199","91","251","86","277","123","192","76","262","100","137","60","1869","266","77","60","0","11","161","99","37","42","45","45","58","45","98","76","175","79","225","73","283","87","283","67","278","63","149","64",
"1400000US18097340101","Census Tract 3401.01, Marion County, Indiana","3784","298","290","156","164","104","14","23","12","19","12","19","0","11","0","11","0","11","17","27","57","63","46","42","6","9","0","11","0","11","0","11","126","75","0","11","0","11","0","11","0","11","0","11","0","11","47","53","22","26","37","29","0","11","12","18","0","11","8","13","3494","262","1762","195","201","73","57","47","105","48","85","74","21","32","17","29","92","65","242","111","256","87","176","80","240","70","124","50","146","48","1732","179","60","49","66","67","138","83","0","11","37","41","36","37","96","63","245","100","206","94","205","72","313","95","141","55","189","59",
"1400000US18097340102","Census Tract 3401.02, Marion County, Indiana","3558","525","707","347","395","296","85","79","30","48","58","66","44","61","0","11","0","11","28","33","74","64","8","12","7","11","14","20","8","13","39","62","312","138","0","11","0","11","0","11","18","27","0","11","41","66","37","46","68","77","69","60","9","14","33","28","29","22","8","14","2851","480","1269","240","39","44","26","40","153","86","0","11","15","27","39","45","178","87","137","99","183","99","180","69","119","51","67","32","133","51","1582","338","87","107","14","25","136","120","101","82","11","20","29","26","96","82","187","100","161","93","127","95","189","77","156","53","288","81",
"1400000US18097340108","Census Tract 3401.08, Marion County, Indiana","2089","298","952","288","442","159","90","51","16","19","113","65","7","11","4","7","16","23","65","43","81","41","12","13","6","10","31","29","0","11","1","3","510","156","74","43","14","15","83","55","0","11","0","11","0","11","94","53","102","44","55","34","27","23","39","31","18","17","4","6","1137","206","648","133","30","26","0","11","25","19","13","14","0","11","0","11","95","48","189","65","135","54","67","46","67","33","15","9","12","14","489","131","47","36","0","11","48","35","9","12","0","11","4","8","63","32","83","50","70","44","51","27","60","24","23","12","31","22",
"1400000US18097340109","Census Tract 3401.09, Marion County, Indiana","1374","185","201","100","112","56","0","11","0","11","15","23","0","11","0","11","0","11","34","36","30","30","28","26","5","7","0","11","0","11","0","11","89","58","35","35","0","11","0","11","0","11","5","8","0","11","0","11","20","20","5","7","14","17","0","11","0","11","10","11","1173","196","496","86","37","34","5","8","20","21","21","22","0","11","5","8","52","40","51","32","132","60","63","23","65","28","34","17","11","11","677","143","74","49","10","11","67","37","61","48","5","8","24","23","30","30","109","58","107","35","72","27","63","23","40","20","15","13",
"1400000US18097340110","Census Tract 3401.10, Marion County, Indiana","5435","592","566","275","265","152","0","16","0","16","34","53","0","16","26","38","0","16","73","84","37","47","14","24","69","75","0","16","0","16","12","20","301","182","41","61","0","16","0","16","0","16","0","16","36","51","78","72","78","68","34","49","34","39","0","16","0","16","0","16","4869","617","2206","358","279","137","0","16","121","107","43","50","46","57","40","53","316","183","361","150","365","156","270","145","207","89","96","72","62","65","2663","406","251","167","32","35","88","67","152","136","13","21","138","94","279","123","451","157","460","168","359","126","261","116","99","75","80","81",
"1400000US18097340111","Census Tract 3401.11, Marion County, Indiana","3069","375","332","224","116","80","19","27","15","21","0","11","0","11","0","11","0","11","0","11","13","19","34","34","27","31","8","13","0","11","0","11","216","160","69","79","0","11","31","46","0","11","22","28","0","11","25","26","11","17","16","23","22","26","10","16","10","15","0","11","2737","344","1330","233","78","64","0","11","86","49","52","52","19","18","63","45","276","135","115","59","165","69","290","78","135","51","51","28","0","11","1407","203","114","68","0","11","33","33","110","51","12","18","85","51","98","61","159","78","191","69","302","95","159","55","53","30","91","102",
"1400000US18097340112","Census Tract 3401.12, Marion County, Indiana","4823","610","1012","491","414","226","66","66","0","11","96","80","95","112","0","11","0","11","67","104","24","30","12","18","30","48","0","11","10","17","14","22","598","332","74","80","0","11","33","52","46","64","33","50","20","38","132","94","60","55","73","63","57","76","26","28","3","5","41","37","3811","561","2052","390","45","69","0","11","119","104","78","78","0","11","7","14","363","151","498","227","188","115","238","132","307","108","96","46","113","55","1759","318","105","131","0","11","0","11","0","11","0","11","79","76","233","134","445","200","231","102","223","103","201","77","105","51","137","52",
"1400000US18097340113","Census Tract 3401.13, Marion County, Indiana","3887","346","312","174","117","106","0","11","0","11","19","32","38","63","9","14","0","11","0","11","0","11","19","22","6","11","13","16","13","17","0","11","195","101","0","11","8","13","8","13","0","11","0","11","9","16","11","17","34","35","0","11","19","23","48","60","29","32","29","26","3575","362","1837","223","128","66","0","11","157","55","99","70","39","31","66","52","195","88","246","98","226","78","222","64","165","51","125","54","169","86","1738","203","49","37","0","11","110","66","25","29","0","11","62","42","121","61","182","83","217","61","287","96","242","75","166","68","277","90",
"1400000US18097340114","Census Tract 3401.14, Marion County, Indiana","4177","223","239","137","135","87","18","21","13","17","23","23","0","11","13","19","11","17","6","9","15","20","19","20","0","11","7","11","10","14","0","11","104","57","11","17","0","11","2","4","10","15","0","11","0","11","19","21","8","9","23","22","9","14","11","12","11","18","0","11","3938","250","2015","178","90","48","0","11","243","107","114","47","23","18","45","35","86","49","284","89","301","74","286","65","303","73","156","43","84","37","1923","175","139","90","11","11","89","56","24","22","27","25","90","40","93","48","328","93","314","81","290","64","292","72","147","44","79","53",
"1400000US18097340201","Census Tract 3402.01, Marion County, Indiana","3603","538","1314","451","534","225","100","96","0","11","101","66","22","25","15","18","16","19","74","58","99","71","52","39","55","37","0","11","0","11","0","11","780","261","92","65","0","11","154","95","58","51","14","16","17","20","75","50","145","111","56","35","87","65","39","34","31","51","12","18","2289","482","1179","248","58","67","0","11","81","66","23","24","15","21","85","71","142","97","87","59","249","93","100","50","179","47","85","47","75","48","1110","259","63","74","8","12","72","57","53","43","0","11","50","40","114","78","82","56","158","87","169","80","185","60","83","48","73","45",
"1400000US18097340202","Census Tract 3402.02, Marion County, Indiana","4189","334","977","345","425","167","54","54","0","11","38","44","17","19","10","14","0","11","65","53","64","79","44","48","45","36","8","13","80","75","0","11","552","264","122","112","0","11","26","28","10","16","0","11","0","11","92","75","71","58","56","65","58","56","24","22","70","51","23","37","3212","383","1493","213","146","80","13","19","58","61","73","62","13","13","26","26","202","94","242","112","160","75","187","56","172","75","132","52","69","36","1719","279","82","60","0","11","204","123","19","21","34","28","20","21","133","59","305","111","149","52","260","116","228","74","157","69","128","49",
"1400000US18097340300","Census Tract 3403, Marion County, Indiana","8127","896","3468","969","1657","562","398","286","151","147","176","140","92","81","58","76","25","42","86","103","182","144","183","162","231","127","75","77","0","16","0","16","1811","490","216","172","17","32","329","194","32","52","66","92","76","72","183","136","151","124","369","171","179","114","59","47","36","52","98","105","4659","926","2509","522","276","171","0","16","143","101","136","116","26","32","28","43","156","123","538","251","560","224","294","131","206","99","115","67","31","37","2150","586","137","96","33","53","207","127","46","66","60","74","56","67","188","147","331","186","349","182","305","153","224","112","103","90","111","95",
"1400000US18097340400","Census Tract 3404, Marion County, Indiana","3633","415","744","320","238","116","65","51","0","11","53","50","34","48","0","11","15","22","14","24","0","11","9","14","39","53","9","15","0","11","0","11","506","223","28","33","10","16","165","133","0","11","0","11","0","11","65","46","136","82","44","37","9","16","23","36","20","21","6","10","2889","488","1529","328","100","64","46","54","151","81","50","44","0","11","76","83","200","102","224","88","253","96","198","97","186","72","34","24","11","13","1360","240","99","73","0","11","148","94","75","72","0","11","7","12","91","54","223","97","121","75","234","81","205","74","82","35","75","47",
"1400000US18097340500","Census Tract 3405, Marion County, Indiana","4146","457","1003","305","273","136","65","76","0","11","63","53","25","27","0","11","0","11","26","33","27","29","0","11","67","62","0","11","0","11","0","11","730","258","49","60","114","90","127","85","0","11","10","16","0","11","139","102","151","92","71","73","51","43","0","11","0","11","18","36","3143","499","1368","237","104","81","6","11","21","23","51","50","69","68","11","14","183","98","130","87","221","86","165","110","287","151","56","50","64","51","1775","377","238","148","0","11","123","114","5","9","0","11","70","88","228","103","356","161","191","76","192","84","169","73","93","65","110","51",
"1400000US18097340600","Census Tract 3406, Marion County, Indiana","5424","568","1388","526","451","171","43","45","0","16","16","26","23","37","0","16","0","16","53","43","120","79","69","60","52","50","59","34","7","11","9","13","937","393","93","85","118","98","145","110","58","64","0","16","0","16","159","82","141","81","47","53","106","67","49","33","13","14","8","12","4036","508","1867","289","90","81","96","75","79","66","56","55","45","37","31","26","157","91","262","131","337","134","269","95","241","82","133","67","71","38","2169","321","166","103","32","50","140","82","35","42","92","76","46","47","238","119","349","190","212","83","241","78","321","98","188","78","109","46",
"1400000US18097340700","Census Tract 3407, Marion County, Indiana","4245","429","2116","604","918","325","162","114","0","11","116","95","34","38","0","11","18","30","90","86","161","109","37","41","265","165","30","34","5","9","0","11","1198","374","264","135","94","91","237","165","45","54","0","11","0","11","138","116","270","131","67","51","18","26","11","23","42","46","12","25","2129","528","1135","332","29","41","0","11","61","67","0","11","0","11","9","16","47","69","448","231","109","113","126","76","180","101","108","37","18","19","994","310","99","84","20","25","8","16","29","45","26","39","0","11","56","55","268","157","50","42","153","94","166","71","64","43","55","52",
"1400000US18097340800","Census Tract 3408, Marion County, Indiana","1618","183","302","139","195","102","51","68","0","11","37","43","8","12","0","11","5","8","15","23","24","24","18","17","5","9","27","31","5","9","0","11","107","49","28","28","0","11","4","6","3","5","3","6","0","11","17","21","21","22","17","16","5","9","4","6","5","9","0","11","1316","172","579","84","15","12","5","9","18","15","31","22","4","7","17","18","12","13","59","35","96","33","89","40","124","45","61","32","48","31","737","119","23","20","0","11","53","22","22","20","1","3","19","17","65","29","81","37","86","28","138","59","88","32","75","42","86","43",
"1400000US18097340901","Census Tract 3409.01, Marion County, Indiana","3676","346","348","156","185","88","11","16","12","18","18","28","0","11","0","11","10","15","23","27","41","36","0","11","37","38","18","20","0","11","15","23","163","92","60","51","9","14","0","11","0","11","9","14","0","11","14","17","34","32","0","11","0","11","27","22","0","11","10","16","3328","362","1543","189","82","49","72","54","53","49","93","59","40","30","101","70","150","85","159","103","196","68","309","74","132","53","95","44","61","31","1785","233","168","90","10","15","189","73","87","67","0","11","45","39","106","70","193","84","257","87","285","80","207","61","123","42","115","48",
"1400000US18097340902","Census Tract 3409.02, Marion County, Indiana","6604","917","1725","784","899","452","130","131","25","42","110","128","75","115","0","16","0","16","185","196","173","153","82","101","0","16","67","79","52","60","0","16","826","399","68","80","0","16","0","16","0","16","18","27","71","105","172","114","277","159","76","112","62","64","12","19","42","60","28","30","4879","787","2256","391","238","132","0","16","71","66","0","16","36","55","0","16","233","199","631","255","406","178","277","123","175","90","89","50","100","64","2623","587","358","222","27","42","338","229","48","53","0","16","22","34","333","164","514","194","197","124","191","105","270","144","214","115","111","58",
"1400000US18097341000","Census Tract 3410, Marion County, Indiana","1751","166","114","66","60","37","8","11","0","11","0","11","7","10","0","11","0","11","7","10","10","11","9","13","19","14","0","11","0","11","0","11","54","34","12","13","0","11","6","9","0","11","0","11","0","11","0","11","17","14","13","13","0","11","6","8","0","11","0","11","1637","173","742","104","32","35","8","13","46","30","12","12","19","18","0","11","61","30","121","57","128","54","113","42","82","27","102","26","18","15","895","108","54","34","10","11","50","24","12","13","14","16","9","11","64","30","159","56","126","41","111","35","146","30","90","24","50","31",
"1400000US18097341100","Census Tract 3411, Marion County, Indiana","1876","288","695","232","321","130","24","31","0","11","86","57","22","21","0","11","4","6","14","23","63","44","22","18","20","14","42","40","19","24","5","6","374","142","81","48","12","20","35","29","35","30","0","11","0","11","13","16","88","56","28","27","17","16","57","35","8","7","0","11","1181","208","701","154","73","53","34","37","22","17","16","18","4","7","13","11","27","20","132","61","62","48","148","41","93","37","64","43","13","11","480","98","16","15","0","11","40","36","11","17","0","11","12","14","18","20","83","52","52","31","138","48","58","27","32","19","20","17",
"1400000US18097341200","Census Tract 3412, Marion County, Indiana","2120","307","954","293","459","155","70","57","9","14","110","78","18","27","18","25","31","28","20","30","33","30","55","32","48","31","38","27","4","6","5","7","495","154","56","44","21","25","70","55","20","28","24","29","0","11","57","50","54","35","48","34","67","43","27","20","20","15","31","29","1166","223","543","127","33","26","18","20","30","22","14","22","13","20","4","7","34","29","80","54","98","45","94","61","55","24","33","23","37","19","623","143","33","27","0","11","51","32","13","16","7","11","19","19","29","27","67","45","80","38","81","42","111","38","51","24","81","26",
"1400000US18097341600","Census Tract 3416, Marion County, Indiana","2149","279","979","312","408","171","38","34","0","11","155","74","14","22","0","11","16","25","6","8","126","73","5","10","25","29","7","12","16","18","0","11","571","165","51","43","25","27","48","37","43","43","13","21","25","20","67","38","119","75","70","44","61","54","25","28","19","16","5","9","1170","211","548","122","53","46","0","11","46","36","36","29","7","11","12","14","64","55","67","47","65","44","74","46","45","29","47","34","32","16","622","133","37","45","14","22","28","27","14","22","0","11","34","29","55","51","104","61","54","30","129","55","36","27","68","38","49","25",
"1400000US18097341700","Census Tract 3417, Marion County, Indiana","4763","482","1831","441","828","209","104","70","40","44","117","75","44","42","0","11","25","40","74","77","64","48","94","70","194","88","72","49","0","11","0","11","1003","286","121","99","105","90","200","122","0","11","21","34","0","11","85","52","106","62","160","74","97","49","81","49","27","25","0","11","2932","469","1695","295","55","56","0","11","196","114","39","40","34","39","63","55","105","59","332","110","372","118","188","81","176","62","73","41","62","42","1237","271","126","93","41","39","40","35","0","11","0","11","22","24","155","98","176","71","176","64","168","82","124","49","113","45","96","47",
"1400000US18097341902","Census Tract 3419.02, Marion County, Indiana","3365","446","297","179","77","52","0","11","0","11","0","11","0","11","16","26","0","11","0","11","27","29","2","4","18","20","14","22","0","11","0","11","220","154","19","28","0","11","19","27","20","34","0","11","37","63","17","20","30","33","0","11","0","11","31","35","24","26","23","24","3068","405","1573","247","123","80","0","11","126","68","31","33","44","47","40","40","72","62","246","87","117","60","212","85","275","84","152","62","135","60","1495","201","87","59","9","16","67","50","35","33","37","45","10","14","61","38","228","84","163","74","170","63","293","78","169","68","166","52",
"1400000US18097341903","Census Tract 3419.03, Marion County, Indiana","4989","600","1929","551","1103","400","290","312","0","16","90","96","140","114","47","56","12","20","64","54","62","56","177","133","150","127","0","16","28","41","43","58","826","295","91","91","0","16","64","68","39","46","0","16","95","150","273","128","87","77","35","45","47","74","86","67","0","16","9","15","3060","552","1613","359","98","112","60","72","49","45","0","16","18","28","27","44","129","133","416","194","274","141","382","165","141","71","9","18","10","17","1447","354","209","128","0","16","15","23","44","53","44","59","26","42","376","171","260","133","128","92","155","83","120","70","43","35","27","26",
"1400000US18097341904","Census Tract 3419.04, Marion County, Indiana","2458","242","727","236","284","113","79","45","0","11","50","46","0","11","0","11","5","7","24","23","105","64","9","11","4","6","8","12","0","11","0","11","443","143","93","61","25","32","56","46","5","7","0","11","5","7","91","48","97","53","31","30","36","46","4","6","0","11","0","11","1731","234","1029","179","116","82","4","6","91","61","7","10","20","27","7","7","94","47","290","95","243","77","64","32","54","30","29","18","10","12","702","126","99","61","13","18","42","48","10","13","26","32","0","11","51","35","210","77","102","44","79","38","46","29","9","11","15","16",
"1400000US18097342000","Census Tract 3420, Marion County, Indiana","6858","604","333","252","132","104","15","27","0","16","0","16","21","36","0","16","0","16","0","16","0","16","65","65","0","16","31","33","0","16","0","16","201","153","0","16","0","16","61","76","0","16","0","16","22","36","0","16","0","16","32","39","0","16","86","63","0","16","0","16","6525","592","3465","452","293","227","25","63","471","149","117","95","153","96","68","82","387","174","277","150","565","128","459","126","376","96","221","74","53","37","3060","398","187","129","21","34","372","171","110","99","92","87","55","60","173","89","371","180","605","167","424","87","393","107","139","59","118","65",
"1400000US18097342101","Census Tract 3421.01, Marion County, Indiana","5510","433","1327","379","641","237","65","89","0","16","202","90","77","65","0","16","92","63","17","27","111","77","34","40","8","12","12","18","23","35","0","16","686","195","0","16","23","30","69","76","104","65","54","60","63","62","13","16","128","56","93","73","85","51","35","30","10","16","9","13","4183","360","2076","259","164","84","13","20","209","157","75","44","9","14","18","18","138","80","275","99","388","103","335","94","266","93","125","54","61","32","2107","239","105","76","28","33","147","66","132","54","34","32","36","33","84","76","450","130","242","66","342","80","244","78","192","63","71","37",
"1400000US18097342200","Census Tract 3422, Marion County, Indiana","5800","620","1858","589","871","383","53","57","62","43","120","75","138","95","0","16","52","56","112","82","38","47","45","40","169","149","40","34","42","62","0","16","987","353","101","72","33","54","164","128","54","64","33","41","34","26","114","52","132","82","120","83","115","63","11","14","29","32","47","47","3942","499","2159","299","124","95","102","57","62","43","48","41","76","68","82","63","229","115","398","133","291","92","314","131","245","79","126","75","62","41","1783","296","111","74","19","30","141","79","31","31","62","65","92","65","158","87","174","79","226","87","300","86","226","89","147","56","96","48",
"1400000US18097342300","Census Tract 3423, Marion County, Indiana","6984","839","2922","973","1585","589","184","122","24","36","458","331","230","142","0","16","51","59","56","58","73","73","181","120","102","76","116","98","110","102","0","16","1337","462","129","139","0","16","178","110","150","135","0","16","23","39","110","80","207","104","296","208","156","109","19","31","38","43","31","37","4062","668","1740","378","83","68","13","23","62","51","65","99","44","59","26","28","148","87","265","137","250","170","186","119","377","117","182","97","39","46","2322","507","82","70","88","87","240","126","94","101","0","16","22","37","118","86","263","161","299","233","457","182","245","99","210","98","204","91",
"1400000US18097342400","Census Tract 3424, Marion County, Indiana","1831","275","557","277","330","174","97","82","21","34","71","76","21","18","0","11","14","16","0","11","7","10","39","38","45","38","15","15","0","11","0","11","227","115","15","16","0","11","31","39","7","11","0","11","0","11","4","7","95","68","17","18","35","37","10","17","1","4","12","14","1274","217","650","132","90","55","8","11","21","19","7","10","7","12","8","11","26","20","108","52","67","34","98","54","96","46","78","40","36","22","624","134","20","17","21","32","28","34","0","11","8","12","0","11","56","37","125","51","69","40","121","56","77","46","39","24","60","26",
"1400000US18097342500","Census Tract 3425, Marion County, Indiana","4637","371","1397","341","581","158","106","70","0","11","98","78","16","19","7","10","39","46","12","18","63","49","24","36","117","64","90","71","0","11","9","14","816","225","159","110","0","11","111","68","39","50","7","11","8","14","80","71","144","75","144","69","19","22","91","55","0","11","14","17","3240","451","1644","263","73","56","33","32","109","70","106","70","0","11","68","56","125","72","206","85","265","89","259","92","193","71","132","40","75","42","1596","268","65","40","9","14","95","64","77","56","33","50","8","15","151","108","267","101","227","84","250","93","208","73","128","43","78","36",
"1400000US18097342600","Census Tract 3426, Marion County, Indiana","3325","445","1668","440","747","260","144","116","51","62","114","112","0","11","10","17","14","22","40","52","33","30","83","43","186","80","58","47","0","11","14","16","921","226","104","62","0","11","129","94","41","41","47","42","31","37","149","70","149","77","107","53","128","79","9","13","27","32","0","11","1657","395","820","222","0","11","21","34","61","52","11","23","21","29","30","45","127","77","104","61","115","66","65","49","177","59","57","42","31","26","837","207","66","60","28","32","16","30","41","42","11","23","11","19","38","42","159","93","82","70","162","63","86","45","82","43","55","36",
"1400000US18097350100","Census Tract 3501, Marion County, Indiana","1266","188","368","122","176","65","47","36","6","10","14","16","0","11","6","11","6","11","11","14","0","11","15","16","26","23","24","18","21","23","0","11","192","80","6","9","0","11","0","11","6","11","0","11","0","11","52","55","43","26","29","25","17","14","9","10","0","11","30","19","898","158","411","104","45","40","7","12","8","12","29","40","0","11","0","11","34","30","46","30","49","37","63","32","32","29","78","37","20","18","487","126","34","36","0","11","21","31","6","9","0","11","0","11","55","42","72","44","14","17","124","51","110","42","24","16","27","23",
"1400000US18097350300","Census Tract 3503, Marion County, Indiana","2170","346","967","243","318","98","45","48","27","41","0","11","0","11","0","11","0","11","14","15","71","65","92","63","31","37","22","24","8","13","8","12","649","207","65","71","0","11","26","40","0","11","8","13","0","11","145","93","71","64","117","91","82","54","51","37","84","53","0","11","1203","290","732","178","0","11","0","11","24","39","50","57","0","11","0","11","47","63","142","67","57","51","152","52","152","71","93","44","15","18","471","170","0","11","0","11","20","30","0","11","0","11","44","47","22","37","117","76","71","60","101","56","63","44","33","25","0","11",
"1400000US18097350400","Census Tract 3504, Marion County, Indiana","2575","281","687","193","311","107","14","16","0","11","15","21","10","15","0","11","9","16","64","45","35","40","39","42","9","14","55","59","42","47","19","24","376","146","49","38","0","11","46","70","37","27","3","7","3","7","60","60","66","44","18","20","8","12","41","28","32","42","13","15","1888","300","937","194","54","47","12","17","64","49","27","40","0","11","0","11","105","98","148","78","89","43","114","52","217","80","48","37","59","40","951","193","62","56","5","9","74","51","57","45","0","11","35","33","16","17","184","98","81","47","78","51","230","69","57","32","72","37",
"1400000US18097350500","Census Tract 3505, Marion County, Indiana","2127","263","804","250","419","130","6","10","0","11","73","64","22","29","18","22","0","11","22","26","51","35","43","34","79","45","65","37","19","21","21","23","385","139","13","14","5","8","49","41","12","13","0","11","15","24","40","32","25","27","63","44","30","28","67","50","43","27","23","17","1323","229","586","143","11","13","0","11","18","28","49","45","0","11","0","11","99","71","86","57","94","51","60","34","90","43","25","16","54","34","737","133","37","39","0","11","5","8","9","12","0","11","4","8","62","39","82","50","63","44","183","81","133","43","101","35","58","27",
"1400000US18097350600","Census Tract 3506, Marion County, Indiana","3912","512","1299","413","498","187","28","51","0","11","104","106","40","38","28","33","9","16","27","41","23","26","18","24","165","132","33","33","14","17","9","14","801","285","7","12","0","11","122","117","24","29","2","7","11","16","41","41","112","83","187","143","61","39","153","76","29","26","52","58","2613","495","1060","279","49","54","12","22","11","17","37","50","3","26","29","29","52","63","173","119","188","112","81","50","169","91","133","54","123","48","1553","298","37","36","4","9","68","63","34","25","14","18","21","27","162","101","118","98","108","76","195","92","347","94","243","82","202","84",
"1400000US18097350700","Census Tract 3507, Marion County, Indiana","1299","233","503","190","264","95","11","17","0","11","28","26","34","27","0","11","14","20","57","48","0","11","32","22","6","12","35","30","22","19","25","30","239","113","10","16","0","11","19","20","0","11","13","17","9","13","28","26","15","17","42","36","41","31","44","27","11","13","7","11","796","170","423","122","24","30","0","11","14","22","0","11","0","11","0","11","49","33","65","44","19","22","158","71","35","29","35","32","24","19","373","101","24","29","0","11","0","11","21","23","0","11","12","17","24","23","47","41","31","19","86","42","78","37","19","17","31","23",
"1400000US18097350800","Census Tract 3508, Marion County, Indiana","2098","230","1196","215","447","123","72","48","5","8","108","87","0","11","25","32","21","24","62","54","29","30","38","36","37","33","34","33","10","16","6","7","749","157","121","70","15","19","80","73","12","14","17","18","16","14","72","55","145","64","92","59","78","49","42","23","28","20","31","21","902","195","484","120","27","26","0","11","53","40","70","61","15","22","1","7","32","33","69","44","88","39","54","32","41","22","11","10","23","20","418","104","0","11","6","10","57","39","28","43","3","6","0","11","20","17","57","37","101","45","62","37","40","25","18","15","26","15",
"1400000US18097350900","Census Tract 3509, Marion County, Indiana","1362","266","330","168","122","68","15","24","0","11","0","11","14","22","0","11","0","11","75","53","0","11","6","9","6","8","6","9","0","11","0","11","208","118","0","11","0","11","36","45","8","15","0","11","8","14","25","38","57","36","25","28","11","16","12","16","3","6","23","19","1032","245","509","132","30","27","11","17","53","36","14","17","0","11","18","19","79","78","64","30","58","34","81","29","59","28","33","19","9","8","523","172","21","19","0","11","51","31","13","15","15","24","0","11","74","66","101","49","73","42","63","31","45","26","41","24","26","18",
"1400000US18097351000","Census Tract 3510, Marion County, Indiana","2579","409","1015","327","539","206","52","73","99","114","49","57","0","11","0","11","0","11","20","49","139","109","37","39","40","48","80","63","22","24","1","2","476","217","70","111","0","11","0","11","46","63","35","57","0","11","88","75","56","54","36","44","39","36","54","60","26","41","26","42","1564","316","744","192","0","11","31","50","31","31","0","11","46","44","0","11","90","79","122","58","63","42","142","84","84","55","80","58","55","50","820","208","35","44","4","8","42","48","8","17","11","17","0","11","86","89","236","114","119","68","91","64","41","33","74","56","73","60",
"1400000US18097351200","Census Tract 3512, Marion County, Indiana","2342","357","1180","338","526","182","78","53","43","38","84","60","26","30","18","29","14","18","57","50","103","59","46","36","23","21","26","26","0","11","8","12","654","182","65","55","0","11","75","50","29","32","6","8","17","25","52","43","80","49","40","31","77","38","108","61","57","32","48","26","1162","259","498","155","3","5","0","11","9","14","26","26","13","22","13","17","44","43","85","60","75","45","59","63","88","46","41","33","42","22","664","164","45","35","3","5","53","37","6","9","0","11","0","11","47","42","128","71","120","53","51","33","81","49","82","37","48","22",
"1400000US18097351500","Census Tract 3515, Marion County, Indiana","1861","254","526","147","293","96","8","14","0","11","26","26","26","26","0","11","18","22","26","23","21","24","84","56","32","30","41","41","0","11","11","11","233","78","10","15","0","11","13","18","0","11","0","11","0","11","72","51","72","54","11","17","13","18","25","21","5","7","12","15","1335","233","630","144","35","33","0","11","23","27","10","13","0","11","17","19","124","61","173","78","37","34","87","44","96","47","23","16","5","8","705","131","36","34","0","11","33","31","0","11","10","14","93","48","75","37","110","49","84","35","127","42","77","44","27","19","33","26",
"1400000US18097351600","Census Tract 3516, Marion County, Indiana","2200","242","401","145","265","122","0","11","0","11","6","9","0","11","0","11","0","11","85","85","32","34","34","66","16","18","69","37","19","22","4","7","136","81","6","9","11","17","0","11","0","11","0","11","0","11","11","13","0","11","11","12","63","49","24","26","10","11","0","11","1799","210","942","128","65","40","13","13","15","17","5","7","0","11","0","11","116","70","335","90","141","38","128","43","70","38","47","31","7","10","857","118","91","37","11","12","35","38","0","11","0","11","8","14","74","37","250","73","144","45","125","46","73","33","8","11","38","20",
"1400000US18097351700","Census Tract 3517, Marion County, Indiana","2602","422","1029","348","549","222","16","18","3","6","101","46","0","11","28","34","7","10","75","94","157","177","54","43","49","35","59","53","0","11","0","11","480","194","136","113","17","19","44","40","0","11","7","12","9","13","72","61","68","41","35","32","42","55","40","34","0","11","10","16","1573","293","740","145","18","20","9","14","34","27","17","21","0","11","0","11","42","42","156","83","159","73","91","69","149","64","59","54","6","9","833","210","71","50","0","11","24","21","70","85","0","11","20","21","78","60","188","89","117","63","74","50","74","40","85","56","32","26",
"1400000US18097351900","Census Tract 3519, Marion County, Indiana","2419","240","715","282","349","173","47","44","24","29","45","29","54","57","0","11","0","11","17","18","60","48","28","34","11","16","52","46","6","9","5","7","366","145","38","31","40","42","0","11","15","18","23","28","0","11","0","11","43","42","28","33","89","57","41","27","16","19","33","25","1704","278","764","167","33","32","0","11","71","52","12","13","7","10","0","11","77","60","175","106","73","51","81","38","89","40","78","26","68","26","940","145","22","18","14","15","50","32","30","22","0","11","0","11","15","19","148","77","89","44","138","58","155","52","159","50","120","36",
"1400000US18097352100","Census Tract 3521, Marion County, Indiana","1889","273","745","257","405","178","56","44","0","11","97","86","43","40","0","11","36","39","25","37","6","12","32","28","43","36","51","42","0","11","16","14","340","118","26","29","0","11","6","11","2","10","0","11","17","24","20","21","76","50","77","66","22","30","35","25","11","11","48","30","1144","221","615","134","52","49","5","10","39","34","0","11","0","11","10","10","60","56","100","55","152","58","73","44","64","34","32","21","28","21","529","133","10","16","0","11","30","34","0","11","4","7","6","9","14","16","201","94","15","14","51","24","111","37","38","20","49","31",
"1400000US18097352300","Census Tract 3523, Marion County, Indiana","1213","169","572","149","248","75","11","17","0","11","39","25","6","9","0","11","0","11","38","33","21","24","28","29","57","38","31","20","5","8","12","19","324","111","36","32","7","11","28","21","11","18","6","12","8","13","42","37","50","30","24","29","57","40","32","26","11","11","12","13","641","147","277","71","19","23","0","11","18","27","0","11","0","11","4","7","44","38","37","29","32","32","57","36","19","16","27","21","20","19","364","118","5","8","0","11","18","26","0","11","0","11","14","21","32","33","39","35","62","55","52","32","60","27","45","24","37","29",
"1400000US18097352400","Census Tract 3524, Marion County, Indiana","3164","467","1165","355","400","123","31","30","10","17","0","11","52","52","0","11","9","14","110","89","8","12","34","30","38","33","108","68","0","11","0","11","765","309","84","93","31","45","84","98","44","51","8","12","17","21","72","66","135","90","46","49","84","68","160","71","0","11","0","11","1999","360","1141","235","74","55","0","11","24","37","31","35","0","11","7","14","155","166","228","113","178","69","168","74","154","77","79","34","43","26","858","190","29","44","0","11","68","75","0","11","0","11","26","45","49","50","146","82","145","79","129","64","123","50","82","47","61","38",
"1400000US18097352500","Census Tract 3525, Marion County, Indiana","2772","333","593","207","375","154","13","19","11","17","54","45","13","19","0","11","22","23","51","56","40","42","25","23","79","63","15","17","34","27","18","29","218","89","18","27","0","11","11","17","0","11","0","11","0","11","58","40","18","24","20","22","43","38","25","29","25","22","0","11","2179","338","1058","198","50","41","0","11","31","47","21","23","18","26","9","13","48","44","160","73","224","91","199","85","179","60","92","42","27","20","1121","238","138","98","9","14","30","37","11","17","0","11","7","11","26","27","262","109","168","84","148","64","205","71","74","43","43","25",
"1400000US18097352600","Census Tract 3526, Marion County, Indiana","3189","424","1467","364","525","148","76","59","41","41","66","41","10","16","11","18","0","11","52","45","41","49","86","61","49","34","85","56","8","11","0","11","942","258","107","78","20","24","215","93","109","63","0","11","26","30","46","42","147","68","83","55","118","70","49","40","15","19","7","11","1722","341","912","199","27","26","11","21","37","36","29","37","0","11","26","32","84","75","131","83","144","67","229","90","132","74","47","29","15","21","810","190","15","23","0","11","45","38","62","56","28","36","0","11","85","65","47","38","121","58","124","62","99","45","79","52","105","53",
"1400000US18097352700","Census Tract 3527, Marion County, Indiana","2435","389","1027","337","476","216","56","57","25","42","78","57","9","13","5","10","39","45","25","32","51","46","33","30","81","59","42","32","0","11","32","32","551","211","22","20","0","11","47","52","0","11","0","11","9","13","155","115","98","62","95","69","109","68","7","11","9","14","0","11","1408","310","718","180","33","30","12","23","67","45","9","13","0","11","0","11","90","63","214","108","47","34","93","51","92","54","54","36","7","14","690","169","46","42","26","29","37","34","9","14","0","11","6","12","30","26","179","78","94","39","28","24","130","64","74","51","31","21",
"1400000US18097352800","Census Tract 3528, Marion County, Indiana","1017","163","241","132","111","86","0","11","0","11","38","53","16","26","0","11","5","7","9","14","0","11","6","9","11","13","15","14","0","11","11","12","130","70","0","11","0","11","0","11","14","20","0","11","0","11","8","14","17","26","19","20","30","28","14","15","15","15","13","15","776","157","283","84","0","11","0","11","25","27","34","25","22","28","0","11","34","38","28","27","15","17","65","35","45","30","8","12","7","10","493","95","23","29","0","11","9","17","0","11","4","7","32","24","62","35","27","27","108","66","92","35","63","42","41","30","32","23",
"1400000US18097353300","Census Tract 3533, Marion County, Indiana","2597","209","762","232","427","177","10","18","3","10","6","20","0","11","0","11","13","20","152","122","62","52","26","24","99","66","56","44","0","11","0","11","335","116","12","18","0","11","0","11","3","9","0","11","0","11","98","72","74","51","38","39","60","33","29","45","21","30","0","11","1835","225","1063","175","0","11","0","11","29","40","0","11","0","11","3","7","188","110","437","149","155","67","72","40","95","62","54","34","30","23","772","145","0","11","0","11","14","19","3","8","0","11","0","11","120","59","392","97","65","46","70","41","60","35","38","37","10","14",
"1400000US18097353500","Census Tract 3535, Marion County, Indiana","2353","286","1252","273","728","261","0","11","0","11","28","22","0","11","0","11","6","10","459","198","148","157","0","11","1","4","38","39","12","15","36","46","524","143","0","11","19","16","19","16","24","18","0","11","0","11","176","89","96","64","52","58","37","39","40","44","41","36","20","22","1101","298","446","120","25","34","2","7","5","11","0","11","0","11","0","11","47","40","107","67","43","42","75","46","47","31","17","28","78","44","655","267","10","16","0","11","2","7","11","19","0","11","0","11","318","256","50","45","13","17","61","39","96","62","27","23","67","58",
"1400000US18097353600","Census Tract 3536, Marion County, Indiana","2126","339","920","325","300","96","60","45","13","15","0","11","9","15","11","16","27","24","33","27","83","62","0","11","9","12","44","35","0","11","11","16","620","317","33","32","0","11","23","20","6","9","0","11","11","15","277","310","30","29","101","55","58","28","26","22","0","11","55","35","1206","237","603","126","29","33","0","11","28","30","0","11","4","6","0","11","51","39","131","53","133","63","112","45","45","32","70","26","0","11","603","152","57","48","0","11","46","40","20","23","13","21","5","7","21","21","76","46","45","34","90","41","105","40","93","30","32","19",
"1400000US18097354200","Census Tract 3542, Marion County, Indiana","5543","427","1561","389","697","277","22","36","0","16","22","37","0","16","0","16","7","16","164","137","88","66","102","95","172","131","89","90","12","18","19","30","864","279","0","16","0","16","0","16","0","16","0","16","0","16","296","196","85","86","92","99","214","150","125","78","36","49","16","26","3982","395","2040","281","16","26","30","44","0","16","37","58","0","16","4","14","88","68","793","210","289","174","292","99","328","147","137","83","26","31","1942","283","70","69","0","16","16","27","0","16","0","16","0","16","129","104","919","208","162","85","150","86","224","93","228","83","44","36",
"1400000US18097354400","Census Tract 3544, Marion County, Indiana","1462","151","257","77","86","44","0","11","0","11","0","11","10","20","0","11","0","11","16","14","7","11","13","19","6","9","28","21","6","9","0","11","171","64","0","11","0","11","0","11","0","11","3","6","0","11","65","47","18","29","23","25","5","8","32","18","6","8","19","17","1205","164","526","100","35","26","0","11","36","29","0","11","0","11","0","11","11","12","128","52","75","28","124","58","65","40","38","30","14","29","679","118","36","23","8","11","41","25","0","11","0","11","8","10","55","29","162","57","122","68","142","57","68","45","8","10","29","31",
"1400000US18097354500","Census Tract 3545, Marion County, Indiana","2309","269","619","186","209","88","0","11","0","11","63","59","0","11","0","11","9","15","17","15","24","20","35","29","5","8","36","28","11","18","9","14","410","125","31","30","19","23","33","30","19","28","0","11","0","11","71","56","84","45","66","36","18","22","40","38","19","22","10","11","1690","282","869","148","41","22","7","11","113","51","3","6","0","11","29","31","38","22","146","56","182","60","92","48","85","37","81","35","52","35","821","166","73","34","6","8","40","30","31","26","0","11","0","11","108","51","177","42","137","59","80","30","82","51","59","36","28","15",
"1400000US18097354700","Census Tract 3547, Marion County, Indiana","1507","201","404","126","218","69","6","8","0","11","0","11","6","9","0","11","4","7","38","27","39","28","19","18","67","49","39","24","0","11","0","11","186","74","0","11","0","11","0","11","13","13","7","10","19","23","39","26","16","23","20","19","57","38","15","17","0","11","0","11","1103","191","593","116","56","59","22","23","111","35","67","37","43","31","11","12","15","17","51","38","84","41","44","23","73","36","2","6","14","20","510","129","8","10","9","14","63","40","20","17","14","17","14","15","36","29","130","75","99","40","49","25","41","28","19","17","8","8",
"1400000US18097354800","Census Tract 3548, Marion County, Indiana","1552","236","839","247","430","151","50","41","0","11","89","86","23","26","0","11","15","24","58","47","76","51","43","38","42","25","34","29","0","11","0","11","409","135","61","46","7","11","74","51","0","11","0","11","5","7","29","25","112","57","30","25","40","28","15","18","27","23","9","9","713","203","353","110","5","7","20","25","18","21","5","8","24","23","10","15","43","43","60","40","31","26","53","30","45","27","17","19","22","23","360","134","16","13","0","11","26","26","7","10","49","50","0","11","15","13","64","52","60","34","23","17","69","40","21","15","10","11",
"1400000US18097354900","Census Tract 3549, Marion County, Indiana","2702","335","1177","296","458","157","99","63","5","8","43","38","14","21","0","11","0","11","66","47","94","56","77","43","34","20","9","9","17","20","0","11","719","189","80","59","0","11","41","39","6","8","20","25","15","24","89","74","135","56","89","44","138","54","102","46","4","6","0","11","1525","213","790","121","32","25","0","11","47","41","11","16","0","11","5","7","128","58","108","44","160","63","136","58","108","33","55","26","0","11","735","145","34","48","0","11","42","35","64","49","0","11","12","9","50","37","83","41","162","52","113","53","85","45","66","27","24","27",
"1400000US18097355000","Census Tract 3550, Marion County, Indiana","2224","299","1118","322","481","171","11","14","16","26","121","84","16","26","0","11","27","35","43","39","56","40","66","45","95","56","25","22","5","8","0","11","637","184","53","38","25","29","103","50","19","27","29","30","28","29","63","40","89","54","55","47","99","41","24","25","36","29","14","20","1106","256","577","151","69","47","0","11","38","29","12","19","35","30","10","11","26","23","84","50","98","57","80","42","76","34","43","29","6","9","529","135","27","30","0","11","68","49","25","31","28","23","25","27","22","19","83","40","78","44","76","39","51","24","31","19","15","14",
"1400000US18097355100","Census Tract 3551, Marion County, Indiana","1764","265","768","280","318","143","51","38","21","31","117","110","0","11","0","11","0","11","11","13","29","24","18","18","41","29","22","18","8","12","0","11","450","163","85","51","19","21","33","32","33","37","0","11","10","14","19","16","131","61","48","32","47","29","14","16","8","10","3","6","996","220","487","120","0","11","7","10","31","29","15","17","18","20","27","41","59","36","62","34","77","42","63","33","71","34","32","16","25","20","509","125","50","44","4","6","58","37","35","26","0","11","12","17","19","22","68","38","40","33","102","35","73","50","31","19","17","16",
"1400000US18097355300","Census Tract 3553, Marion County, Indiana","2264","378","523","188","162","94","9","14","0","11","20","29","0","11","0","11","0","11","29","29","23","30","11","18","52","43","18","24","0","11","0","11","361","127","22","36","9","14","21","33","0","11","0","11","0","11","61","55","93","70","30","28","57","43","58","41","0","11","10","16","1741","328","809","171","53","52","46","46","10","15","28","42","24","26","12","19","43","34","80","42","196","83","130","58","98","48","77","34","12","18","932","220","9","16","11","18","73","62","35","44","0","11","48","55","69","60","91","64","239","108","133","48","118","60","77","32","29","24",
"1400000US18097355400","Census Tract 3554, Marion County, Indiana","2916","522","1237","471","640","225","54","72","42","55","43","56","62","66","0","11","53","60","11","20","60","52","99","60","147","97","52","56","0","11","17","25","597","303","161","189","0","11","28","31","45","57","19","22","11","20","53","66","129","86","49","53","42","47","40","32","10","16","10","15","1679","370","870","207","56","42","0","11","95","65","0","11","0","11","0","11","51","49","156","91","171","99","58","40","206","108","55","39","22","24","809","231","20","34","27","24","21","27","0","11","0","11","13","22","93","92","142","88","99","76","188","119","144","75","37","32","25","22",
"1400000US18097355500","Census Tract 3555, Marion County, Indiana","3619","465","968","350","490","245","18","19","0","11","62","60","57","54","12","19","43","54","58","67","19","32","49","37","81","56","68","48","23","27","0","11","478","159","36","41","0","11","85","62","33","36","0","11","24","28","33","29","104","78","41","38","65","67","28","32","22","33","7","11","2651","459","1335","288","65","51","34","42","62","42","56","48","22","25","0","11","60","45","224","114","189","80","290","136","208","70","109","47","16","19","1316","260","84","54","13","19","124","87","21","21","27","41","20","24","59","46","190","83","145","65","144","60","285","82","126","54","78","46",
"1400000US18097355600","Census Tract 3556, Marion County, Indiana","1862","287","808","295","360","162","7","10","16","25","91","109","19","29","1","9","1","9","5","10","83","76","40","44","54","38","33","30","10","13","0","11","448","182","85","86","17","26","0","11","41","53","0","11","0","11","29","33","93","62","91","61","57","45","31","23","4","7","0","11","1054","293","583","202","49","40","0","11","86","89","20","20","13","20","1","5","65","46","82","47","43","42","104","60","56","34","47","33","17","18","471","135","0","11","0","11","17","27","4","7","9","16","0","11","51","44","38","27","91","54","77","52","102","56","47","38","35","22",
"1400000US18097355700","Census Tract 3557, Marion County, Indiana","2562","430","1094","324","554","182","86","67","14","22","42","37","31","30","8","11","28","32","25","21","47","45","78","36","114","67","76","43","5","9","0","11","540","184","65","49","11","12","46","34","43","36","12","19","16","20","75","55","75","52","80","50","57","44","60","29","0","11","0","11","1468","300","660","146","15","15","3","5","21","19","59","38","4","9","17","23","44","29","96","53","153","91","96","37","59","33","51","28","42","23","808","186","75","52","15","20","83","73","25","33","0","11","10","16","43","28","130","65","73","45","106","38","116","51","72","41","60","28",
"1400000US18097355900","Census Tract 3559, Marion County, Indiana","2221","254","881","200","500","125","108","71","0","11","56","47","9","12","0","11","18","18","40","33","94","50","61","36","49","31","45","28","11","10","9","10","381","106","22","16","15","22","35","30","4","6","0","11","11","13","102","44","35","32","55","38","33","25","50","34","0","11","19","18","1340","227","701","130","44","30","0","11","33","26","35","26","0","11","17","21","64","49","147","48","94","41","93","41","80","39","67","30","27","21","639","133","25","26","0","11","14","15","19","23","0","11","6","9","48","40","128","39","159","66","76","34","67","25","55","26","42","22",
"1400000US18097356200","Census Tract 3562, Marion County, Indiana","1423","156","132","101","58","45","0","11","0","11","13","16","0","11","0","11","0","11","7","11","0","11","24","28","10","11","4","6","0","11","0","11","74","61","0","11","0","11","0","11","12","16","0","11","0","11","3","6","12","14","24","21","0","11","23","49","0","11","0","11","1291","146","735","114","34","39","0","11","25","27","10","13","0","11","0","11","56","38","306","88","115","44","89","32","29","18","71","29","0","11","556","90","7","12","0","11","17","20","0","11","0","11","0","11","89","56","224","56","58","38","89","52","37","27","24","28","11","19",
"1400000US18097356400","Census Tract 3564, Marion County, Indiana","4037","573","1876","683","1067","456","142","84","41","46","136","97","63","66","0","11","87","83","124","154","185","107","54","56","182","166","18","22","35","44","0","11","809","286","106","83","11","17","41","48","106","111","0","11","21","36","89","59","198","104","80","56","130","97","21","19","6","12","0","11","2161","393","1194","253","59","56","0","11","99","67","9","17","51","79","9","14","116","85","260","95","133","91","189","93","110","56","75","40","84","69","967","249","43","32","0","11","129","95","50","52","17","24","0","11","54","50","224","93","50","41","156","74","152","66","34","35","58","35",
"1400000US18097356900","Census Tract 3569, Marion County, Indiana","2929","264","832","219","391","128","48","37","30","27","16","14","15","23","15","24","6","13","13","11","72","43","22","26","103","66","32","25","19","17","0","11","441","139","35","24","6","8","5","9","15","23","19","22","5","9","39","35","119","66","34","24","91","49","29","20","23","15","21","17","2097","284","1120","195","105","65","17","19","97","71","55","35","0","11","20","23","72","47","179","64","146","61","144","69","197","100","58","38","30","27","977","148","89","49","0","11","54","39","42","30","4","7","25","28","120","62","115","49","72","44","178","61","131","48","80","41","67","38",
"1400000US18097357000","Census Tract 3570, Marion County, Indiana","2570","285","988","266","506","146","74","50","0","11","77","55","19","30","0","11","0","11","68","54","61","45","26","28","119","58","50","32","0","11","12","13","482","172","68","64","0","11","24","27","44","37","3","5","22","30","53","40","82","57","106","78","22","19","31","24","22","17","5","7","1582","251","799","168","52","51","0","11","68","41","10","14","6","9","28","23","62","37","265","132","77","39","46","24","109","43","55","20","21","16","783","143","26","21","25","30","46","29","34","27","0","11","23","30","51","33","129","55","129","56","101","37","127","44","41","20","51","38",
"1400000US18097357100","Census Tract 3571, Marion County, Indiana","2070","243","625","239","318","176","42","43","4","7","94","91","8","11","0","11","2","5","36","31","42","40","51","31","11","13","24","18","4","7","0","11","307","101","26","25","11","18","6","10","10","14","0","11","9","14","38","25","97","56","42","36","25","33","16","13","6","9","21","20","1445","259","685","142","44","38","27","27","52","37","0","11","0","11","24","28","50","31","189","76","111","45","74","43","75","45","31","21","8","10","760","159","51","35","0","11","113","73","0","11","0","11","7","12","30","27","236","70","63","39","134","55","52","32","37","20","37","24",
"1400000US18097357200","Census Tract 3572, Marion County, Indiana","2820","614","1421","546","602","237","64","58","29","41","91","68","14","22","0","11","0","11","96","95","112","88","75","54","77","56","44","51","0","11","0","11","819","330","42","48","0","11","119","57","57","54","39","47","37","42","74","50","151","88","35","42","145","79","43","33","67","87","10","15","1399","386","605","166","58","67","0","11","43","36","46","46","0","11","10","16","11","17","86","51","50","45","157","67","51","33","76","45","17","19","794","260","98","71","3","6","49","45","53","45","0","11","12","16","95","67","59","50","101","67","84","46","123","60","50","34","67","41",
"1400000US18097357300","Census Tract 3573, Marion County, Indiana","2059","242","1055","251","435","156","91","78","0","11","38","35","0","11","18","29","21","29","54","44","80","49","34","38","47","30","21","16","31","28","0","11","620","145","99","76","22","18","24","28","29","18","0","11","19","30","68","36","88","50","114","59","25","18","111","53","16","11","5","7","1004","155","541","120","20","19","12","13","14","16","6","10","0","11","19","30","20","17","66","42","39","33","73","44","137","56","57","28","78","40","463","111","53","43","0","11","13","13","5","8","0","11","0","11","41","34","54","40","26","33","58","35","72","27","78","35","63","42",
"1400000US18097357400","Census Tract 3574, Marion County, Indiana","3900","398","1611","347","727","208","90","73","0","11","156","95","16","21","0","11","58","52","47","53","60","50","70","58","111","80","77","45","8","13","34","41","884","244","58","53","10","17","143","91","64","53","9","14","32","41","55","58","202","73","102","75","48","41","32","31","58","61","71","54","2289","409","1044","239","30","29","31","37","134","87","15","20","0","11","10","16","64","50","77","43","142","91","168","102","237","80","42","29","94","50","1245","243","117","91","9","14","23","21","0","11","9","16","38","39","100","69","195","107","191","90","191","107","131","55","103","69","138","56",
"1400000US18097357500","Census Tract 3575, Marion County, Indiana","3865","260","844","283","376","141","92","102","16","23","105","66","0","11","0","11","12","23","20","27","46","52","33","36","28","24","24","38","0","11","0","11","468","162","90","66","0","11","27","31","17","25","9","14","22","24","64","88","75","60","41","38","42","42","47","50","10","16","24","34","3021","404","1459","221","25","23","9","14","114","71","70","46","10","16","77","62","131","63","272","104","87","47","247","77","199","77","80","39","138","53","1562","250","80","50","0","11","96","84","36","34","33","33","20","26","98","52","278","105","165","80","220","79","214","69","170","55","152","52",
"1400000US18097357600","Census Tract 3576, Marion County, Indiana","7311","833","2350","665","1049","321","86","70","18","32","189","117","45","74","0","16","18","28","108","98","219","145","157","115","96","102","77","78","13","22","23","38","1301","415","161","113","79","106","114","92","63","80","0","16","0","16","139","127","249","146","114","96","282","136","100","62","0","16","0","16","4961","787","2795","499","325","146","36","45","240","172","110","113","0","16","21","36","221","136","414","216","458","199","550","177","235","121","104","71","81","56","2166","419","225","161","92","104","111","98","93","105","0","16","0","16","142","100","366","151","228","101","307","168","252","116","262","116","88","65",
"1400000US18097357800","Census Tract 3578, Marion County, Indiana","1873","264","561","178","276","110","22","24","0","11","52","51","54","46","0","11","0","11","22","28","24","24","20","17","74","38","8","10","0","11","0","11","285","99","25","23","0","11","10","11","0","11","0","11","0","11","24","26","74","50","53","42","66","41","20","28","13","14","0","11","1312","249","694","159","37","39","0","11","12","15","36","29","25","32","8","11","49","32","156","74","99","43","137","54","89","33","14","14","32","22","618","146","50","55","0","11","48","29","14","22","0","11","8","14","37","25","114","60","73","42","55","35","101","38","53","30","65","24",
"1400000US18097357900","Census Tract 3579, Marion County, Indiana","4413","597","878","534","428","272","42","49","0","11","41","51","131","118","9","15","0","11","11","17","56","49","16","21","72","72","50","50","0","11","0","11","450","354","64","73","0","11","19","25","0","11","0","11","34","53","65","76","62","50","90","125","57","57","50","45","0","11","9","15","3535","481","1732","267","172","111","0","11","67","53","58","53","47","46","63","46","72","53","338","118","323","104","201","72","167","51","167","80","57","36","1803","303","118","123","9","14","185","109","57","42","11","19","11","18","98","75","266","92","245","77","247","93","246","85","122","78","188","59",
"1400000US18097358000","Census Tract 3580, Marion County, Indiana","1369","255","298","118","144","77","0","11","0","11","16","15","8","11","0","11","0","11","7","11","15","12","72","63","13","15","13","20","0","11","0","11","154","71","25","20","0","11","13","18","0","11","7","10","0","11","11","12","33","28","12","13","18","18","35","26","0","11","0","11","1071","198","590","152","0","11","0","11","68","49","40","37","6","10","0","11","86","41","82","71","79","42","56","32","118","56","51","27","4","9","481","89","25","23","0","11","5","8","9","10","0","11","0","11","60","40","79","49","62","41","117","40","49","26","67","27","8","12",
"1400000US18097358100","Census Tract 3581, Marion County, Indiana","2813","413","975","382","338","171","59","66","0","11","43","44","19","30","25","36","0","11","8","13","128","112","21","29","7","12","28","29","0","11","0","11","637","323","46","71","0","11","187","137","0","11","20","29","0","11","45","57","180","105","0","11","134","114","9","16","16","24","0","11","1838","499","787","240","120","108","20","30","50","41","26","29","0","11","21","33","49","65","63","49","97","69","77","56","152","50","86","44","26","22","1051","282","82","92","0","11","89","88","20","29","43","48","24","38","107","84","179","131","77","39","155","59","131","64","69","32","75","37",
"1400000US18097360101","Census Tract 3601.01, Marion County, Indiana","2088","218","1061","200","487","125","78","46","6","9","63","39","72","41","12","14","20","22","35","30","6","12","54","34","81","68","52","38","8","12","0","11","574","120","39","31","0","11","86","52","51","34","0","11","7","12","45","34","103","44","43","30","77","43","88","38","15","15","20","19","1027","224","548","136","17","22","11","16","45","44","44","37","15","24","15","24","34","26","50","40","60","43","54","27","150","58","20","17","33","26","479","131","17","18","6","10","45","40","10","16","0","11","10","13","42","43","52","32","73","34","51","38","96","44","43","24","34","19",
"1400000US18097360102","Census Tract 3601.02, Marion County, Indiana","2565","288","1352","336","671","216","89","85","12","17","89","78","109","79","0","11","72","71","114","85","19","34","76","59","57","40","23","24","5","10","6","9","681","189","79","78","51","66","50","54","0","11","19","33","12","20","201","108","116","86","19","27","64","40","16","17","35","35","19","17","1213","279","526","135","32","40","0","11","34","41","0","11","0","11","0","11","63","70","101","80","42","44","131","55","42","36","68","36","13","14","687","208","45","69","0","11","42","65","31","38","12","19","12","19","25","32","85","77","80","49","83","55","100","62","128","47","44","29",
"1400000US18097360201","Census Tract 3602.01, Marion County, Indiana","3651","502","984","394","290","131","0","11","0","11","79","76","0","11","0","11","22","36","30","34","86","80","16","19","25","29","11","17","8","14","13","20","694","321","46","54","8","13","88","71","50","66","0","11","52","77","91","92","142","95","86","69","60","59","42","40","29","27","0","11","2667","429","1322","211","93","74","0","11","161","94","73","54","68","73","55","43","79","55","145","78","78","59","283","79","110","55","38","33","139","58","1345","275","91","72","14","23","121","97","71","63","0","11","27","45","67","59","190","101","200","96","300","105","131","53","58","36","75","43",
"1400000US18097360202","Census Tract 3602.02, Marion County, Indiana","3560","442","968","519","383","257","61","74","0","11","77","76","54","67","44","64","0","11","36","47","0","11","41","59","59","43","11","16","0","11","0","11","585","299","13","20","54","66","44","63","54","66","0","11","0","11","68","69","156","111","81","75","37","29","47","47","9","15","22","22","2592","528","1299","289","170","118","7","13","209","155","66","71","0","11","39","61","55","50","54","41","163","86","242","102","170","63","51","30","73","38","1293","341","45","65","79","60","58","59","34","35","0","11","23","25","148","75","205","137","201","100","202","106","134","59","88","75","76","38",
"1400000US18097360301","Census Tract 3603.01, Marion County, Indiana","3195","291","638","250","342","149","0","11","0","11","47","51","0","11","0","11","9","12","73","51","151","90","2","7","33","50","21","29","6","9","0","11","296","140","19","31","0","11","47","46","0","11","0","11","0","11","73","53","110","79","5","9","25","24","11","17","6","10","0","11","2557","367","1160","192","18","21","14","21","124","74","69","40","22","24","31","37","45","34","216","88","144","60","190","80","161","57","48","26","78","45","1397","234","52","50","22","30","74","51","165","110","34","33","14","21","111","62","199","75","226","83","195","72","144","55","90","34","71","31",
"1400000US18097360302","Census Tract 3603.02, Marion County, Indiana","2450","298","938","208","373","95","102","54","0","11","63","43","9","10","15","19","11","19","6","10","75","33","14","24","56","37","15","16","7","11","0","11","565","157","51","42","21","24","91","57","35","29","0","11","22","28","59","39","127","50","49","30","68","52","19","16","18","20","5","7","1512","279","885","180","78","46","26","24","107","50","41","33","0","11","24","22","77","51","148","61","94","42","129","70","92","50","36","34","33","18","627","134","32","27","2","6","32","27","16","26","0","11","5","8","94","58","115","51","74","39","114","55","84","34","30","28","29","20",
"1400000US18097360401","Census Tract 3604.01, Marion County, Indiana","6391","655","2073","742","690","280","64","102","22","35","100","121","138","122","0","16","0","16","76","82","108","90","63","75","11","22","108","113","0","16","0","16","1383","517","154","150","67","109","311","193","70","90","17","29","94","112","16","28","135","122","212","123","141","141","107","108","28","32","31","35","4318","805","2133","470","96","121","0","16","172","156","41","45","0","16","0","16","323","146","317","276","413","179","218","101","331","171","86","44","136","84","2185","534","135","135","0","16","160","174","62","62","39","45","77","69","295","132","310","209","387","152","238","119","215","86","105","69","162","68",
"1400000US18097360402","Census Tract 3604.02, Marion County, Indiana","1969","275","545","263","322","186","33","35","0","11","83","72","65","43","8","13","23","33","0","11","37","37","47","40","24","31","2","7","0","11","0","11","223","118","17","18","0","11","14","18","55","36","0","11","32","33","5","9","16","18","51","46","11","20","22","24","0","11","0","11","1424","246","715","148","41","33","8","12","107","75","10","15","24","26","6","10","57","52","114","63","78","43","99","46","92","33","31","19","48","26","709","128","30","39","0","11","61","51","22","23","0","11","0","11","89","54","93","59","85","46","133","49","74","37","58","27","64","24",
"1400000US18097360404","Census Tract 3604.04, Marion County, Indiana","7789","827","2337","664","1067","340","299","154","69","71","316","182","3","11","9","16","0","16","46","57","167","127","100","84","23","37","35","55","0","16","0","16","1270","401","136","100","88","99","169","104","45","67","3","11","12","20","205","118","214","168","275","164","53","85","70","67","0","16","0","16","5452","795","2729","479","0","16","17","27","195","123","113","119","81","90","151","124","383","206","497","263","475","172","376","187","306","120","72","49","63","52","2723","496","313","167","49","82","241","174","84","73","12","22","103","105","190","105","392","176","431","144","562","216","197","103","131","54","18","28",
"1400000US18097360405","Census Tract 3604.05, Marion County, Indiana","5462","638","739","435","283","199","63","76","0","16","124","129","37","54","0","16","0","16","0","16","9","16","19","36","27","37","2","5","2","4","0","16","456","265","38","60","21","34","99","86","0","16","0","16","0","16","56","55","110","82","66","92","18","28","48","73","0","16","0","16","4723","768","2375","347","213","112","0","16","252","131","111","93","49","56","81","72","338","168","407","163","288","155","158","99","179","87","189","65","110","62","2348","502","170","180","32","48","160","124","0","16","0","16","85","78","123","93","322","153","386","179","379","119","357","124","149","54","185","62",
"1400000US18097360501","Census Tract 3605.01, Marion County, Indiana","6026","657","650","361","221","135","0","16","0","16","0","16","6","17","0","16","78","85","0","16","0","16","24","34","23","36","77","92","13","20","0","16","429","286","12","20","0","16","63","74","88","94","40","61","11","19","0","16","40","44","11","18","117","105","45","64","0","16","2","4","5376","748","2558","334","75","75","68","62","203","133","57","54","37","42","133","104","210","147","468","183","368","111","326","149","314","126","169","72","130","68","2818","519","50","51","0","16","460","192","163","114","24","41","135","126","77","62","519","240","295","110","361","145","405","137","176","66","153","81",
"1400000US18097360502","Census Tract 3605.02, Marion County, Indiana","6328","667","1464","618","835","445","67","66","21","36","103","81","217","212","0","16","77","75","162","171","14","24","19","31","117","116","38","47","0","16","0","16","629","234","43","53","0","16","80","56","0","16","0","16","21","39","89","97","57","55","170","127","86","93","68","71","1","3","14","23","4864","752","2246","491","51","94","0","16","201","149","70","104","0","16","88","91","314","191","283","248","297","227","180","98","433","126","181","76","148","84","2618","467","65","87","0","16","120","117","116","116","16","26","215","142","53","58","270","162","344","149","620","190","327","105","327","115","145","75",
"1400000US18097360601","Census Tract 3606.01, Marion County, Indiana","4743","337","591","241","294","151","0","11","24","36","0","11","18","28","16","25","0","11","25","37","30","28","61","49","83","70","22","25","1","4","14","22","297","138","0","11","0","11","31","33","18","27","0","11","18","30","5","8","9","15","89","73","10","13","43","41","36","35","38","38","4152","445","2183","214","188","90","7","10","139","68","55","39","13","15","24","23","167","78","252","97","372","107","313","90","280","71","194","69","179","52","1969","291","37","35","27","42","166","110","53","51","7","11","41","47","141","66","248","99","172","76","374","100","347","82","129","53","227","66",
"1400000US18097360602","Census Tract 3606.02, Marion County, Indiana","5611","539","1259","672","554","299","91","120","0","16","94","126","39","42","0","16","0","16","14","24","82","94","22","39","84","98","128","107","0","16","0","16","705","415","38","47","68","109","56","56","76","87","0","16","67","106","22","36","29","33","118","125","77","84","57","69","15","24","82","73","4352","733","1911","372","62","81","0","16","78","69","139","109","0","16","36","42","191","126","284","159","152","95","353","151","300","113","162","119","154","94","2441","515","268","262","16","27","205","142","32","37","71","90","60","49","90","65","414","196","116","72","272","121","321","137","280","134","296","168",
"1400000US18097360700","Census Tract 3607, Marion County, Indiana","1823","163","138","71","71","41","0","11","0","11","12","19","20","23","0","11","0","11","0","11","5","8","10","16","12","14","12","11","0","11","0","11","67","44","0","11","0","11","0","11","14","14","0","11","0","11","23","24","18","21","0","11","7","10","5","7","0","11","0","11","1685","165","751","98","48","30","8","11","27","26","31","23","11","16","11","13","27","17","97","42","117","38","107","36","125","29","110","39","32","20","934","114","55","38","12","19","73","43","0","11","8","12","28","20","59","28","153","51","73","33","113","43","193","51","121","36","46","20",
"1400000US18097360800","Census Tract 3608, Marion County, Indiana","2356","253","726","231","395","138","36","47","5","8","75","80","18","25","0","11","14","22","48","44","44","48","19","24","44","29","79","57","13","12","0","11","331","120","6","9","0","11","36","34","15","25","0","11","28","29","43","38","68","49","56","41","8","15","29","22","17","21","25","24","1630","255","702","138","24","26","10","17","39","28","30","23","2","6","1","6","12","22","87","65","90","52","73","34","136","59","108","45","90","39","928","226","28","33","0","11","42","36","47","35","17","27","21","24","34","34","68","58","134","82","95","50","98","53","138","54","206","56",
"1400000US18097360900","Census Tract 3609, Marion County, Indiana","4725","823","1604","759","853","339","152","151","31","49","14","22","31","50","0","16","0","16","24","43","243","191","65","70","75","84","156","152","44","71","18","29","751","579","67","107","0","16","172","206","0","16","0","16","0","16","140","160","80","103","29","47","97","79","83","70","16","25","67","87","3121","599","1501","443","16","24","18","28","149","118","13","21","76","82","43","46","171","136","105","62","190","117","270","140","195","110","218","128","37","41","1620","280","54","65","0","16","20","33","147","136","0","16","0","16","16","24","156","96","304","131","383","166","242","114","90","61","208","90",
"1400000US18097361000","Census Tract 3610, Marion County, Indiana","2034","145","113","71","54","56","0","11","0","11","0","11","0","11","0","11","0","11","19","28","0","11","13","17","9","11","13","13","0","11","0","11","59","37","0","11","0","11","0","11","0","11","0","11","0","11","2","4","0","11","0","11","14","15","14","15","0","11","29","31","1921","144","977","97","78","43","5","9","65","34","12","11","6","8","14","12","55","26","150","50","155","32","130","46","173","43","83","27","51","31","944","86","100","32","5","7","85","33","17","14","15","15","12","12","11","13","197","54","126","30","152","55","127","34","73","25","24","16",
"1400000US18097361100","Census Tract 3611, Marion County, Indiana","3294","335","690","328","358","118","57","50","0","11","46","48","0","11","11","17","12","17","9","13","55","42","45","53","76","61","47","41","0","11","0","11","332","236","73","94","8","12","34","44","55","56","0","11","0","11","30","24","56","45","6","11","36","37","34","29","0","11","0","11","2604","266","1288","193","68","44","0","11","74","53","52","43","22","35","66","56","61","39","243","95","177","64","214","75","227","67","47","35","37","32","1316","183","77","56","29","30","109","65","43","41","42","51","0","11","45","35","251","81","222","84","174","56","186","65","90","43","48","38",
"1400000US18097361200","Census Tract 3612, Marion County, Indiana","3472","333","486","271","236","128","111","100","16","21","0","11","0","11","10","15","0","11","14","23","36","23","0","11","29","28","0","11","20","30","0","11","250","163","8","12","47","72","9","14","0","11","0","11","0","11","31","34","85","82","40","37","30","27","0","11","0","11","0","11","2986","368","1583","203","142","92","0","11","151","95","0","11","9","15","79","60","155","93","182","90","202","78","241","108","234","76","99","45","89","53","1403","266","87","82","16","23","110","91","11","17","0","11","34","38","103","61","126","77","181","89","243","89","222","68","156","68","114","62",
"1400000US18097361300","Census Tract 3613, Marion County, Indiana","2331","352","559","290","232","154","0","11","0","11","34","55","0","11","0","11","33","54","29","30","31","39","48","74","9","14","48","51","0","11","0","11","327","170","95","111","0","11","25","24","8","14","0","11","8","13","20","23","9","15","71","67","70","63","21","16","0","11","0","11","1772","300","904","199","80","63","9","14","55","49","9","14","0","11","31","40","75","35","140","68","87","48","103","43","115","56","161","54","39","28","868","149","0","11","0","11","18","18","11","13","0","11","17","20","54","40","197","91","119","57","139","53","91","32","152","57","70","34",
"1400000US18097361400","Census Tract 3614, Marion County, Indiana","11205","1136","1986","1226","1198","789","250","241","23","38","299","397","31","48","112","177","0","18","84","64","98","125","132","161","84","88","85","79","0","18","0","18","788","471","0","18","0","18","171","257","97","133","29","47","41","51","53","55","72","67","85","72","219","160","21","34","0","18","0","18","9219","842","4526","510","207","129","107","91","409","209","192","143","80","94","91","97","472","211","523","204","810","200","664","182","518","132","338","99","115","87","4693","552","232","141","31","37","291","202","344","299","0","18","94","105","308","140","707","227","668","205","597","182","733","198","312","119","376","133",
"1400000US18097361600","Census Tract 3616, Marion County, Indiana","8393","463","378","364","206","219","63","83","0","16","0","16","47","71","0","16","0","16","0","16","0","16","39","60","20","32","17","28","20","30","0","16","172","154","0","16","9","17","18","28","45","69","0","16","0","16","23","37","10","17","56","69","0","16","11","18","0","16","0","16","8015","580","4027","384","292","150","68","78","392","210","95","77","81","68","178","114","492","151","325","119","492","174","592","143","453","118","354","102","213","109","3988","422","188","102","20","30","255","93","171","102","39","52","76","67","393","235","379","139","530","94","691","185","635","168","281","105","330","133",
"1400000US18097370201","Census Tract 3702.01, Marion County, Indiana","3914","375","602","207","220","104","55","43","0","11","51","53","0","11","0","11","0","11","8","13","78","50","0","11","0","11","11","16","8","12","9","14","382","140","17","18","11","16","46","65","0","11","0","11","0","11","91","63","108","54","42","49","0","11","11","18","20","22","36","44","3312","436","1650","209","194","82","19","21","73","46","56","51","12","19","32","32","84","58","338","99","216","88","231","80","194","63","142","44","59","38","1662","265","74","54","35","42","122","73","69","47","23","26","41","44","184","102","275","102","172","78","213","76","210","70","133","52","111","46",
"1400000US18097370202","Census Tract 3702.02, Marion County, Indiana","6415","637","1876","528","929","321","111","75","16","27","149","80","50","53","14","21","43","50","136","92","143","104","138","117","69","75","12","19","48","54","0","16","947","296","191","105","33","40","96","88","0","16","0","16","66","64","94","76","152","88","129","81","57","66","39","42","90","79","0","16","4539","690","2051","384","99","85","0","16","105","81","16","27","40","43","20","35","250","210","274","142","231","126","413","116","271","110","277","78","55","48","2488","454","72","56","78","79","211","161","184","166","94","88","25","28","110","85","389","147","330","135","184","92","393","134","247","87","171","87",
"1400000US18097370301","Census Tract 3703.01, Marion County, Indiana","9694","539","926","488","531","348","29","45","0","16","38","68","25","39","0","16","0","16","0","16","166","137","42","64","13","22","43","49","67","70","108","110","395","232","0","16","0","16","0","16","82","141","0","16","0","16","30","54","0","16","120","82","16","28","68","73","68","70","11","20","8768","629","4515","524","468","234","18","28","597","240","52","48","66","64","215","156","364","209","875","241","491","144","717","137","412","116","119","81","121","84","4253","322","196","115","87","96","502","149","251","128","54","61","162","125","240","122","744","189","665","128","652","184","371","135","179","136","150","77",
"1400000US18097370302","Census Tract 3703.02, Marion County, Indiana","8534","546","1473","466","597","247","97","96","0","16","97","73","60","75","20","36","50","59","59","71","58","50","65","66","68","72","23","36","0","16","0","16","876","267","54","47","15","23","89","77","143","80","47","48","0","16","86","71","185","95","80","83","74","75","53","49","34","39","16","27","7061","675","3905","381","245","135","50","71","184","101","133","97","0","16","173","111","390","136","656","206","644","186","648","160","475","144","238","76","69","58","3156","544","302","222","0","16","356","146","49","49","0","16","64","47","142","97","713","308","355","116","396","114","512","134","221","61","46","55",
"1400000US18097380100","Census Tract 3801, Marion County, Indiana","18140","947","1792","750","657","388","0","18","88","80","101","108","81","74","0","18","50","56","68","78","90","147","69","83","48","79","39","62","0","18","23","32","1135","436","69","83","35","59","78","73","79","73","0","18","0","18","245","167","266","193","47","74","0","18","202","167","67","90","47","80","16348","1164","7544","868","268","197","98","123","826","338","168","181","196","220","284","187","426","250","1134","399","1705","468","1250","460","656","294","416","192","117","131","8804","723","722","403","135","138","625","377","620","564","393","222","551","254","523","266","1532","608","1265","356","873","348","825","292","470","229","270","168",
"1400000US18097380200","Census Tract 3802, Marion County, Indiana","3143","349","680","195","367","135","56","62","0","11","22","24","0","11","0","11","6","10","62","61","99","91","0","11","50","47","50","38","15","16","7","11","313","108","21","23","0","11","10","16","10","15","0","11","0","11","89","59","50","54","28","46","43","54","16","17","7","11","39","28","2463","311","1185","197","75","49","50","46","61","42","10","18","7","11","6","13","62","53","213","93","183","96","193","81","157","51","51","29","117","71","1278","233","102","64","0","11","109","69","18","20","0","11","8","14","73","43","95","55","226","91","169","62","221","89","104","51","153","72",
"1400000US18097380300","Census Tract 3803, Marion County, Indiana","4610","414","1594","415","591","229","72","56","13","19","72","66","11","18","0","16","8","13","165","131","113","88","9","15","45","41","45","51","20","22","18","19","1003","280","85","77","0","16","115","87","22","35","0","16","91","106","218","169","189","87","84","60","79","49","73","62","25","23","22","17","3016","414","1667","265","76","67","44","56","169","78","77","51","0","16","24","27","107","113","198","111","300","79","391","114","173","57","77","35","31","22","1349","253","32","31","12","19","67","47","76","73","0","16","25","31","171","115","258","110","226","94","194","71","133","71","91","48","64","29",
"1400000US18097380402","Census Tract 3804.02, Marion County, Indiana","4978","452","1453","472","548","188","41","42","0","16","66","58","34","25","0","16","12","19","150","120","56","49","85","89","66","49","28","42","10","14","0","16","905","328","91","67","31","47","168","98","82","70","46","53","21","24","63","45","134","87","114","68","85","69","10","15","30","28","30","47","3525","489","1743","271","135","75","45","48","108","70","66","40","31","40","19","23","252","101","374","99","215","83","170","73","112","50","139","47","77","32","1782","272","117","110","22","37","131","74","13","20","0","16","21","33","224","111","365","131","231","86","203","86","195","66","189","63","71","29",
"1400000US18097380403","Census Tract 3804.03, Marion County, Indiana","3687","363","342","140","104","64","21","30","0","11","0","11","0","11","0","11","0","11","0","11","35","44","39","39","0","11","9","14","0","11","0","11","238","121","47","42","0","11","0","11","0","11","0","11","9","15","74","63","10","14","15","23","26","28","38","45","0","11","19","20","3345","346","1692","215","82","49","10","17","104","56","126","69","52","52","65","50","122","58","248","98","138","69","248","99","256","86","143","48","98","49","1653","220","86","65","18","19","82","51","80","51","23","27","27","24","144","72","122","60","296","87","244","75","212","57","180","110","139","58",
"1400000US18097380404","Census Tract 3804.04, Marion County, Indiana","3889","429","787","327","351","162","15","23","0","11","68","64","40","59","0","11","40","59","30","34","43","48","34","53","16","18","19","21","10","15","36","45","436","206","43","53","0","11","0","11","119","86","0","11","20","29","23","27","86","66","54","42","24","27","17","19","20","22","30","27","3102","356","1377","233","41","32","16","24","59","42","105","66","51","57","0","11","65","43","209","101","103","50","321","113","220","78","120","38","67","38","1725","236","99","78","11","17","97","65","55","54","31","29","52","35","85","56","253","104","188","74","269","78","200","61","164","50","221","69",
"1400000US18097380501","Census Tract 3805.01, Marion County, Indiana","2415","337","495","239","259","167","50","59","11","17","13","19","0","11","0","11","0","11","19","30","130","138","26","37","10","16","0","11","0","11","0","11","236","121","75","64","0","11","26","40","0","11","0","11","0","11","17","25","62","64","0","11","11","16","27","45","6","10","12","16","1920","315","1102","220","71","56","19","22","43","39","25","26","12","18","32","30","83","62","129","76","92","45","195","76","166","74","188","138","47","33","818","158","39","33","7","13","28","28","10","16","23","36","22","24","27","25","110","58","84","51","204","76","96","58","77","42","91","42",
"1400000US18097380502","Census Tract 3805.02, Marion County, Indiana","3531","333","698","231","312","129","52","48","0","11","0","11","0","11","0","11","0","11","122","80","43","46","23","35","2","4","70","54","0","11","0","11","386","185","28","33","17","26","0","11","0","11","0","11","0","11","251","171","33","32","17","19","24","38","16","25","0","11","0","11","2833","316","1377","219","173","89","20","22","77","55","10","15","0","11","65","54","121","80","310","108","136","60","212","91","145","67","72","50","36","30","1456","209","99","66","54","53","44","30","10","17","14","25","61","69","228","81","214","86","116","61","162","74","235","65","146","62","73","37",
"1400000US18097380600","Census Tract 3806, Marion County, Indiana","4971","564","946","413","274","156","78","91","0","16","30","44","0","16","31","52","0","16","15","23","49","64","0","16","21","33","48","47","2","4","0","16","672","336","93","90","0","16","54","65","0","16","0","16","29","49","136","90","159","149","55","60","75","82","28","43","43","41","0","16","4025","534","1865","355","123","131","31","44","111","71","70","97","14","24","18","30","222","133","528","284","155","104","289","92","192","104","67","71","45","43","2160","290","195","132","0","16","146","95","40","47","0","16","22","36","187","159","354","151","272","137","275","111","211","105","281","123","177","125",
"1400000US18097380700","Census Tract 3807, Marion County, Indiana","5649","797","1832","684","906","348","42","65","55","84","242","165","131","116","0","16","63","94","70","91","50","67","69","78","108","96","63","70","13","19","0","16","926","441","99","111","0","16","322","294","0","16","18","37","0","16","49","49","210","158","162","124","28","44","11","16","13","20","14","23","3817","866","1746","353","89","107","16","27","0","16","13","23","0","16","41","35","310","165","249","128","207","153","258","113","288","75","156","90","119","68","2071","651","193","244","0","16","60","76","0","16","16","25","0","16","233","142","237","135","281","171","235","106","517","190","104","55","195","79",
"1400000US18097380800","Census Tract 3808, Marion County, Indiana","2379","178","356","171","204","150","9","15","0","11","0","11","49","50","0","11","42","52","0","11","35","42","45","46","8","13","16","19","0","11","0","11","152","66","0","11","0","11","0","11","0","11","0","11","21","33","16","28","28","44","38","33","8","13","41","36","0","11","0","11","2023","247","1014","150","44","34","0","11","26","41","33","31","12","19","42","37","44","41","138","58","113","53","120","57","283","81","105","52","54","35","1009","135","18","21","0","11","58","39","42","35","12","19","15","23","51","35","99","53","125","58","99","44","346","81","75","36","69","42",
"1400000US18097380901","Census Tract 3809.01, Marion County, Indiana","5010","346","456","225","276","148","22","34","19","28","35","52","17","26","0","16","10","15","5","8","89","74","37","32","11","15","9","13","20","31","2","4","180","120","59","64","0","16","18","29","0","16","0","16","0","16","0","16","20","29","42","38","16","16","25","17","0","16","0","16","4554","427","2155","284","69","49","27","31","139","69","128","85","110","73","29","32","219","78","125","63","355","89","426","82","210","62","171","48","147","49","2399","257","97","47","0","16","134","75","133","81","23","26","42","38","186","67","187","86","348","94","449","94","272","75","284","55","244","72",
"1400000US18097380902","Census Tract 3809.02, Marion County, Indiana","5696","374","356","207","133","102","0","16","0","16","16","26","33","45","0","16","0","16","0","16","0","16","0","16","45","74","39","43","0","16","0","16","223","143","0","16","0","16","32","44","0","16","17","28","0","16","53","64","0","16","48","49","16","26","18","28","39","45","0","16","5340","381","2512","224","115","72","18","29","94","59","132","64","16","26","51","56","233","96","281","128","389","115","432","115","313","102","307","76","131","65","2828","296","77","74","67","55","213","92","78","72","25","32","83","49","330","208","407","133","310","82","487","128","415","129","184","60","152","66",
"1400000US18097381001","Census Tract 3810.01, Marion County, Indiana","7963","701","1920","825","960","551","153","216","33","50","164","116","69","81","0","16","74","58","111","115","33","44","190","138","111","101","17","24","5","5","0","16","960","330","112","79","0","16","123","75","100","69","0","16","39","45","145","129","87","85","218","124","47","40","33","34","40","33","16","20","6043","857","3102","560","352","163","124","129","223","141","140","95","61","51","5","7","247","148","645","238","572","187","173","59","355","104","113","36","92","37","2941","429","158","105","52","63","75","48","53","31","4","7","40","34","336","191","771","190","359","150","311","135","456","155","130","53","196","69",
"1400000US18097381002","Census Tract 3810.02, Marion County, Indiana","3037","230","153","82","50","35","16","23","0","11","0","11","0","11","7","12","0","11","15","21","0","11","0","11","8","9","4","6","0","11","0","11","103","59","0","11","0","11","0","11","0","11","0","11","0","11","13","13","24","31","6","11","21","23","27","28","6","10","6","6","2884","220","1497","149","126","74","33","29","166","42","29","21","24","23","13","11","91","41","297","90","77","29","227","61","196","49","86","34","132","48","1387","142","92","64","3","5","93","38","53","44","7","10","35","33","121","51","172","65","158","48","240","51","177","45","129","36","107","35",
"1400000US18097381101","Census Tract 3811.01, Marion County, Indiana","5565","368","419","214","201","156","87","110","0","16","12","20","0","16","0","16","4","11","73","110","0","16","14","18","11","19","0","16","0","16","0","16","218","110","11","19","0","16","10","18","0","16","0","16","0","16","30","47","82","73","43","48","0","16","8","21","0","16","34","38","5146","358","2779","282","243","157","0","16","268","158","36","42","14","22","54","58","304","137","296","109","287","83","268","95","441","108","278","113","290","115","2367","281","177","84","17","28","109","88","57","46","19","30","40","41","128","85","365","118","210","90","301","85","463","131","263","86","218","89",
"1400000US18097381102","Census Tract 3811.02, Marion County, Indiana","5779","526","245","198","166","145","0","16","0","16","31","47","0","16","0","16","16","24","0","16","0","16","0","16","89","105","15","23","0","16","15","22","79","71","0","16","0","16","0","16","0","16","0","16","0","16","0","16","0","16","0","16","0","16","9","15","41","60","29","33","5534","551","2881","378","235","105","39","49","137","90","41","41","19","30","81","77","216","97","495","135","318","143","424","134","386","144","206","80","284","149","2653","323","94","70","59","67","87","60","67","59","0","16","85","56","220","93","424","142","335","138","460","133","408","130","256","112","158","73",
"1400000US18097381201","Census Tract 3812.01, Marion County, Indiana","6827","472","379","185","145","95","0","16","0","16","24","38","0","16","0","16","21","33","19","30","33","41","0","16","0","16","31","33","17","27","0","16","234","121","0","16","0","16","38","44","0","16","0","16","0","16","26","38","15","24","70","65","14","20","20","24","18","27","33","37","6448","437","3271","309","122","91","57","63","154","108","189","98","79","69","58","57","235","128","511","160","356","107","465","109","538","155","275","81","232","91","3177","309","108","72","0","16","219","93","116","82","84","72","11","19","202","113","377","161","362","125","483","115","454","119","399","96","362","106",
"1400000US18097381203","Census Tract 3812.03, Marion County, Indiana","3175","351","932","350","497","226","146","120","45","51","10","15","64","46","0","11","0","11","58","64","115","67","17","27","9","14","10","14","23","27","0","11","435","171","128","98","0","11","34","37","7","11","0","11","37","60","63","47","83","57","0","11","65","55","0","11","18","30","0","11","2243","328","1097","212","77","54","32","37","52","50","27","26","0","11","12","14","139","60","327","114","160","67","116","68","78","48","53","34","24","16","1146","193","58","55","22","23","143","85","31","29","0","11","29","26","67","40","347","106","146","69","76","38","91","36","114","57","22","22",
"1400000US18097381204","Census Tract 3812.04, Marion County, Indiana","2707","319","699","333","312","195","50","54","37","49","10","15","30","48","0","11","0","11","21","26","85","57","39","42","25","39","15","17","0","11","0","11","387","220","66","82","0","11","52","53","32","52","0","11","0","11","12","19","126","85","8","12","16","17","33","24","15","17","27","23","2008","244","1006","167","49","52","0","11","37","25","0","11","0","11","0","11","60","49","415","143","120","56","61","37","151","77","64","34","49","32","1002","166","61","51","0","11","36","29","9","14","24","38","0","11","65","53","191","83","45","29","85","50","69","34","213","58","204","59",
"1400000US18097381205","Census Tract 3812.05, Marion County, Indiana","6548","519","1501","594","749","380","163","127","19","32","201","131","53","81","22","35","43","47","88","81","25","37","43","67","47","46","45","54","0","16","0","16","752","323","123","110","0","16","58","47","60","55","25","39","19","32","93","94","140","101","110","81","0","16","93","100","15","25","16","26","5047","510","2403","361","322","241","18","36","116","84","175","124","10","16","70","64","136","118","572","205","337","131","295","101","227","82","51","45","74","44","2644","351","192","109","94","104","270","135","77","79","69","101","70","57","159","91","422","202","347","151","333","118","275","109","193","86","143","81",
"1400000US18097390101","Census Tract 3901.01, Marion County, Indiana","8568","476","875","519","335","167","0","16","0","16","78","89","16","26","36","43","33","39","10","17","107","109","17","29","0","16","17","28","9","15","12","19","540","380","80","94","69","90","137","128","31","37","0","16","0","16","15","25","77","88","90","84","0","16","20","31","21","19","0","16","7693","616","3731","369","386","164","19","29","490","191","152","113","0","16","91","68","250","146","627","159","499","133","408","108","429","94","230","112","150","66","3962","413","348","143","72","70","263","119","191","130","92","73","16","26","229","115","641","172","465","133","578","178","552","137","280","71","235","87",
"1400000US18097390102","Census Tract 3901.02, Marion County, Indiana","4978","408","1037","427","486","296","20","48","8","22","184","189","38","61","0","16","0","16","74","87","32","49","70","80","11","18","33","50","16","27","0","16","551","187","42","66","0","16","106","81","0","16","0","16","31","50","79","84","84","76","63","69","74","69","10","18","30","36","32","38","3941","424","1889","272","156","78","29","34","204","132","71","57","11","19","141","106","195","115","202","112","315","81","123","73","287","119","129","67","26","38","2052","282","141","83","12","20","209","88","103","69","49","32","28","27","148","97","309","131","429","150","126","69","292","79","107","58","99","78",
"1400000US18097390200","Census Tract 3902, Marion County, Indiana","3534","409","103","64","45","37","0","11","9","14","13","19","5","9","0","11","0","11","18","22","0","11","0","11","0","11","0","11","0","11","0","11","58","40","9","14","0","11","0","11","0","11","0","11","0","11","7","12","5","9","28","31","9","15","0","11","0","11","0","11","3431","405","1783","274","184","80","50","39","176","77","113","61","53","39","34","32","149","81","198","92","274","72","211","59","171","50","134","49","36","25","1648","215","162","86","8","13","126","54","49","43","28","26","29","33","171","70","237","85","301","96","175","50","188","63","132","58","42","27",
"1400000US18097390300","Census Tract 3903, Marion County, Indiana","5748","307","216","115","118","61","12","18","0","16","20","23","0","16","0","16","0","16","0","16","10","17","35","42","22","25","0","16","19","17","0","16","98","69","17","20","9","14","20","24","0","16","0","16","0","16","5","10","32","30","9","14","0","16","0","16","6","11","0","16","5532","314","2845","230","133","78","37","28","226","117","225","101","61","43","113","66","311","167","259","89","384","109","505","111","295","101","213","53","83","39","2687","229","58","45","38","33","278","92","122","55","26","27","152","84","172","76","380","138","421","112","440","92","355","72","199","50","46","34",
"1400000US18097390402","Census Tract 3904.02, Marion County, Indiana","12279","695","204","208","110","117","0","18","0","18","0","18","0","18","0","18","50","66","0","18","0","18","0","18","45","72","0","18","15","26","0","18","94","97","0","18","0","18","0","18","0","18","0","18","0","18","0","18","0","18","23","40","43","58","0","18","0","18","28","45","12075","722","6329","631","592","198","185","142","622","309","213","128","178","153","30","49","627","318","1018","300","1000","247","929","243","677","201","157","106","101","50","5746","561","438","202","75","98","732","331","299","151","35","56","93","74","427","178","839","300","804","279","799","207","764","190","243","132","198","132",
"1400000US18097390403","Census Tract 3904.03, Marion County, Indiana","10636","548","429","350","252","241","0","18","0","18","68","109","23","37","24","40","0","18","13","21","43","66","21","35","13","20","33","37","0","18","14","23","177","129","0","18","0","18","44","71","0","18","0","18","0","18","0","18","0","18","53","50","42","64","24","27","0","18","14","21","10207","499","4819","302","585","168","82","54","610","181","216","84","91","56","100","75","301","115","623","169","720","127","691","113","468","100","262","62","70","46","5388","403","534","158","74","48","532","150","294","129","83","59","259","126","382","119","706","150","828","137","698","104","515","114","235","82","248","96",
"1400000US18097390404","Census Tract 3904.04, Marion County, Indiana","6258","320","451","301","134","114","0","16","29","49","26","40","0","16","0","16","0","16","27","43","0","16","0","16","39","47","0","16","0","16","13","22","317","203","15","24","66","80","42","55","0","16","0","16","30","50","25","33","56","57","24","40","0","16","11","19","0","16","48","40","5807","420","2716","306","203","162","0","16","287","142","200","142","28","36","31","58","212","132","369","177","374","158","477","160","280","98","207","62","48","47","3091","373","99","86","28","39","300","158","58","54","84","86","81","72","496","200","206","152","369","158","522","142","402","178","297","81","149","71",
"1400000US18097390405","Census Tract 3904.05, Marion County, Indiana","3566","281","405","194","156","100","19","32","0","11","28","33","0","11","16","28","0","11","53","35","14","18","0","11","0","11","10","15","7","11","9","14","249","113","24","38","0","11","36","58","0","11","0","11","0","11","56","39","52","45","18","19","0","11","0","11","30","36","33","26","3161","246","1448","194","38","34","0","11","130","75","22","25","0","11","34","29","135","85","480","137","160","78","98","56","171","63","98","37","82","45","1713","203","214","80","0","11","29","28","38","31","9","15","9","14","179","85","496","120","155","77","215","52","170","70","90","39","109","59",
"1400000US18097390500","Census Tract 3905, Marion County, Indiana","2404","292","929","267","364","119","51","29","6","9","59","41","19","28","0","11","0","11","45","40","38","31","49","37","55","39","25","23","13","12","4","7","565","193","46","39","13","20","63","52","16","22","13","21","23","25","70","57","119","55","15","21","97","59","28","18","45","29","17","13","1475","156","719","108","25","22","6","8","24","26","22","27","15","24","0","11","67","55","137","76","95","53","116","48","128","45","49","26","35","19","756","104","12","12","0","11","18","18","9","13","0","11","9","12","65","41","86","42","70","46","137","47","180","48","96","35","74","28",
"1400000US18097390600","Census Tract 3906, Marion County, Indiana","5487","502","1183","482","491","246","154","106","53","64","40","63","40","64","0","16","0","16","107","87","32","39","53","63","0","16","0","16","12","19","0","16","692","289","94","95","0","16","84","132","0","16","30","48","0","16","139","94","219","132","28","46","36","56","13","21","26","28","23","24","4304","481","2144","343","139","125","50","64","207","128","31","48","0","16","24","29","154","113","661","220","328","152","155","69","248","138","119","68","28","30","2160","297","76","53","36","56","182","100","38","41","26","40","45","50","152","118","483","180","189","88","205","104","378","131","125","76","225","103",
"1400000US18097390700","Census Tract 3907, Marion County, Indiana","2916","474","1186","404","659","238","48","48","0","11","151","94","142","102","0","11","0","11","24","38","57","46","97","64","98","66","40","41","2","5","0","11","527","215","61","100","0","11","86","66","81","82","0","11","9","16","23","28","74","47","100","59","72","63","21","33","0","11","0","11","1730","370","850","210","25","41","0","11","78","56","51","58","37","45","18","27","143","77","145","92","179","80","39","30","81","42","39","26","15","18","880","222","0","11","24","41","96","52","12","20","0","11","21","33","86","74","178","91","104","66","153","87","138","56","46","30","22","22",
"1400000US18097390800","Census Tract 3908, Marion County, Indiana","4393","449","510","369","211","149","82","127","0","11","9","14","38","58","0","11","0","11","22","26","0","11","20","31","32","51","8","13","0","11","0","11","299","224","0","11","0","11","53","70","75","86","0","11","0","11","0","11","12","19","80","75","40","50","39","40","0","11","0","11","3883","445","1996","276","174","92","0","11","185","92","135","67","39","45","92","67","207","94","327","108","217","82","242","97","193","80","102","50","83","40","1887","307","44","37","93","49","205","111","63","48","36","38","13","20","325","145","300","126","269","90","219","89","197","77","87","43","36","33",
"1400000US18097390900","Census Tract 3909, Marion County, Indiana","2134","355","406","162","210","111","13","20","0","11","11","18","0","11","0","11","0","11","17","25","77","71","22","22","35","32","25","19","10","15","0","11","196","98","12","19","11","18","11","17","9","14","0","11","0","11","25","30","20","23","8","13","65","38","21","23","14","20","0","11","1728","378","892","238","132","82","15","20","35","27","24","27","0","11","0","11","21","32","286","123","163","55","52","38","87","56","56","38","21","21","836","201","38","52","0","11","12","18","0","11","10","15","0","11","76","69","269","89","134","88","168","62","85","51","22","23","22","22",
"1400000US18097391000","Census Tract 3910, Marion County, Indiana","4701","440","1460","335","439","180","0","16","0","16","0","16","0","16","0","16","0","16","232","141","177","100","7","15","6","14","17","27","0","16","0","16","1021","345","0","16","0","16","0","16","0","16","0","16","0","16","621","277","287","183","42","52","53","54","18","29","0","16","0","16","3241","392","1771","351","80","56","0","16","0","16","0","16","0","16","13","21","349","189","808","290","222","115","164","79","46","53","75","52","14","22","1470","286","20","19","0","16","0","16","0","16","21","33","0","16","225","116","752","194","105","66","140","79","116","65","85","94","6","10",
