"GEO_ID","NAME","B17001_001E","B17001_001M","B17001_002E","B17001_002M","B17001_003E","B17001_003M","B17001_004E","B17001_004M","B17001_005E","B17001_005M","B17001_006E","B17001_006M","B17001_007E","B17001_007M","B17001_008E","B17001_008M","B17001_009E","B17001_009M","B17001_010E","B17001_010M","B17001_011E","B17001_011M","B17001_012E","B17001_012M","B17001_013E","B17001_013M","B17001_014E","B17001_014M","B17001_015E","B17001_015M","B17001_016E","B17001_016M","B17001_017E","B17001_017M","B17001_018E","B17001_018M","B17001_019E","B17001_019M","B17001_020E","B17001_020M","B17001_021E","B17001_021M","B17001_022E","B17001_022M","B17001_023E","B17001_023M","B17001_024E","B17001_024M","B17001_025E","B17001_025M","B17001_026E","B17001_026M","B17001_027E","B17001_027M","B17001_028E","B17001_028M","B17001_029E","B17001_029M","B17001_030E","B17001_030M","B17001_031E","B17001_031M","B17001_032E","B17001_032M","B17001_033E","B17001_033M","B17001_034E","B17001_034M","B17001_035E","B17001_035M","B17001_036E","B17001_036M","B17001_037E","B17001_037M","B17001_038E","B17001_038M","B17001_039E","B17001_039M","B17001_040E","B17001_040M","B17001_041E","B17001_041M","B17001_042E","B17001_042M","B17001_043E","B17001_043M","B17001_044E","B17001_044M","B17001_045E","B17001_045M","B17001_046E","B17001_046M","B17001_047E","B17001_047M","B17001_048E","B17001_048M","B17001_049E","B17001_049M","B17001_050E","B17001_050M","B17001_051E","B17001_051M","B17001_052E","B17001_052M","B17001_053E","B17001_053M","B17001_054E","B17001_054M","B17001_055E","B17001_055M","B17001_056E","B17001_056M","B17001_057E","B17001_057M","B17001_058E","B17001_058M","B17001_059E","B17001_059M",
"Geography","Geographic Area Name","Estimate!!Total","Margin of Error!!Total","Estimate!!Total!!Income in the past 12 months below poverty level","Margin of Error!!Total!!Income in the past 12 months below poverty level","Estimate!!Total!!Income in the past 12 months below poverty level!!Male","Margin of Error!!Total!!Income in the past 12 months below poverty level!!Male","Estimate!!Total!!Income in the past 12 months below poverty level!!Male!!Under 5 years","Margin of Error!!Total!!Income in the past 12 months below poverty level!!Male!!Under 5 years","Estimate!!Total!!Income in the past 12 months below poverty level!!Male!!5 years","Margin of Error!!Total!!Income in the past 12 months below poverty level!!Male!!5 years","Estimate!!Total!!Income in the past 12 months below poverty level!!Male!!6 to 11 years","Margin of Error!!Total!!Income in the past 12 months below poverty level!!Male!!6 to 11 years","Estimate!!Total!!Income in the past 12 months below poverty level!!Male!!12 to 14 years","Margin of Error!!Total!!Income in the past 12 months below poverty level!!Male!!12 to 14 years","Estimate!!Total!!Income in the past 12 months below poverty level!!Male!!15 years","Margin of Error!!Total!!Income in the past 12 months below poverty level!!Male!!15 years","Estimate!!Total!!Income in the past 12 months below poverty level!!Male!!16 and 17 years","Margin of Error!!Total!!Income in the past 12 months below poverty level!!Male!!16 and 17 years","Estimate!!Total!!Income in the past 12 months below poverty level!!Male!!18 to 24 years","Margin of Error!!Total!!Income in the past 12 months below poverty level!!Male!!18 to 24 years","Estimate!!Total!!Income in the past 12 months below poverty level!!Male!!25 to 34 years","Margin of Error!!Total!!Income in the past 12 months below poverty level!!Male!!25 to 34 years","Estimate!!Total!!Income in the past 12 months below poverty level!!Male!!35 to 44 years","Margin of Error!!Total!!Income in the past 12 months below poverty level!!Male!!35 to 44 years","Estimate!!Total!!Income in the past 12 months below poverty level!!Male!!45 to 54 years","Margin of Error!!Total!!Income in the past 12 months below poverty level!!Male!!45 to 54 years","Estimate!!Total!!Income in the past 12 months below poverty level!!Male!!55 to 64 years","Margin of Error!!Total!!Income in the past 12 months below poverty level!!Male!!55 to 64 years","Estimate!!Total!!Income in the past 12 months below poverty level!!Male!!65 to 74 years","Margin of Error!!Total!!Income in the past 12 months below poverty level!!Male!!65 to 74 years","Estimate!!Total!!Income in the past 12 months below poverty level!!Male!!75 years and over","Margin of Error!!Total!!Income in the past 12 months below poverty level!!Male!!75 years and over","Estimate!!Total!!Income in the past 12 months below poverty level!!Female","Margin of Error!!Total!!Income in the past 12 months below poverty level!!Female","Estimate!!Total!!Income in the past 12 months below poverty level!!Female!!Under 5 years","Margin of Error!!Total!!Income in the past 12 months below poverty level!!Female!!Under 5 years","Estimate!!Total!!Income in the past 12 months below poverty level!!Female!!5 years","Margin of Error!!Total!!Income in the past 12 months below poverty level!!Female!!5 years","Estimate!!Total!!Income in the past 12 months below poverty level!!Female!!6 to 11 years","Margin of Error!!Total!!Income in the past 12 months below poverty level!!Female!!6 to 11 years","Estimate!!Total!!Income in the past 12 months below poverty level!!Female!!12 to 14 years","Margin of Error!!Total!!Income in the past 12 months below poverty level!!Female!!12 to 14 years","Estimate!!Total!!Income in the past 12 months below poverty level!!Female!!15 years","Margin of Error!!Total!!Income in the past 12 months below poverty level!!Female!!15 years","Estimate!!Total!!Income in the past 12 months below poverty level!!Female!!16 and 17 years","Margin of Error!!Total!!Income in the past 12 months below poverty level!!Female!!16 and 17 years","Estimate!!Total!!Income in the past 12 months below poverty level!!Female!!18 to 24 years","Margin of Error!!Total!!Income in the past 12 months below poverty level!!Female!!18 to 24 years","Estimate!!Total!!Income in the past 12 months below poverty level!!Female!!25 to 34 years","Margin of Error!!Total!!Income in the past 12 months below poverty level!!Female!!25 to 34 years","Estimate!!Total!!Income in the past 12 months below poverty level!!Female!!35 to 44 years","Margin of Error!!Total!!Income in the past 12 months below poverty level!!Female!!35 to 44 years","Estimate!!Total!!Income in the past 12 months below poverty level!!Female!!45 to 54 years","Margin of Error!!Total!!Income in the past 12 months below poverty level!!Female!!45 to 54 years","Estimate!!Total!!Income in the past 12 months below poverty level!!Female!!55 to 64 years","Margin of Error!!Total!!Income in the past 12 months below poverty level!!Female!!55 to 64 years","Estimate!!Total!!Income in the past 12 months below poverty level!!Female!!65 to 74 years","Margin of Error!!Total!!Income in the past 12 months below poverty level!!Female!!65 to 74 years","Estimate!!Total!!Income in the past 12 months below poverty level!!Female!!75 years and over","Margin of Error!!Total!!Income in the past 12 months below poverty level!!Female!!75 years and over","Estimate!!Total!!Income in the past 12 months at or above poverty level","Margin of Error!!Total!!Income in the past 12 months at or above poverty level","Estimate!!Total!!Income in the past 12 months at or above poverty level!!Male","Margin of Error!!Total!!Income in the past 12 months at or above poverty level!!Male","Estimate!!Total!!Income in the past 12 months at or above poverty level!!Male!!Under 5 years","Margin of Error!!Total!!Income in the past 12 months at or above poverty level!!Male!!Under 5 years","Estimate!!Total!!Income in the past 12 months at or above poverty level!!Male!!5 years","Margin of Error!!Total!!Income in the past 12 months at or above poverty level!!Male!!5 years","Estimate!!Total!!Income in the past 12 months at or above poverty level!!Male!!6 to 11 years","Margin of Error!!Total!!Income in the past 12 months at or above poverty level!!Male!!6 to 11 years","Estimate!!Total!!Income in the past 12 months at or above poverty level!!Male!!12 to 14 years","Margin of Error!!Total!!Income in the past 12 months at or above poverty level!!Male!!12 to 14 years","Estimate!!Total!!Income in the past 12 months at or above poverty level!!Male!!15 years","Margin of Error!!Total!!Income in the past 12 months at or above poverty level!!Male!!15 years","Estimate!!Total!!Income in the past 12 months at or above poverty level!!Male!!16 and 17 years","Margin of Error!!Total!!Income in the past 12 months at or above poverty level!!Male!!16 and 17 years","Estimate!!Total!!Income in the past 12 months at or above poverty level!!Male!!18 to 24 years","Margin of Error!!Total!!Income in the past 12 months at or above poverty level!!Male!!18 to 24 years","Estimate!!Total!!Income in the past 12 months at or above poverty level!!Male!!25 to 34 years","Margin of Error!!Total!!Income in the past 12 months at or above poverty level!!Male!!25 to 34 years","Estimate!!Total!!Income in the past 12 months at or above poverty level!!Male!!35 to 44 years","Margin of Error!!Total!!Income in the past 12 months at or above poverty level!!Male!!35 to 44 years","Estimate!!Total!!Income in the past 12 months at or above poverty level!!Male!!45 to 54 years","Margin of Error!!Total!!Income in the past 12 months at or above poverty level!!Male!!45 to 54 years","Estimate!!Total!!Income in the past 12 months at or above poverty level!!Male!!55 to 64 years","Margin of Error!!Total!!Income in the past 12 months at or above poverty level!!Male!!55 to 64 years","Estimate!!Total!!Income in the past 12 months at or above poverty level!!Male!!65 to 74 years","Margin of Error!!Total!!Income in the past 12 months at or above poverty level!!Male!!65 to 74 years","Estimate!!Total!!Income in the past 12 months at or above poverty level!!Male!!75 years and over","Margin of Error!!Total!!Income in the past 12 months at or above poverty level!!Male!!75 years and over","Estimate!!Total!!Income in the past 12 months at or above poverty level!!Female","Margin of Error!!Total!!Income in the past 12 months at or above poverty level!!Female","Estimate!!Total!!Income in the past 12 months at or above poverty level!!Female!!Under 5 years","Margin of Error!!Total!!Income in the past 12 months at or above poverty level!!Female!!Under 5 years","Estimate!!Total!!Income in the past 12 months at or above poverty level!!Female!!5 years","Margin of Error!!Total!!Income in the past 12 months at or above poverty level!!Female!!5 years","Estimate!!Total!!Income in the past 12 months at or above poverty level!!Female!!6 to 11 years","Margin of Error!!Total!!Income in the past 12 months at or above poverty level!!Female!!6 to 11 years","Estimate!!Total!!Income in the past 12 months at or above poverty level!!Female!!12 to 14 years","Margin of Error!!Total!!Income in the past 12 months at or above poverty level!!Female!!12 to 14 years","Estimate!!Total!!Income in the past 12 months at or above poverty level!!Female!!15 years","Margin of Error!!Total!!Income in the past 12 months at or above poverty level!!Female!!15 years","Estimate!!Total!!Income in the past 12 months at or above poverty level!!Female!!16 and 17 years","Margin of Error!!Total!!Income in the past 12 months at or above poverty level!!Female!!16 and 17 years","Estimate!!Total!!Income in the past 12 months at or above poverty level!!Female!!18 to 24 years","Margin of Error!!Total!!Income in the past 12 months at or above poverty level!!Female!!18 to 24 years","Estimate!!Total!!Income in the past 12 months at or above poverty level!!Female!!25 to 34 years","Margin of Error!!Total!!Income in the past 12 months at or above poverty level!!Female!!25 to 34 years","Estimate!!Total!!Income in the past 12 months at or above poverty level!!Female!!35 to 44 years","Margin of Error!!Total!!Income in the past 12 months at or above poverty level!!Female!!35 to 44 years","Estimate!!Total!!Income in the past 12 months at or above poverty level!!Female!!45 to 54 years","Margin of Error!!Total!!Income in the past 12 months at or above poverty level!!Female!!45 to 54 years","Estimate!!Total!!Income in the past 12 months at or above poverty level!!Female!!55 to 64 years","Margin of Error!!Total!!Income in the past 12 months at or above poverty level!!Female!!55 to 64 years","Estimate!!Total!!Income in the past 12 months at or above poverty level!!Female!!65 to 74 years","Margin of Error!!Total!!Income in the past 12 months at or above poverty level!!Female!!65 to 74 years","Estimate!!Total!!Income in the past 12 months at or above poverty level!!Female!!75 years and over","Margin of Error!!Total!!Income in the past 12 months at or above poverty level!!Female!!75 years and over",
"1400000US18097310103","Census Tract 3101.03, Marion County, Indiana","7634","581","332","207","120","86","0","16","0","16","0","16","0","16","0","16","12","20","5","10","0","16","0","16","52","50","0","16","30","46","21","32","212","163","0","16","0","16","0","16","0","16","0","16","21","28","35","61","0","16","48","73","28","31","14","18","66","61","0","16","7302","608","3592","451","142","92","31","35","220","107","239","117","28","43","142","71","491","347","349","152","330","71","584","148","572","120","320","121","144","69","3710","359","212","122","78","61","164","73","160","107","127","71","160","100","251","112","280","139","415","108","632","140","710","124","271","87","250","94",
"1400000US18097310104","Census Tract 3101.04, Marion County, Indiana","3010","332","410","164","233","116","0","11","0","11","0","11","0","11","0","11","0","11","0","11","41","44","0","11","18","28","51","48","0","11","123","84","177","92","0","11","0","11","0","11","0","11","0","11","0","11","17","31","17","26","32","44","0","11","63","63","23","26","25","31","2600","314","1062","228","26","43","0","11","30","47","32","48","0","11","0","11","69","65","362","127","80","53","65","55","140","78","106","61","152","69","1538","234","70","87","0","11","15","22","34","48","0","11","34","49","44","34","332","131","226","143","224","120","204","100","194","83","161","73",
"1400000US18097310105","Census Tract 3101.05, Marion County, Indiana","3746","295","440","126","226","115","14","21","0","11","0","11","0","11","12","18","23","35","26","40","31","50","0","11","12","21","10","16","98","65","0","11","214","87","0","11","0","11","0","11","0","11","0","11","27","42","23","25","11","17","10","16","0","11","32","22","43","34","68","66","3306","300","1675","228","154","73","24","26","128","76","129","101","37","45","44","33","102","64","268","100","264","96","229","69","175","52","70","36","51","48","1631","218","108","54","14","23","132","58","32","25","0","11","57","57","108","56","249","97","276","104","250","71","250","74","137","54","18","19",
"1400000US18097310106","Census Tract 3101.06, Marion County, Indiana","3856","380","316","260","58","59","0","11","0","11","6","13","0","11","0","11","0","11","34","54","0","11","0","11","0","11","0","11","18","28","0","11","258","256","0","11","0","11","6","14","58","94","0","11","60","95","38","59","5","12","15","24","58","71","0","11","0","11","18","29","3540","368","1460","302","59","68","59","94","51","62","56","71","11","20","0","11","185","133","451","236","62","50","164","103","166","81","34","37","162","63","2080","355","265","188","0","11","108","87","78","59","62","78","0","11","183","110","493","213","309","138","153","92","113","64","37","40","279","80",
"1400000US18097310108","Census Tract 3101.08, Marion County, Indiana","3358","315","171","103","78","52","0","11","0","11","5","9","24","30","0","11","0","11","0","11","18","27","4","6","0","11","11","17","0","11","16","22","93","57","0","11","0","11","5","8","0","11","0","11","15","23","0","11","12","18","18","23","3","6","18","16","19","23","3","5","3187","321","1602","201","32","30","0","11","135","89","28","24","16","17","0","11","165","124","192","89","174","59","220","104","331","72","233","67","76","37","1585","188","32","25","6","8","44","30","97","94","12","13","8","9","94","61","143","55","188","86","179","60","437","67","286","65","59","31",
"1400000US18097310110","Census Tract 3101.10, Marion County, Indiana","2952","215","329","178","110","64","0","11","0","11","9","15","0","11","31","44","0","11","18","21","19","21","9","14","16","21","8","12","0","11","0","11","219","128","0","11","0","11","9","15","35","50","8","13","0","11","54","44","42","34","30","43","14","22","27","30","0","11","0","11","2623","266","1175","156","92","44","17","19","122","76","0","11","19","24","18","24","109","84","303","86","159","65","117","56","117","54","70","38","32","21","1448","203","127","80","33","32","61","70","49","36","0","11","0","11","171","73","418","108","209","64","125","46","188","66","50","21","17","27",
"1400000US18097310111","Census Tract 3101.11, Marion County, Indiana","3849","402","468","293","133","91","0","11","0","11","13","19","13","20","29","47","31","51","0","11","11","16","0","11","14","21","0","11","22","33","0","11","335","230","43","38","0","11","0","11","17","26","0","11","0","11","44","57","25","27","63","56","55","62","43","42","0","11","45","51","3381","392","1539","267","108","84","68","82","179","109","115","78","0","11","0","11","169","95","286","158","135","76","111","80","185","75","164","80","19","21","1842","249","161","92","0","11","46","51","0","11","54","76","10","15","247","93","560","200","202","95","214","95","184","62","81","48","83","47",
"1400000US18097310201","Census Tract 3102.01, Marion County, Indiana","3634","370","157","186","22","23","0","11","0","11","5","9","0","11","0","11","0","11","0","11","0","11","6","10","4","9","0","11","0","11","7","11","135","181","0","11","0","11","5","9","0","11","0","11","0","11","116","180","0","11","5","9","0","11","0","11","0","11","9","16","3477","340","1600","265","155","80","10","16","132","98","41","35","3","6","45","35","103","50","258","112","215","63","277","92","228","78","98","34","35","25","1877","249","172","81","0","11","193","75","15","20","72","63","75","54","129","102","300","109","235","81","215","86","257","64","163","67","51","52",
"1400000US18097310203","Census Tract 3102.03, Marion County, Indiana","5685","522","726","356","401","228","26","48","0","16","128","135","11","20","17","28","18","29","67","78","62","89","21","31","0","16","51","60","0","16","0","16","325","193","62","68","0","16","15","26","21","35","0","16","12","20","49","58","22","41","47","54","18","29","66","69","13","20","0","16","4959","538","2593","483","271","125","87","60","155","98","59","77","41","66","107","92","161","127","611","226","481","169","211","106","229","98","121","62","59","53","2366","242","125","87","52","80","183","140","14","24","33","52","22","30","84","71","423","176","412","133","172","91","339","107","154","70","353","128",
"1400000US18097310204","Census Tract 3102.04, Marion County, Indiana","5740","466","993","321","331","165","32","37","0","16","54","39","34","39","14","22","15","24","67","68","27","31","32","33","0","16","33","37","8","12","15","18","662","256","110","77","17","25","60","62","23","30","18","26","34","41","98","91","55","43","47","37","85","69","73","53","26","21","16","20","4747","575","2369","301","114","89","0","16","173","90","261","98","40","41","154","87","191","103","339","170","284","112","453","120","248","93","87","41","25","21","2378","347","191","100","18","19","242","134","82","55","52","46","66","55","228","115","252","116","417","115","435","111","277","93","98","47","20","22",
"1400000US18097310305","Census Tract 3103.05, Marion County, Indiana","6421","732","948","352","258","167","0","16","0","16","80","83","17","34","0","16","19","30","86","71","0","16","14","27","42","45","0","16","0","16","0","16","690","254","72","79","0","16","26","40","0","16","0","16","0","16","152","89","185","144","131","88","20","32","45","75","59","72","0","16","5473","783","2753","481","220","159","63","101","159","121","268","214","0","16","23","39","411","159","366","184","364","145","371","173","293","114","201","101","14","24","2720","488","147","102","26","48","228","135","87","110","80","87","83","95","346","200","462","177","437","199","330","137","225","96","176","71","93","69",
"1400000US18097310306","Census Tract 3103.06, Marion County, Indiana","6510","990","2121","1037","917","492","228","192","59","89","189","142","84","104","0","16","0","16","169","207","85","103","28","35","25","34","36","46","14","22","0","16","1204","574","160","158","150","137","66","99","28","47","69","102","74","107","180","230","128","119","217","133","81","98","11","18","25","41","15","23","4389","943","2136","562","158","123","0","16","231","145","119","108","79","73","78","69","419","228","304","198","255","121","212","94","223","69","43","38","15","18","2253","573","164","141","0","16","187","135","160","135","19","31","109","111","229","134","308","174","310","122","265","124","252","142","215","61","35","37",
"1400000US18097310308","Census Tract 3103.08, Marion County, Indiana","3423","554","543","489","100","110","46","58","0","11","0","11","32","52","0","11","0","11","0","11","12","20","0","11","10","18","0","11","0","11","0","11","443","394","68","109","0","11","0","11","0","11","0","11","30","48","169","155","66","78","82","91","4","19","0","11","24","28","0","11","2880","443","1309","311","47","63","15","28","64","84","60","43","7","14","102","83","151","84","214","149","257","142","245","89","80","47","50","27","17","18","1571","302","92","72","0","11","226","104","100","111","0","11","20","26","139","111","236","98","146","52","287","83","138","65","103","38","84","46",
"1400000US18097310309","Census Tract 3103.09, Marion County, Indiana","4124","531","461","220","230","159","30","49","0","11","0","11","19","23","12","21","21","26","0","11","93","86","13","21","0","11","34","43","8","14","0","11","231","118","0","11","0","11","0","11","19","31","16","25","0","11","7","11","27","45","52","45","26","42","32","46","52","40","0","11","3663","594","1732","326","246","137","90","83","22","32","120","105","0","11","117","88","203","119","353","222","308","141","28","27","153","72","65","43","27","25","1931","425","206","132","37","39","170","122","110","90","71","77","84","71","152","96","369","136","273","108","223","94","140","67","47","36","49","33",
"1400000US18097310310","Census Tract 3103.10, Marion County, Indiana","4982","407","267","148","116","94","16","23","0","11","28","43","11","16","0","11","0","11","16","26","13","19","15","21","0","11","17","18","0","11","0","11","151","96","0","11","0","11","29","33","11","17","0","11","0","11","23","28","31","31","0","11","48","50","9","14","0","11","0","11","4715","424","2230","264","140","80","21","17","252","121","76","54","63","58","129","84","281","131","203","99","353","114","269","80","283","76","142","55","18","27","2485","305","167","91","0","11","114","75","139","58","50","52","128","86","201","85","418","158","421","113","348","88","332","71","102","68","65","44",
"1400000US18097310311","Census Tract 3103.11, Marion County, Indiana","5876","414","277","174","161","117","42","58","0","16","53","60","0","16","0","16","8","12","5","9","0","16","13","18","9","13","4","6","27","34","0","16","116","80","0","16","0","16","0","16","11","17","0","16","0","16","10","17","35","47","44","68","16","19","0","16","0","16","0","16","5599","466","2419","294","132","86","20","30","273","168","110","75","47","55","58","57","194","87","319","105","409","113","250","71","346","108","171","59","90","70","3180","287","186","89","19","24","311","126","91","71","94","81","139","82","308","109","405","144","529","112","366","101","456","90","150","50","126","57",
"1400000US18097310312","Census Tract 3103.12, Marion County, Indiana","6421","645","1664","672","400","274","51","86","0","16","47","76","46","76","40","65","0","16","13","25","59","77","138","122","6","13","0","16","0","16","0","16","1264","563","255","158","0","16","189","172","112","125","0","16","0","16","268","259","163","117","109","109","32","39","13","22","93","97","30","54","4757","546","2088","371","323","178","0","16","103","74","70","68","0","16","0","16","193","129","432","247","365","195","341","190","148","90","62","51","51","53","2669","387","74","143","84","110","316","234","57","70","0","16","0","16","314","171","329","170","363","140","518","246","363","143","73","58","178","114",
"1400000US18097320105","Census Tract 3201.05, Marion County, Indiana","4137","400","688","400","350","232","29","48","0","11","40","55","65","69","0","11","0","11","0","11","95","104","22","36","59","61","0","11","2","9","38","46","338","228","120","152","0","11","38","52","0","11","0","11","0","11","17","28","34","51","75","69","0","11","0","11","2","9","52","50","3449","484","1513","290","83","73","42","52","155","106","41","53","34","39","50","54","114","79","271","170","200","75","109","62","201","104","122","60","91","50","1936","326","194","133","0","11","94","79","18","28","8","16","5","12","54","75","494","177","182","105","231","95","245","81","303","133","108","74",
"1400000US18097320106","Census Tract 3201.06, Marion County, Indiana","2064","263","199","113","106","74","30","37","0","11","0","11","0","11","0","11","0","11","32","38","23","37","0","11","0","11","21","32","0","11","0","11","93","61","0","11","0","11","0","11","0","11","0","11","0","11","21","32","10","15","9","14","0","11","30","35","0","11","23","34","1865","255","839","135","54","40","7","11","78","47","54","44","23","39","0","11","75","44","83","59","66","35","28","24","166","49","112","44","93","40","1026","181","40","29","0","11","77","53","38","44","0","11","44","48","125","72","87","59","116","59","98","44","179","54","134","49","88","50",
"1400000US18097320107","Census Tract 3201.07, Marion County, Indiana","1915","204","125","109","64","70","0","11","0","11","0","11","0","11","15","22","15","22","2","4","1","2","5","9","0","11","19","22","0","11","7","10","61","42","0","11","0","11","0","11","0","11","0","11","0","11","12","16","6","8","24","24","0","11","5","7","2","3","12","12","1790","227","897","128","88","66","0","11","37","30","30","27","4","8","0","11","7","10","160","47","136","46","105","47","152","33","109","31","69","30","893","132","52","29","32","30","31","31","9","15","4","6","16","14","19","15","176","44","103","44","140","51","132","39","118","29","61","27",
"1400000US18097320108","Census Tract 3201.08, Marion County, Indiana","5282","645","1208","487","422","245","117","129","0","16","29","47","0","16","0","16","47","74","89","96","14","23","92","97","0","16","34","53","0","16","0","16","786","304","131","154","0","16","0","16","103","103","48","73","26","42","171","139","55","70","115","80","61","52","8","15","66","80","2","4","4074","662","2130","397","149","120","74","93","108","118","97","99","0","16","0","16","213","153","584","181","398","180","141","91","284","159","64","50","18","31","1944","432","162","116","14","34","147","188","143","120","64","84","13","23","186","115","608","209","193","114","74","68","169","87","124","60","47","45",
"1400000US18097320109","Census Tract 3201.09, Marion County, Indiana","2534","162","321","143","91","58","0","11","0","11","0","11","0","11","0","11","0","11","0","11","6","12","0","11","8","10","8","14","62","59","7","12","230","118","0","11","0","11","0","11","0","11","0","11","0","11","0","11","62","73","0","11","9","13","34","38","80","65","45","32","2213","161","1049","124","93","64","21","23","81","41","42","30","0","11","0","11","20","22","64","44","136","58","115","39","129","38","116","55","232","59","1164","152","40","30","25","29","64","55","22","24","12","20","22","23","40","31","173","76","142","44","93","42","231","62","152","52","148","54",
"1400000US18097320202","Census Tract 3202.02, Marion County, Indiana","4397","391","377","174","142","79","0","11","0","11","0","11","0","11","0","11","0","11","32","38","0","11","58","61","26","24","8","13","0","11","18","29","235","130","0","11","0","11","0","11","0","11","0","11","0","11","22","25","14","22","65","67","8","12","37","48","22","34","67","72","4020","441","1919","308","108","66","14","17","106","54","59","50","9","13","22","28","92","77","477","142","175","74","218","69","279","97","216","75","144","92","2101","252","121","72","0","11","104","65","95","55","29","28","21","25","143","90","281","111","215","74","206","74","374","99","163","64","349","117",
"1400000US18097320203","Census Tract 3202.03, Marion County, Indiana","3039","269","322","158","110","57","0","11","0","11","5","9","6","9","0","11","0","11","5","9","41","38","4","8","0","11","24","22","0","11","25","22","212","120","26","41","0","11","0","11","5","9","0","11","10","13","11","12","34","38","10","13","0","11","62","63","16","18","38","43","2717","269","1304","153","17","19","0","11","69","38","76","46","0","11","57","39","96","47","288","91","126","64","182","69","139","50","124","67","130","52","1413","198","41","32","7","13","25","23","6","11","7","12","0","11","82","58","421","149","104","64","142","51","237","115","204","99","137","57",
"1400000US18097320204","Census Tract 3202.04, Marion County, Indiana","5905","591","1424","505","655","331","89","77","0","16","154","134","143","123","50","61","41","46","26","39","6","23","62","69","8","13","63","60","13","21","0","16","769","220","20","32","0","16","93","109","0","16","63","64","0","16","158","104","85","77","143","112","139","82","32","31","8","16","28","30","4481","688","2015","312","15","25","10","20","84","76","84","72","70","82","59","68","216","118","432","170","367","146","280","116","166","85","189","73","43","40","2466","504","100","103","24","40","87","79","44","53","0","16","0","16","278","212","513","200","367","143","251","126","278","114","300","100","224","85",
"1400000US18097320301","Census Tract 3203.01, Marion County, Indiana","3329","240","172","84","78","59","0","11","0","11","0","11","0","11","0","11","0","11","10","15","1","3","0","11","0","11","12","17","8","13","47","49","94","58","0","11","0","11","0","11","0","11","0","11","0","11","0","11","23","23","1","3","0","11","18","29","42","49","10","15","3157","242","1473","183","15","21","0","11","134","64","52","33","0","11","10","16","54","43","262","139","177","68","169","66","212","63","197","67","191","64","1684","192","20","27","9","14","96","52","22","25","10","15","6","9","96","55","245","118","126","47","189","52","317","78","303","82","245","66",
"1400000US18097320303","Census Tract 3203.03, Marion County, Indiana","3440","375","334","160","174","81","0","11","0","11","18","30","0","11","0","11","0","11","74","51","20","22","17","20","0","11","39","36","6","12","0","11","160","121","0","11","0","11","0","11","0","11","0","11","0","11","76","67","48","55","30","34","0","11","6","12","0","11","0","11","3106","381","1520","259","76","54","0","11","42","57","0","11","0","11","12","22","212","104","752","146","201","115","155","111","45","35","9","14","16","20","1586","245","73","50","26","29","34","41","0","11","0","11","68","75","281","103","693","170","219","89","120","74","42","33","15","18","15","20",
"1400000US18097320304","Census Tract 3203.04, Marion County, Indiana","6610","332","362","183","177","129","0","16","0","16","0","16","0","16","0","16","13","21","12","19","66","85","0","16","56","75","30","45","0","16","0","16","185","134","0","16","0","16","0","16","0","16","0","16","0","16","71","65","87","99","0","16","11","18","0","16","2","4","14","22","6248","380","2974","322","181","101","102","93","233","119","102","65","52","37","68","42","227","181","515","187","317","98","393","121","344","104","238","83","202","74","3274","314","191","115","0","16","224","96","234","115","17","27","10","17","246","131","397","148","516","133","346","102","477","132","240","78","376","104",
"1400000US18097320400","Census Tract 3204, Marion County, Indiana","3208","267","163","78","91","58","0","11","0","11","0","11","0","11","0","11","0","11","6","9","11","13","22","25","0","11","31","37","21","34","0","11","72","56","0","11","0","11","0","11","0","11","0","11","0","11","5","10","36","51","7","12","2","7","5","12","9","15","8","15","3045","281","1344","176","93","73","10","17","87","61","20","23","10","16","18","23","96","52","233","111","301","129","133","53","149","69","129","62","65","38","1701","191","188","88","6","13","57","64","59","42","0","11","109","64","86","48","281","99","245","67","243","69","146","56","151","73","130","55",
"1400000US18097320500","Census Tract 3205, Marion County, Indiana","3153","243","564","273","290","198","47","61","0","11","0","11","40","57","65","64","14","22","75","79","10","15","0","11","22","34","9","14","8","12","0","11","274","108","27","29","0","11","12","21","0","11","0","11","0","11","40","45","9","15","32","29","44","54","52","48","24","27","34","41","2589","318","1172","174","40","34","39","33","87","55","43","30","12","18","12","20","10","16","207","101","165","60","144","58","194","72","95","41","124","61","1417","224","87","69","0","11","99","44","29","29","37","32","28","31","105","65","217","115","169","62","176","57","156","63","133","50","181","91",
"1400000US18097320600","Census Tract 3206, Marion County, Indiana","2224","215","308","123","184","83","25","32","0","11","0","11","6","10","0","11","0","11","6","9","24","37","5","9","45","43","42","35","16","25","15","16","124","65","13","21","15","23","0","11","0","11","0","11","0","11","12","21","22","20","0","11","15","17","18","21","29","39","0","11","1916","223","959","179","21","24","6","10","20","19","35","39","25","31","0","11","64","51","301","101","78","45","126","45","207","102","51","30","25","22","957","126","37","26","0","11","15","22","5","9","0","11","13","16","64","55","254","84","84","44","148","55","154","49","91","38","92","42",
"1400000US18097320700","Census Tract 3207, Marion County, Indiana","1994","166","174","100","62","52","0","11","0","11","6","12","0","11","0","11","22","33","0","11","0","11","12","15","11","17","11","17","0","11","0","11","112","64","10","14","0","11","0","11","0","11","0","11","0","11","10","17","32","44","9","13","11","16","0","11","30","39","10","19","1820","197","1031","152","23","25","5","11","42","35","56","34","6","9","0","11","121","107","245","96","181","102","205","53","76","45","51","35","20","23","789","147","32","23","0","11","21","23","7","12","8","14","23","25","53","42","206","94","106","42","103","49","127","49","81","48","22","23",
"1400000US18097320800","Census Tract 3208, Marion County, Indiana","3039","159","83","39","29","16","0","11","0","11","0","11","0","11","0","11","14","15","8","9","2","5","0","11","2","3","0","11","3","5","0","11","54","29","0","11","0","11","0","11","0","11","0","11","2","4","4","6","0","11","3","7","14","14","7","8","10","11","14","14","2956","170","1412","111","104","40","17","14","138","37","84","39","24","16","52","22","63","42","63","28","218","47","213","35","200","42","166","31","70","23","1544","115","112","28","17","10","91","28","61","25","11","8","32","20","51","29","110","40","186","46","257","43","249","48","231","61","136","43",
"1400000US18097320901","Census Tract 3209.01, Marion County, Indiana","6338","571","784","625","437","367","91","131","0","16","15","23","78","102","0","16","35","45","59","51","76","107","20","28","33","43","30","46","0","16","0","16","347","265","0","16","0","16","112","129","0","16","35","46","0","16","60","50","0","16","86","108","31","38","23","36","0","16","0","16","5554","724","2636","649","165","84","37","40","292","156","167","161","26","36","34","42","296","220","249","180","257","103","246","84","462","241","287","111","118","68","2918","349","145","91","0","16","71","59","121","99","11","19","39","43","196","156","227","93","379","163","507","159","506","168","365","121","351","126",
"1400000US18097320902","Census Tract 3209.02, Marion County, Indiana","4195","551","1236","541","610","299","216","142","0","11","111","163","40","42","0","11","29","37","53","49","37","47","48","44","7","11","40","53","22","27","7","12","626","295","107","99","0","11","85","77","68","57","0","11","62","52","48","57","123","91","71","55","27","28","12","15","23","23","0","11","2959","527","1304","277","133","93","8","16","35","33","52","53","14","18","50","46","185","113","417","178","91","57","112","56","90","54","88","37","29","22","1655","374","93","81","109","98","147","98","31","49","30","45","18","22","165","101","270","92","228","101","170","65","227","65","119","70","48","30",
"1400000US18097320903","Census Tract 3209.03, Marion County, Indiana","5164","653","1499","604","511","206","162","147","0","16","145","105","51","54","17","26","11","20","46","42","30","38","22","25","6","9","21","33","0","16","0","16","988","464","76","88","33","35","230","134","154","115","0","16","56","77","135","100","186","105","95","81","14","17","9","14","0","16","0","16","3665","615","1987","429","143","141","0","16","244","153","101","83","7","12","73","60","238","165","518","187","73","53","367","127","153","77","24","26","46","39","1678","353","0","16","43","68","196","137","69","85","13","23","44","42","206","120","297","150","264","125","133","74","226","92","93","46","94","59",
"1400000US18097321001","Census Tract 3210.01, Marion County, Indiana","2794","262","445","164","331","132","70","39","0","11","57","35","21","37","7","13","0","11","11","17","17","25","17","30","78","74","37","51","0","11","16","26","114","73","0","11","0","11","0","11","35","40","0","11","0","11","9","15","15","26","55","52","0","11","0","11","0","11","0","11","2349","224","1065","222","87","76","21","31","66","58","32","50","41","48","9","17","142","138","116","53","166","81","109","79","123","63","93","46","60","41","1284","222","112","86","0","11","24","34","4","9","0","11","99","119","73","61","231","104","145","106","176","96","184","75","135","43","101","55",
"1400000US18097321002","Census Tract 3210.02, Marion County, Indiana","4648","617","972","590","460","403","0","11","0","11","142","125","0","11","0","11","0","11","180","169","37","54","32","37","12","24","57","79","0","11","0","11","512","250","88","75","36","43","50","33","36","42","59","38","0","11","43","52","52","75","71","52","0","11","77","101","0","11","0","11","3676","533","1812","350","213","204","42","39","91","82","39","44","15","21","4","4","136","106","203","111","88","65","199","80","363","109","249","99","170","74","1864","305","75","80","63","95","62","57","86","60","0","11","3","5","56","59","273","145","257","119","192","78","255","92","327","99","215","91",
"1400000US18097321100","Census Tract 3211, Marion County, Indiana","3501","227","399","160","186","83","4","7","6","9","31","34","14","17","37","41","9","13","7","8","10","7","10","13","18","17","22","20","10","13","8","13","213","101","8","13","0","11","6","10","40","47","0","11","11","16","10","11","10","10","31","28","48","51","38","40","3","4","8","11","3102","283","1486","191","37","23","38","39","162","66","42","32","2","3","52","41","112","73","151","58","238","62","159","70","187","55","197","61","109","45","1616","202","89","53","10","11","101","54","58","34","16","17","30","28","69","48","195","82","208","61","265","89","216","53","172","61","187","55",
"1400000US18097321200","Census Tract 3212, Marion County, Indiana","5146","391","269","187","99","69","0","16","19","31","0","16","0","16","0","16","0","16","0","16","13","22","12","20","29","33","26","42","0","16","0","16","170","134","15","24","0","16","28","31","17","28","21","33","0","16","0","16","47","44","14","22","13","22","15","25","0","16","0","16","4877","426","2326","312","146","75","45","40","138","89","180","136","0","16","48","74","67","64","365","159","340","130","381","120","317","106","236","86","63","51","2551","285","184","101","30","33","203","105","146","86","35","39","59","63","72","92","367","127","411","132","335","139","532","198","134","73","43","40",
"1400000US18097321300","Census Tract 3213, Marion County, Indiana","2523","258","191","122","88","57","0","11","0","11","0","11","0","11","0","11","0","11","43","38","0","11","0","11","0","11","24","35","21","34","0","11","103","89","0","11","0","11","8","12","0","11","0","11","0","11","30","43","33","42","0","11","8","12","24","35","0","11","0","11","2332","260","1275","219","37","43","0","11","33","51","0","11","0","11","0","11","281","163","535","138","170","78","79","49","101","46","22","20","17","13","1057","161","36","35","0","11","55","51","18","26","0","11","15","25","99","54","410","120","120","87","136","58","86","41","52","28","30","25",
"1400000US18097321400","Census Tract 3214, Marion County, Indiana","5531","505","439","226","223","148","0","16","0","16","19","30","0","16","0","16","0","16","32","37","0","16","98","115","29","30","43","65","2","4","0","16","216","182","0","16","0","16","0","16","0","16","0","16","0","16","0","16","111","140","0","16","16","27","89","110","0","16","0","16","5092","478","2259","329","132","109","18","30","109","80","36","41","55","52","67","63","103","77","652","207","260","108","283","152","243","97","148","76","153","128","2833","331","101","66","68","57","107","63","74","62","0","16","81","87","111","90","692","162","333","138","449","127","351","117","248","109","218","115",
"1400000US18097321600","Census Tract 3216, Marion County, Indiana","5714","591","1095","475","391","170","107","63","15","29","29","36","0","16","0","16","48","78","85","119","12","22","2","4","34","40","59","41","0","16","0","16","704","351","86","59","0","16","101","106","63","63","0","16","0","16","187","208","96","62","77","87","35","43","32","46","27","32","0","16","4619","569","2153","353","139","80","0","16","154","134","18","29","13","23","28","43","206","121","452","165","300","152","344","130","239","101","157","79","103","59","2466","438","46","53","74","90","184","108","90","73","14","24","34","36","108","84","516","177","272","101","283","124","379","144","252","90","214","116",
"1400000US18097321700","Census Tract 3217, Marion County, Indiana","3761","240","197","113","52","37","0","11","0","11","0","11","0","11","0","11","0","11","5","10","0","11","0","11","13","21","17","27","15","23","2","5","145","119","0","11","0","11","0","11","0","11","29","46","0","11","0","11","0","11","0","11","16","24","54","85","46","70","0","11","3564","287","1654","213","0","11","0","11","78","55","46","64","0","11","19","33","100","88","606","190","314","116","197","86","163","68","41","36","90","55","1910","224","128","126","0","11","134","59","18","27","0","11","0","11","103","63","582","186","283","128","146","64","203","75","139","89","174","69",
"1400000US18097321800","Census Tract 3218, Marion County, Indiana","3624","173","150","84","26","23","0","11","0","11","0","11","0","11","0","11","0","11","0","11","16","19","0","11","0","11","0","11","10","15","0","11","124","77","0","11","0","11","12","18","0","11","11","21","0","11","0","11","71","61","0","11","22","24","8","12","0","11","0","11","3474","182","1625","127","100","48","18","18","57","32","44","29","20","21","40","38","33","28","362","69","284","68","265","67","170","56","164","49","68","48","1849","183","189","107","15","17","176","70","44","34","0","11","58","54","50","30","369","103","347","82","220","54","213","56","139","38","29","25",
"1400000US18097321900","Census Tract 3219, Marion County, Indiana","3722","431","791","342","452","365","0","16","0","16","0","16","8","12","0","16","0","16","394","372","21","24","7","11","3","6","19","28","0","16","0","16","339","220","0","16","0","16","0","16","0","16","0","16","0","16","318","216","0","16","7","12","0","16","0","16","2","4","12","20","2931","267","1422","169","107","49","23","22","124","50","52","51","8","13","56","61","88","77","170","60","189","62","144","63","236","96","103","43","122","77","1509","203","60","40","49","30","118","59","76","38","23","25","26","22","206","153","180","83","230","69","195","62","132","59","126","51","88","35",
"1400000US18097322000","Census Tract 3220, Marion County, Indiana","3215","343","745","278","312","161","0","11","0","11","33","34","0","11","62","62","0","11","107","92","52","51","0","11","41","34","9","14","8","13","0","11","433","171","29","49","22","28","0","11","30","30","0","11","19","21","151","114","36","32","50","43","15","23","52","57","16","17","13","14","2470","347","979","145","30","37","0","11","63","59","38","46","28","30","10","15","29","51","222","74","141","66","97","45","193","77","94","44","34","34","1491","260","86","58","9","14","86","73","30","46","55","47","24","27","70","47","273","114","175","80","239","93","217","89","109","38","118","49",
"1400000US18097322100","Census Tract 3221, Marion County, Indiana","2781","436","330","260","115","84","0","11","0","11","29","45","0","11","0","11","0","11","1","4","17","30","12","18","24","25","2","4","19","30","11","18","215","199","42","51","0","11","60","94","0","11","0","11","0","11","11","18","70","60","13","20","9","16","0","11","10","18","0","11","2451","354","1101","220","76","66","51","52","93","51","37","33","0","11","0","11","48","42","118","59","298","102","106","60","145","72","110","50","19","19","1350","208","188","87","10","15","121","54","81","50","0","11","20","24","8","18","287","112","211","48","101","63","139","62","76","39","108","64",
"1400000US18097322200","Census Tract 3222, Marion County, Indiana","2243","166","226","109","129","87","6","11","0","11","26","32","0","11","6","9","0","11","33","50","18","20","15","11","14","21","0","11","0","11","11","15","97","42","11","16","0","11","0","11","0","11","0","11","0","11","0","11","26","22","23","21","17","18","0","11","4","7","16","15","2017","175","1009","110","64","27","5","8","115","34","44","21","9","10","13","13","26","25","222","76","144","37","125","37","101","34","79","26","62","27","1008","136","62","36","43","31","138","43","21","15","13","12","16","19","35","24","156","54","151","45","133","41","133","38","91","28","16","16",
"1400000US18097322300","Census Tract 3223, Marion County, Indiana","2550","169","161","91","67","52","0","11","0","11","16","24","0","11","0","11","0","11","20","30","9","16","7","11","10","16","0","11","5","9","0","11","94","78","0","11","7","12","0","11","10","17","0","11","0","11","32","51","28","25","7","12","10","16","0","11","0","11","0","11","2389","176","1167","124","157","62","16","18","46","28","8","13","10","15","12","18","79","42","351","85","144","53","139","41","103","41","74","38","28","18","1222","146","76","42","8","12","41","28","0","11","13","19","17","20","65","44","409","103","142","40","189","61","128","61","96","33","38","30",
"1400000US18097322400","Census Tract 3224, Marion County, Indiana","3033","318","389","208","117","93","0","11","28","42","28","42","0","11","0","11","0","11","14","16","27","30","10","15","10","14","0","11","0","11","0","11","272","154","22","34","0","11","0","11","0","11","26","28","0","11","102","67","40","53","25","26","14","16","20","21","14","22","9","13","2644","331","1353","251","74","42","0","11","60","45","41","51","11","17","58","65","150","88","401","145","169","73","150","75","151","77","59","31","29","21","1291","206","80","50","0","11","20","21","0","11","0","11","28","43","155","78","418","125","202","66","119","54","142","52","110","41","17","19",
"1400000US18097322500","Census Tract 3225, Marion County, Indiana","1459","194","405","132","141","62","0","11","0","11","20","22","0","11","0","11","0","11","28","37","16","23","26","28","32","25","13","14","6","9","0","11","264","101","22","25","0","11","26","23","13","17","0","11","0","11","21","25","62","36","33","33","44","30","23","25","4","7","16","13","1054","210","415","94","6","9","0","11","20","19","36","36","0","11","6","8","39","37","118","61","77","32","26","20","73","43","8","10","6","8","639","146","37","37","0","11","34","40","0","11","0","11","0","11","46","32","126","49","174","81","80","33","65","29","48","25","29","25",
"1400000US18097322600","Census Tract 3226, Marion County, Indiana","3803","505","1748","542","713","332","179","117","13","24","84","87","0","11","12","17","79","72","124","104","35","43","49","48","79","78","43","44","0","11","16","25","1035","306","195","155","26","40","58","59","91","79","0","11","0","11","206","110","128","89","122","88","115","87","78","53","0","11","16","25","2055","337","1049","233","47","55","0","11","28","49","7","11","0","11","55","51","116","70","133","89","144","95","185","84","179","96","91","59","64","63","1006","206","27","41","0","11","18","25","31","50","0","11","14","17","114","81","167","91","119","80","152","69","165","75","138","64","61","37",
"1400000US18097322700","Census Tract 3227, Marion County, Indiana","2009","257","353","173","124","75","8","13","0","11","0","11","10","15","0","11","29","48","10","19","0","11","0","11","34","42","25","27","8","13","0","11","229","138","23","41","0","11","8","14","0","11","35","45","26","43","9","16","20","25","0","11","94","64","0","11","0","11","14","16","1656","256","930","197","9","14","0","11","10","15","7","10","8","13","31","35","94","75","145","117","100","64","176","101","157","55","83","49","110","48","726","144","0","11","33","51","9","14","9","15","0","11","6","10","22","18","76","50","80","54","159","78","124","61","95","57","113","49",
"1400000US18097330103","Census Tract 3301.03, Marion County, Indiana","4928","296","198","140","72","56","0","11","0","11","0","11","7","19","0","11","0","11","10","18","0","11","0","11","0","11","55","54","0","11","0","11","126","120","0","11","0","11","26","42","8","19","0","11","0","11","0","11","65","81","7","17","20","32","0","11","0","11","0","11","4730","313","2176","256","152","99","101","77","44","49","80","84","30","38","0","11","200","174","573","186","302","117","100","65","289","120","185","64","120","56","2554","251","140","110","0","11","37","43","63","63","55","52","23","35","142","95","659","219","248","89","353","117","451","102","269","79","114","76",
"1400000US18097330105","Census Tract 3301.05, Marion County, Indiana","5294","480","363","207","120","121","0","16","0","16","0","16","0","16","0","16","19","37","1","2","0","16","0","16","47","60","53","82","0","16","0","16","243","130","22","35","0","16","0","16","0","16","17","33","0","16","14","23","36","39","18","29","16","32","0","16","54","69","66","49","4931","463","2607","473","95","107","0","16","143","88","140","119","69","78","80","80","141","123","621","219","337","183","482","214","265","109","66","45","168","89","2324","478","121","128","22","36","194","172","91","78","17","31","63","92","109","77","465","192","282","158","270","130","280","112","216","97","194","85",
"1400000US18097330106","Census Tract 3301.06, Marion County, Indiana","3871","383","701","301","374","217","116","97","0","11","32","55","0","11","0","11","0","11","68","75","46","62","69","79","13","18","22","36","6","11","2","17","327","159","0","11","0","11","0","11","0","11","0","11","33","54","188","121","3","6","25","42","42","49","19","36","6","11","11","16","3170","393","1531","260","117","103","24","41","0","11","0","11","0","11","0","11","170","115","250","114","301","189","234","121","266","165","109","71","60","55","1639","307","0","11","0","11","54","95","0","11","0","11","0","11","303","227","362","126","387","191","157","111","221","113","84","60","71","54",
"1400000US18097330107","Census Tract 3301.07, Marion County, Indiana","6114","475","354","210","144","109","20","34","0","16","12","20","0","16","12","21","0","16","12","20","0","16","32","39","11","18","14","22","15","23","16","25","210","121","0","16","0","16","28","32","11","19","0","16","11","18","24","37","0","16","17","27","11","18","63","67","30","33","15","24","5760","535","2729","378","101","97","18","29","148","74","129","86","80","57","46","52","153","85","477","160","163","77","312","112","694","162","222","125","186","87","3031","346","41","43","16","26","132","96","131","95","85","88","83","57","167","126","457","133","357","133","330","102","631","138","332","130","269","115",
"1400000US18097330108","Census Tract 3301.08, Marion County, Indiana","3851","259","152","103","54","44","0","11","0","11","5","10","0","11","0","11","0","11","0","11","0","11","0","11","18","20","25","38","0","11","6","10","98","72","0","11","0","11","0","11","0","11","0","11","32","47","15","22","9","16","11","17","5","9","26","39","0","11","0","11","3699","269","1902","196","111","72","41","50","96","59","48","41","42","33","30","23","107","81","100","49","302","77","303","71","358","69","214","95","150","47","1797","196","87","43","16","19","89","49","69","40","41","44","50","29","103","46","171","63","182","76","280","64","385","72","164","47","160","58",
"1400000US18097330109","Census Tract 3301.09, Marion County, Indiana","5074","336","208","143","91","87","0","16","0","16","0","16","0","16","0","16","0","16","0","16","0","16","68","79","0","16","0","16","0","16","23","36","117","108","0","16","0","16","0","16","0","16","0","16","0","16","0","16","0","16","0","16","23","31","4","9","90","93","0","16","4866","379","2423","239","175","91","27","30","120","76","0","16","34","49","74","61","181","116","534","151","173","73","348","115","475","126","259","78","23","35","2443","339","255","147","0","16","28","32","57","61","14","24","23","35","115","73","452","164","224","89","374","117","531","122","282","106","88","59",
"1400000US18097330202","Census Tract 3302.02, Marion County, Indiana","11250","1039","3007","827","997","336","151","129","0","18","130","155","99","96","0","18","109","105","278","157","84","72","79","92","0","18","43","69","24","36","0","18","2010","588","300","230","0","18","252","193","83","83","32","49","0","18","271","205","257","135","285","201","87","84","275","182","150","104","18","31","8243","950","3835","564","355","169","43","50","308","131","250","207","33","38","164","124","510","248","521","194","486","215","487","135","306","136","214","100","158","79","4408","709","123","145","108","93","663","261","166","116","25","31","129","102","315","176","835","287","663","210","784","208","311","119","184","98","102","74",
"1400000US18097330203","Census Tract 3302.03, Marion County, Indiana","5934","337","103","83","34","55","0","16","0","16","0","16","0","16","0","16","0","16","0","16","0","16","0","16","0","16","34","55","0","16","0","16","69","64","0","16","0","16","0","16","0","16","0","16","0","16","17","27","0","16","0","16","17","26","0","16","35","56","0","16","5831","333","2843","277","191","130","12","18","200","100","108","83","15","23","68","65","128","89","301","138","283","124","317","116","706","118","326","109","188","100","2988","324","141","80","36","47","366","176","109","88","33","39","82","71","188","101","173","98","319","106","496","108","574","117","391","124","80","64",
"1400000US18097330204","Census Tract 3302.04, Marion County, Indiana","6571","428","626","564","205","250","0","16","0","16","0","16","0","16","0","16","68","88","64","82","0","16","0","16","60","79","13","22","0","16","0","16","421","378","70","104","69","100","0","16","122","160","0","16","0","16","0","16","0","16","58","85","66","82","36","42","0","16","0","16","5945","805","2917","415","230","136","0","16","440","223","140","85","18","30","104","96","289","144","268","131","394","110","426","150","372","133","201","78","35","43","3028","576","135","123","53","50","93","73","119","106","108","77","36","42","366","193","455","184","322","189","770","211","288","129","222","105","61","45",
"1400000US18097330206","Census Tract 3302.06, Marion County, Indiana","5026","277","311","150","91","55","23","26","0","16","24","36","0","16","0","16","8","12","0","16","13","15","6","10","0","16","8","13","9","14","0","16","220","122","28","31","11","17","0","16","8","14","0","16","0","16","36","54","25","24","7","12","48","45","0","16","8","12","49","52","4715","312","2349","201","175","88","5","9","164","69","76","43","54","36","112","59","204","81","366","103","302","62","330","97","304","73","206","79","51","43","2366","225","149","60","36","28","169","65","165","60","46","30","55","41","235","107","247","76","319","68","443","81","363","93","107","48","32","29",
"1400000US18097330208","Census Tract 3302.08, Marion County, Indiana","2840","241","43","27","21","21","0","11","0","11","0","11","0","11","0","11","0","11","0","11","0","11","0","11","12","17","0","11","9","15","0","11","22","24","0","11","0","11","0","11","0","11","0","11","0","11","0","11","0","11","0","11","0","11","0","11","0","11","22","24","2797","244","1472","168","146","68","24","24","87","63","121","65","60","59","26","28","64","49","232","68","181","66","198","60","166","58","125","57","42","30","1325","161","26","31","0","11","83","53","18","22","0","11","26","25","59","43","276","87","210","72","186","60","257","66","111","45","73","35",
"1400000US18097330209","Census Tract 3302.09, Marion County, Indiana","8981","740","709","374","294","154","47","55","0","16","16","26","0","16","0","16","0","16","22","33","96","79","0","16","16","25","57","89","28","44","12","20","415","253","18","26","0","16","42","49","0","16","0","16","23","38","64","73","128","113","17","29","55","52","56","90","0","16","12","19","8272","773","4239","510","323","199","53","85","303","177","132","94","16","27","136","109","292","187","740","213","612","158","438","184","668","197","325","114","201","75","4033","446","289","157","13","21","255","120","269","187","81","110","133","116","275","140","547","171","461","145","548","175","602","178","172","73","388","136",
"1400000US18097330401","Census Tract 3304.01, Marion County, Indiana","6118","409","267","235","206","198","0","16","43","52","16","25","0","16","0","16","0","16","120","169","15","24","0","16","0","16","12","22","0","16","0","16","61","65","16","27","0","16","0","16","0","16","0","16","0","16","0","16","37","44","0","16","8","13","0","16","0","16","0","16","5851","435","2583","311","249","112","24","29","284","102","72","55","0","16","21","34","130","98","335","173","266","86","501","144","315","105","227","78","159","71","3268","338","178","109","36","41","253","110","56","55","98","67","91","54","235","115","298","168","493","194","327","114","664","210","248","83","291","110",
"1400000US18097330500","Census Tract 3305, Marion County, Indiana","6588","837","1712","796","842","515","157","135","0","16","57","89","57","89","99","128","99","129","87","111","74","84","0","16","91","82","55","65","0","16","66","52","870","378","24","38","0","16","83","97","59","91","0","16","56","84","59","64","137","158","193","140","0","16","212","147","47","57","0","16","4876","636","2048","330","22","35","0","16","299","172","87","95","46","67","0","16","72","90","278","162","129","92","225","123","346","164","441","113","103","67","2828","550","197","177","15","28","229","137","176","147","20","34","92","103","165","150","277","164","425","191","189","104","406","165","462","107","175","105",
"1400000US18097330600","Census Tract 3306, Marion County, Indiana","6072","809","1479","745","586","339","49","78","0","16","175","172","0","16","29","49","0","16","43","49","57","54","161","152","41","65","31","45","0","16","0","16","893","532","209","161","14","23","186","149","148","126","0","16","14","24","44","51","188","128","61","69","0","16","29","36","0","16","0","16","4593","738","2169","424","138","118","55","66","122","101","142","145","0","16","61","66","148","105","490","212","479","163","115","95","237","95","125","75","57","41","2424","436","140","158","89","130","37","55","204","131","57","80","137","105","220","117","413","169","352","117","149","90","341","158","165","81","120","62",
"1400000US18097330700","Census Tract 3307, Marion County, Indiana","5579","499","1317","549","597","277","67","87","17","26","43","74","64","77","67","64","0","16","88","115","0","16","202","137","49","62","0","16","0","16","0","16","720","316","106","120","0","16","61","69","59","77","15","25","0","16","100","93","182","128","92","99","70","64","19","32","0","16","16","25","4262","593","2250","377","54","85","16","26","103","112","0","16","36","60","16","28","96","85","312","164","605","252","245","141","443","159","277","86","47","46","2012","352","43","53","9","20","164","119","92","88","0","16","0","16","58","62","178","125","414","170","254","116","411","122","243","91","146","86",
"1400000US18097330803","Census Tract 3308.03, Marion County, Indiana","3812","535","1376","550","585","289","152","106","70","67","95","89","11","14","0","11","17","23","27","39","73","59","52","57","44","57","35","42","9","14","0","11","791","317","217","171","0","11","104","91","0","11","0","11","16","26","171","93","136","87","50","52","88","78","9","15","0","11","0","11","2436","575","1282","352","50","50","31","46","196","127","100","81","19","31","69","93","174","114","105","74","232","106","168","126","66","49","21","26","51","30","1154","296","131","94","0","11","113","104","50","55","0","11","70","70","132","84","132","86","160","97","102","59","155","76","88","46","21","19",
"1400000US18097330804","Census Tract 3308.04, Marion County, Indiana","3084","482","1630","417","657","232","314","180","34","56","151","104","30","43","0","11","0","11","10","17","47","64","20","29","14","23","37","53","0","11","0","11","973","282","144","144","0","11","158","97","41","67","0","11","0","11","78","59","322","116","168","120","13","19","16","19","19","23","14","22","1454","373","609","180","42","45","0","11","65","55","22","29","26","39","16","26","48","56","127","81","70","65","88","64","89","48","16","17","0","11","845","235","63","66","0","11","97","70","40","44","9","13","38","36","65","68","122","84","80","52","91","68","113","68","111","43","16","18",
"1400000US18097330805","Census Tract 3308.05, Marion County, Indiana","2571","408","1086","394","295","149","83","71","34","50","64","81","0","11","0","11","0","11","0","11","53","58","0","11","11","17","39","37","11","14","0","11","791","303","130","89","0","11","81","73","20","36","17","32","0","11","121","86","129","80","71","82","144","89","65","42","6","10","7","12","1485","300","735","160","61","63","0","11","9","14","9","16","16","25","0","11","35","30","216","112","187","108","36","32","104","55","46","43","16","16","750","192","61","61","29","43","0","11","25","29","0","11","0","11","70","58","97","85","91","59","91","59","146","59","100","43","40","29",
"1400000US18097330806","Census Tract 3308.06, Marion County, Indiana","3940","580","1566","455","661","241","79","68","21","35","185","99","26","43","0","11","25","39","14","23","97","69","61","46","61","57","60","57","20","33","12","19","905","303","87","60","38","47","102","71","69","63","0","11","0","11","60","52","79","55","201","91","69","59","64","49","125","105","11","18","2374","462","1105","228","94","75","0","11","176","120","29","47","0","11","23","27","114","80","197","106","113","82","143","71","125","59","12","17","79","42","1269","302","69","66","0","11","159","101","69","56","7","12","17","21","99","74","282","132","192","82","64","44","183","89","47","45","81","34",
"1400000US18097330900","Census Tract 3309, Marion County, Indiana","5907","645","1768","731","649","301","93","96","18","28","147","166","48","80","0","16","56","91","63","97","50","60","97","105","0","16","77","72","0","16","0","16","1119","504","48","60","0","16","211","142","119","130","0","16","19","42","131","128","220","134","134","113","127","99","110","67","0","16","0","16","4139","804","1510","300","124","122","44","49","189","133","33","51","6","12","17","28","147","145","232","140","291","195","141","93","88","59","112","80","86","64","2629","602","213","191","0","16","231","227","76","89","47","66","28","44","285","160","484","233","161","168","503","203","227","167","299","96","75","60",
"1400000US18097331000","Census Tract 3310, Marion County, Indiana","4089","424","639","284","256","117","11","17","0","11","8","14","0","11","0","11","31","51","46","48","7","12","39","49","17","25","73","50","9","13","15","25","383","202","9","17","0","11","102","105","0","11","8","14","44","57","27","32","44","61","28","46","50","41","29","37","35","45","7","13","3450","342","1743","284","65","55","33","34","59","63","35","56","29","33","16","25","125","73","296","152","189","91","307","183","175","66","268","126","146","63","1707","238","151","105","0","11","61","69","17","29","52","48","25","27","87","85","154","89","191","95","298","120","201","83","372","94","98","43",
"1400000US18097340101","Census Tract 3401.01, Marion County, Indiana","3763","266","441","204","245","125","39","44","17","24","17","24","0","11","18","26","0","11","28","37","45","44","55","46","0","11","6","11","0","11","20","29","196","95","0","11","0","11","16","24","0","11","0","11","0","11","61","51","29","29","39","33","22","22","10","16","0","11","19","28","3322","296","1663","194","145","73","31","30","106","62","71","51","39","40","78","51","104","72","228","102","172","65","214","66","188","63","157","58","130","50","1659","210","67","50","48","40","137","61","22","24","25","40","46","37","137","95","165","86","220","71","241","81","242","89","155","59","154","52",
"1400000US18097340102","Census Tract 3401.02, Marion County, Indiana","3605","490","583","236","222","142","36","56","0","11","34","55","26","44","0","11","0","11","35","38","57","53","9","13","0","11","7","12","18","20","0","11","361","220","38","61","30","48","0","11","11","15","0","11","32","51","97","79","58","67","38","42","9","14","41","42","7","13","0","11","3022","480","1358","231","49","49","38","46","117","67","10","19","6","10","57","68","150","86","235","123","142","82","167","77","163","62","103","60","121","50","1664","367","137","159","0","11","95","95","91","81","14","21","20","24","114","84","220","86","206","99","186","113","123","63","187","59","271","96",
"1400000US18097340108","Census Tract 3401.08, Marion County, Indiana","2220","316","691","236","319","120","33","28","23","29","78","45","12","18","0","11","0","11","33","28","71","41","17","19","26","28","25","23","0","11","1","4","372","142","12","19","13","19","65","52","0","11","0","11","0","11","80","54","69","44","60","41","25","32","26","20","22","19","0","11","1529","298","798","163","32","20","0","11","52","48","41","36","0","11","0","11","109","48","161","70","148","54","85","41","140","74","16","11","14","17","731","191","94","60","0","11","123","65","12","18","0","11","16","18","99","65","124","64","51","43","91","35","56","27","34","15","31","27",
"1400000US18097340109","Census Tract 3401.09, Marion County, Indiana","1138","138","101","61","78","56","0","11","0","11","0","11","0","11","0","11","0","11","40","43","22","24","16","26","0","11","0","11","0","11","0","11","23","23","0","11","0","11","0","11","0","11","4","7","0","11","0","11","8","13","4","7","7","12","0","11","0","11","0","11","1037","147","429","109","51","45","8","12","40","35","10","13","0","11","14","15","26","22","45","35","69","46","46","23","58","28","51","25","11","13","608","93","5","7","13","15","39","29","84","54","7","11","30","35","43","31","70","43","81","23","85","39","76","29","59","24","16","16",
"1400000US18097340110","Census Tract 3401.10, Marion County, Indiana","4809","568","404","260","229","180","29","46","0","11","0","11","30","46","0","11","0","11","57","79","62","67","0","11","30","35","0","11","0","11","21","35","175","111","36","55","0","11","0","11","0","11","0","11","0","11","22","26","44","45","23","36","45","53","5","12","0","11","0","11","4405","568","2145","303","242","203","0","11","108","108","37","58","40","53","10","20","402","216","402","187","234","126","288","160","213","112","120","80","49","50","2260","482","228","178","36","41","73","94","13","31","13","22","43","49","373","191","289","162","370","172","185","110","465","148","86","63","86","89",
"1400000US18097340111","Census Tract 3401.11, Marion County, Indiana","3276","367","213","172","50","51","16","24","0","11","0","11","0","11","0","11","0","11","0","11","0","11","25","28","0","11","9","14","0","11","0","11","163","128","37","56","0","11","26","39","0","11","22","25","0","11","9","14","8","13","13","20","18","20","7","14","10","16","13","21","3063","333","1481","235","94","64","0","11","65","47","65","64","58","64","76","51","243","114","152","74","233","105","258","96","151","43","86","40","0","11","1582","204","74","49","13","19","110","61","140","67","13","20","79","57","106","60","153","94","351","101","257","129","179","59","76","47","31","30",
"1400000US18097340112","Census Tract 3401.12, Marion County, Indiana","5041","522","601","411","234","192","12","17","0","16","52","57","74","109","0","16","0","16","40","62","0","16","14","21","29","47","0","16","13","21","0","16","367","261","41","65","0","16","35","56","27","48","30","49","0","16","41","53","24","26","39","49","7","19","14","22","8","10","101","88","4440","504","2204","375","149","124","11","18","115","60","116","68","0","16","4","8","279","133","600","261","336","183","187","101","200","94","132","54","75","53","2236","290","258","148","0","16","89","82","36","45","2","4","88","68","227","110","479","188","269","117","281","115","273","98","143","69","91","56",
"1400000US18097340113","Census Tract 3401.13, Marion County, Indiana","4071","319","512","241","181","107","0","11","0","11","17","27","34","55","11","16","0","11","0","11","0","11","81","61","7","12","23","21","8","12","0","11","331","158","0","11","12","18","11","18","42","62","0","11","14","16","20","25","59","44","43","63","17","18","57","49","29","42","27","25","3559","329","1823","198","128","56","18","27","186","59","50","37","66","48","149","93","155","54","194","98","155","84","297","82","166","70","122","66","137","58","1736","200","74","51","0","11","75","50","70","56","0","11","39","37","126","60","183","77","218","75","424","131","137","52","164","58","226","72",
"1400000US18097340114","Census Tract 3401.14, Marion County, Indiana","3957","168","106","55","52","30","7","11","0","11","0","11","0","11","0","11","0","11","15","17","2","5","7","10","0","11","11","13","10","16","0","11","54","34","2","6","0","11","2","5","0","11","0","11","0","11","15","17","3","5","0","11","13","19","10","12","9","13","0","11","3851","177","2053","147","112","51","0","11","200","86","148","57","40","31","69","42","136","69","224","79","268","58","245","66","320","80","205","52","86","35","1798","133","62","43","0","11","91","51","49","36","35","28","60","36","70","41","243","85","351","58","306","60","283","70","163","39","85","40",
"1400000US18097340201","Census Tract 3402.01, Marion County, Indiana","3463","400","1003","394","464","219","37","34","0","11","55","55","23","27","56","48","13","20","115","102","123","117","9","14","33","29","0","11","0","11","0","11","539","204","85","73","0","11","62","50","72","71","23","25","4","8","45","38","71","43","35","32","98","78","36","46","0","11","8","12","2460","447","1173","225","120","112","38","58","61","56","38","31","12","19","50","50","132","76","143","95","222","87","65","35","171","62","74","43","47","32","1287","253","49","46","45","65","81","61","42","36","9","13","77","51","107","83","190","99","125","60","249","90","181","69","64","40","68","39",
"1400000US18097340202","Census Tract 3402.02, Marion County, Indiana","4340","420","1295","460","516","186","53","56","0","11","62","54","19","22","12","14","0","11","66","53","106","91","75","81","24","23","9","11","90","89","0","11","779","338","158","134","0","11","67","72","25","27","5","12","24","28","97","65","65","57","81","85","155","137","20","22","46","52","36","45","3045","331","1455","201","181","87","10","16","48","52","78","56","17","19","17","18","162","92","256","100","113","44","206","74","191","82","94","38","82","31","1590","218","81","67","20","25","140","86","23","22","24","24","30","33","140","67","311","115","149","45","227","98","228","80","153","53","64","33",
"1400000US18097340300","Census Tract 3403, Marion County, Indiana","8696","897","4187","1067","1922","603","446","317","158","151","321","187","84","79","33","54","47","61","79","87","154","116","255","188","250","151","95","102","0","16","0","16","2265","610","468","267","35","46","370","207","58","74","45","69","95","86","238","132","220","134","486","182","130","89","70","60","37","47","13","22","4509","864","2533","566","219","156","16","27","129","94","24","40","31","51","45","47","99","90","414","221","598","283","532","216","233","127","136","89","57","48","1976","531","116","110","22","40","129","111","63","78","70","77","61","91","197","132","175","125","244","124","492","154","183","96","78","91","146","119",
"1400000US18097340400","Census Tract 3404, Marion County, Indiana","3768","588","1121","532","483","243","51","63","34","55","119","104","35","55","0","11","11","17","94","89","82","72","8","15","40","54","9","14","0","11","0","11","638","335","111","95","13","19","72","68","30","47","0","11","31","50","77","57","125","82","50","53","54","59","70","78","5","11","0","11","2647","482","1257","264","166","107","0","11","24","30","46","54","0","11","32","41","216","127","211","86","171","81","187","114","120","95","68","35","16","19","1390","300","119","71","30","48","158","98","61","84","0","11","0","11","120","59","301","139","85","72","265","108","101","57","103","51","47","32",
"1400000US18097340500","Census Tract 3405, Marion County, Indiana","4560","598","1398","394","638","294","121","86","0","16","57","52","65","57","0","16","0","16","233","267","59","63","0","16","86","61","0","16","17","27","0","16","760","287","43","59","87","89","145","106","0","16","16","26","28","46","129","72","179","106","34","39","86","88","0","16","0","16","13","31","3162","554","1560","285","170","101","0","16","118","85","77","87","0","16","12","20","280","160","235","99","208","88","64","50","263","98","76","49","57","51","1602","344","133","90","0","16","75","85","72","79","8","16","53","71","176","102","428","193","196","101","121","77","153","68","51","37","136","73",
"1400000US18097340600","Census Tract 3406, Marion County, Indiana","5445","505","1556","477","650","243","125","105","13","20","57","55","46","51","0","16","34","40","59","53","110","90","70","56","49","50","52","31","35","40","0","16","906","300","56","64","104","74","150","93","82","64","23","36","8","11","130","84","80","44","99","70","81","65","61","35","22","20","10","15","3889","457","2081","271","109","59","31","28","136","86","122","83","33","33","57","47","151","79","304","122","435","139","269","95","229","92","168","54","37","33","1808","292","104","69","20","30","109","75","84","65","22","29","93","61","162","88","233","134","168","76","240","92","283","86","210","74","80","45",
"1400000US18097340700","Census Tract 3407, Marion County, Indiana","4189","583","1498","496","655","247","14","22","0","11","108","99","30","37","0","11","14","23","77","63","192","99","23","30","170","104","19","20","8","12","0","11","843","342","258","177","9","16","212","159","25","41","0","11","0","11","53","69","163","88","45","39","33","30","32","37","13","24","0","11","2691","742","1301","396","92","69","40","63","118","103","0","11","35","55","11","20","114","88","323","178","143","123","133","73","209","106","74","32","9","12","1390","424","151","114","9","14","116","128","31","49","0","11","60","80","67","73","277","130","118","87","170","87","157","64","152","104","82","48",
"1400000US18097340800","Census Tract 3408, Marion County, Indiana","1646","183","236","132","158","102","47","65","0","11","23","28","7","12","5","9","4","7","24","24","7","11","17","17","12","10","6","9","6","8","0","11","78","40","11","16","0","11","3","6","3","6","3","5","0","11","15","17","15","16","7","9","11","10","5","7","5","9","0","11","1410","175","667","87","13","14","7","9","33","24","34","24","0","11","14","15","42","28","67","32","97","29","127","44","96","30","69","31","68","29","743","141","28","21","0","11","53","24","20","15","2","5","15","13","47","24","89","46","78","32","128","60","97","30","84","37","102","55",
"1400000US18097340901","Census Tract 3409.01, Marion County, Indiana","3745","279","216","118","94","62","0","11","14","22","0","11","0","11","0","11","0","11","26","31","12","19","0","11","23","34","19","21","0","11","0","11","122","74","42","49","0","11","0","11","0","11","9","13","0","11","30","25","13","21","0","11","0","11","28","26","0","11","0","11","3529","310","1652","201","78","53","45","42","137","68","73","47","67","41","27","27","135","99","334","147","139","52","342","71","98","40","97","46","80","36","1877","202","74","58","0","11","278","92","116","77","0","11","88","51","88","64","327","118","216","71","281","67","173","62","150","49","86","42",
"1400000US18097340902","Census Tract 3409.02, Marion County, Indiana","6657","840","1437","911","689","475","99","151","35","60","56","64","100","154","0","16","0","16","38","35","123","137","101","130","33","39","77","89","27","34","0","16","748","484","18","29","0","16","28","45","0","16","0","16","101","153","322","245","183","147","0","16","26","43","0","16","9","17","61","75","5220","785","2487","404","346","225","0","16","178","155","0","16","83","84","0","16","308","180","692","201","270","173","269","126","162","103","87","58","92","53","2733","577","358","255","42","62","171","178","37","56","0","16","57","60","405","217","490","180","225","124","193","135","359","189","270","146","126","76",
"1400000US18097341000","Census Tract 3410, Marion County, Indiana","1751","161","153","81","76","44","8","13","0","11","0","11","7","10","0","11","0","11","13","16","17","13","10","15","21","14","0","11","0","11","0","11","77","41","22","17","0","11","7","10","0","11","0","11","0","11","0","11","25","16","6","10","0","11","17","16","0","11","0","11","1598","169","754","113","16","22","9","14","55","33","28","25","16","17","8","11","44","36","162","63","108","47","124","53","77","37","89","30","18","12","844","124","47","29","14","11","29","17","20","18","9","14","14","14","58","48","135","56","148","36","136","49","114","39","57","20","63","35",
"1400000US18097341100","Census Tract 3411, Marion County, Indiana","2137","374","508","174","234","102","11","16","0","11","34","29","20","23","0","11","4","8","24","24","0","11","34","29","13","19","87","70","0","11","7","8","274","130","35","29","0","11","33","31","16","20","0","11","0","11","15","16","68","55","8","12","15","18","78","59","6","8","0","11","1629","404","939","282","72","64","53","44","150","110","60","45","16","20","20","23","27","24","87","52","160","79","107","60","98","41","83","72","6","8","690","170","47","49","0","11","65","57","0","11","0","11","4","8","44","52","191","97","56","39","152","60","82","34","22","16","27","19",
"1400000US18097341200","Census Tract 3412, Marion County, Indiana","2493","386","973","355","439","179","62","65","44","42","132","96","20","31","5","8","24","27","0","11","14","22","47","34","31","28","60","45","0","11","0","11","534","197","95","80","26","31","114","83","19","30","13","21","0","11","37","51","66","42","38","33","42","33","44","37","22","16","18","18","1520","305","654","159","22","23","24","28","61","40","2","6","4","8","5","7","108","63","127","91","88","52","69","40","85","36","33","32","26","17","866","222","73","47","7","11","56","45","35","31","8","12","43","38","69","50","96","57","111","48","121","59","89","38","51","25","107","39",
"1400000US18097341600","Census Tract 3416, Marion County, Indiana","2058","245","907","310","424","195","43","36","0","11","135","61","0","11","0","11","0","11","0","11","183","118","6","10","31","40","18","21","8","13","0","11","483","162","63","60","46","50","38","46","30","38","0","11","10","15","38","34","65","52","39","31","87","65","32","34","16","17","19","16","1151","249","579","152","53","43","0","11","82","61","26","27","8","13","8","13","72","56","67","52","56","42","19","20","127","59","47","48","14","13","572","149","55","65","13","19","0","11","0","11","16","21","14","20","13","23","93","60","129","75","35","25","104","59","58","34","42","27",
"1400000US18097341700","Census Tract 3417, Marion County, Indiana","4843","571","1795","503","966","274","171","89","33","45","259","131","54","55","0","11","22","34","32","39","84","74","22","24","223","104","66","55","0","11","0","11","829","322","82","86","71","57","177","163","0","11","0","11","0","11","45","45","150","78","71","57","119","73","90","63","24","23","0","11","3048","595","1699","426","91","81","33","52","209","142","62","69","25","38","101","63","115","127","265","130","332","131","143","68","193","81","106","39","24","20","1349","271","84","84","32","50","32","51","19","32","0","11","20","23","102","63","211","101","238","82","175","78","158","85","146","65","132","66",
"1400000US18097341902","Census Tract 3419.02, Marion County, Indiana","3641","322","296","183","76","56","0","11","0","11","0","11","0","11","15","22","0","11","0","11","23","28","18","29","20","20","0","11","0","11","0","11","220","150","21","29","0","11","19","26","20","33","2","4","32","55","23","26","24","28","0","11","0","11","51","45","11","17","17","19","3345","379","1593","190","109","55","11","17","89","58","68","52","58","57","28","32","164","59","158","78","154","78","188","77","291","78","159","63","116","53","1752","263","66","54","6","11","134","68","116","50","8","14","52","29","45","37","365","128","158","81","134","58","357","94","141","66","170","60",
"1400000US18097341903","Census Tract 3419.03, Marion County, Indiana","5580","890","1700","655","937","451","315","342","0","16","70","88","20","32","35","57","10","17","42","54","14","26","274","195","88","87","0","16","27","40","42","62","763","315","34","54","0","16","69","88","91","83","0","16","75","77","166","115","132","111","110","96","43","71","34","55","0","16","9","15","3880","802","2012","492","103","119","21","36","317","143","49","79","74","84","125","104","211","181","404","152","179","114","276","166","244","123","0","16","9","18","1868","482","153","157","0","16","135","101","106","93","43","49","0","16","315","219","406","175","216","140","184","101","233","104","19","32","58","47",
"1400000US18097341904","Census Tract 3419.04, Marion County, Indiana","2388","239","639","222","285","132","31","34","2","8","65","78","12","18","0","11","29","30","39","35","61","54","12","13","28","31","0","11","6","10","0","11","354","119","43","35","24","32","50","36","4","7","0","11","4","6","77","45","87","42","17","21","36","36","12","13","0","11","0","11","1749","251","992","164","121","88","14","18","142","79","0","11","0","11","7","9","49","32","186","78","215","81","114","41","88","51","34","18","22","20","757","168","40","32","0","11","78","51","37","37","45","37","0","11","90","65","186","54","106","51","58","26","100","35","10","11","7","10",
"1400000US18097342000","Census Tract 3420, Marion County, Indiana","6728","635","575","396","181","120","21","36","0","16","0","16","27","43","0","16","0","16","0","16","0","16","63","63","40","61","14","21","16","24","0","16","394","294","46","69","41","62","122","111","0","16","0","16","26","40","0","16","0","16","115","91","0","16","44","43","0","16","0","16","6153","640","3287","363","206","110","85","75","393","225","73","63","90","58","173","146","342","144","265","105","463","163","480","135","384","135","237","99","96","57","2866","452","165","112","17","29","278","162","121","95","56","67","64","60","267","151","429","227","434","158","405","115","234","106","259","120","137","100",
"1400000US18097342101","Census Tract 3421.01, Marion County, Indiana","5616","485","1458","510","651","267","85","112","0","16","212","135","60","61","0","16","84","81","36","37","80","65","68","74","9","15","17","25","0","16","0","16","807","307","36","57","9","14","117","104","120","105","67","77","62","71","0","16","170","74","67","64","95","59","54","38","10","18","0","16","4158","399","1866","313","220","116","41","50","102","60","46","36","12","21","30","40","71","59","256","136","389","104","261","98","279","80","99","49","60","33","2292","319","124","88","23","31","245","90","76","49","35","27","156","125","54","70","434","185","221","72","304","98","307","84","240","54","73","48",
"1400000US18097342200","Census Tract 3422, Marion County, Indiana","5601","549","1781","511","669","246","154","149","38","53","136","96","55","48","0","16","4","11","71","59","27","32","64","46","50","39","16","22","54","82","0","16","1112","357","131","79","0","16","298","195","23","37","21","34","44","36","173","124","261","131","58","48","79","44","3","5","13","16","8","15","3820","644","2192","416","137","89","95","84","116","81","30","33","18","21","51","50","234","96","436","215","314","135","317","135","315","90","90","49","39","38","1628","305","117","101","15","27","129","84","11","18","0","16","38","39","168","84","103","58","250","97","230","86","274","105","179","70","114","64",
"1400000US18097342300","Census Tract 3423, Marion County, Indiana","6757","677","2046","626","926","275","190","119","33","38","163","110","87","87","25","41","42","53","38","55","0","16","89","69","58","66","96","94","105","109","0","16","1120","418","99","148","0","16","148","101","135","101","0","16","69","87","213","109","143","110","133","84","96","81","27","31","28","35","29","34","4711","710","2337","468","236","214","31","35","171","138","66","99","0","16","74","54","241","123","272","160","236","160","430","282","371","155","150","87","59","44","2374","396","118","81","75","79","214","129","17","27","0","16","13","23","190","97","343","203","180","133","462","186","328","166","301","108","133","72",
"1400000US18097342400","Census Tract 3424, Marion County, Indiana","1435","220","460","212","297","155","27","25","12","19","67","74","19","17","0","11","4","8","8","11","16","17","41","40","85","60","18","17","0","11","0","11","163","72","6","10","0","11","5","9","14","19","0","11","3","8","0","11","65","49","9","12","23","24","0","11","27","32","11","12","975","161","474","82","42","37","0","11","23","22","6","9","6","9","16","17","29","29","73","39","48","30","84","54","82","39","40","31","25","16","501","120","11","16","24","36","24","36","0","11","0","11","9","13","47","41","85","43","60","50","125","66","63","41","18","25","35","19",
"1400000US18097342500","Census Tract 3425, Marion County, Indiana","4552","424","1102","360","437","164","35","41","0","11","106","89","18","30","0","11","24","36","23","26","52","47","0","11","62","43","98","82","19","22","0","11","665","226","31","36","0","11","101","88","62","62","23","36","18","20","24","29","123","99","130","78","38","61","88","48","0","11","27","24","3450","542","1883","376","145","134","86","71","104","76","120","84","0","11","85","71","92","62","308","126","235","90","291","82","210","73","158","49","49","30","1567","327","85","68","14","22","120","86","101","67","31","36","17","29","43","40","333","114","208","90","105","54","326","105","83","33","101","45",
"1400000US18097342600","Census Tract 3426, Marion County, Indiana","3448","314","1694","325","780","215","209","114","53","67","152","133","0","11","9","15","18","31","6","9","53","42","118","60","108","58","46","35","8","13","0","11","914","189","117","80","9","14","163","150","49","43","52","43","9","15","157","92","194","67","44","39","95","64","7","11","18","15","0","11","1754","303","897","178","16","27","18","28","68","53","21","25","71","76","0","11","68","50","207","109","107","60","108","82","96","66","78","34","39","32","857","206","73","70","0","11","42","36","15","17","13","21","16","29","33","46","168","78","127","84","129","64","99","44","85","43","57","40",
"1400000US18097350100","Census Tract 3501, Marion County, Indiana","1296","200","315","134","153","80","52","44","0","11","16","22","0","11","9","18","10","19","25","24","0","11","6","10","11","18","24","22","0","11","0","11","162","69","10","14","0","11","0","11","10","21","0","11","0","11","10","14","41","38","22","21","8","12","20","15","0","11","41","31","981","165","518","126","13","23","5","10","5","10","27","42","8","12","26","36","54","67","128","79","27","26","75","41","66","51","68","48","16","19","463","121","17","27","0","11","17","26","0","11","0","11","0","11","38","34","84","63","37","38","114","54","120","54","15","15","21","28",
"1400000US18097350300","Census Tract 3503, Marion County, Indiana","2525","420","1052","348","389","113","91","86","44","60","0","11","0","11","0","11","0","11","23","30","81","61","129","67","8","13","0","11","13","17","0","11","663","281","57","69","0","11","41","57","0","11","0","11","0","11","130","103","163","90","134","128","85","73","35","36","18","19","0","11","1473","297","853","166","28","44","0","11","27","42","54","59","0","11","0","11","47","64","178","73","78","71","153","71","153","71","66","45","69","32","620","190","10","15","0","11","28","47","13","25","0","11","49","56","20","32","103","49","97","65","120","94","66","39","51","32","63","52",
"1400000US18097350400","Census Tract 3504, Marion County, Indiana","2740","340","645","276","348","160","21","24","0","11","33","42","0","11","0","11","10","18","125","94","29","39","31","38","27","38","6","10","48","45","18","21","297","184","33","44","0","11","46","76","18","22","4","8","4","8","54","39","36","38","62","52","5","10","14","15","14","16","7","12","2095","324","1241","281","56","51","6","10","44","48","51","65","0","11","0","11","244","153","304","114","72","40","80","54","247","78","59","31","78","65","854","137","24","26","1","10","41","38","25","37","0","11","19","25","38","32","172","85","100","59","69","56","226","41","52","33","87","43",
"1400000US18097350500","Census Tract 3505, Marion County, Indiana","2256","341","800","278","373","130","7","10","0","11","25","33","28","37","21","26","25","34","46","56","40","34","19","30","61","39","63","31","33","37","5","8","427","167","43","37","0","11","41","35","7","10","0","11","27","34","73","58","48","44","42","45","44","38","60","47","26","19","16","14","1456","291","709","179","26","37","0","11","32","32","17","27","0","11","0","11","79","54","123","65","151","96","69","44","126","60","17","15","69","35","747","172","36","39","24","34","25","30","22","26","0","11","7","10","48","40","36","38","94","67","151","84","139","48","111","44","54","28",
"1400000US18097350600","Census Tract 3506, Marion County, Indiana","4728","653","1486","569","672","334","36","57","0","11","6","11","11","18","30","39","63","67","44","67","113","103","151","225","136","125","28","34","39","35","15","16","814","309","58","66","0","11","42","57","91","88","10","16","52","50","86","66","167","111","86","76","111","110","42","47","15","16","54","59","3242","588","1439","316","75","73","34","39","111","91","25","29","22","44","34","31","154","109","114","89","221","145","118","74","256","98","143","52","132","51","1803","352","73","63","3","11","127","85","48","49","16","25","77","69","86","60","144","101","170","101","133","85","484","137","197","69","245","76",
"1400000US18097350700","Census Tract 3507, Marion County, Indiana","1299","273","393","205","203","96","0","11","0","11","30","32","15","21","0","11","0","11","9","14","25","27","11","15","31","34","27","28","27","25","28","30","190","127","41","50","15","23","0","11","0","11","14","19","5","9","34","33","10","15","21","31","19","21","24","25","0","11","7","11","906","211","485","134","28","35","0","11","17","28","7","11","0","11","6","11","45","37","84","61","44","40","172","76","33","25","18","21","31","25","421","142","45","40","0","11","0","11","0","11","0","11","7","10","18","22","64","57","45","35","105","60","95","42","6","9","36","28",
"1400000US18097350800","Census Tract 3508, Marion County, Indiana","1918","281","855","213","295","109","56","52","0","11","112","96","0","11","5","8","32","26","13","20","20","22","7","10","10","17","17","18","11","16","12","12","560","143","104","71","0","11","32","31","21","23","11","19","0","11","45","38","138","68","93","67","42","35","20","17","22","26","32","29","1063","232","525","141","44","39","18","27","79","55","65","51","12","19","3","7","17","25","63","47","50","47","54","35","32","21","25","28","63","50","538","129","16","25","10","15","52","45","28","43","5","7","0","11","45","35","67","47","100","55","84","44","51","28","49","28","31","21",
"1400000US18097350900","Census Tract 3509, Marion County, Indiana","1464","312","292","167","91","60","13","20","0","11","0","11","21","25","0","11","0","11","37","38","0","11","5","8","6","8","0","11","9","14","0","11","201","122","0","11","0","11","37","43","18","26","0","11","16","23","0","11","31","29","47","42","2","5","20","21","10","12","20","17","1172","262","641","156","54","33","30","36","57","33","6","9","0","11","8","14","90","107","93","38","82","43","88","39","63","31","51","24","19","14","531","168","26","21","0","11","65","41","31","32","16","26","0","11","62","69","79","45","89","46","38","25","58","29","38","19","29","19",
"1400000US18097351000","Census Tract 3510, Marion County, Indiana","2554","289","1248","282","496","167","57","56","0","11","190","146","0","11","0","11","0","11","42","63","95","84","37","41","2","4","27","44","11","15","35","43","752","211","129","120","50","60","86","67","46","51","0","11","32","52","83","73","46","39","86","63","31","31","139","82","1","4","23","35","1306","306","549","163","0","11","33","55","11","16","0","11","11","17","0","11","94","89","126","70","66","36","62","36","40","45","47","31","59","48","757","198","0","11","0","11","14","24","12","18","0","11","0","11","134","99","191","110","114","63","102","66","76","62","52","30","62","49",
"1400000US18097351200","Census Tract 3512, Marion County, Indiana","2502","444","1230","422","502","212","74","61","22","37","125","72","30","37","19","31","19","22","26","41","65","53","71","58","34","33","17","15","0","11","0","11","728","237","139","124","0","11","68","63","22","35","0","11","20","33","61","48","108","69","58","49","84","43","82","57","45","31","41","25","1272","297","496","147","34","38","0","11","7","10","42","57","17","27","21","32","58","43","113","66","27","23","43","44","60","32","56","44","18","16","776","178","44","36","29","36","51","41","31","40","0","11","5","8","113","59","88","53","57","42","91","39","129","66","91","47","47","30",
"1400000US18097351500","Census Tract 3515, Marion County, Indiana","1889","345","597","208","299","128","10","14","0","11","46","42","37","36","0","11","36","32","45","39","18","20","50","41","41","34","16","19","0","11","0","11","298","104","12","18","0","11","36","39","0","11","0","11","0","11","120","66","41","34","33","29","23","27","27","22","0","11","6","13","1292","323","641","191","0","11","0","11","27","40","0","11","0","11","0","11","100","70","231","106","114","70","58","35","85","36","20","15","6","5","651","194","64","84","0","11","52","48","0","11","15","21","32","29","80","40","148","58","34","26","103","40","73","32","28","21","22","25",
"1400000US18097351600","Census Tract 3516, Marion County, Indiana","2336","234","333","103","200","79","18","27","0","11","5","9","17","26","0","11","13","21","4","5","34","38","40","37","4","6","61","41","4","7","0","11","133","53","6","9","0","11","0","11","0","11","0","11","0","11","46","34","38","38","10","11","14","18","6","9","0","11","13","18","2003","213","1151","182","86","45","17","18","21","18","0","11","0","11","25","34","135","68","469","136","148","55","107","46","54","32","84","37","5","9","852","102","111","57","17","18","14","20","22","31","0","11","0","11","44","34","186","50","188","61","93","43","95","49","37","24","45","28",
"1400000US18097351700","Census Tract 3517, Marion County, Indiana","2341","469","565","273","245","113","14","18","0","11","81","48","0","11","12","18","0","11","3","33","23","27","41","39","40","37","28","33","0","11","3","7","320","198","108","119","25","27","52","53","0","11","7","13","12","18","35","34","55","42","19","21","7","13","0","11","0","11","0","11","1776","360","906","188","34","31","10","15","91","63","11","17","0","11","0","11","24","40","202","95","179","92","132","97","178","80","45","43","0","11","870","240","79","60","0","11","29","27","12","18","0","11","48","45","53","49","218","104","128","73","76","69","71","54","116","50","40","29",
"1400000US18097351900","Census Tract 3519, Marion County, Indiana","2404","276","601","197","302","123","37","44","13","20","36","24","35","41","0","11","0","11","20","23","36","39","47","54","13","15","54","39","6","10","5","7","299","105","31","25","25","38","0","11","14","16","11","18","0","11","0","11","33","36","23","30","82","50","35","33","22","25","23","24","1803","268","893","165","33","33","5","9","99","51","31","28","14","17","38","40","93","76","129","78","127","60","92","42","81","44","67","32","84","31","910","148","14","12","0","11","48","33","42","41","0","11","27","32","17","20","134","61","120","58","164","77","102","44","158","56","84","30",
"1400000US18097352100","Census Tract 3521, Marion County, Indiana","2012","313","782","272","447","180","80","57","0","11","100","104","56","46","0","11","31","26","0","11","7","13","58","40","64","45","19","22","6","10","26","19","335","128","32","41","6","10","15","19","11","14","0","11","27","28","13","20","42","38","89","56","45","40","37","31","6","10","12","12","1230","235","585","133","25","28","0","11","66","44","8","12","0","11","4","7","49","44","92","68","149","66","77","43","47","27","38","27","30","26","645","157","14","21","2","11","44","36","16","17","7","9","4","8","59","31","168","95","21","12","53","35","153","54","64","30","40","25",
"1400000US18097352300","Census Tract 3523, Marion County, Indiana","1112","167","335","134","141","70","15","23","0","11","25","26","0","11","0","11","0","11","21","29","6","10","19","22","34","31","21","18","0","11","0","11","194","93","12","21","0","11","11","15","19","29","6","10","5","9","32","29","22","23","21","24","39","32","12","16","6","9","9","13","777","147","367","106","21","26","0","11","29","31","12","18","0","11","18","21","42","39","48","46","73","52","41","42","11","11","68","32","4","7","410","104","0","11","4","7","13","21","0","11","14","21","5","8","19","27","31","25","87","58","56","41","78","42","72","24","31","23",
"1400000US18097352400","Census Tract 3524, Marion County, Indiana","3108","461","638","187","287","120","13","18","20","30","0","11","16","26","0","11","16","27","0","11","20","23","93","87","0","11","101","70","8","13","0","11","351","128","0","11","0","11","0","11","0","11","11","17","15","24","35","47","34","39","36","38","74","51","115","58","9","15","22","25","2470","498","1371","299","140","103","9","16","68","79","31","33","0","11","25","29","249","247","208","107","254","87","141","69","113","54","101","40","32","25","1099","297","66","85","9","16","142","141","49","61","0","11","0","11","85","72","233","115","167","92","111","59","139","56","56","39","42","30",
"1400000US18097352500","Census Tract 3525, Marion County, Indiana","2678","318","556","178","270","115","6","10","15","23","0","11","0","11","0","11","11","19","32","50","66","59","0","11","57","61","51","50","32","26","0","11","286","118","26","31","0","11","15","24","0","11","0","11","0","11","42","32","45","42","0","11","47","41","56","54","24","21","31","36","2122","323","1167","249","43","41","0","11","33","51","9","13","16","21","0","11","104","102","151","71","196","78","221","93","261","108","122","67","11","13","955","168","96","74","22","24","11","17","0","11","9","15","0","11","42","36","236","85","76","53","147","73","206","82","83","48","27","23",
"1400000US18097352600","Census Tract 3526, Marion County, Indiana","3358","439","1537","388","573","156","118","60","63","48","73","46","0","11","25","24","0","11","33","33","22","22","103","74","76","52","25","30","18","20","17","27","964","291","136","99","19","27","250","125","92","66","0","11","36","36","34","28","176","71","96","55","71","51","38","35","8","13","8","13","1821","373","915","195","31","28","13","20","44","32","44","36","0","11","30","36","32","37","145","77","158","81","168","72","157","70","74","42","19","25","906","218","33","32","0","11","56","44","36","43","24","26","0","11","84","73","102","59","131","68","128","61","114","51","85","53","113","65",
"1400000US18097352700","Census Tract 3527, Marion County, Indiana","2525","385","870","300","413","181","87","80","27","43","37","43","0","11","11","18","25","38","17","28","54","48","12","22","69","55","23","22","0","11","51","50","457","165","40","47","0","11","53","60","0","11","4","9","0","11","63","56","81","62","88","70","8","13","120","88","0","11","0","11","1655","421","846","237","14","19","4","11","70","67","31","41","17","28","0","11","69","70","302","154","50","36","106","56","90","66","71","56","22","27","809","231","40","36","20","21","54","55","21","23","0","11","30","34","59","52","221","99","112","61","29","33","126","60","58","54","39","28",
"1400000US18097352800","Census Tract 3528, Marion County, Indiana","994","194","212","120","100","77","0","11","0","11","17","26","0","11","0","11","3","5","0","11","0","11","21","26","45","34","2","4","1","3","11","16","112","67","0","11","0","11","0","11","18","27","0","11","0","11","21","34","6","10","21","28","16","18","18","21","6","9","6","9","782","191","317","109","24","32","0","11","15","27","44","43","0","11","30","39","0","11","12","20","57","40","43","31","62","44","16","18","14","15","465","130","0","11","0","11","22","31","0","11","1","5","40","39","44","37","12","17","105","56","84","49","77","52","37","31","43","23",
"1400000US18097353300","Census Tract 3533, Marion County, Indiana","2205","209","471","182","291","136","9","17","2","11","3","22","0","11","0","11","11","19","61","26","61","59","28","23","74","71","42","42","0","11","0","11","180","83","0","11","0","11","0","11","2","11","0","11","0","11","51","41","43","41","17","17","36","29","10","15","21","30","0","11","1734","246","976","170","0","11","0","11","1","17","0","11","0","11","0","11","105","80","533","149","161","67","53","31","47","45","40","23","36","22","758","183","0","11","0","11","48","59","2","9","0","11","0","11","97","59","371","119","44","40","65","52","75","47","39","38","17","20",
"1400000US18097353500","Census Tract 3535, Marion County, Indiana","2500","327","953","270","568","227","0","11","0","11","0","11","0","11","0","11","2","4","276","148","226","164","0","11","1","3","30","25","18","28","15","25","385","172","0","11","0","11","0","11","0","11","1","3","1","3","205","131","99","66","35","57","0","11","11","17","24","27","9","15","1547","363","614","123","45","48","0","11","26","32","0","11","15","25","0","11","46","38","217","101","110","60","49","48","60","34","0","11","46","40","933","325","22","35","0","11","6","13","20","18","0","11","0","11","365","276","173","91","39","37","135","78","38","27","63","48","72","59",
"1400000US18097353600","Census Tract 3536, Marion County, Indiana","2951","401","1196","351","483","152","19","26","13","20","0","11","13","20","15","22","15","21","219","136","84","66","37","34","18","15","41","38","0","11","9","12","713","342","13","21","0","11","0","11","0","11","0","11","19","24","424","324","26","28","69","57","25","28","67","51","0","11","70","38","1755","309","860","160","63","42","0","11","75","72","8","12","8","11","0","11","83","68","165","49","167","72","112","50","109","57","57","26","13","14","895","224","67","67","0","11","82","56","34","34","18","30","0","11","118","105","112","58","82","53","113","57","156","55","72","35","41","24",
"1400000US18097354200","Census Tract 3542, Marion County, Indiana","6281","486","1520","421","696","328","23","36","0","16","21","36","0","16","0","16","22","29","106","86","121","101","53","45","169","148","124","93","39","35","18","28","824","236","0","16","0","16","0","16","0","16","0","16","0","16","76","64","186","140","96","101","208","148","203","91","0","16","55","77","4761","433","2578","345","23","38","0","16","0","16","81","54","0","16","3","9","116","77","1002","243","322","182","306","109","393","170","271","117","61","42","2183","285","30","50","0","16","0","16","60","61","0","16","0","16","144","95","997","242","191","119","257","134","267","118","182","93","55","44",
"1400000US18097354400","Census Tract 3544, Marion County, Indiana","1411","120","194","80","87","49","5","8","0","11","0","11","10","16","0","11","0","11","10","11","13","15","14","23","3","8","27","21","5","8","0","11","107","50","8","13","0","11","0","11","0","11","0","11","0","11","12","13","26","32","18","20","7","10","18","17","7","10","11","12","1217","143","534","85","0","11","16","14","24","19","6","9","0","11","0","11","13","14","149","50","107","35","124","46","60","37","29","27","6","12","683","110","39","26","3","5","37","34","5","9","0","11","0","11","27","24","216","67","146","81","82","35","67","42","19","18","42","29",
"1400000US18097354500","Census Tract 3545, Marion County, Indiana","2202","263","589","147","178","64","0","11","0","11","10","13","9","13","0","11","0","11","12","13","30","27","40","32","11","16","40","36","23","25","3","5","411","131","0","11","21","31","52","41","39","37","0","11","0","11","61","54","100","53","56","33","27","27","39","26","4","6","12","11","1613","232","769","150","40","25","8","11","86","46","4","8","8","14","19","28","35","23","152","59","128","47","76","40","127","49","42","20","44","27","844","129","65","30","0","11","93","59","0","11","0","11","9","13","68","47","180","67","197","61","82","38","60","36","61","29","29","19",
"1400000US18097354700","Census Tract 3547, Marion County, Indiana","1485","267","505","167","236","77","5","8","0","11","9","10","6","10","0","11","2","5","17","20","69","50","18","19","68","44","33","21","9","15","0","11","269","121","25","47","0","11","6","10","36","42","8","10","1","6","39","31","46","43","43","28","44","34","13","16","8","11","0","11","980","280","579","187","9","12","33","32","116","62","62","37","29","27","8","10","13","16","116","58","78","38","38","26","60","45","15","18","2","6","401","127","27","25","0","11","22","17","12","12","16","18","13","15","47","45","120","54","64","37","48","28","21","19","9","11","2","4",
"1400000US18097354800","Census Tract 3548, Marion County, Indiana","1499","243","664","226","339","171","32","27","6","10","95","90","12","16","0","11","0","11","48","49","67","60","28","25","23","20","13","17","15","23","0","11","325","102","17","16","0","11","77","44","0","11","0","11","6","10","6","9","77","41","50","43","17","17","39","32","24","25","12","13","835","206","395","116","13","13","19","23","9","13","0","11","19","21","12","20","33","25","78","43","28","25","60","39","75","32","21","23","28","28","440","125","25","21","8","11","48","34","8","12","48","43","6","9","18","14","109","63","38","25","50","33","48","32","20","22","14","14",
"1400000US18097354900","Census Tract 3549, Marion County, Indiana","2941","360","1228","341","551","201","96","74","7","10","26","28","21","32","0","11","13","20","91","59","115","64","87","46","63","43","26","26","6","8","0","11","677","190","53","43","0","11","58","52","6","9","27","27","16","26","13","11","176","76","81","51","116","71","118","59","13","16","0","11","1713","289","921","165","52","37","0","11","39","32","10","14","0","11","17","21","160","68","142","67","153","70","161","67","136","75","51","37","0","11","792","206","72","69","0","11","31","36","55","53","0","11","21","26","75","51","82","47","214","77","121","63","49","34","35","23","37","31",
"1400000US18097355000","Census Tract 3550, Marion County, Indiana","2209","360","1096","282","487","149","62","54","9","15","95","49","14","22","0","11","35","32","12","18","51","41","78","47","114","50","12","13","0","11","5","8","609","190","50","42","32","38","104","59","0","11","13","22","46","34","36","27","89","50","61","36","112","51","16","19","36","30","14","21","1113","249","598","175","92","69","0","11","55","43","26","30","26","26","20","22","26","23","99","40","48","34","73","43","87","40","46","36","0","11","515","120","24","31","5","8","48","35","30","30","18","19","16","26","20","19","110","46","85","47","57","29","37","24","57","30","8","14",
"1400000US18097355100","Census Tract 3551, Marion County, Indiana","1797","294","948","280","387","121","21","23","16","19","208","94","0","11","0","11","0","11","22","21","28","26","34","26","29","28","23","19","6","8","0","11","561","195","37","36","0","11","95","65","52","32","0","11","0","11","23","19","104","52","53","35","130","65","36","42","26","20","5","8","849","175","386","101","0","11","14","21","14","12","5","9","0","11","26","40","30","23","75","52","62","43","69","37","45","31","35","20","11","11","463","118","27","27","6","10","42","34","0","11","0","11","7","10","24","17","103","44","55","36","80","46","60","44","41","19","18","15",
"1400000US18097355300","Census Tract 3553, Marion County, Indiana","2353","326","522","231","208","116","36","47","0","11","7","13","0","11","0","11","11","24","25","38","26","28","20","22","41","37","33","40","9","15","0","11","314","142","66","65","9","15","0","11","0","11","0","11","0","11","76","73","54","44","39","43","19","27","41","32","0","11","10","15","1831","319","852","202","77","67","36","46","58","54","28","46","0","11","11","18","24","29","96","55","157","82","134","75","101","63","90","58","40","28","979","208","10","16","32","45","66","61","12","20","0","11","23","39","62","76","157","78","185","86","182","93","125","75","95","36","30","24",
"1400000US18097355400","Census Tract 3554, Marion County, Indiana","2826","440","982","254","584","156","41","63","0","11","12","19","33","52","37","61","22","23","37","35","48","57","103","64","136","81","94","73","0","11","21","35","398","145","46","60","0","11","16","25","31","45","24","31","27","39","42","51","20","23","32","32","104","82","41","30","15","23","0","11","1844","368","804","217","26","30","0","11","98","73","0","11","0","11","0","11","25","30","144","62","150","119","113","59","167","104","70","59","11","16","1040","267","32","55","36","32","86","75","52","59","0","11","97","75","48","43","235","86","132","73","147","74","95","55","57","39","23","28",
"1400000US18097355500","Census Tract 3555, Marion County, Indiana","3726","460","579","264","267","143","102","87","0","11","0","11","12","23","0","11","0","11","0","11","18","29","9","16","42","43","56","46","28","37","0","11","312","173","12","19","0","11","67","54","0","11","0","11","11","22","6","10","47","54","36","34","89","98","33","39","0","11","11","18","3147","449","1656","256","107","87","37","58","105","61","57","63","15","25","0","11","101","64","365","159","154","71","341","122","224","81","119","52","31","21","1491","284","114","67","14","22","156","99","26","29","35","55","0","11","54","52","247","112","144","68","213","65","226","85","121","59","141","61",
"1400000US18097355600","Census Tract 3556, Marion County, Indiana","1946","262","623","236","238","108","7","10","19","32","51","67","0","11","2","7","3","6","10","17","44","34","12","19","40","27","27","30","23","30","0","11","385","158","82","88","0","11","0","11","23","34","6","9","0","11","21","25","82","52","73","48","51","44","19","16","28","29","0","11","1323","263","808","174","69","43","0","11","72","51","47","32","23","27","16","16","72","60","45","35","74","50","130","56","179","54","50","25","31","18","515","125","10","16","0","11","5","7","7","11","5","8","0","11","44","36","33","27","73","41","97","44","114","41","68","35","59","26",
"1400000US18097355700","Census Tract 3557, Marion County, Indiana","2177","318","998","331","535","186","87","72","14","23","42","39","51","53","9","12","33","36","23","20","44","52","63","45","86","59","71","43","0","11","12","27","463","182","77","57","12","16","23","29","22","27","0","11","9","16","55","46","61","48","57","44","68","54","53","36","21","27","5","9","1179","187","544","91","19","17","0","11","30","27","13","15","0","11","23","27","30","25","83","51","42","32","117","40","77","31","76","34","34","25","635","137","39","39","16","21","36","34","21","33","0","11","5","11","24","19","89","51","79","49","114","44","86","53","58","29","68","29",
"1400000US18097355900","Census Tract 3559, Marion County, Indiana","2156","265","566","212","321","127","61","51","0","11","9","11","5","8","0","11","15","21","31","36","62","51","30","32","46","31","38","32","19","15","5","7","245","106","17","17","0","11","23","27","5","10","0","11","3","6","21","16","51","39","25","23","20","22","59","41","0","11","21","20","1590","238","810","145","55","29","0","11","39","30","35","27","6","9","21","27","76","51","239","69","107","45","115","49","29","24","67","35","21","16","780","126","38","36","0","11","21","16","22","21","17","15","10","12","63","41","247","63","96","39","71","29","85","37","56","27","54","27",
"1400000US18097356200","Census Tract 3562, Marion County, Indiana","1684","153","120","52","46","23","0","11","0","11","0","11","0","11","0","11","0","11","22","16","0","11","5","7","10","11","9","10","0","11","0","11","74","46","0","11","0","11","0","11","0","11","0","11","0","11","4","7","64","44","0","11","6","10","0","11","0","11","0","11","1564","147","829","122","54","36","0","11","15","15","7","13","0","11","0","11","56","35","397","104","112","41","50","25","44","24","94","35","0","11","735","93","21","18","0","11","21","23","0","11","0","11","7","10","90","47","332","73","84","44","63","39","58","27","42","24","17","21",
"1400000US18097356400","Census Tract 3564, Marion County, Indiana","3464","503","1347","492","678","277","99","75","0","11","132","101","30","48","0","11","25","32","91","134","77","55","44","55","82","63","55","44","43","46","0","11","669","266","98","56","0","11","15","25","63","76","6","10","52","65","115","70","127","71","86","69","46","33","50","43","11","13","0","11","2117","459","1241","280","40","43","0","11","149","94","28","41","60","86","5","11","136","98","224","106","145","88","232","90","89","53","88","47","45","44","876","231","67","86","0","11","64","69","34","49","12","21","0","11","49","51","201","91","72","45","131","59","151","75","53","34","42","26",
"1400000US18097356900","Census Tract 3569, Marion County, Indiana","2362","281","460","155","168","66","16","16","7","10","7","10","16","24","0","11","6","14","10","12","18","16","24","25","28","22","20","24","16","16","0","11","292","119","37","32","7","10","6","11","0","11","18","27","6","9","15","13","102","63","2","7","64","42","11","12","19","22","5","8","1902","291","966","186","77","47","15","20","99","65","58","35","0","11","4","9","72","46","225","65","133","65","102","56","97","44","69","31","15","16","936","157","97","48","0","11","57","39","21","23","5","9","18","20","110","54","179","59","102","43","94","51","125","43","73","38","55","40",
"1400000US18097357000","Census Tract 3570, Marion County, Indiana","2353","338","885","295","430","149","47","39","0","11","81","60","22","31","0","11","0","11","29","27","45","40","16","22","106","65","74","39","0","11","10","12","455","176","12","19","0","11","23","25","18","24","0","11","25","30","44","35","101","77","113","95","40","25","58","39","16","13","5","7","1468","306","817","190","67","68","0","11","69","45","7","11","7","10","15","15","47","31","332","129","79","38","37","26","82","45","59","30","16","13","651","180","39","35","23","32","12","14","6","9","0","11","5","10","96","63","147","69","99","48","29","18","103","40","50","25","42","31",
"1400000US18097357100","Census Tract 3571, Marion County, Indiana","1902","255","287","100","119","50","16","17","5","7","10","11","6","10","0","11","5","7","14","18","20","17","18","16","6","9","19","15","0","11","0","11","168","70","10","14","0","11","5","8","8","14","0","11","0","11","28","20","51","30","36","35","5","7","16","14","4","6","5","7","1615","250","821","162","42","34","24","32","45","38","0","11","5","10","35","33","55","30","301","91","128","56","54","37","69","51","42","24","21","22","794","135","59","44","0","11","108","72","5","9","0","11","0","11","33","30","318","88","63","42","60","37","68","37","39","19","41","28",
"1400000US18097357200","Census Tract 3572, Marion County, Indiana","2430","398","843","297","350","139","58","53","36","37","24","29","0","11","0","11","11","17","35","33","14","25","76","60","54","55","42","50","0","11","0","11","493","182","7","14","0","11","94","52","36","32","20","22","40","36","36","45","75","50","65","43","28","31","60","37","22","34","10","14","1587","372","738","145","131","96","0","11","62","49","25","28","0","11","0","11","12","20","86","53","72","53","181","78","67","36","56","37","46","43","849","276","64","52","44","53","59","40","33","33","0","11","45","53","90","72","113","70","104","53","105","93","82","43","37","31","73","37",
"1400000US18097357300","Census Tract 3573, Marion County, Indiana","2287","310","994","302","384","150","138","89","0","11","34","35","18","29","0","11","5","9","39","35","82","61","0","11","17","14","26","29","25","31","0","11","610","202","142","94","22","24","25","34","25","31","0","11","45","43","62","47","103","60","109","74","11","11","37","33","11","12","18","27","1293","325","793","228","63","54","9","15","57","52","31","40","20","30","26","40","47","41","155","85","86","50","68","42","126","49","37","23","68","34","500","128","28","32","0","11","17","18","18","22","0","11","20","32","29","29","76","53","74","66","99","50","42","41","69","43","28","24",
"1400000US18097357400","Census Tract 3574, Marion County, Indiana","4683","507","1542","375","665","192","96","73","0","11","141","100","26","46","0","11","79","54","42","52","30","40","29","33","87","63","102","62","0","11","33","41","877","260","35","37","14","24","121","97","63","64","10","16","32","42","63","54","213","106","90","72","84","67","50","47","47","52","55","47","3141","601","1459","364","73","72","41","60","310","168","9","15","83","125","10","18","54","47","195","110","159","109","66","38","335","107","35","24","89","42","1682","334","157","106","13","20","94","113","0","11","10","18","56","58","107","77","269","134","161","77","254","109","172","60","162","82","227","99",
"1400000US18097357500","Census Tract 3575, Marion County, Indiana","3888","235","928","262","453","182","30","32","27","34","120","61","0","11","0","11","30","40","38","43","57","54","77","103","48","39","26","31","0","11","0","11","475","140","105","65","0","11","25","30","26","32","9","13","22","34","22","20","71","61","54","35","59","48","49","52","9","13","24","35","2960","393","1235","217","16","19","0","11","81","52","37","36","16","27","0","11","109","71","190","84","100","61","233","96","228","89","125","60","100","49","1725","221","101","61","7","13","100","68","47","43","24","28","37","38","167","64","263","98","201","95","197","82","236","70","209","53","136","57",
"1400000US18097357600","Census Tract 3576, Marion County, Indiana","6414","704","1952","524","922","291","33","38","25","42","118","81","42","66","0","16","18","30","89","94","151","103","146","95","159","114","65","81","49","50","27","42","1030","299","172","97","14","23","113","88","69","80","0","16","0","16","71","45","98","67","104","87","320","138","69","65","0","16","0","16","4462","726","2477","707","312","280","0","16","287","268","14","23","0","16","28","47","190","118","380","186","311","175","551","182","241","138","52","39","111","76","1985","381","84","77","0","16","107","121","95","123","0","16","0","16","178","108","387","181","205","132","359","168","281","142","229","93","60","42",
"1400000US18097357800","Census Tract 3578, Marion County, Indiana","1803","220","424","164","164","81","8","16","0","11","37","49","25","37","8","12","0","11","0","11","32","26","5","7","36","28","13","14","0","11","0","11","260","105","33","28","0","11","4","7","0","11","6","10","0","11","16","19","91","63","33","23","61","39","7","11","9","13","0","11","1379","216","658","129","38","34","0","11","22","20","35","29","20","28","6","10","53","38","122","72","124","53","93","37","103","42","15","13","27","20","721","137","8","16","0","11","67","37","27","28","0","11","26","25","15","17","139","81","110","48","80","37","128","44","55","40","66","26",
"1400000US18097357900","Census Tract 3579, Marion County, Indiana","3511","490","390","141","141","84","0","11","0","11","15","20","0","11","0","11","0","11","17","19","33","32","12","16","8","13","56","49","0","11","0","11","249","94","17","20","9","14","7","13","9","14","0","11","8","12","19","22","7","12","6","12","51","37","73","51","0","11","43","50","3121","509","1739","302","146","114","8","12","105","58","72","52","54","45","64","47","92","57","286","115","257","99","210","78","218","61","190","93","37","36","1382","282","114","125","0","11","71","56","27","37","20","22","40","37","69","55","177","90","215","77","215","71","194","75","109","52","131","67",
"1400000US18097358000","Census Tract 3580, Marion County, Indiana","1392","239","374","175","112","58","7","12","0","11","8","11","0","11","0","11","7","11","16","18","29","34","6","9","25","36","14","17","0","11","0","11","262","147","32","39","0","11","54","44","0","11","6","9","0","11","27","25","33","36","26","34","7","10","26","20","31","30","20","20","1018","225","552","156","0","11","0","11","46","46","9","12","7","11","0","11","118","49","89","82","134","70","36","25","76","35","28","23","9","9","466","102","17","21","0","11","11","13","17","16","0","11","0","11","35","34","77","42","34","24","103","34","74","33","94","43","4","8",
"1400000US18097358100","Census Tract 3581, Marion County, Indiana","2847","419","881","360","468","203","73","82","0","11","149","168","0","11","47","54","30","48","9","15","74","62","34","41","22","25","30","28","0","11","0","11","413","198","0","11","0","11","80","98","28","43","14","22","0","11","10","17","112","74","83","79","67","56","0","11","11","17","8","16","1966","435","1054","266","84","71","22","36","32","38","49","53","0","11","0","11","61","63","78","69","158","104","198","81","206","103","91","60","75","59","912","270","10","17","0","11","27","30","19","32","22","35","25","31","41","39","198","138","140","79","128","98","180","73","59","37","63","46",
"1400000US18097360101","Census Tract 3601.01, Marion County, Indiana","2402","331","1124","322","497","164","81","54","30","39","36","40","89","59","0","11","0","11","12","19","1","4","68","50","73","56","52","45","8","12","47","64","627","192","74","69","0","11","161","91","34","44","0","11","0","11","13","21","123","61","19","20","110","65","51","31","16","18","26","23","1278","364","698","210","17","25","0","11","54","49","60","48","20","28","20","28","16","26","107","80","97","66","46","26","193","79","35","28","33","24","580","209","20","23","13","19","77","62","12","19","6","12","19","24","73","53","32","29","76","51","88","49","54","42","84","35","26","21",
"1400000US18097360102","Census Tract 3601.02, Marion County, Indiana","2170","453","936","390","545","274","51","91","0","11","48","88","148","148","0","11","129","117","37","44","6","12","49","45","27","47","17","19","27","26","6","9","391","151","20","32","0","11","20","32","0","11","0","11","11","17","52","67","175","136","20","38","28","30","20","20","19","23","26","18","1234","306","491","156","12","17","0","11","46","56","0","11","0","11","0","11","28","38","61","98","75","63","96","66","66","49","71","42","36","32","743","248","0","11","0","11","0","11","39","49","0","11","0","11","28","37","48","54","140","141","99","123","159","71","123","60","107","83",
"1400000US18097360201","Census Tract 3602.01, Marion County, Indiana","3827","425","853","365","301","156","0","11","0","11","40","43","0","11","6","13","28","45","96","93","14","23","17","27","71","75","0","11","11","18","18","24","552","336","62","71","0","11","42","65","0","11","0","11","87","117","52","79","78","85","87","72","36","55","56","42","52","41","0","11","2974","462","1479","273","75","57","0","11","113","99","88","78","50","61","42","41","194","121","223","92","210","121","145","69","185","87","51","45","103","69","1495","291","77","96","0","11","41","37","73","79","0","11","48","78","160","117","185","91","299","120","296","115","167","66","83","50","66","51",
"1400000US18097360202","Census Tract 3602.02, Marion County, Indiana","3247","585","792","444","438","295","70","85","0","11","90","91","76","87","0","11","0","11","30","53","40","57","50","65","63","55","19","21","0","11","0","11","354","166","12","21","71","87","0","11","26","31","10","18","0","11","22","34","76","69","10","17","66","46","9","14","1","11","51","45","2455","613","1147","337","122","101","11","17","149","135","71","78","0","11","32","52","53","52","66","57","128","84","240","89","129","58","59","37","87","40","1308","321","93","106","57","76","17","26","17","27","0","11","30","30","165","81","220","125","192","101","193","90","168","74","93","43","63","33",
"1400000US18097360301","Census Tract 3603.01, Marion County, Indiana","3460","315","593","203","313","137","6","11","0","11","30","31","26","42","0","11","0","11","44","44","79","72","16","25","75","79","25","29","7","10","5","8","280","127","7","13","12","20","30","28","0","11","0","11","12","18","48","30","85","65","49","46","35","31","0","11","2","5","0","11","2867","361","1315","209","88","63","17","22","143","92","89","67","27","27","43","42","53","42","272","97","142","80","198","101","164","64","48","31","31","23","1552","253","52","46","31","48","194","88","76","74","38","42","13","19","170","100","242","85","242","99","142","61","190","73","75","41","87","50",
"1400000US18097360302","Census Tract 3603.02, Marion County, Indiana","2509","314","828","250","384","157","28","28","0","11","80","75","25","24","9","14","11","17","0","11","129","76","25","31","56","45","15","20","6","12","0","11","444","130","31","36","12","19","39","41","10","16","8","12","0","11","59","49","113","50","23","24","77","60","62","39","5","8","5","8","1681","310","979","233","59","53","37","30","74","52","49","48","0","11","58","39","125","73","113","65","92","58","130","74","138","62","58","32","46","28","702","142","36","35","8","10","34","26","14","22","0","11","0","11","110","66","115","73","112","50","110","46","85","42","51","31","27","19",
"1400000US18097360401","Census Tract 3604.01, Marion County, Indiana","6175","712","1784","578","547","225","65","82","38","45","68","81","152","99","18","30","39","47","44","71","46","72","2","4","10","20","65","61","0","16","0","16","1237","408","192","171","48","76","300","136","21","33","0","16","44","70","55","84","81","91","242","138","17","27","190","114","33","37","14","23","4391","713","2107","520","26","41","0","16","218","180","30","53","0","16","0","16","221","137","412","356","305","168","366","183","254","149","183","116","92","78","2284","418","82","111","0","16","182","172","62","58","25","32","100","80","175","110","406","199","388","163","286","132","308","188","154","69","116","61",
"1400000US18097360402","Census Tract 3604.02, Marion County, Indiana","2160","330","371","155","155","90","5","8","0","11","15","17","25","35","0","11","0","11","0","11","31","25","66","60","6","8","6","8","1","3","0","11","216","105","24","35","23","35","4","8","14","18","0","11","8","14","47","29","21","21","3","6","39","43","33","38","0","11","0","11","1789","311","879","156","35","34","20","24","108","53","23","23","21","25","15","16","119","98","160","75","84","59","117","52","78","29","56","26","43","39","910","199","56","49","0","11","110","68","52","35","11","16","0","11","60","51","162","64","142","72","92","47","134","65","58","26","33","26",
"1400000US18097360404","Census Tract 3604.04, Marion County, Indiana","7050","961","2425","782","1069","363","230","158","33","60","322","261","6","20","16","28","0","16","128","117","192","139","103","99","0","16","39","66","0","16","0","16","1356","523","66","81","112","127","173","163","102","121","5","18","21","38","248","163","120","107","371","196","53","85","85","87","0","16","0","16","4625","893","2103","486","0","16","0","16","205","164","85","104","83","94","89","75","351","169","204","116","426","195","295","184","238","107","85","54","42","51","2522","571","317","211","59","96","303","212","82","67","0","16","97","109","141","96","328","187","313","180","479","194","253","126","122","66","28","26",
"1400000US18097360405","Census Tract 3604.05, Marion County, Indiana","5832","801","741","380","277","152","74","70","0","16","70","75","0","16","0","16","0","16","43","51","0","16","45","52","42","55","3","7","0","16","0","16","464","277","63","98","28","45","94","80","0","16","0","16","0","16","52","63","93","80","17","29","22","37","95","106","0","16","0","16","5091","855","2415","431","221","138","0","16","244","132","204","144","42","47","63","62","216","122","498","213","133","95","316","123","164","85","195","61","119","55","2676","534","264","230","0","16","203","171","45","54","146","133","61","59","135","95","399","186","401","186","385","115","275","100","189","64","173","70",
"1400000US18097360501","Census Tract 3605.01, Marion County, Indiana","6117","701","749","420","295","206","27","40","0","16","27","39","27","40","25","35","0","16","40","62","33","51","34","47","0","16","67","61","15","25","0","16","454","348","29","45","0","16","0","16","72","114","73","115","59","78","34","54","24","35","0","16","124","130","23","35","16","26","0","16","5368","824","2415","439","17","28","0","16","215","129","45","53","62","62","91","78","382","176","359","178","418","149","295","105","265","102","143","72","123","70","2953","512","164","134","0","16","412","216","81","83","46","71","107","93","187","118","401","207","332","148","403","115","425","124","192","73","203","121",
"1400000US18097360502","Census Tract 3605.02, Marion County, Indiana","6255","635","1749","522","958","244","236","148","0","16","162","84","156","186","17","29","130","162","87","75","18","25","60","48","67","79","25","44","0","16","0","16","791","353","95","97","0","16","93","94","0","16","0","16","0","16","117","153","167","141","204","139","96","104","17","27","2","4","0","16","4506","780","1937","473","25","44","0","16","112","132","0","16","0","16","0","16","152","104","351","256","260","195","336","222","358","140","210","101","133","68","2569","531","70","69","0","16","30","34","70","75","21","36","94","100","265","180","341","204","250","162","462","242","417","138","371","174","178","75",
"1400000US18097360601","Census Tract 3606.01, Marion County, Indiana","4845","398","753","293","372","192","0","11","35","53","5","9","20","25","30","47","0","11","35","52","10","20","72","68","107","95","38","35","1","2","19","27","381","176","0","11","0","11","29","35","15","24","0","11","27","40","0","11","1","2","103","84","1","2","66","56","32","33","107","77","4092","540","2192","306","227","140","21","24","105","74","48","38","34","28","24","24","116","58","298","124","360","104","244","89","313","78","184","62","218","65","1900","306","7","11","63","65","183","101","34","32","10","16","4","8","98","52","227","131","218","72","308","75","345","80","142","66","261","75",
"1400000US18097360602","Census Tract 3606.02, Marion County, Indiana","5425","586","1045","525","403","226","68","98","0","16","79","103","40","47","0","16","0","16","0","16","30","50","24","39","66","78","79","85","17","27","0","16","642","344","0","16","69","99","61","63","45","72","0","16","61","88","11","30","10","26","84","88","186","196","46","63","18","30","51","79","4380","599","1803","365","0","16","0","16","152","141","85","87","41","62","0","16","148","114","324","161","162","123","435","212","239","102","116","87","101","96","2577","418","227","182","17","27","164","133","18","33","75","84","27","34","182","119","402","187","30","39","452","180","363","147","370","132","250","173",
"1400000US18097360700","Census Tract 3607, Marion County, Indiana","1872","172","156","83","99","53","3","7","0","11","17","25","17","25","0","11","0","11","0","11","0","11","29","21","18","16","15","11","0","11","0","11","57","41","0","11","0","11","2","8","0","11","0","11","8","11","5","7","19","23","7","11","0","11","14","14","2","6","0","11","1716","177","768","113","36","25","7","13","31","26","28","17","16","23","15","14","21","18","111","53","122","44","105","43","148","47","85","35","43","23","948","108","42","40","16","25","37","28","0","11","8","12","28","21","41","27","179","43","109","41","91","33","225","58","105","48","67","32",
"1400000US18097360800","Census Tract 3608, Marion County, Indiana","2350","333","616","242","317","160","13","16","6","9","83","82","20","30","0","11","14","21","41","42","39","41","14","23","15","17","59","56","8","11","5","8","299","124","6","11","0","11","4","7","17","26","0","11","28","32","30","39","48","37","12","17","0","11","63","42","14","22","77","49","1734","251","701","144","18","28","0","11","24","25","19","27","0","11","9","15","46","47","66","54","59","42","107","50","201","81","69","39","83","35","1033","182","12","20","0","11","11","18","28","32","28","44","9","14","75","56","64","53","100","83","225","62","153","59","139","56","189","56",
"1400000US18097360900","Census Tract 3609, Marion County, Indiana","4848","846","1738","890","952","495","98","122","40","61","29","48","40","61","34","51","33","51","42","64","117","114","132","135","167","127","157","180","52","79","11","18","786","584","71","112","0","16","212","231","0","16","0","16","0","16","85","134","97","113","55","60","77","58","77","78","14","21","98","92","3110","448","1463","285","0","16","16","24","19","32","0","16","98","94","5","26","176","164","131","108","217","118","295","168","299","161","135","75","72","63","1647","275","32","49","0","16","0","16","80","116","0","16","0","16","125","120","155","115","354","114","352","140","215","118","26","32","308","131",
"1400000US18097361000","Census Tract 3610, Marion County, Indiana","2249","215","161","95","65","79","0","11","0","11","0","11","0","11","0","11","0","11","6","8","0","11","45","78","14","14","0","11","0","11","0","11","96","50","0","11","0","11","0","11","0","11","0","11","0","11","15","17","13","14","0","11","10","14","14","15","0","11","44","43","2088","198","1009","132","88","40","0","11","75","40","7","8","5","8","8","9","33","27","190","71","167","39","119","39","167","63","93","35","57","40","1079","132","152","60","7","10","100","36","26","18","13","12","6","7","12","13","227","63","97","27","161","49","152","42","94","38","32","21",
"1400000US18097361100","Census Tract 3611, Marion County, Indiana","3424","242","592","267","365","143","17","30","0","11","30","34","0","11","11","16","11","16","17","19","21","23","44","51","124","92","47","44","35","41","8","13","227","168","37","65","9","13","18","32","44","48","0","11","0","11","5","8","33","33","0","11","38","38","34","25","9","14","0","11","2832","282","1432","166","155","71","0","11","90","47","47","34","39","45","37","44","63","39","369","120","191","81","145","66","220","77","55","36","21","23","1400","175","143","64","16","24","155","70","16","17","9","13","0","11","29","27","367","100","206","86","164","55","173","61","115","52","7","12",
"1400000US18097361200","Census Tract 3612, Marion County, Indiana","3363","467","287","123","156","99","0","11","0","11","0","11","0","11","11","18","0","11","0","11","38","34","45","68","19","21","7","12","36","47","0","11","131","78","0","11","0","11","0","11","0","11","0","11","0","11","53","63","23","36","22","25","25","23","0","11","8","13","0","11","3076","436","1671","298","270","142","0","11","134","89","44","51","12","18","51","55","138","89","259","101","260","109","160","82","197","78","86","54","60","51","1405","265","58","72","55","52","66","51","87","82","0","11","12","16","139","85","157","75","178","90","173","110","224","79","132","78","124","75",
"1400000US18097361300","Census Tract 3613, Marion County, Indiana","2525","381","414","223","147","134","0","11","0","11","0","11","0","11","0","11","41","63","15","23","29","39","5","9","21","24","36","54","0","11","0","11","267","137","40","44","0","11","32","28","9","15","0","11","10","15","17","20","9","16","43","52","63","67","22","18","22","26","0","11","2111","407","1118","286","141","90","9","16","90","62","68","69","0","11","19","22","68","54","180","78","48","34","150","81","130","75","182","77","33","31","993","182","0","11","0","11","38","32","15","17","0","11","7","10","40","42","205","94","147","79","167","67","116","55","212","73","46","35",
"1400000US18097361400","Census Tract 3614, Marion County, Indiana","11486","876","1573","548","860","362","171","213","34","36","49","59","64","76","128","197","0","18","69","64","110","118","96","128","32","45","84","89","0","18","23","41","713","291","0","18","13","25","41","49","69","89","38","63","44","50","0","18","121","110","93","80","227","155","67","80","0","18","0","18","9913","992","4958","589","263","181","89","82","387","161","203","129","61","78","137","131","454","241","578","222","907","232","782","253","536","185","381","125","180","108","4955","675","203","157","104","124","405","243","396","273","0","18","48","80","252","141","825","257","850","289","447","174","625","242","342","139","458","173",
"1400000US18097361600","Census Tract 3616, Marion County, Indiana","9186","534","477","509","248","298","82","112","0","16","0","16","69","107","0","16","0","16","0","16","0","16","62","80","17","28","0","16","18","29","0","16","229","220","14","24","9","18","12","22","72","109","0","16","0","16","0","16","22","28","100","108","0","16","0","16","0","16","0","16","8709","769","4331","485","185","119","15","25","498","207","84","74","69","49","155","85","608","206","326","141","599","196","537","109","584","149","368","130","303","118","4378","506","207","103","20","31","263","125","132","119","61","52","58","55","407","207","406","184","629","184","733","180","698","156","392","163","372","150",
"1400000US18097370201","Census Tract 3702.01, Marion County, Indiana","4228","394","632","221","235","110","40","39","0","11","58","48","0","11","0","11","0","11","12","15","69","51","0","11","9","16","15","23","23","24","9","15","397","173","19","21","15","23","63","91","0","11","0","11","0","11","86","63","110","80","41","46","10","16","36","33","0","11","17","14","3596","420","1876","224","147","86","15","25","83","59","47","44","16","26","60","43","152","79","395","137","287","112","186","68","217","78","171","62","100","57","1720","253","120","89","58","67","55","41","87","62","28","32","38","52","199","78","237","98","182","88","227","94","272","85","108","48","109","48",
"1400000US18097370202","Census Tract 3702.02, Marion County, Indiana","6174","712","1489","566","676","318","103","96","0","16","73","64","42","47","19","30","27","42","84","95","107","107","99","129","74","72","0","16","32","52","16","27","813","325","144","112","27","46","104","104","0","16","1","2","28","40","107","71","68","55","97","75","39","62","127","104","71","77","0","16","4685","621","1928","359","92","91","0","16","46","58","34","46","37","42","0","16","288","237","311","186","356","165","322","101","165","89","244","113","33","40","2757","469","57","60","71","90","291","208","90","93","119","108","37","36","70","45","554","167","288","121","443","206","257","100","274","119","206","104",
"1400000US18097370301","Census Tract 3703.01, Marion County, Indiana","10569","463","826","423","416","266","43","74","0","18","86","86","0","18","0","18","0","18","1","4","113","96","0","18","17","24","45","52","45","48","66","70","410","198","0","18","0","18","0","18","52","83","12","23","0","18","34","54","54","51","105","67","50","48","32","39","35","37","36","53","9743","561","4973","467","443","226","18","30","733","190","68","72","108","70","121","112","464","227","761","204","655","146","703","157","470","148","228","112","201","93","4770","356","260","111","110","100","565","170","307","125","62","58","193","135","373","172","730","210","716","175","703","175","365","146","147","83","239","114",
"1400000US18097370302","Census Tract 3703.02, Marion County, Indiana","8655","568","1481","379","677","235","46","74","0","16","124","83","102","71","30","37","121","85","39","42","105","116","41","54","35","43","34","36","0","16","0","16","804","229","44","55","0","16","149","71","97","81","39","49","0","16","27","61","232","93","28","46","85","83","47","44","42","57","14","24","7174","607","3991","384","164","141","55","76","217","117","328","165","20","32","113","112","441","159","590","192","512","162","669","218","545","139","257","92","80","58","3183","396","180","105","19","33","343","136","54","51","74","62","134","82","125","87","542","161","474","164","398","129","467","156","292","95","81","68",
"1400000US18097380100","Census Tract 3801, Marion County, Indiana","19616","1016","2609","1078","1178","567","67","124","123","135","370","237","55","84","60","111","50","75","33","52","50","92","238","126","58","90","74","128","0","18","0","18","1431","604","278","282","0","18","216","169","57","87","43","76","0","18","255","216","382","213","44","75","0","18","104","118","0","18","52","85","17007","1214","7973","841","378","260","53","92","913","370","465","321","115","124","274","156","403","250","1221","439","1413","411","1327","405","758","335","512","180","141","126","9034","836","630","348","148","164","643","294","278","307","240","177","527","278","652","313","1663","528","1164","349","959","301","1091","379","701","247","338","158",
"1400000US18097380200","Census Tract 3802, Marion County, Indiana","2996","372","498","167","197","87","10","16","0","11","21","29","0","11","0","11","6","9","12","13","40","47","22","24","41","38","38","36","7","10","0","11","301","115","21","24","0","11","20","22","19","21","0","11","0","11","67","62","14","17","39","39","70","71","25","23","8","12","18","16","2498","380","1132","226","39","43","75","58","41","34","17","22","0","11","8","14","73","61","144","91","198","79","204","94","148","86","87","47","98","52","1366","298","123","75","5","9","127","86","66","42","0","11","0","11","73","37","53","44","316","115","135","57","212","98","119","56","137","56",
"1400000US18097380300","Census Tract 3803, Marion County, Indiana","4063","524","1407","381","655","205","61","47","0","11","87","63","11","17","14","20","8","14","192","132","47","51","9","14","46","45","136","93","34","31","10","16","752","290","85","96","7","13","38","43","12","17","0","11","12","17","309","195","91","74","41","45","67","54","56","48","19","23","15","18","2656","408","1432","228","36","43","0","11","155","100","72","63","0","11","37","36","182","115","187","110","198","81","265","91","171","76","76","38","53","31","1224","277","11","19","0","11","83","57","35","52","15","25","19","26","236","141","202","109","154","85","179","81","98","60","101","62","91","38",
"1400000US18097380402","Census Tract 3804.02, Marion County, Indiana","4918","344","1197","433","465","203","55","62","0","11","51","41","19","21","0","11","12","19","110","117","30","27","95","70","51","48","28","44","14","20","0","11","732","274","122","94","0","11","122","78","21","22","8","14","7","12","69","54","123","75","136","81","70","68","17","20","37","43","0","11","3721","413","1776","238","139","83","0","11","149","88","53","41","38","48","99","104","222","89","379","116","210","87","165","78","149","56","114","45","59","32","1945","273","29","26","11","17","156","72","88","60","29","43","9","15","198","103","412","154","271","94","259","112","174","68","215","78","94","46",
"1400000US18097380403","Census Tract 3804.03, Marion County, Indiana","4077","302","531","202","185","93","7","13","0","11","9","14","18","20","0","11","0","11","11","18","79","81","36","39","0","11","25","23","0","11","0","11","346","159","47","56","0","11","19","21","8","14","9","15","20","22","62","70","65","74","36","33","25","23","37","48","0","11","18","20","3546","305","1778","206","131","71","22","27","100","58","41","30","56","55","57","50","74","48","245","112","171","71","285","96","373","110","100","43","123","53","1768","230","104","71","9","15","77","49","63","51","12","18","35","24","120","61","208","78","340","125","268","125","202","67","179","115","151","48",
"1400000US18097380404","Census Tract 3804.04, Marion County, Indiana","3737","356","770","332","337","151","21","30","0","11","95","80","32","50","28","44","43","49","31","43","0","11","31","50","18","28","27","26","0","11","11","17","433","203","42","51","0","11","0","11","105","73","0","11","15","23","22","31","82","55","60","51","16","25","23","21","37","32","31","30","2967","354","1231","186","51","50","0","11","29","31","66","53","17","25","30","34","56","39","217","88","88","39","250","133","237","73","128","50","62","40","1736","256","78","77","9","15","102","68","68","58","32","29","71","39","85","55","216","94","173","67","204","67","319","77","178","57","201","79",
"1400000US18097380501","Census Tract 3805.01, Marion County, Indiana","2449","309","655","323","305","208","40","67","14","21","25","33","0","11","0","11","0","11","20","34","174","170","0","11","11","17","21","24","0","11","0","11","350","182","67","74","0","11","50","65","0","11","0","11","0","11","39","46","91","81","10","16","36","30","43","54","0","11","14","16","1794","208","997","169","105","71","13","21","73","58","45","36","14","20","24","27","49","50","84","51","163","57","172","51","132","66","81","40","42","27","797","113","23","27","13","20","23","27","14","22","0","11","13","20","44","32","132","71","100","42","140","71","118","49","87","36","90","44",
"1400000US18097380502","Census Tract 3805.02, Marion County, Indiana","3286","417","591","271","330","226","25","40","0","11","0","11","0","11","0","11","0","11","142","182","40","54","49","55","2","4","71","52","1","4","0","11","261","118","10","15","20","32","0","11","0","11","0","11","0","11","132","80","61","53","18","24","20","31","0","11","0","11","0","11","2695","310","1369","215","199","117","21","26","116","78","0","11","7","13","47","46","93","60","278","110","125","56","191","74","196","76","61","47","35","31","1326","195","88","68","49","52","48","39","17","21","0","11","23","33","167","97","158","73","123","53","186","76","210","64","165","54","92","50",
"1400000US18097380600","Census Tract 3806, Marion County, Indiana","5473","628","913","469","404","204","72","92","0","16","0","16","22","38","37","60","0","16","83","91","19","35","71","97","18","28","0","16","82","80","0","16","509","351","80","96","0","16","33","54","0","16","0","16","33","54","53","67","103","135","33","54","103","101","38","52","33","39","0","16","4560","599","2317","389","196","142","30","57","245","111","69","67","17","28","41","48","150","100","559","290","188","110","404","181","268","119","116","94","34","40","2243","331","241","123","0","16","128","78","111","62","16","25","55","62","105","86","334","148","288","112","275","131","214","102","309","119","167","140",
"1400000US18097380700","Census Tract 3807, Marion County, Indiana","5741","790","1490","721","827","492","42","74","110","152","211","199","77","114","0","16","0","16","98","94","61","106","122","136","78","105","15","23","13","21","0","16","663","344","131","142","0","16","82","120","0","16","31","51","0","16","80","71","156","135","126","137","0","16","15","24","27","31","15","24","4251","694","2146","482","139","148","79","95","162","128","0","16","0","16","27","31","361","189","469","204","198","127","227","117","258","88","166","73","60","46","2105","349","183","144","0","16","28","48","57","64","0","16","29","47","269","154","411","177","206","109","200","92","442","146","165","93","115","72",
"1400000US18097380800","Census Tract 3808, Marion County, Indiana","2833","237","608","285","269","140","24","28","0","11","12","20","27","32","0","11","28","33","0","11","67","60","59","53","8","14","24","22","0","11","20","29","339","197","67","65","0","11","46","59","0","11","0","11","15","22","59","54","69","59","22","26","8","13","35","42","0","11","18","27","2225","328","1030","173","28","30","0","11","55","41","47","36","13","20","12","20","64","48","101","60","130","66","102","47","284","73","139","56","55","39","1195","248","31","38","0","11","94","58","36","36","22","25","4","11","85","57","169","65","109","66","134","101","326","70","125","58","60","39",
"1400000US18097380901","Census Tract 3809.01, Marion County, Indiana","4808","287","721","311","407","183","67","70","19","27","37","59","57","57","8","13","0","11","16","17","70","60","64","62","31","30","21","24","17","27","0","11","314","157","61","62","0","11","54","56","0","11","0","11","0","11","13","21","55","57","42","40","51","49","30","20","0","11","8","13","4087","439","2002","300","53","65","0","11","105","56","158","95","76","71","50","38","143","78","81","56","346","95","375","63","241","75","212","55","162","68","2085","245","29","30","13","20","62","46","79","48","35","32","72","51","159","84","122","77","292","106","409","89","245","72","357","69","211","73",
"1400000US18097380902","Census Tract 3809.02, Marion County, Indiana","5715","437","309","248","225","196","43","66","0","16","74","114","0","16","0","16","0","16","0","16","0","16","0","16","61","95","47","40","0","16","0","16","84","73","0","16","0","16","0","16","0","16","0","16","0","16","43","49","0","16","0","16","0","16","20","30","21","33","0","16","5406","497","2679","272","175","102","14","23","101","70","78","62","0","16","54","61","239","108","488","132","257","113","482","142","270","97","367","97","154","85","2727","347","128","95","39","41","158","131","187","112","0","16","40","38","203","102","446","159","281","113","448","103","375","111","206","68","216","86",
"1400000US18097381001","Census Tract 3810.01, Marion County, Indiana","7135","773","1901","803","921","492","166","213","22","35","139","106","57","72","0","16","77","67","138","117","32","36","160","120","109","118","17","27","2","4","2","4","980","374","109","82","0","16","108","73","75","62","1","2","21","28","180","131","83","87","202","152","29","27","34","35","59","46","79","51","5234","755","2647","398","215","137","147","139","112","53","49","30","65","53","6","8","80","40","721","206","556","188","199","82","211","69","175","58","111","52","2587","451","262","167","18","19","99","47","58","30","3","5","16","24","295","192","536","197","290","107","285","107","253","137","271","86","201","85",
"1400000US18097381002","Census Tract 3810.02, Marion County, Indiana","3184","263","126","65","29","19","0","11","0","11","5","9","0","11","6","10","0","11","15","18","0","11","0","11","3","7","0","11","0","11","0","11","97","63","0","11","0","11","0","11","0","11","0","11","0","11","55","63","13","15","6","9","7","12","14","17","0","11","2","3","3058","250","1564","172","111","66","27","37","164","52","27","19","32","32","33","24","189","108","244","80","92","37","219","70","198","67","108","35","120","39","1494","144","111","51","3","4","103","46","60","52","24","19","44","32","125","55","159","62","176","50","260","67","187","56","120","34","122","42",
"1400000US18097381101","Census Tract 3811.01, Marion County, Indiana","5766","338","346","162","107","94","68","84","0","16","16","24","0","16","0","16","0","16","0","16","0","16","9","16","14","23","0","16","0","16","0","16","239","122","11","19","0","16","10","18","0","16","0","16","0","16","53","44","90","87","16","26","23","26","0","16","14","22","22","34","5420","363","2919","272","324","180","0","16","399","199","152","83","50","76","43","53","224","109","174","82","299","89","322","141","425","123","254","117","253","92","2501","275","174","118","15","26","103","80","52","46","15","25","54","58","98","68","405","164","349","163","286","89","412","144","306","103","232","87",
"1400000US18097381102","Census Tract 3811.02, Marion County, Indiana","5794","645","236","300","117","146","32","52","0","16","29","46","0","16","0","16","0","16","13","21","0","16","30","47","0","16","13","22","0","16","0","16","119","156","32","51","0","16","33","54","0","16","0","16","0","16","13","21","30","50","0","16","0","16","11","17","0","16","0","16","5558","609","2871","433","257","160","78","74","257","143","19","32","0","16","27","33","198","114","376","147","244","127","439","167","472","154","247","105","257","115","2687","310","27","43","26","42","59","80","74","61","0","16","67","51","198","142","528","199","373","155","458","161","492","159","232","132","153","63",
"1400000US18097381201","Census Tract 3812.01, Marion County, Indiana","7007","531","303","142","136","89","0","16","0","16","0","16","0","16","0","16","17","30","16","29","33","40","1","2","0","16","35","39","33","37","1","2","167","92","0","16","0","16","21","33","0","16","0","16","0","16","36","51","11","19","34","41","16","25","0","16","17","25","32","34","6704","533","3372","295","148","92","50","62","164","87","174","83","88","69","76","81","314","137","509","168","405","104","390","119","514","142","225","90","315","85","3332","362","182","97","0","16","208","111","181","137","60","73","58","69","247","113","429","179","360","99","351","107","501","130","328","103","427","106",
"1400000US18097381203","Census Tract 3812.03, Marion County, Indiana","3179","369","748","310","316","150","107","71","18","29","0","11","25","40","0","11","0","11","65","81","53","49","40","44","0","11","0","11","8","13","0","11","432","221","94","104","0","11","92","97","22","34","0","11","47","76","22","25","109","64","0","11","25","34","0","11","21","33","0","11","2431","329","1202","193","87","80","32","35","78","45","29","28","0","11","30","41","108","55","422","144","135","74","123","70","73","37","37","26","48","49","1229","225","76","65","39","35","161","92","43","37","12","20","15","19","58","40","351","109","171","83","78","42","108","71","98","48","19","16",
"1400000US18097381204","Census Tract 3812.04, Marion County, Indiana","2822","322","588","300","230","112","0","11","7","12","35","45","0","11","7","13","0","11","20","25","58","56","50","43","19","32","17","20","8","13","9","14","358","211","94","94","0","11","46","49","0","11","0","11","0","11","18","20","88","83","13","15","16","20","34","27","17","18","32","29","2234","238","1114","145","80","56","0","11","22","20","0","11","0","11","17","19","32","31","309","96","169","61","115","77","124","68","150","65","96","49","1120","177","72","52","0","11","32","25","15","17","20","29","9","15","24","28","196","92","86","56","87","55","89","46","217","68","273","83",
"1400000US18097381205","Census Tract 3812.05, Marion County, Indiana","6723","512","921","450","502","328","127","102","35","41","70","86","54","83","18","29","33","37","49","50","0","16","44","67","31","39","0","16","23","37","18","29","419","185","21","34","0","16","33","38","19","31","0","16","31","43","24","29","113","79","73","74","18","30","14","22","56","57","17","26","5802","565","2664","387","421","247","31","45","151","89","49","44","16","26","84","76","89","105","716","237","327","147","351","95","228","97","166","103","35","40","3138","373","164","128","99","102","480","192","162","130","14","23","78","59","121","83","522","163","451","151","438","141","331","111","196","109","82","66",
"1400000US18097390101","Census Tract 3901.01, Marion County, Indiana","8775","539","599","354","274","145","0","16","0","16","15","27","17","28","34","38","34","40","28","34","90","105","28","33","0","16","15","25","13","21","0","16","325","244","0","16","43","71","63","77","20","31","0","16","26","37","21","31","0","16","84","71","0","16","43","45","25","28","0","16","8176","483","4001","392","454","162","62","46","422","147","248","125","84","74","79","60","252","124","518","135","573","153","420","111","503","118","199","90","187","111","4175","292","300","119","44","54","461","131","176","100","121","93","51","47","304","119","531","167","712","157","506","125","447","111","263","102","259","98",
"1400000US18097390102","Census Tract 3901.02, Marion County, Indiana","5744","502","1455","545","702","299","141","169","41","69","203","186","42","68","12","31","14","25","75","88","42","71","38","64","24","23","35","53","35","43","0","16","753","333","41","65","42","71","98","77","50","66","44","53","32","48","130","91","108","94","92","80","77","61","9","14","30","37","0","16","4289","512","2237","319","157","107","32","36","362","213","106","69","0","16","107","90","303","184","190","110","240","84","174","89","306","125","210","111","50","53","2052","281","155","122","0","16","135","94","166","82","31","39","19","29","32","43","317","146","312","130","236","141","362","105","177","83","110","82",
"1400000US18097390200","Census Tract 3902, Marion County, Indiana","3997","430","135","91","55","42","0","11","7","12","12","19","7","11","0","11","0","11","5","9","24","29","0","11","0","11","0","11","0","11","0","11","80","64","10","17","0","11","0","11","0","11","0","11","0","11","7","12","17","25","26","31","0","11","20","25","0","11","0","11","3862","422","1985","252","241","78","58","40","220","114","74","48","62","50","69","61","149","79","199","99","358","97","165","57","195","61","168","64","27","23","1877","238","170","86","8","12","150","64","127","82","23","27","25","28","120","49","286","92","373","110","187","60","218","61","125","53","65","34",
"1400000US18097390300","Census Tract 3903, Marion County, Indiana","5827","355","240","154","110","91","14","22","0","16","12","21","0","16","0","16","0","16","0","16","0","16","57","81","14","22","0","16","13","14","0","16","130","93","13","22","12","20","11","18","0","16","0","16","0","16","0","16","27","33","12","20","0","16","18","29","22","27","15","24","5587","371","2881","274","171","123","51","42","263","136","273","117","31","37","88","66","239","108","339","145","374","94","360","110","341","99","238","68","113","52","2706","265","85","67","45","39","268","109","95","58","44","46","126","72","128","69","434","157","423","148","346","93","380","91","205","49","127","71",
"1400000US18097390402","Census Tract 3904.02, Marion County, Indiana","12028","485","247","147","134","83","0","18","0","18","0","18","0","18","0","18","50","63","0","18","0","18","0","18","54","65","0","18","30","36","0","18","113","83","0","18","0","18","0","18","0","18","0","18","0","18","0","18","0","18","36","59","43","55","15","23","0","18","19","32","11781","498","5807","445","588","242","264","149","305","175","213","182","91","101","108","102","559","243","816","228","1037","219","898","206","560","188","269","115","99","76","5974","517","727","295","111","150","595","307","259","164","57","79","155","141","306","186","986","317","786","198","735","182","835","204","332","123","90","59",
"1400000US18097390403","Census Tract 3904.03, Marion County, Indiana","10642","550","164","101","56","64","0","18","0","18","0","18","0","18","0","18","0","18","15","25","0","18","0","18","11","18","19","30","0","18","11","18","108","64","0","18","0","18","0","18","0","18","0","18","0","18","0","18","21","34","12","20","38","57","11","18","0","18","26","30","10478","520","5243","371","582","200","123","82","762","203","201","99","72","61","115","54","409","132","509","116","777","148","834","146","423","120","323","83","113","64","5235","349","349","134","62","52","651","177","275","112","84","67","215","105","376","114","637","151","853","146","672","108","494","130","289","77","278","95",
"1400000US18097390404","Census Tract 3904.04, Marion County, Indiana","5582","456","208","156","67","74","0","16","0","16","18","33","0","16","0","16","0","16","0","16","0","16","0","16","49","48","0","16","0","16","0","16","141","107","21","32","17","32","0","16","13","19","0","16","0","16","7","12","32","35","18","32","0","16","18","28","0","16","15","23","5374","475","2383","316","110","106","0","16","254","120","72","75","0","16","26","40","83","78","451","170","564","184","283","97","217","111","251","92","72","49","2991","361","114","101","29","40","379","183","50","51","42","68","83","83","367","197","386","116","240","125","328","136","401","163","405","115","167","100",
"1400000US18097390405","Census Tract 3904.05, Marion County, Indiana","4047","390","367","206","155","113","21","35","0","11","36","41","0","11","18","30","0","11","48","39","6","11","0","11","0","11","9","14","7","11","10","15","212","106","0","11","0","11","37","62","0","11","0","11","0","11","60","42","31","31","21","26","0","11","0","11","32","31","31","23","3680","397","1721","266","159","129","0","11","176","71","18","29","0","11","12","20","189","119","391","119","269","78","121","70","163","55","95","36","128","60","1959","249","172","82","22","34","110","61","66","46","13","20","22","29","155","88","473","126","315","117","203","81","183","73","107","50","118","60",
"1400000US18097390500","Census Tract 3905, Marion County, Indiana","2098","324","758","239","236","104","28","33","0","11","56","41","5","7","0","11","0","11","5","9","74","53","0","11","30","24","24","23","9","12","5","8","522","180","79","53","18","28","59","43","19","24","0","11","4","6","36","35","84","68","31","31","102","74","16","15","54","36","20","17","1340","282","680","178","55","45","14","20","20","32","12","19","0","11","0","11","38","40","145","89","131","91","90","41","91","39","41","30","43","26","660","145","8","12","0","11","4","6","8","12","10","14","37","38","23","30","101","70","49","37","110","55","160","45","53","36","97","34",
"1400000US18097390600","Census Tract 3906, Marion County, Indiana","5667","617","1144","453","467","254","134","98","59","72","40","62","55","66","0","16","0","16","93","89","29","46","33","51","0","16","24","39","0","16","0","16","677","245","16","25","0","16","79","123","16","26","35","55","14","22","103","67","195","142","48","57","64","67","28","33","51","47","28","31","4523","490","2111","385","84","70","72","76","213","153","55","76","0","16","48","45","147","106","736","261","228","105","100","58","215","127","160","77","53","50","2412","304","167","149","49","72","121","104","46","62","41","64","74","78","30","49","511","147","199","98","251","137","424","136","213","99","286","105",
"1400000US18097390700","Census Tract 3907, Marion County, Indiana","3067","459","986","354","507","219","0","11","0","11","84","91","55","62","0","11","40","61","29","48","109","86","58","46","76","50","56","52","0","11","0","11","479","209","15","22","0","11","26","36","96","102","0","11","15","25","49","43","71","93","111","84","66","59","17","28","13","22","0","11","2081","454","1027","262","0","11","0","11","163","105","115","102","38","46","0","11","99","79","192","116","158","92","130","85","94","52","33","29","5","11","1054","234","0","11","35","56","229","82","0","11","34","43","31","53","101","73","190","100","127","66","128","93","140","67","33","31","6","11",
"1400000US18097390800","Census Tract 3908, Marion County, Indiana","3992","360","396","239","189","120","15","23","0","11","36","40","33","37","0","11","11","18","24","29","0","11","33","29","27","43","10","16","0","11","0","11","207","136","13","22","0","11","46","47","28","45","0","11","0","11","9","14","12","19","21","24","37","45","41","41","0","11","0","11","3596","419","1952","297","146","87","0","11","210","99","96","63","22","32","75","46","212","105","322","163","295","120","171","87","205","97","136","41","62","35","1644","270","38","33","48","43","168","102","36","35","10","17","45","48","274","121","263","98","230","93","157","87","184","77","134","48","57","30",
"1400000US18097390900","Census Tract 3909, Marion County, Indiana","2771","311","456","237","200","112","25","36","0","11","26","36","0","11","0","11","0","11","54","60","47","58","10","13","2","4","19","21","17","18","0","11","256","154","27","38","26","37","26","37","0","11","0","11","0","11","79","72","24","33","11","17","28","29","10","15","25","42","0","11","2315","328","1178","227","213","98","0","11","25","28","34","38","0","11","0","11","32","43","303","115","201","59","92","49","156","59","101","64","21","23","1137","192","83","78","0","11","0","11","0","11","0","11","0","11","97","66","331","110","224","123","220","69","126","54","29","35","27","29",
"1400000US18097391000","Census Tract 3910, Marion County, Indiana","5326","521","1547","347","545","206","0","16","0","16","0","16","0","16","0","16","0","16","279","169","188","111","0","16","6","13","72","71","0","16","0","16","1002","313","0","16","0","16","0","16","0","16","5","13","0","16","525","260","365","182","30","46","27","47","50","59","0","16","0","16","3779","432","2305","440","23","39","0","16","0","16","0","16","0","16","65","68","478","239","1225","310","234","130","74","54","129","86","49","48","28","32","1474","244","1","17","0","16","0","16","0","16","16","27","0","16","238","141","862","226","73","64","94","74","93","61","75","89","22","27",
