"GEO_ID","NAME","B17001_001E","B17001_001M","B17001_002E","B17001_002M","B17001_003E","B17001_003M","B17001_004E","B17001_004M","B17001_005E","B17001_005M","B17001_006E","B17001_006M","B17001_007E","B17001_007M","B17001_008E","B17001_008M","B17001_009E","B17001_009M","B17001_010E","B17001_010M","B17001_011E","B17001_011M","B17001_012E","B17001_012M","B17001_013E","B17001_013M","B17001_014E","B17001_014M","B17001_015E","B17001_015M","B17001_016E","B17001_016M","B17001_017E","B17001_017M","B17001_018E","B17001_018M","B17001_019E","B17001_019M","B17001_020E","B17001_020M","B17001_021E","B17001_021M","B17001_022E","B17001_022M","B17001_023E","B17001_023M","B17001_024E","B17001_024M","B17001_025E","B17001_025M","B17001_026E","B17001_026M","B17001_027E","B17001_027M","B17001_028E","B17001_028M","B17001_029E","B17001_029M","B17001_030E","B17001_030M","B17001_031E","B17001_031M","B17001_032E","B17001_032M","B17001_033E","B17001_033M","B17001_034E","B17001_034M","B17001_035E","B17001_035M","B17001_036E","B17001_036M","B17001_037E","B17001_037M","B17001_038E","B17001_038M","B17001_039E","B17001_039M","B17001_040E","B17001_040M","B17001_041E","B17001_041M","B17001_042E","B17001_042M","B17001_043E","B17001_043M","B17001_044E","B17001_044M","B17001_045E","B17001_045M","B17001_046E","B17001_046M","B17001_047E","B17001_047M","B17001_048E","B17001_048M","B17001_049E","B17001_049M","B17001_050E","B17001_050M","B17001_051E","B17001_051M","B17001_052E","B17001_052M","B17001_053E","B17001_053M","B17001_054E","B17001_054M","B17001_055E","B17001_055M","B17001_056E","B17001_056M","B17001_057E","B17001_057M","B17001_058E","B17001_058M","B17001_059E","B17001_059M",
"Geography","Geographic Area Name","Estimate!!Total:","Margin of Error!!Total:","Estimate!!Total:!!Income in the past 12 months below poverty level:","Margin of Error!!Total:!!Income in the past 12 months below poverty level:","Estimate!!Total:!!Income in the past 12 months below poverty level:!!Male:","Margin of Error!!Total:!!Income in the past 12 months below poverty level:!!Male:","Estimate!!Total:!!Income in the past 12 months below poverty level:!!Male:!!Under 5 years","Margin of Error!!Total:!!Income in the past 12 months below poverty level:!!Male:!!Under 5 years","Estimate!!Total:!!Income in the past 12 months below poverty level:!!Male:!!5 years","Margin of Error!!Total:!!Income in the past 12 months below poverty level:!!Male:!!5 years","Estimate!!Total:!!Income in the past 12 months below poverty level:!!Male:!!6 to 11 years","Margin of Error!!Total:!!Income in the past 12 months below poverty level:!!Male:!!6 to 11 years","Estimate!!Total:!!Income in the past 12 months below poverty level:!!Male:!!12 to 14 years","Margin of Error!!Total:!!Income in the past 12 months below poverty level:!!Male:!!12 to 14 years","Estimate!!Total:!!Income in the past 12 months below poverty level:!!Male:!!15 years","Margin of Error!!Total:!!Income in the past 12 months below poverty level:!!Male:!!15 years","Estimate!!Total:!!Income in the past 12 months below poverty level:!!Male:!!16 and 17 years","Margin of Error!!Total:!!Income in the past 12 months below poverty level:!!Male:!!16 and 17 years","Estimate!!Total:!!Income in the past 12 months below poverty level:!!Male:!!18 to 24 years","Margin of Error!!Total:!!Income in the past 12 months below poverty level:!!Male:!!18 to 24 years","Estimate!!Total:!!Income in the past 12 months below poverty level:!!Male:!!25 to 34 years","Margin of Error!!Total:!!Income in the past 12 months below poverty level:!!Male:!!25 to 34 years","Estimate!!Total:!!Income in the past 12 months below poverty level:!!Male:!!35 to 44 years","Margin of Error!!Total:!!Income in the past 12 months below poverty level:!!Male:!!35 to 44 years","Estimate!!Total:!!Income in the past 12 months below poverty level:!!Male:!!45 to 54 years","Margin of Error!!Total:!!Income in the past 12 months below poverty level:!!Male:!!45 to 54 years","Estimate!!Total:!!Income in the past 12 months below poverty level:!!Male:!!55 to 64 years","Margin of Error!!Total:!!Income in the past 12 months below poverty level:!!Male:!!55 to 64 years","Estimate!!Total:!!Income in the past 12 months below poverty level:!!Male:!!65 to 74 years","Margin of Error!!Total:!!Income in the past 12 months below poverty level:!!Male:!!65 to 74 years","Estimate!!Total:!!Income in the past 12 months below poverty level:!!Male:!!75 years and over","Margin of Error!!Total:!!Income in the past 12 months below poverty level:!!Male:!!75 years and over","Estimate!!Total:!!Income in the past 12 months below poverty level:!!Female:","Margin of Error!!Total:!!Income in the past 12 months below poverty level:!!Female:","Estimate!!Total:!!Income in the past 12 months below poverty level:!!Female:!!Under 5 years","Margin of Error!!Total:!!Income in the past 12 months below poverty level:!!Female:!!Under 5 years","Estimate!!Total:!!Income in the past 12 months below poverty level:!!Female:!!5 years","Margin of Error!!Total:!!Income in the past 12 months below poverty level:!!Female:!!5 years","Estimate!!Total:!!Income in the past 12 months below poverty level:!!Female:!!6 to 11 years","Margin of Error!!Total:!!Income in the past 12 months below poverty level:!!Female:!!6 to 11 years","Estimate!!Total:!!Income in the past 12 months below poverty level:!!Female:!!12 to 14 years","Margin of Error!!Total:!!Income in the past 12 months below poverty level:!!Female:!!12 to 14 years","Estimate!!Total:!!Income in the past 12 months below poverty level:!!Female:!!15 years","Margin of Error!!Total:!!Income in the past 12 months below poverty level:!!Female:!!15 years","Estimate!!Total:!!Income in the past 12 months below poverty level:!!Female:!!16 and 17 years","Margin of Error!!Total:!!Income in the past 12 months below poverty level:!!Female:!!16 and 17 years","Estimate!!Total:!!Income in the past 12 months below poverty level:!!Female:!!18 to 24 years","Margin of Error!!Total:!!Income in the past 12 months below poverty level:!!Female:!!18 to 24 years","Estimate!!Total:!!Income in the past 12 months below poverty level:!!Female:!!25 to 34 years","Margin of Error!!Total:!!Income in the past 12 months below poverty level:!!Female:!!25 to 34 years","Estimate!!Total:!!Income in the past 12 months below poverty level:!!Female:!!35 to 44 years","Margin of Error!!Total:!!Income in the past 12 months below poverty level:!!Female:!!35 to 44 years","Estimate!!Total:!!Income in the past 12 months below poverty level:!!Female:!!45 to 54 years","Margin of Error!!Total:!!Income in the past 12 months below poverty level:!!Female:!!45 to 54 years","Estimate!!Total:!!Income in the past 12 months below poverty level:!!Female:!!55 to 64 years","Margin of Error!!Total:!!Income in the past 12 months below poverty level:!!Female:!!55 to 64 years","Estimate!!Total:!!Income in the past 12 months below poverty level:!!Female:!!65 to 74 years","Margin of Error!!Total:!!Income in the past 12 months below poverty level:!!Female:!!65 to 74 years","Estimate!!Total:!!Income in the past 12 months below poverty level:!!Female:!!75 years and over","Margin of Error!!Total:!!Income in the past 12 months below poverty level:!!Female:!!75 years and over","Estimate!!Total:!!Income in the past 12 months at or above poverty level:","Margin of Error!!Total:!!Income in the past 12 months at or above poverty level:","Estimate!!Total:!!Income in the past 12 months at or above poverty level:!!Male:","Margin of Error!!Total:!!Income in the past 12 months at or above poverty level:!!Male:","Estimate!!Total:!!Income in the past 12 months at or above poverty level:!!Male:!!Under 5 years","Margin of Error!!Total:!!Income in the past 12 months at or above poverty level:!!Male:!!Under 5 years","Estimate!!Total:!!Income in the past 12 months at or above poverty level:!!Male:!!5 years","Margin of Error!!Total:!!Income in the past 12 months at or above poverty level:!!Male:!!5 years","Estimate!!Total:!!Income in the past 12 months at or above poverty level:!!Male:!!6 to 11 years","Margin of Error!!Total:!!Income in the past 12 months at or above poverty level:!!Male:!!6 to 11 years","Estimate!!Total:!!Income in the past 12 months at or above poverty level:!!Male:!!12 to 14 years","Margin of Error!!Total:!!Income in the past 12 months at or above poverty level:!!Male:!!12 to 14 years","Estimate!!Total:!!Income in the past 12 months at or above poverty level:!!Male:!!15 years","Margin of Error!!Total:!!Income in the past 12 months at or above poverty level:!!Male:!!15 years","Estimate!!Total:!!Income in the past 12 months at or above poverty level:!!Male:!!16 and 17 years","Margin of Error!!Total:!!Income in the past 12 months at or above poverty level:!!Male:!!16 and 17 years","Estimate!!Total:!!Income in the past 12 months at or above poverty level:!!Male:!!18 to 24 years","Margin of Error!!Total:!!Income in the past 12 months at or above poverty level:!!Male:!!18 to 24 years","Estimate!!Total:!!Income in the past 12 months at or above poverty level:!!Male:!!25 to 34 years","Margin of Error!!Total:!!Income in the past 12 months at or above poverty level:!!Male:!!25 to 34 years","Estimate!!Total:!!Income in the past 12 months at or above poverty level:!!Male:!!35 to 44 years","Margin of Error!!Total:!!Income in the past 12 months at or above poverty level:!!Male:!!35 to 44 years","Estimate!!Total:!!Income in the past 12 months at or above poverty level:!!Male:!!45 to 54 years","Margin of Error!!Total:!!Income in the past 12 months at or above poverty level:!!Male:!!45 to 54 years","Estimate!!Total:!!Income in the past 12 months at or above poverty level:!!Male:!!55 to 64 years","Margin of Error!!Total:!!Income in the past 12 months at or above poverty level:!!Male:!!55 to 64 years","Estimate!!Total:!!Income in the past 12 months at or above poverty level:!!Male:!!65 to 74 years","Margin of Error!!Total:!!Income in the past 12 months at or above poverty level:!!Male:!!65 to 74 years","Estimate!!Total:!!Income in the past 12 months at or above poverty level:!!Male:!!75 years and over","Margin of Error!!Total:!!Income in the past 12 months at or above poverty level:!!Male:!!75 years and over","Estimate!!Total:!!Income in the past 12 months at or above poverty level:!!Female:","Margin of Error!!Total:!!Income in the past 12 months at or above poverty level:!!Female:","Estimate!!Total:!!Income in the past 12 months at or above poverty level:!!Female:!!Under 5 years","Margin of Error!!Total:!!Income in the past 12 months at or above poverty level:!!Female:!!Under 5 years","Estimate!!Total:!!Income in the past 12 months at or above poverty level:!!Female:!!5 years","Margin of Error!!Total:!!Income in the past 12 months at or above poverty level:!!Female:!!5 years","Estimate!!Total:!!Income in the past 12 months at or above poverty level:!!Female:!!6 to 11 years","Margin of Error!!Total:!!Income in the past 12 months at or above poverty level:!!Female:!!6 to 11 years","Estimate!!Total:!!Income in the past 12 months at or above poverty level:!!Female:!!12 to 14 years","Margin of Error!!Total:!!Income in the past 12 months at or above poverty level:!!Female:!!12 to 14 years","Estimate!!Total:!!Income in the past 12 months at or above poverty level:!!Female:!!15 years","Margin of Error!!Total:!!Income in the past 12 months at or above poverty level:!!Female:!!15 years","Estimate!!Total:!!Income in the past 12 months at or above poverty level:!!Female:!!16 and 17 years","Margin of Error!!Total:!!Income in the past 12 months at or above poverty level:!!Female:!!16 and 17 years","Estimate!!Total:!!Income in the past 12 months at or above poverty level:!!Female:!!18 to 24 years","Margin of Error!!Total:!!Income in the past 12 months at or above poverty level:!!Female:!!18 to 24 years","Estimate!!Total:!!Income in the past 12 months at or above poverty level:!!Female:!!25 to 34 years","Margin of Error!!Total:!!Income in the past 12 months at or above poverty level:!!Female:!!25 to 34 years","Estimate!!Total:!!Income in the past 12 months at or above poverty level:!!Female:!!35 to 44 years","Margin of Error!!Total:!!Income in the past 12 months at or above poverty level:!!Female:!!35 to 44 years","Estimate!!Total:!!Income in the past 12 months at or above poverty level:!!Female:!!45 to 54 years","Margin of Error!!Total:!!Income in the past 12 months at or above poverty level:!!Female:!!45 to 54 years","Estimate!!Total:!!Income in the past 12 months at or above poverty level:!!Female:!!55 to 64 years","Margin of Error!!Total:!!Income in the past 12 months at or above poverty level:!!Female:!!55 to 64 years","Estimate!!Total:!!Income in the past 12 months at or above poverty level:!!Female:!!65 to 74 years","Margin of Error!!Total:!!Income in the past 12 months at or above poverty level:!!Female:!!65 to 74 years","Estimate!!Total:!!Income in the past 12 months at or above poverty level:!!Female:!!75 years and over","Margin of Error!!Total:!!Income in the past 12 months at or above poverty level:!!Female:!!75 years and over",
"1400000US18097310104","Census Tract 3101.04; Marion County; Indiana","3081","388","112","88","41","42","0","13","0","13","0","13","0","13","0","13","0","13","0","13","2","5","1","4","0","13","0","13","27","39","11","20","71","52","0","13","0","13","0","13","0","13","0","13","0","13","0","13","0","13","1","3","0","13","2","4","58","50","10","17","2969","390","1208","256","0","13","0","13","0","13","31","58","0","13","32","48","117","66","408","173","321","189","128","116","70","61","75","51","26","27","1761","405","115","139","0","13","0","13","0","13","0","13","23","37","174","175","290","193","246","166","255","212","222","120","212","99","224","188",
"1400000US18097310105","Census Tract 3101.05; Marion County; Indiana","4263","679","593","353","248","198","60","66","0","13","114","123","0","13","0","13","0","13","29","43","0","13","0","13","0","13","14","17","17","18","14","23","345","238","0","13","0","13","0","13","0","13","0","13","0","13","70","96","157","141","20","31","0","13","11","16","40","30","47","52","3670","673","1666","507","59","49","53","53","146","81","97","97","29","39","80","48","105","68","378","367","229","97","214","100","180","69","58","36","38","37","2004","327","149","111","10","17","152","118","108","85","0","13","27","33","253","121","275","119","327","150","296","101","161","79","190","78","56","41",
"1400000US18097310106","Census Tract 3101.06; Marion County; Indiana","4168","566","468","296","338","255","0","13","0","13","0","13","0","13","0","13","0","13","17","28","100","98","135","132","1","2","84","122","1","2","0","13","130","136","0","13","0","13","0","13","0","13","0","13","0","13","67","102","40","47","0","13","0","13","23","39","0","13","0","13","3700","582","1702","439","74","118","0","13","0","13","61","94","153","218","0","13","374","269","355","211","23","39","186","150","197","171","164","136","115","70","1998","514","115","140","0","13","88","116","0","13","0","13","0","13","90","70","574","252","326","208","153","114","122","76","165","99","365","174",
"1400000US18097310108","Census Tract 3101.08; Marion County; Indiana","3863","607","196","128","50","45","0","13","0","13","24","37","0","13","0","13","0","13","0","13","8","13","0","13","0","13","0","13","0","13","18","21","146","90","0","13","0","13","0","13","27","42","0","13","4","7","29","25","43","45","0","13","0","13","16","19","19","21","8","13","3667","631","1817","295","135","93","44","30","177","133","48","32","4","6","35","31","49","43","202","86","148","75","216","75","287","68","396","237","76","35","1850","383","136","70","38","43","29","25","38","42","16","23","47","46","86","55","218","133","185","122","223","89","308","68","419","223","107","54",
"1400000US18097310110","Census Tract 3101.10; Marion County; Indiana","2283","286","220","145","55","44","0","13","0","13","0","13","0","13","0","13","0","13","0","13","24","38","0","13","17","26","0","13","14","22","0","13","165","129","28","46","0","13","0","13","0","13","0","13","0","13","41","48","61","69","0","13","0","13","13","20","22","38","0","13","2063","257","838","230","21","26","0","13","40","50","26","43","25","41","0","13","108","74","194","95","69","49","81","71","152","77","75","51","47","75","1225","198","17","24","22","26","20","23","0","13","83","88","0","13","103","75","190","97","62","40","120","101","337","111","218","105","53","65",
"1400000US18097310111","Census Tract 3101.11; Marion County; Indiana","3149","374","734","492","260","167","0","13","0","13","22","27","47","52","0","13","36","48","22","37","9","18","117","88","7","13","0","13","0","13","0","13","474","379","97","106","87","102","0","13","0","13","0","13","64","81","37","43","11","17","91","78","24","43","11","20","39","45","13","20","2415","419","1258","287","28","43","0","13","65","43","20","40","12","20","0","13","237","140","485","271","70","56","88","52","79","51","142","69","32","32","1157","241","8","14","0","13","22","46","28","36","0","13","45","47","126","103","316","175","174","113","124","84","120","64","181","66","13","19",
"1400000US18097310112","Census Tract 3101.12; Marion County; Indiana","6111","847","278","245","102","93","0","18","0","18","0","18","12","22","11","20","0","18","12","22","35","40","11","19","0","18","0","18","0","18","21","35","176","208","0","18","0","18","0","18","0","18","0","18","0","18","0","18","0","18","138","199","17","28","0","18","0","18","21","35","5833","728","2959","630","96","72","39","52","161","81","254","253","153","199","132","136","76","69","147","71","398","191","242","100","757","218","309","185","195","109","2874","356","119","109","0","18","171","92","110","78","19","29","160","102","124","73","208","95","272","70","523","307","662","237","226","110","280","145",
"1400000US18097310113","Census Tract 3101.13; Marion County; Indiana","1036","156","16","22","7","11","0","13","0","13","0","13","0","13","0","13","0","13","0","13","0","13","0","13","0","13","0","13","7","11","0","13","9","11","0","13","0","13","0","13","0","13","0","13","0","13","1","2","0","13","1","2","0","13","7","11","0","13","0","13","1020","158","540","95","4","8","6","9","65","20","51","36","0","13","0","13","9","11","46","36","66","43","76","40","113","63","73","51","31","31","480","91","34","31","0","13","21","27","4","7","0","13","0","13","0","13","51","38","44","29","66","45","165","66","77","48","18","16",
"1400000US18097310201","Census Tract 3102.01; Marion County; Indiana","4613","646","597","383","257","195","61","94","0","13","55","72","0","13","0","13","0","13","68","88","0","13","0","13","59","54","10","16","0","13","4","6","340","222","0","13","30","50","54","84","0","13","0","13","26","49","60","63","0","13","135","121","19","22","16","28","0","13","0","13","4016","533","1976","319","209","106","0","13","207","91","55","41","14","22","72","61","180","113","359","186","169","69","215","98","260","92","180","103","56","39","2040","401","89","68","13","21","121","100","74","73","0","13","111","117","355","195","259","138","314","142","331","125","211","85","105","74","57","48",
"1400000US18097310203","Census Tract 3102.03; Marion County; Indiana","5219","833","635","352","46","51","0","18","0","18","0","18","0","18","0","18","0","18","0","18","39","52","0","18","0","18","0","18","0","18","7","11","589","353","56","78","0","18","109","154","74","111","0","18","0","18","0","18","66","68","41","59","65","86","51","60","40","43","87","106","4584","944","1853","447","112","103","0","18","205","168","18","30","85","87","89","91","277","157","169","126","260","155","45","47","204","79","141","76","248","149","2731","680","254","173","37","54","183","167","189","162","0","18","92","127","114","91","317","140","417","253","320","151","90","60","317","180","401","201",
"1400000US18097310204","Census Tract 3102.04; Marion County; Indiana","5280","929","678","279","324","140","49","53","0","18","65","84","23","34","0","18","55","82","16","24","13","19","40","37","12","20","51","46","0","18","0","18","354","164","0","18","0","18","18","28","23","36","0","18","0","18","0","18","39","46","127","114","42","38","62","54","43","55","0","18","4602","943","2135","500","19","30","36","53","294","163","28","51","22","33","80","49","315","244","180","92","372","174","316","114","286","101","125","78","62","52","2467","520","93","89","0","18","73","65","74","66","79","75","66","58","284","137","423","243","369","136","567","247","261","91","129","67","49","52",
"1400000US18097310305","Census Tract 3103.05; Marion County; Indiana","6678","939","1186","477","475","256","96","109","0","18","0","18","42","45","0","18","37","40","87","114","44","47","63","58","106","98","0","18","0","18","0","18","711","309","95","145","83","75","0","18","49","77","0","18","0","18","80","91","124","143","93","88","51","57","24","40","112","111","0","18","5492","882","2631","542","136","120","0","18","253","190","25","46","59","93","147","148","263","161","470","281","536","263","394","226","241","130","107","85","0","18","2861","582","264","192","0","18","367","327","76","108","89","96","0","18","637","336","304","165","447","224","149","116","302","176","178","101","48","57",
"1400000US18097310306","Census Tract 3103.06; Marion County; Indiana","8597","1266","2555","888","1093","520","35","56","0","18","170","189","178","168","0","18","0","18","237","368","90","98","111","101","38","53","210","148","0","18","24","40","1462","591","275","200","37","57","160","141","95","152","59","81","0","18","0","18","318","209","190","176","174","148","154","147","0","18","0","18","6042","1229","2793","557","27","46","66","106","466","271","172","118","34","51","108","155","258","180","399","204","391","219","448","226","240","170","123","66","61","75","3249","796","784","429","98","133","152","140","77","109","0","18","81","76","191","147","344","216","423","190","768","471","208","176","51","50","72","53",
"1400000US18097310308","Census Tract 3103.08; Marion County; Indiana","3414","452","539","329","289","171","43","56","35","47","0","13","23","41","0","13","0","13","11","19","74","88","31","43","0","13","44","52","12","22","16","28","250","250","0","13","0","13","40","53","0","13","0","13","0","13","1","2","93","144","30","41","65","82","10","18","0","13","11","17","2875","435","1333","244","70","73","0","13","91","78","82","76","17","25","23","32","163","104","250","136","128","76","231","142","168","101","45","38","65","63","1542","314","38","46","0","13","85","120","119","89","58","62","63","86","178","186","193","115","215","99","225","142","226","91","53","43","89","63",
"1400000US18097310309","Census Tract 3103.09; Marion County; Indiana","3048","445","635","212","294","145","23","24","22","25","0","13","0","13","60","85","0","13","52","51","22","24","0","13","63","73","38","42","14","22","0","13","341","138","0","13","0","13","0","13","0","13","0","13","0","13","126","114","30","28","42","56","0","13","78","67","24","25","41","58","2413","516","1178","348","34","39","7","13","135","116","73","58","11","26","47","56","149","111","281","159","206","100","74","68","131","92","30","38","0","13","1235","298","81","83","0","13","31","42","48","58","0","13","20","33","235","178","283","106","150","92","192","77","100","107","78","45","17","21",
"1400000US18097310310","Census Tract 3103.10; Marion County; Indiana","5104","807","376","330","45","45","18","34","0","18","0","18","0","18","0","18","0","18","0","18","0","18","0","18","14","22","0","18","12","19","1","2","331","311","0","18","0","18","17","31","0","18","19","31","0","18","0","18","240","279","15","26","15","25","10","18","15","24","0","18","4728","721","2319","480","148","115","13","20","100","76","197","116","0","18","221","149","318","208","339","164","347","138","211","92","124","74","301","169","0","18","2409","414","88","81","23","38","132","103","87","85","30","33","122","122","212","98","408","165","272","104","288","100","298","121","303","205","146","155",
"1400000US18097310311","Census Tract 3103.11; Marion County; Indiana","6560","1260","919","952","338","289","0","18","0","18","100","145","88","126","0","18","53","77","13","21","12","17","6","12","29","37","37","46","0","18","0","18","581","680","183","273","60","87","102","148","0","18","0","18","0","18","0","18","79","113","58","70","0","18","99","98","0","18","0","18","5641","846","2907","529","159","110","0","18","272","206","99","80","77","90","124","103","529","242","385","272","320","140","347","147","189","84","249","109","157","98","2734","439","92","76","50","57","185","113","286","153","52","80","4","11","69","61","339","221","420","200","470","162","396","145","224","84","147","117",
"1400000US18097310312","Census Tract 3103.12; Marion County; Indiana","5518","641","540","403","170","177","0","18","0","18","0","18","0","18","0","18","0","18","0","18","0","18","170","177","0","18","0","18","0","18","0","18","370","314","85","111","47","86","0","18","0","18","0","18","0","18","81","102","38","69","3","14","0","18","30","50","86","85","0","18","4978","730","2691","534","138","191","132","200","127","106","97","151","0","18","109","135","509","321","350","216","340","247","180","141","353","141","316","207","40","51","2287","519","114","125","12","20","144","206","19","31","0","18","0","18","92","91","365","253","465","271","359","218","346","168","254","185","117","83",
"1400000US18097320105","Census Tract 3201.05; Marion County; Indiana","4453","545","513","361","247","171","35","36","0","13","69","74","0","13","0","13","0","13","55","96","64","61","24","37","0","13","0","13","0","13","0","13","266","237","60","89","22","33","56","51","0","13","0","13","0","13","36","55","71","69","21","33","0","13","0","13","0","13","0","13","3940","677","1834","501","134","158","0","13","286","243","111","82","0","13","57","66","109","89","268","137","207","151","165","76","202","112","129","94","166","84","2106","366","104","93","0","13","50","67","46","57","40","55","46","57","193","141","378","173","299","124","170","117","231","76","322","139","227","96",
"1400000US18097320106","Census Tract 3201.06; Marion County; Indiana","3673","1496","414","241","123","80","20","28","0","13","0","13","0","13","44","57","0","13","11","17","0","13","0","13","0","13","18","31","30","32","0","13","291","177","0","13","51","66","0","13","52","67","0","13","0","13","10","16","0","13","0","13","57","48","14","21","53","35","54","59","3259","1532","1651","805","98","104","120","109","260","328","21","25","11","26","10","17","43","44","541","459","148","99","109","54","96","45","97","48","97","74","1608","754","105","71","35","40","353","405","72","60","0","13","59","43","116","83","408","327","122","64","78","50","93","48","85","47","82","51",
"1400000US18097320107","Census Tract 3201.07; Marion County; Indiana","2014","487","30","17","10","12","0","13","0","13","0","13","0","13","0","13","0","13","0","13","0","13","2","4","6","9","2","6","0","13","0","13","20","16","0","13","0","13","0","13","0","13","0","13","0","13","3","7","3","5","0","13","9","14","0","13","0","13","5","8","1984","488","1015","249","48","32","29","24","117","132","7","10","0","13","13","14","22","18","191","89","118","31","168","104","149","68","81","26","72","31","969","258","54","33","7","10","110","128","8","12","0","13","30","30","31","24","118","40","192","124","80","33","183","60","79","26","77","27",
"1400000US18097320108","Census Tract 3201.08; Marion County; Indiana","4479","643","811","426","323","212","41","66","0","13","0","13","43","65","0","13","0","13","0","13","38","57","120","140","0","13","71","89","10","18","0","13","488","263","0","13","0","13","0","13","48","75","0","13","0","13","12","29","125","137","88","90","25","40","128","162","52","80","10","17","3668","659","1800","454","138","145","0","13","354","212","0","13","21","37","29","45","21","34","578","275","215","123","197","115","95","72","78","65","74","62","1868","434","104","89","0","13","156","145","22","29","0","13","16","30","221","203","610","333","227","135","190","109","113","81","106","127","103","74",
"1400000US18097320109","Census Tract 3201.09; Marion County; Indiana","2670","411","158","86","19","20","0","13","0","13","0","13","0","13","0","13","2","4","0","13","1","6","2","4","0","13","0","13","0","13","14","19","139","82","0","13","0","13","0","13","0","13","0","13","0","13","0","13","9","16","12","17","0","13","11","20","13","17","94","67","2512","427","1155","173","51","61","8","24","46","53","86","70","26","29","44","42","90","73","76","43","197","74","94","47","151","61","138","50","148","72","1357","361","17","29","0","13","36","40","62","45","13","21","101","69","20","29","122","74","132","79","182","66","347","312","174","55","151","60",
"1400000US18097320202","Census Tract 3202.02; Marion County; Indiana","4882","655","215","145","64","72","0","18","0","18","0","18","0","18","0","18","0","18","21","34","0","18","0","18","0","18","0","18","43","62","0","18","151","83","0","18","0","18","0","18","0","18","0","18","0","18","49","44","0","18","22","32","20","30","18","29","42","60","0","18","4667","658","2185","376","78","63","22","21","95","67","19","24","30","38","25","30","231","155","451","251","168","93","193","81","370","110","378","151","125","63","2482","401","133","125","0","18","81","64","49","52","14","23","74","78","140","85","522","275","240","108","252","181","520","170","273","122","184","79",
"1400000US18097320203","Census Tract 3202.03; Marion County; Indiana","2616","319","190","79","147","70","0","13","0","13","5","8","0","13","0","13","6","10","18","21","19","30","42","41","0","13","11","14","0","13","46","44","43","30","0","13","0","13","0","13","0","13","0","13","0","13","0","13","10","16","6","9","0","13","9","13","10","16","8","13","2426","319","1189","222","51","59","0","13","40","37","8","23","7","12","7","13","26","26","408","133","93","62","170","110","220","83","94","53","65","39","1237","199","61","40","5","9","24","25","5","8","0","13","4","7","139","60","315","98","91","49","291","162","96","42","93","47","113","57",
"1400000US18097320205","Census Tract 3202.05; Marion County; Indiana","1885","266","173","114","86","85","0","13","0","13","0","13","0","13","0","13","0","13","28","46","58","70","0","13","0","13","0","13","0","13","0","13","87","69","0","13","0","13","0","13","0","13","0","13","0","13","61","56","0","13","0","13","0","13","0","13","26","40","0","13","1712","225","809","161","11","17","0","13","33","43","0","13","0","13","0","13","63","62","318","115","150","121","131","62","26","29","36","32","41","45","903","217","69","61","0","13","31","46","0","13","0","13","0","13","88","66","282","128","119","77","51","45","101","71","118","58","44","35",
"1400000US18097320206","Census Tract 3202.06; Marion County; Indiana","2712","542","744","419","248","201","0","13","0","13","0","13","119","110","0","13","0","13","0","13","89","142","0","13","40","48","0","13","0","13","0","13","496","297","0","13","0","13","0","13","112","107","23","38","24","38","218","155","0","13","98","85","0","13","11","17","10","16","0","13","1968","558","1054","393","13","22","0","13","64","105","59","72","27","44","30","43","221","223","242","173","18","31","95","92","130","87","55","48","100","65","914","352","7","21","31","39","37","63","0","13","43","66","28","45","78","73","228","301","43","58","237","122","48","38","68","52","66","49",
"1400000US18097320301","Census Tract 3203.01; Marion County; Indiana","3767","520","315","291","179","209","118","176","0","13","0","13","0","13","0","13","0","13","1","3","10","16","0","13","1","4","10","16","30","35","9","15","136","106","0","13","0","13","0","13","25","40","0","13","0","13","0","13","0","13","0","13","1","3","1","3","69","75","40","31","3452","467","1633","276","107","115","12","17","53","33","50","35","0","13","9","15","76","53","272","95","145","95","159","61","292","75","305","94","153","65","1819","283","116","74","10","16","92","80","70","51","0","13","26","26","76","55","185","86","182","97","188","74","235","52","377","144","262","83",
"1400000US18097320303","Census Tract 3203.03; Marion County; Indiana","3547","477","559","317","339","217","50","85","0","13","77","112","0","13","0","13","0","13","93","91","45","41","74","84","0","13","0","13","0","13","0","13","220","151","0","13","0","13","0","13","0","13","0","13","0","13","35","46","105","91","65","96","15","25","0","13","0","13","0","13","2988","535","1417","300","34","43","0","13","0","13","0","13","0","13","0","13","185","91","751","237","203","119","114","97","118","102","12","18","0","13","1571","502","58","73","0","13","216","186","93","70","0","13","75","56","150","80","601","207","184","152","81","75","54","52","59","40","0","13",
"1400000US18097320305","Census Tract 3203.05; Marion County; Indiana","2804","347","22","25","22","25","0","13","0","13","0","13","0","13","0","13","0","13","0","13","0","13","0","13","0","13","0","13","11","17","11","19","0","13","0","13","0","13","0","13","0","13","0","13","0","13","0","13","0","13","0","13","0","13","0","13","0","13","0","13","2782","348","1350","239","86","55","17","24","78","55","105","90","46","43","50","44","38","35","83","46","211","66","149","67","206","57","127","92","154","96","1432","216","79","75","0","13","151","109","86","54","0","13","56","49","79","67","123","52","184","69","202","86","168","72","185","105","119","87",
"1400000US18097320306","Census Tract 3203.06; Marion County; Indiana","3968","387","174","104","87","78","0","13","0","13","0","13","0","13","0","13","0","13","0","13","2","4","0","13","0","13","85","78","0","13","0","13","87","69","0","13","0","13","0","13","0","13","0","13","0","13","16","25","54","57","0","13","0","13","0","13","17","27","0","13","3794","405","1612","306","53","39","0","13","118","69","0","13","21","29","25","30","128","91","424","193","152","54","300","123","149","80","143","66","99","70","2182","354","78","35","22","27","112","90","29","47","56","54","19","29","301","184","446","161","283","192","284","120","130","80","158","65","264","160",
"1400000US18097320400","Census Tract 3204; Marion County; Indiana","3122","519","231","165","84","52","0","13","0","13","0","13","21","24","0","13","0","13","0","13","21","30","10","13","15","19","14","20","3","7","0","13","147","158","11","21","0","13","8","14","0","13","0","13","0","13","0","13","110","151","16","19","0","13","2","5","0","13","0","13","2891","501","1592","278","176","99","38","30","117","86","22","24","0","13","0","13","187","132","379","131","185","94","161","69","156","92","117","56","54","41","1299","276","154","91","44","78","115","79","7","14","0","13","41","69","131","85","122","57","187","89","151","65","78","44","170","79","99","48",
"1400000US18097320500","Census Tract 3205; Marion County; Indiana","3206","512","272","132","144","101","35","55","0","13","0","13","15","22","0","13","10","18","36","33","0","13","0","13","0","13","0","13","48","48","0","13","128","75","0","13","0","13","0","13","0","13","0","13","0","13","27","32","43","46","12","19","0","13","0","13","30","29","16","19","2934","516","1452","348","132","109","7","12","76","66","241","214","35","33","21","24","40","35","114","43","170","68","249","137","187","53","101","42","79","61","1482","222","36","31","15","17","176","64","90","110","10","16","40","37","112","67","200","99","219","136","90","44","358","120","85","36","51","35",
"1400000US18097320600","Census Tract 3206; Marion County; Indiana","2558","518","287","169","89","64","0","13","0","13","32","42","0","13","0","13","0","13","1","2","27","26","0","13","0","13","6","11","23","26","0","13","198","129","0","13","22","36","21","34","0","13","0","13","0","13","7","12","41","39","0","13","48","46","18","19","32","36","9","14","2271","514","1283","357","49","47","26","39","177","241","32","32","27","40","0","13","117","90","302","115","172","100","213","82","112","65","56","41","0","13","988","188","42","37","0","13","75","50","25","37","16","22","0","13","47","44","211","66","323","178","77","53","69","37","64","35","39","25",
"1400000US18097320700","Census Tract 3207; Marion County; Indiana","2181","294","148","72","67","46","0","13","0","13","0","13","0","13","0","13","0","13","8","14","9","15","0","13","42","39","0","13","8","12","0","13","81","47","0","13","0","13","0","13","0","13","0","13","0","13","37","36","0","13","0","13","12","20","17","18","9","14","6","10","2033","294","1105","216","59","64","15","20","21","21","24","40","0","13","60","89","94","78","283","91","228","94","107","73","114","53","79","33","21","21","928","126","0","13","101","55","72","57","0","13","0","13","0","13","56","32","184","65","181","67","74","48","178","68","63","28","19","29",
"1400000US18097320800","Census Tract 3208; Marion County; Indiana","2870","211","39","27","19","20","0","13","0","13","0","13","0","13","0","13","4","6","0","13","0","13","0","13","3","5","6","13","2","4","4","5","20","14","0","13","0","13","0","13","0","13","0","13","0","13","0","13","0","13","3","6","3","5","0","13","6","9","8","7","2831","210","1355","130","57","36","8","6","114","40","72","24","40","25","44","19","26","14","47","22","145","23","259","37","153","42","199","40","191","88","1476","111","30","17","16","16","111","35","86","30","10","9","53","22","33","18","75","28","166","31","233","38","219","49","226","41","218","85",
"1400000US18097320901","Census Tract 3209.01; Marion County; Indiana","5948","810","332","329","123","123","50","79","0","18","0","18","0","18","0","18","0","18","0","18","0","18","29","41","4","6","16","24","24","38","0","18","209","306","0","18","109","174","0","18","0","18","0","18","0","18","0","18","0","18","82","131","0","18","18","29","0","18","0","18","5616","808","3068","569","219","154","0","18","305","163","130","110","0","18","65","73","123","144","630","316","417","126","259","148","458","223","288","106","174","80","2548","377","154","126","15","25","225","132","92","71","40","60","40","60","12","21","105","77","442","121","197","107","632","258","379","104","215","97",
"1400000US18097320902","Census Tract 3209.02; Marion County; Indiana","4183","658","763","344","404","266","49","76","56","67","53","65","46","56","22","41","0","13","0","13","109","114","5","12","43","51","8","16","13","21","0","13","359","156","6","11","0","13","8","20","0","13","0","13","22","39","0","13","94","73","119","92","0","13","39","41","59","73","12","19","3420","614","1925","442","141","132","147","102","112","92","96","95","78","96","98","86","166","121","464","170","287","125","75","55","151","94","82","51","28","31","1495","288","116","114","41","53","84","82","114","110","0","13","21","32","91","60","279","133","330","128","187","98","131","65","60","43","41","38",
"1400000US18097320903","Census Tract 3209.03; Marion County; Indiana","5240","933","1205","761","508","426","48","82","0","18","294","404","0","18","0","18","0","18","55","72","18","31","32","42","0","18","61","45","0","18","0","18","697","392","31","53","23","38","62","62","21","31","0","18","20","36","42","51","229","278","172","126","43","52","54","42","0","18","0","18","4035","785","1828","418","129","98","147","79","91","75","31","41","54","80","111","88","264","197","151","85","367","138","236","206","149","107","54","41","44","57","2207","505","200","150","23","37","191","98","37","34","0","18","19","34","104","80","506","253","493","203","298","186","139","70","162","77","35","29",
"1400000US18097321001","Census Tract 3210.01; Marion County; Indiana","3026","539","374","402","18","25","0","13","0","13","0","13","0","13","0","13","0","13","0","13","2","7","0","13","0","13","0","13","16","24","0","13","356","400","0","13","0","13","121","166","92","154","0","13","0","13","30","50","28","48","16","23","69","73","0","13","0","13","0","13","2652","568","1180","305","22","22","62","49","101","86","89","109","0","13","31","49","81","104","105","95","218","111","102","85","186","119","88","62","95","65","1472","366","75","69","0","13","231","140","15","25","50","58","4","7","24","28","338","149","243","109","87","62","187","157","170","86","48","44",
"1400000US18097321002","Census Tract 3210.02; Marion County; Indiana","4830","1095","337","183","100","93","0","13","0","13","0","13","0","13","0","13","0","13","29","45","55","52","3","5","0","13","2","3","11","15","0","13","237","128","0","13","0","13","0","13","0","13","0","13","0","13","47","54","107","94","20","30","5","6","48","65","10","15","0","13","4493","1092","2387","740","15","13","0","13","175","68","148","108","56","45","48","47","464","500","310","218","258","120","221","71","362","217","269","129","61","35","2106","434","102","88","3","5","239","132","23","31","0","13","6","11","43","42","82","54","359","121","413","272","292","108","353","123","191","118",
"1400000US18097321100","Census Tract 3211; Marion County; Indiana","3790","520","266","90","136","46","0","13","0","13","7","9","3","5","0","13","2","4","16","22","8","8","5","6","31","25","21","21","41","28","2","4","130","64","0","13","0","13","3","5","5","8","5","8","5","8","11","16","10","11","1","2","10","10","50","57","2","3","28","26","3524","510","1746","216","116","99","31","36","162","65","54","35","4","6","8","11","75","50","264","99","223","54","216","68","287","168","231","64","75","35","1778","347","34","25","15","17","101","67","26","20","2","4","22","21","112","56","375","218","179","47","187","53","418","148","202","55","105","47",
"1400000US18097321200","Census Tract 3212; Marion County; Indiana","4927","973","333","182","134","83","0","13","15","12","0","13","16","14","0","13","0","13","0","13","13","21","15","24","0","13","0","13","75","71","0","13","199","114","0","13","0","13","31","26","0","13","0","13","0","13","8","12","41","61","21","32","0","13","39","32","48","53","11","20","4594","988","2026","338","114","68","0","13","154","76","154","146","39","45","74","56","59","56","479","143","359","197","221","75","158","81","152","74","63","61","2568","714","496","479","45","42","143","88","60","52","42","43","53","50","117","106","517","117","305","209","346","126","203","96","110","52","131","83",
"1400000US18097321300","Census Tract 3213; Marion County; Indiana","2565","362","170","99","54","48","0","13","0","13","0","13","0","13","0","13","0","13","34","35","0","13","0","13","0","13","0","13","20","20","0","13","116","72","0","13","0","13","0","13","0","13","0","13","0","13","64","57","25","29","0","13","10","15","17","22","0","13","0","13","2395","366","1276","281","168","123","0","13","32","35","0","13","0","13","0","13","78","70","490","158","251","102","119","59","104","53","27","24","7","9","1119","149","101","76","0","13","27","29","16","24","0","13","37","39","17","20","421","130","132","52","175","55","37","37","99","53","57","41",
"1400000US18097321400","Census Tract 3214; Marion County; Indiana","5249","681","447","304","240","181","17","28","0","18","18","28","0","18","0","18","0","18","102","149","0","18","31","39","55","86","17","27","0","18","0","18","207","235","0","18","0","18","0","18","83","135","0","18","0","18","49","75","15","25","60","87","0","18","0","18","0","18","0","18","4802","807","2018","432","93","77","25","39","19","27","38","51","13","20","58","59","245","155","681","291","269","132","102","71","197","144","244","128","34","37","2784","601","147","107","0","18","264","293","58","57","19","31","69","49","175","110","722","221","258","106","423","202","363","189","254","123","32","38",
"1400000US18097321600","Census Tract 3216; Marion County; Indiana","5743","1197","800","537","520","348","204","253","0","18","0","18","0","18","0","18","0","18","0","18","18","30","1","2","1","2","49","57","213","244","34","38","280","264","0","18","74","93","0","18","0","18","0","18","0","18","110","167","71","88","0","18","0","18","0","18","0","18","25","31","4943","1228","2090","421","239","248","30","43","160","199","114","161","0","18","0","18","257","152","285","157","207","66","143","128","272","128","173","81","210","132","2853","913","172","116","15","26","542","603","63","71","26","40","0","18","258","253","509","235","228","108","263","193","282","108","375","201","120","87",
"1400000US18097321700","Census Tract 3217; Marion County; Indiana","3703","555","285","166","112","111","0","13","0","13","0","13","0","13","0","13","0","13","2","6","13","22","72","110","0","13","25","30","0","13","0","13","173","117","0","13","0","13","0","13","0","13","0","13","0","13","104","120","56","64","0","13","0","13","0","13","0","13","13","20","3418","496","1619","283","76","60","0","13","13","21","45","70","27","42","0","13","187","222","462","116","254","101","56","66","301","68","144","91","54","51","1799","311","105","111","0","13","114","100","10","18","0","13","0","13","22","34","639","154","233","109","146","92","191","74","207","110","132","84",
"1400000US18097321800","Census Tract 3218; Marion County; Indiana","3306","541","49","38","34","32","0","13","0","13","0","13","0","13","0","13","0","13","11","18","0","13","0","13","12","19","0","13","11","16","0","13","15","18","0","13","0","13","0","13","0","13","0","13","0","13","0","13","0","13","0","13","10","17","5","8","0","13","0","13","3257","540","1527","298","97","63","74","45","145","152","30","28","12","22","14","22","73","52","204","74","279","123","212","75","160","54","145","62","82","34","1730","283","43","37","36","35","214","129","54","54","18","29","23","27","62","39","286","75","319","135","184","72","223","65","154","51","114","52",
"1400000US18097321900","Census Tract 3219; Marion County; Indiana","3247","630","593","311","308","197","0","18","0","18","0","18","0","18","0","18","0","18","296","196","0","18","11","19","1","2","0","18","0","18","0","18","285","240","0","18","0","18","0","18","0","18","0","18","0","18","257","237","27","31","1","3","0","18","0","18","0","18","0","18","2654","558","1177","218","47","42","0","18","164","109","21","23","45","35","0","18","1","3","156","64","246","115","148","47","154","64","97","45","98","44","1477","377","237","160","84","123","75","52","31","32","15","23","52","43","64","50","207","74","217","115","207","51","83","31","131","59","74","39",
"1400000US18097322000","Census Tract 3220; Marion County; Indiana","3553","593","655","228","371","157","12","19","24","26","47","65","0","13","16","24","0","13","128","109","57","47","21","26","22","26","28","42","7","11","9","15","284","110","0","13","0","13","24","26","8","19","0","13","7","16","68","43","29","27","73","61","12","19","42","32","0","13","21","24","2898","608","1300","297","51","37","0","13","110","68","76","55","43","40","13","21","22","23","315","118","174","75","128","70","204","150","133","107","31","26","1598","381","75","56","0","13","110","72","63","47","0","13","26","28","237","120","197","74","382","268","160","73","187","76","142","56","19","30",
"1400000US18097322100","Census Tract 3221; Marion County; Indiana","3063","604","443","475","235","321","115","188","0","13","60","102","0","13","0","13","0","13","23","22","0","13","31","52","1","6","5","11","0","13","0","13","208","171","0","13","0","13","0","13","0","13","0","13","15","24","24","28","104","141","22","39","0","13","43","40","0","13","0","13","2620","386","1293","219","195","140","77","63","121","86","0","13","49","80","22","35","36","52","161","91","287","58","110","61","131","83","83","40","21","27","1327","243","115","67","56","86","222","109","33","34","5","9","0","13","51","56","226","85","261","68","174","108","80","63","69","41","35","32",
"1400000US18097322200","Census Tract 3222; Marion County; Indiana","2292","279","123","100","66","76","23","39","18","32","0","13","0","13","0","13","0","13","9","15","11","18","0","13","0","13","0","13","5","7","0","13","57","38","2","12","0","13","0","13","0","13","0","13","0","13","27","26","15","18","13","22","0","13","0","13","0","13","0","13","2169","265","1226","177","152","67","32","27","97","49","36","29","0","13","27","21","46","40","232","66","220","67","172","55","98","58","69","41","45","29","943","120","114","48","9","11","41","23","50","35","32","32","0","13","30","19","155","41","169","53","112","37","92","53","66","25","73","41",
"1400000US18097322300","Census Tract 3223; Marion County; Indiana","2396","433","169","99","97","83","0","13","0","13","0","13","0","13","0","13","0","13","0","13","27","39","11","15","44","67","0","13","6","11","9","14","72","44","12","18","0","13","0","13","0","13","0","13","0","13","8","14","6","10","27","28","7","11","12","14","0","13","0","13","2227","402","1203","361","78","44","0","13","64","34","19","20","0","13","0","13","169","203","337","99","156","50","165","178","132","29","53","31","30","26","1024","221","151","97","8","12","52","36","5","10","15","18","60","70","25","26","256","67","198","65","112","81","68","43","59","42","15","17",
"1400000US18097322400","Census Tract 3224; Marion County; Indiana","2791","334","241","147","137","92","0","13","0","13","0","13","0","13","0","13","0","13","40","50","38","34","0","13","12","19","36","40","11","18","0","13","104","79","0","13","0","13","0","13","0","13","0","13","0","13","26","34","0","13","16","25","51","51","11","18","0","13","0","13","2550","359","1250","251","54","51","33","28","19","22","47","53","22","26","26","39","82","71","466","106","217","137","121","88","55","44","108","44","0","13","1300","290","118","90","0","13","29","44","23","27","14","23","0","13","267","205","392","136","182","87","66","47","98","62","99","40","12","18",
"1400000US18097322500","Census Tract 3225; Marion County; Indiana","1524","276","312","101","147","78","0","13","0","13","11","18","0","13","0","13","0","13","23","35","48","47","21","21","10","16","10","15","18","28","6","10","165","62","0","13","0","13","0","13","0","13","0","13","0","13","20","29","23","26","37","37","36","43","32","26","5","9","12","14","1212","259","659","146","49","55","0","13","67","77","0","13","0","13","0","13","127","103","153","82","98","79","50","44","65","39","50","26","0","13","553","179","0","13","0","13","65","62","83","88","0","13","4","9","38","26","135","76","106","62","46","38","29","29","46","28","1","3",
"1400000US18097322601","Census Tract 3226.01; Marion County; Indiana","1920","405","674","302","178","171","72","112","0","13","0","13","0","13","0","13","0","13","90","131","0","13","0","13","0","13","16","26","0","13","0","13","496","215","45","71","0","13","0","13","0","13","60","65","16","29","17","29","133","117","82","65","20","30","72","74","51","59","0","13","1246","381","648","305","0","13","0","13","181","155","28","42","54","52","53","47","122","87","25","36","106","106","34","38","31","37","0","13","14","20","598","214","0","13","0","13","56","68","25","40","0","13","0","13","45","55","35","53","45","51","149","89","162","91","20","22","61","40",
"1400000US18097322602","Census Tract 3226.02; Marion County; Indiana","1801","481","60","48","16","24","0","13","0","13","0","13","0","13","0","13","0","13","0","13","0","13","0","13","0","13","13","21","3","11","0","13","44","47","0","13","0","13","0","13","0","13","0","13","0","13","0","13","0","13","17","39","0","13","0","13","12","20","15","18","1741","476","869","260","0","13","0","13","73","60","0","13","0","13","8","24","125","87","52","47","126","69","114","92","187","171","50","36","134","147","872","282","25","34","0","13","70","72","93","145","35","42","0","13","86","47","136","68","43","40","92","105","91","39","128","100","73","55",
"1400000US18097322700","Census Tract 3227; Marion County; Indiana","1840","367","315","248","65","50","0","13","0","13","0","13","0","13","0","13","0","13","0","13","0","13","19","31","0","13","7","13","0","13","39","35","250","235","0","13","0","13","0","13","0","13","0","13","0","13","0","13","17","23","0","13","3","5","115","195","91","114","24","31","1525","287","771","141","0","13","17","24","26","36","55","51","0","13","32","38","64","53","87","82","63","58","154","65","89","42","119","59","65","49","754","199","0","13","0","13","17","31","49","60","30","34","30","34","52","43","95","64","97","57","139","91","152","58","54","39","39","34",
"1400000US18097330103","Census Tract 3301.03; Marion County; Indiana","3702","695","201","108","53","52","0","13","0","13","0","13","0","13","0","13","0","13","0","13","33","37","20","32","0","13","0","13","0","13","0","13","148","99","0","13","0","13","0","13","0","13","0","13","0","13","51","67","30","47","35","63","0","13","17","31","15","25","0","13","3501","716","1807","543","307","322","0","13","30","37","0","13","0","13","0","13","123","105","278","142","317","169","230","160","95","63","201","93","226","172","1694","382","63","108","0","13","87","106","0","13","0","13","0","13","75","71","276","120","240","139","111","116","278","119","401","239","163","82",
"1400000US18097330105","Census Tract 3301.05; Marion County; Indiana","4582","771","540","332","165","103","0","13","0","13","0","13","0","13","0","13","0","13","1","4","23","31","64","84","48","68","0","13","29","49","0","13","375","311","0","13","0","13","0","13","0","13","0","13","37","59","193","265","0","13","22","38","1","5","0","13","77","75","45","54","4042","697","2024","345","65","56","24","38","243","103","68","106","0","13","0","13","301","185","398","170","179","94","209","130","302","113","153","87","82","72","2018","579","75","64","0","13","94","55","123","119","29","48","15","25","137","142","394","174","604","389","74","55","275","101","151","83","47","59",
"1400000US18097330106","Census Tract 3301.06; Marion County; Indiana","4941","1421","1280","773","637","416","199","216","0","18","0","18","0","18","0","18","0","18","83","122","148","160","153","170","54","61","0","18","0","18","0","18","643","380","154","167","0","18","0","18","128","151","0","18","0","18","45","50","118","145","61","92","51","55","46","51","15","23","25","31","3661","1287","1879","796","220","302","0","18","175","176","168","215","0","18","0","18","75","69","696","419","135","88","103","85","171","147","113","89","23","38","1782","649","31","52","0","18","110","179","167","158","56","77","24","42","175","154","395","274","152","110","151","113","211","122","177","101","133","77",
"1400000US18097330107","Census Tract 3301.07; Marion County; Indiana","4889","458","209","110","134","84","0","13","0","13","0","13","18","28","0","13","38","59","0","13","0","13","0","13","22","35","0","13","38","41","18","29","75","55","0","13","0","13","0","13","0","13","0","13","0","13","9","16","19","31","17","28","0","13","0","13","30","34","0","13","4680","461","2269","257","118","69","0","13","202","78","22","26","17","27","146","105","118","77","250","113","266","80","236","112","388","143","326","134","180","83","2411","362","33","38","24","40","141","73","93","53","18","27","41","49","60","66","200","87","419","102","301","241","510","150","324","121","247","112",
"1400000US18097330108","Census Tract 3301.08; Marion County; Indiana","3738","904","81","73","27","32","0","13","0","13","0","13","0","13","0","13","0","13","0","13","0","13","0","13","0","13","3","7","0","13","24","32","54","46","0","13","0","13","0","13","0","13","0","13","0","13","0","13","13","21","0","13","0","13","3","8","24","31","14","21","3657","900","1849","429","109","63","18","24","216","228","58","41","0","13","42","31","50","36","290","202","278","172","201","62","238","49","247","62","102","52","1808","497","227","248","25","26","74","53","53","38","10","17","10","17","45","32","256","212","291","189","179","86","185","63","347","120","106","52",
"1400000US18097330109","Census Tract 3301.09; Marion County; Indiana","4946","986","76","89","50","60","0","13","0","13","0","13","0","13","0","13","0","13","6","9","38","56","0","13","6","9","0","13","0","13","0","13","26","34","0","13","0","13","0","13","0","13","0","13","0","13","0","13","0","13","23","31","3","12","0","13","0","13","0","13","4870","976","2139","437","60","49","24","36","109","76","67","63","13","23","115","153","128","111","329","114","390","250","167","102","338","98","319","164","80","59","2731","630","322","289","55","46","152","100","76","83","17","29","50","43","151","101","522","323","187","87","368","137","386","129","360","89","85","52",
"1400000US18097330203","Census Tract 3302.03; Marion County; Indiana","4784","511","149","227","113","171","0","13","0","13","75","114","38","57","0","13","0","13","0","13","0","13","0","13","0","13","0","13","0","13","0","13","36","55","0","13","0","13","0","13","0","13","0","13","0","13","0","13","0","13","0","13","36","55","0","13","0","13","0","13","4635","527","2470","385","198","112","23","34","98","69","146","129","30","34","92","89","68","51","151","112","300","78","404","180","329","122","473","127","158","76","2165","244","174","114","14","24","90","66","61","55","51","53","20","31","13","22","182","89","228","103","268","134","607","166","372","125","85","59",
"1400000US18097330204","Census Tract 3302.04; Marion County; Indiana","6086","864","45","68","19","32","0","18","0","18","0","18","0","18","0","18","0","18","0","18","0","18","0","18","0","18","0","18","19","32","0","18","26","37","0","18","0","18","0","18","0","18","0","18","0","18","5","10","0","18","0","18","0","18","21","36","0","18","0","18","6041","885","2891","446","58","59","47","53","306","166","224","169","51","58","109","71","103","79","268","140","572","144","281","124","422","140","397","262","53","58","3150","505","181","152","0","18","308","150","51","78","67","69","144","118","277","196","153","97","510","152","386","132","759","352","256","129","58","44",
"1400000US18097330206","Census Tract 3302.06; Marion County; Indiana","4881","847","40","44","13","20","0","13","0","13","0","13","0","13","0","13","0","13","0","13","0","13","0","13","0","13","0","13","13","20","0","13","27","26","0","13","0","13","0","13","0","13","0","13","0","13","5","8","0","13","0","13","9","14","0","13","13","21","0","13","4841","851","2074","351","162","126","23","25","150","90","87","44","16","21","53","48","164","79","215","102","269","75","400","209","352","89","129","57","54","34","2767","602","587","485","6","10","169","99","45","37","52","38","71","43","84","42","281","114","445","207","396","100","371","109","195","74","65","44",
"1400000US18097330208","Census Tract 3302.08; Marion County; Indiana","2757","430","82","57","44","36","0","13","0","13","0","13","0","13","0","13","0","13","9","16","0","13","0","13","12","19","10","16","13","19","0","13","38","28","0","13","0","13","0","13","0","13","0","13","0","13","8","12","0","13","0","13","0","13","18","18","12","18","0","13","2675","433","1290","226","139","100","20","22","47","39","36","55","0","13","0","13","30","24","311","169","161","63","145","68","195","67","161","46","45","38","1385","246","129","98","87","84","74","53","22","20","0","13","25","27","39","31","311","155","129","64","113","54","214","61","158","53","84","41",
"1400000US18097330210","Census Tract 3302.10; Marion County; Indiana","7044","1191","228","184","145","149","0","18","0","18","0","18","0","18","0","18","0","18","0","18","0","18","71","102","74","106","0","18","0","18","0","18","83","98","0","18","0","18","0","18","0","18","0","18","0","18","0","18","7","23","0","18","0","18","58","86","0","18","18","28","6816","1217","2651","695","256","197","0","18","437","221","117","139","0","18","283","328","181","115","247","147","311","129","341","276","349","158","72","66","57","59","4165","785","188","135","182","237","287","172","419","259","108","104","297","164","372","215","582","331","871","296","452","160","125","82","258","127","24","36",
"1400000US18097330211","Census Tract 3302.11; Marion County; Indiana","5396","724","932","538","455","256","74","130","0","18","83","98","57","92","22","38","0","18","53","81","0","18","0","18","74","84","57","53","35","48","0","18","477","318","67","109","49","87","67","119","0","18","0","18","0","18","0","18","148","137","42","50","0","18","8","15","65","59","31","49","4464","913","1973","429","113","127","146","137","207","179","24","46","23","42","123","113","255","189","359","240","270","141","263","146","150","98","34","47","6","10","2491","615","243","171","0","18","223","191","255","187","51","76","87","104","201","170","220","147","429","236","237","118","415","192","109","78","21","36",
"1400000US18097330212","Census Tract 3302.12; Marion County; Indiana","5380","835","577","291","208","111","14","25","0","18","0","18","87","69","0","18","0","18","0","18","11","20","76","59","0","18","7","14","13","22","0","18","369","188","0","18","0","18","116","68","0","18","0","18","98","72","0","18","27","31","105","78","16","22","7","14","0","18","0","18","4803","855","2223","587","213","163","33","41","218","255","174","205","0","18","21","36","54","54","464","310","476","201","172","146","176","101","151","84","71","69","2580","473","126","86","22","33","389","322","140","135","11","22","36","40","356","228","270","185","441","171","307","135","276","135","96","82","110","62",
"1400000US18097330213","Census Tract 3302.13; Marion County; Indiana","3723","937","224","294","208","292","0","13","0","13","0","13","0","13","0","13","0","13","206","292","0","13","0","13","1","2","1","2","0","13","0","13","16","25","0","13","0","13","0","13","0","13","0","13","0","13","16","25","0","13","0","13","0","13","0","13","0","13","0","13","3499","678","1861","411","137","84","42","31","112","80","152","114","0","13","48","41","57","64","374","315","168","62","250","92","187","67","186","97","148","54","1638","316","0","13","20","24","86","61","36","34","48","45","0","13","310","269","190","75","190","56","169","79","330","96","138","68","121","48",
"1400000US18097330401","Census Tract 3304.01; Marion County; Indiana","5528","760","77","67","0","18","0","18","0","18","0","18","0","18","0","18","0","18","0","18","0","18","0","18","0","18","0","18","0","18","0","18","77","67","0","18","0","18","0","18","0","18","0","18","0","18","46","47","0","18","0","18","14","21","11","17","6","10","0","18","5451","748","2659","493","179","214","112","134","246","194","66","72","95","89","44","48","105","96","240","166","397","175","255","139","405","154","261","114","254","133","2792","488","243","177","0","18","46","56","17","29","77","86","21","37","180","169","672","246","287","134","329","150","416","171","297","123","207","106",
"1400000US18097330500","Census Tract 3305; Marion County; Indiana","5962","1184","529","413","164","133","0","18","0","18","0","18","0","18","0","18","0","18","0","18","30","49","74","103","0","18","0","18","60","88","0","18","365","325","0","18","0","18","179","280","30","51","0","18","24","41","0","18","23","41","55","70","0","18","54","80","0","18","0","18","5433","1238","2547","596","20","61","60","81","127","107","114","138","20","34","27","66","169","116","287","194","425","289","495","301","342","177","263","127","198","99","2886","822","115","117","0","18","273","277","41","43","43","72","23","42","204","227","277","171","225","150","511","303","513","176","348","106","313","112",
"1400000US18097330600","Census Tract 3306; Marion County; Indiana","6010","1039","818","567","600","500","0","18","0","18","0","18","112","163","0","18","0","18","74","84","1","2","2","4","20","31","391","494","0","18","0","18","218","187","0","18","0","18","0","18","25","43","0","18","28","45","0","18","70","112","0","18","54","79","41","49","0","18","0","18","5192","933","2779","677","362","231","116","117","449","191","18","31","17","28","23","42","441","226","418","193","466","219","91","78","135","162","106","80","137","83","2413","648","37","60","25","48","328","174","34","77","60","117","50","75","288","178","655","384","548","188","50","47","190","97","59","58","89","77",
"1400000US18097330701","Census Tract 3307.01; Marion County; Indiana","2380","870","159","162","100","128","0","13","0","13","0","13","0","13","0","13","0","13","0","13","59","88","0","13","36","58","0","13","5","11","0","13","59","54","0","13","0","13","0","13","0","13","0","13","0","13","0","13","0","13","24","39","0","13","6","8","3","7","26","40","2221","835","1032","425","0","13","0","13","215","201","0","13","0","13","0","13","80","59","411","351","41","44","120","94","56","50","58","58","51","79","1189","456","0","13","0","13","108","101","82","75","35","50","31","42","59","69","149","108","348","339","111","81","159","131","42","40","65","80",
"1400000US18097330702","Census Tract 3307.02; Marion County; Indiana","4395","689","1121","465","296","225","55","61","0","13","37","50","50","72","0","13","0","13","29","41","0","13","0","13","69","76","36","44","20","23","0","13","825","328","43","58","50","49","176","95","0","13","56","81","0","13","105","78","112","92","30","40","13","20","191","112","49","55","0","13","3274","784","1749","604","348","388","89","107","30","43","0","13","0","13","108","164","175","120","210","110","356","174","187","105","153","87","51","64","42","35","1525","377","159","123","73","79","190","161","67","70","0","13","77","105","39","46","157","119","182","125","189","89","63","48","190","73","139","125",
"1400000US18097330803","Census Tract 3308.03; Marion County; Indiana","4223","1043","1849","921","817","500","280","280","0","13","197","250","46","55","8","17","0","13","180","148","13","21","55","85","8","18","0","13","15","24","15","23","1032","522","58","77","37","61","209","223","70","67","23","34","0","13","90","100","357","270","77","69","8","17","73","82","30","32","0","13","2374","750","975","312","29","49","0","13","120","116","80","96","0","13","63","75","165","131","155","107","129","101","113","99","67","61","11","17","43","40","1399","510","83","102","17","26","72","114","61","96","45","70","88","93","149","155","326","238","223","117","168","126","22","36","129","81","16","24",
"1400000US18097330804","Census Tract 3308.04; Marion County; Indiana","3189","878","440","229","184","139","0","13","0","13","46","55","0","13","0","13","0","13","15","23","60","100","0","13","0","13","13","20","50","76","0","13","256","136","0","13","0","13","0","13","0","13","0","13","0","13","0","13","81","97","46","67","42","60","45","53","13","22","29","34","2749","899","1472","750","28","40","0","13","35","52","32","51","0","13","0","13","184","166","444","301","192","113","268","230","115","125","148","171","26","31","1277","394","115","124","0","13","143","130","95","135","59","67","0","13","73","82","283","184","129","64","220","139","108","71","39","36","13","21",
"1400000US18097330805","Census Tract 3308.05; Marion County; Indiana","2486","399","305","186","184","122","52","62","0","13","0","13","22","37","0","13","7","15","26","30","0","13","6","10","46","57","9","15","16","18","0","13","121","90","20","30","0","13","13","21","0","13","0","13","0","13","8","18","0","13","11","18","33","41","0","13","36","47","0","13","2181","441","883","214","131","96","0","13","0","13","60","92","43","57","18","28","115","97","136","117","125","79","9","17","129","76","61","55","56","51","1298","282","292","131","0","13","89","111","33","47","37","55","15","24","168","114","213","119","59","79","63","55","184","73","82","54","63","49",
"1400000US18097330806","Census Tract 3308.06; Marion County; Indiana","4941","1306","2025","1207","892","637","162","195","0","13","447","548","85","85","0","13","26","48","80","92","50","73","40","61","2","3","0","13","0","13","0","13","1133","581","72","93","0","13","198","303","151","120","62","66","90","104","76","120","82","91","225","144","18","32","114","166","20","30","25","41","2916","780","1110","282","0","13","0","13","147","133","70","116","0","13","0","13","105","103","138","118","304","161","160","133","117","81","44","39","25","38","1806","627","117","142","146","111","120","200","126","151","71","112","59","86","223","170","301","219","228","146","61","79","192","94","120","62","42","42",
"1400000US18097330900","Census Tract 3309; Marion County; Indiana","6174","1093","1120","443","247","151","0","18","0","18","0","18","0","18","0","18","0","18","23","36","34","20","27","44","64","81","84","107","0","18","15","24","873","422","0","18","0","18","0","18","0","18","0","18","57","92","187","251","256","331","57","65","135","129","87","91","51","49","43","52","5054","1185","2287","595","407","279","45","65","547","249","69","78","0","18","16","44","276","201","377","260","79","87","234","251","73","69","75","58","89","70","2767","690","218","288","214","227","219","177","0","18","57","104","0","18","430","306","243","197","279","159","649","381","200","120","115","63","143","74",
"1400000US18097331000","Census Tract 3310; Marion County; Indiana","4279","1072","1554","954","647","404","88","96","0","13","183","193","111","168","17","33","83","67","28","39","68","74","17","28","36","32","16","25","0","13","0","13","907","575","66","89","0","13","91","138","181","202","17","30","0","13","2","4","258","220","81","64","172","157","26","40","0","13","13","20","2725","580","1141","325","98","110","0","13","59","85","26","28","0","13","78","106","122","96","93","75","89","89","218","116","125","92","122","69","111","56","1584","339","101","112","0","13","66","96","89","122","0","13","65","78","132","85","102","83","246","125","249","112","143","85","146","74","245","65",
"1400000US18097340101","Census Tract 3401.01; Marion County; Indiana","4700","690","523","250","313","211","62","73","0","13","17","26","31","30","0","13","4","10","8","13","11","18","11","18","0","13","11","17","0","13","158","191","210","96","26","27","9","14","12","18","0","13","0","13","13","20","7","11","28","29","52","40","16","19","30","35","0","13","17","20","4177","684","1970","353","150","116","0","13","163","68","45","30","12","19","46","38","187","102","277","147","199","82","223","96","299","104","182","95","187","156","2207","404","129","72","11","18","132","105","69","56","13","22","74","63","186","96","260","90","205","83","190","62","374","131","427","192","137","77",
"1400000US18097340102","Census Tract 3401.02; Marion County; Indiana","4610","582","906","390","469","241","113","183","0","13","60","48","22","35","59","51","0","13","37","47","16","25","43","44","73","105","32","52","5","7","9","15","437","218","24","33","0","13","0","13","42","47","22","32","21","27","133","132","56","51","55","67","5","11","17","23","38","62","24","31","3704","627","1726","410","89","86","0","13","165","99","105","98","102","123","0","13","223","153","204","144","203","131","97","58","202","109","198","86","138","70","1978","330","109","112","0","13","239","157","67","77","0","13","20","43","128","101","302","149","165","106","139","108","350","129","238","131","221","104",
"1400000US18097340108","Census Tract 3401.08; Marion County; Indiana","3445","640","906","677","385","260","54","63","0","13","51","77","0","13","0","13","50","76","27","43","9","15","63","57","47","70","84","81","0","13","0","13","521","435","29","43","0","13","173","182","57","87","0","13","0","13","79","98","0","13","97","73","85","83","0","13","0","13","1","2","2539","560","1383","320","141","135","0","13","43","57","82","75","11","18","0","13","116","96","424","328","161","77","254","119","116","95","35","33","0","13","1156","341","15","34","138","121","157","117","25","33","0","13","0","13","198","143","183","169","252","124","66","54","51","42","63","41","8","13",
"1400000US18097340111","Census Tract 3401.11; Marion County; Indiana","3205","334","61","53","40","43","0","13","0","13","0","13","0","13","0","13","0","13","12","19","28","41","0","13","0","13","0","13","0","13","0","13","21","32","0","13","0","13","0","13","0","13","0","13","0","13","21","32","0","13","0","13","0","13","0","13","0","13","0","13","3144","340","1708","272","98","83","0","13","247","114","71","76","51","44","74","51","321","166","196","104","251","99","199","98","126","56","58","27","16","28","1436","193","55","55","0","13","68","58","94","61","35","49","28","37","98","65","206","99","325","72","160","72","152","54","175","76","40","34",
"1400000US18097340112","Census Tract 3401.12; Marion County; Indiana","4298","538","689","468","225","158","0","13","25","41","117","144","13","25","0","13","0","13","0","13","30","48","0","13","0","13","0","13","31","33","9","12","464","322","183","181","0","13","0","13","15","28","0","13","0","13","0","13","155","153","26","43","0","13","60","61","15","25","10","18","3609","731","1692","399","14","24","0","13","149","148","59","94","0","13","53","47","156","92","339","194","313","150","153","74","203","125","145","102","108","81","1917","435","86","85","0","13","109","157","35","42","0","13","54","86","125","95","328","170","285","119","248","170","209","84","203","97","235","120",
"1400000US18097340113","Census Tract 3401.13; Marion County; Indiana","4111","635","581","303","139","113","11","18","0","13","0","13","52","61","0","13","0","13","59","55","0","13","0","13","0","13","8","13","9","14","0","13","442","229","13","20","16","27","143","122","17","27","0","13","0","13","30","23","48","46","61","63","81","62","27","31","6","11","0","13","3530","710","1730","479","33","39","142","207","112","89","143","119","8","13","46","42","178","82","106","90","285","205","172","117","218","57","126","56","161","93","1800","356","112","99","0","13","200","140","15","25","51","49","65","49","137","91","62","49","355","159","203","85","152","58","126","45","322","185",
"1400000US18097340114","Census Tract 3401.14; Marion County; Indiana","4262","423","380","152","174","98","4","7","0","13","0","13","8","13","0","13","8","12","12","17","52","42","0","13","38","39","52","56","0","13","0","13","206","93","0","13","27","43","10","15","0","13","0","13","0","13","14","16","24","31","27","25","21","23","43","50","15","16","25","22","3882","424","1911","263","194","110","31","28","74","48","163","135","26","28","23","23","92","55","274","104","259","112","283","79","207","70","127","50","158","99","1971","297","171","96","20","29","132","87","129","77","18","23","66","51","66","59","250","113","338","85","230","69","199","81","246","158","106","51",
"1400000US18097340115","Census Tract 3401.15; Marion County; Indiana","5499","994","485","306","229","172","0","18","0","18","43","72","0","18","6","9","0","18","4","8","76","84","59","66","0","18","12","20","22","37","7","12","256","209","0","18","0","18","41","68","0","18","33","56","30","50","0","18","40","66","19","31","13","20","0","18","80","71","0","18","5014","978","2296","617","168","183","0","18","123","88","149","171","36","50","46","56","153","107","654","227","362","184","284","250","131","80","170","76","20","29","2718","574","162","225","0","18","85","79","82","85","0","18","86","107","325","196","523","262","431","170","328","210","363","152","261","177","72","57",
"1400000US18097340201","Census Tract 3402.01; Marion County; Indiana","4113","646","912","591","538","368","160","154","0","13","132","128","0","13","0","13","0","13","0","13","46","67","154","105","18","29","19","24","0","13","9","15","374","240","63","61","0","13","31","45","0","13","49","47","18","29","0","13","101","90","53","77","0","13","48","45","11","19","0","13","3201","676","1428","343","140","134","0","13","52","57","18","31","14","25","17","24","166","122","147","75","313","155","284","132","29","25","219","184","29","20","1773","426","285","259","21","30","361","199","37","50","0","13","33","39","213","106","175","93","167","100","186","93","127","65","106","49","62","41",
"1400000US18097340202","Census Tract 3402.02; Marion County; Indiana","4852","684","485","310","305","200","107","100","0","13","44","62","0","13","0","13","0","13","9","16","18","33","116","114","11","20","0","13","0","13","0","13","180","146","0","13","33","56","14","23","0","13","0","13","0","13","0","13","81","85","41","50","11","20","0","13","0","13","0","13","4367","640","2134","528","380","382","25","37","122","88","88","73","13","22","42","49","140","76","366","173","222","131","354","163","188","88","80","45","114","62","2233","334","235","130","57","61","109","57","193","109","26","43","32","50","252","143","386","167","243","103","273","93","149","78","149","91","129","57",
"1400000US18097340301","Census Tract 3403.01; Marion County; Indiana","3459","943","1592","1039","474","422","62","86","13","35","63","82","14","35","12","31","0","13","13","26","0","13","280","335","17","34","0","13","0","13","0","13","1118","941","329","345","35","48","293","275","35","48","0","13","0","13","0","13","254","294","127","126","0","13","27","48","18","34","0","13","1867","573","842","268","85","71","93","86","56","84","103","117","0","13","50","76","46","57","77","60","151","88","77","54","104","67","0","13","0","13","1025","396","82","99","64","94","118","136","65","94","21","35","0","13","77","74","228","118","87","76","102","57","17","37","140","72","24","38",
"1400000US18097340302","Census Tract 3403.02; Marion County; Indiana","5575","982","1028","583","564","422","107","141","86","116","0","18","0","18","0","18","29","49","109","158","233","215","0","18","0","18","0","18","0","18","0","18","464","394","109","148","0","18","97","131","0","18","0","18","0","18","101","147","52","69","65","92","40","65","0","18","0","18","0","18","4547","886","2111","467","321","208","0","18","0","18","285","166","61","118","52","83","155","173","339","188","237","182","276","191","263","265","47","41","75","68","2436","550","106","145","130","213","255","309","36","54","24","56","157","174","334","216","272","182","407","167","172","138","323","236","62","53","158","69",
"1400000US18097340400","Census Tract 3404; Marion County; Indiana","4039","711","874","460","344","220","28","42","0","13","82","115","0","13","0","13","0","13","0","13","17","26","93","101","14","25","52","47","23","21","35","40","530","303","0","13","95","130","0","13","27","44","15","24","0","13","127","125","96","118","59","80","31","48","16","25","10","17","54","37","3165","727","1943","565","126","108","38","58","209","136","73","64","121","109","44","51","314","240","345","152","310","201","170","139","141","82","52","46","0","13","1222","337","125","108","36","58","34","43","30","38","0","13","84","111","21","28","210","111","230","104","216","130","95","57","54","41","87","95",
"1400000US18097340500","Census Tract 3405; Marion County; Indiana","4392","850","907","433","114","93","0","18","0","18","0","18","0","18","0","18","75","85","23","35","0","18","0","18","0","18","16","24","0","18","0","18","793","388","0","18","0","18","0","18","138","156","0","18","0","18","79","133","143","172","112","98","29","45","269","318","7","18","16","22","3485","832","1455","376","203","169","74","107","59","80","0","18","79","122","17","31","270","191","150","106","233","151","129","83","60","72","152","123","29","49","2030","566","149","136","0","18","23","39","82","67","0","18","0","18","289","205","418","180","175","145","226","108","260","138","187","131","221","166",
"1400000US18097340600","Census Tract 3406; Marion County; Indiana","5799","877","1216","581","639","285","112","160","0","18","41","68","0","18","0","18","0","18","34","57","60","64","54","66","55","69","124","125","153","112","6","11","577","411","22","35","45","76","92","151","0","18","0","18","38","61","62","73","81","85","16","42","0","18","40","38","83","67","98","79","4583","1027","2119","537","62","73","50","81","270","166","283","214","0","18","87","121","83","74","528","250","320","176","113","104","166","132","80","68","77","66","2464","582","224","202","0","18","101","96","258","160","139","153","0","18","230","206","349","169","397","207","219","165","218","124","187","114","142","105",
"1400000US18097340700","Census Tract 3407; Marion County; Indiana","4296","1033","1229","895","635","429","61","77","0","13","40","50","102","146","0","13","0","13","64","101","167","244","46","65","38","45","113","132","4","17","0","13","594","521","95","132","76","92","145","194","0","13","0","13","74","87","0","13","63","71","41","63","0","13","66","73","18","30","16","29","3067","823","1386","391","60","78","0","13","104","123","158","237","0","13","82","108","78","73","215","134","126","104","267","154","174","100","44","44","78","66","1681","534","75","91","0","13","157","140","11","20","0","13","223","181","112","128","250","157","109","96","294","181","208","116","173","130","69","59",
"1400000US18097340800","Census Tract 3408; Marion County; Indiana","1631","265","299","157","147","93","0","13","18","19","14","16","0","13","0","13","59","60","16","26","0","13","7","10","33","26","0","13","0","13","0","13","152","97","0","13","0","13","10","15","0","13","0","13","42","43","0","13","0","13","60","42","8","12","11","12","0","13","21","36","1332","321","718","186","21","24","7","11","54","55","8","13","8","11","22","20","78","69","138","66","59","40","55","35","167","57","74","37","27","17","614","163","11","17","0","13","19","24","20","25","0","13","24","25","60","40","98","50","63","34","106","69","108","52","69","30","36","22",
"1400000US18097340901","Census Tract 3409.01; Marion County; Indiana","4013","648","94","85","33","32","0","13","0","13","6","12","0","13","0","13","0","13","0","13","8","13","9","17","0","13","0","13","0","13","10","16","61","62","3","14","0","13","6","27","7","12","0","13","0","13","0","13","2","9","15","18","0","13","10","15","8","12","10","16","3919","648","2029","454","110","92","108","94","186","132","120","91","0","13","129","165","197","98","98","59","343","122","291","79","285","121","144","46","18","19","1890","279","76","70","66","65","182","126","27","40","39","54","108","89","130","84","238","100","328","110","174","72","327","123","142","46","53","42",
"1400000US18097340903","Census Tract 3409.03; Marion County; Indiana","1817","323","165","125","36","42","0","13","0","13","0","13","0","13","0","13","0","13","23","36","0","13","0","13","0","13","0","13","13","22","0","13","129","121","0","13","0","13","0","13","0","13","0","13","0","13","27","49","78","114","13","20","0","13","0","13","0","13","11","18","1652","362","778","210","80","49","26","44","36","33","0","13","0","13","0","13","138","97","215","159","167","87","22","24","54","50","36","29","4","13","874","291","0","13","9","14","18","28","8","23","0","13","0","13","137","94","198","112","80","46","141","133","137","111","28","23","118","133",
"1400000US18097340904","Census Tract 3409.04; Marion County; Indiana","4726","738","537","308","199","156","0","13","0","13","25","41","33","51","32","51","0","13","0","13","0","13","0","13","72","113","18","30","19","29","0","13","338","219","0","13","0","13","37","58","0","13","0","13","53","60","0","13","45","80","27","44","101","117","24","37","0","13","51","61","4189","714","2160","417","263","142","34","56","67","62","0","13","32","55","26","38","123","101","427","181","391","158","176","120","266","162","319","258","36","40","2029","427","221","146","28","47","274","264","24","35","0","13","0","13","120","98","341","158","210","147","161","97","363","175","215","116","72","65",
"1400000US18097341000","Census Tract 3410; Marion County; Indiana","1627","243","61","41","12","13","0","13","0","13","0","13","0","13","0","13","0","13","0","13","0","13","7","11","5","7","0","13","0","13","0","13","49","34","0","13","0","13","0","13","10","14","0","13","5","8","9","13","0","13","5","7","0","13","4","8","11","17","5","7","1566","237","831","150","61","52","17","17","53","36","28","22","0","13","3","4","50","35","79","44","115","45","201","57","121","47","57","37","46","25","735","129","16","20","19","20","73","43","23","23","0","13","0","13","21","20","81","54","109","34","97","46","141","34","91","24","64","29",
"1400000US18097341100","Census Tract 3411; Marion County; Indiana","2044","370","555","224","388","195","0","13","16","29","28","37","42","45","0","13","0","13","9","15","35","50","26","36","33","33","38","59","161","172","0","13","167","76","0","13","0","13","0","13","0","13","0","13","0","13","61","72","0","13","52","31","36","38","10","15","8","13","0","13","1489","298","894","208","125","87","0","13","48","67","44","48","45","55","8","16","106","65","183","108","72","44","86","46","131","77","42","24","4","9","595","139","88","86","0","13","13","24","19","27","0","13","22","28","36","53","97","65","64","44","111","72","53","37","61","24","31","22",
"1400000US18097341200","Census Tract 3412; Marion County; Indiana","2022","536","456","230","162","106","0","13","7","21","0","13","0","13","0","13","0","13","50","75","0","13","0","13","40","44","52","37","13","21","0","13","294","163","0","13","0","13","32","44","16","25","0","13","27","36","0","13","17","29","34","36","34","40","49","51","58","41","27","42","1566","599","971","407","0","13","11","16","29","31","22","33","129","179","20","30","145","100","199","158","149","151","10","12","151","104","82","72","24","24","595","232","9","13","0","13","0","13","0","13","11","16","0","13","116","80","0","13","151","131","151","116","101","63","44","34","12","16",
"1400000US18097341600","Census Tract 3416; Marion County; Indiana","1867","398","772","294","341","155","42","62","0","13","32","48","0","13","0","13","11","16","59","63","20","24","0","13","45","46","70","62","39","36","23","36","431","176","40","58","0","13","48","50","14","20","0","13","24","38","56","54","34","37","8","13","92","66","21","20","94","75","0","13","1095","315","494","122","42","40","0","13","35","39","5","9","0","13","8","13","18","19","143","94","22","20","72","64","100","53","40","25","9","13","601","230","19","24","0","13","52","42","0","13","0","13","15","17","86","80","71","54","28","23","78","45","94","54","51","33","107","135",
"1400000US18097341701","Census Tract 3417.01; Marion County; Indiana","2501","436","904","320","431","175","0","13","0","13","42","56","58","56","37","50","0","13","15","24","82","93","36","43","35","65","73","75","43","54","10","18","473","188","13","20","0","13","154","92","60","69","47","56","17","28","0","13","36","42","71","28","24","54","16","26","14","21","21","24","1597","406","912","255","64","91","12","18","98","97","65","92","0","13","39","52","53","47","63","54","114","80","137","115","208","163","31","29","28","34","685","203","21","33","0","13","18","31","7","11","0","13","0","13","63","58","171","132","91","96","79","75","138","54","44","36","53","43",
"1400000US18097341702","Census Tract 3417.02; Marion County; Indiana","2165","763","258","151","142","78","20","24","0","13","0","13","0","13","0","13","0","13","8","13","49","74","26","27","8","14","31","28","0","13","0","13","116","104","0","13","14","21","28","42","0","13","14","20","0","13","0","13","10","15","18","29","16","15","0","13","5","11","11","16","1907","761","873","378","0","13","0","13","63","83","61","63","49","47","12","17","44","33","115","141","290","179","108","67","28","26","84","46","19","35","1034","567","11","15","0","13","179","195","150","193","29","29","22","25","29","20","193","188","80","52","137","66","48","37","115","61","41","35",
"1400000US18097341902","Census Tract 3419.02; Marion County; Indiana","4220","712","863","582","345","276","50","74","0","13","140","149","0","13","0","13","18","29","19","30","76","111","0","13","0","13","29","29","0","13","13","20","518","373","70","86","0","13","68","67","134","129","0","13","0","13","60","71","110","89","24","27","25","40","14","20","0","13","13","19","3357","688","1595","387","67","52","116","122","76","55","0","13","0","13","21","25","96","80","227","116","223","130","191","127","255","104","172","62","151","107","1762","399","157","78","0","13","187","133","13","21","10","17","107","101","77","53","169","66","256","173","214","118","218","76","185","74","169","72",
"1400000US18097341903","Census Tract 3419.03; Marion County; Indiana","5500","1360","764","716","212","231","0","18","0","18","0","18","38","63","0","18","46","77","0","18","0","18","22","37","45","75","0","18","61","87","0","18","552","567","0","18","114","164","28","44","27","44","0","18","114","138","50","89","0","18","114","142","36","60","69","99","0","18","0","18","4736","1149","2574","766","279","293","77","98","246","244","204","217","0","18","0","18","0","18","526","348","537","366","256","211","205","160","212","177","32","46","2162","731","188","219","0","18","258","378","53","84","171","202","168","190","170","226","117","125","393","178","411","262","107","97","86","137","40","44",
"1400000US18097341904","Census Tract 3419.04; Marion County; Indiana","2273","396","156","98","83","62","0","13","0","13","28","44","0","13","0","13","0","13","10","13","0","13","27","42","12","18","6","8","0","13","0","13","73","58","0","13","0","13","0","13","0","13","0","13","0","13","38","46","0","13","35","35","0","13","0","13","0","13","0","13","2117","416","956","205","51","62","0","13","34","32","24","31","9","14","40","34","115","65","287","132","117","51","113","63","103","54","42","26","21","19","1161","270","152","114","17","27","67","57","10","17","53","49","48","40","72","44","191","112","227","83","177","84","91","48","56","21","0","13",
"1400000US18097342000","Census Tract 3420; Marion County; Indiana","6463","1174","649","591","415","393","11","20","0","18","147","178","0","18","0","18","0","18","151","207","14","39","45","70","1","3","0","18","40","63","6","11","234","220","0","18","0","18","0","18","0","18","0","18","35","70","0","18","0","18","105","148","38","75","41","61","0","18","15","20","5814","1156","3029","547","275","223","0","18","269","224","186","134","51","79","28","47","227","150","391","161","436","202","370","224","565","271","163","84","68","56","2785","799","0","18","64","78","528","476","304","199","26","48","32","52","46","51","352","215","423","180","263","126","466","249","181","106","100","63",
"1400000US18097342101","Census Tract 3421.01; Marion County; Indiana","5790","694","1141","536","471","279","98","117","0","18","19","29","118","87","4","11","0","18","28","31","161","117","0","18","43","62","0","18","0","18","0","18","670","288","75","82","0","18","228","152","28","43","23","35","0","18","80","69","33","52","102","83","4","9","62","56","35","39","0","18","4649","764","1996","397","152","134","0","18","170","88","84","71","0","18","63","60","125","87","281","145","170","68","474","288","229","100","200","137","48","31","2653","471","172","148","0","18","175","171","138","140","65","73","149","99","194","129","484","203","286","98","491","219","263","110","182","58","54","33",
"1400000US18097342200","Census Tract 3422; Marion County; Indiana","5332","970","1085","725","501","296","0","18","164","226","0","18","32","50","0","18","0","18","0","18","88","88","145","181","72","66","0","18","0","18","0","18","584","482","193","262","0","18","38","58","0","18","0","18","0","18","53","68","197","219","1","3","39","57","44","52","19","32","0","18","4247","1313","2088","730","253","201","0","18","204","155","40","70","0","18","75","100","425","345","118","110","304","188","409","332","41","51","76","73","143","140","2159","676","0","18","0","18","104","138","359","287","0","18","161","226","249","156","140","129","319","178","386","347","126","101","237","234","78","61",
"1400000US18097342300","Census Tract 3423; Marion County; Indiana","6206","932","656","330","359","194","47","53","78","86","12","23","0","18","0","18","0","18","0","18","106","93","47","60","21","34","0","18","48","60","0","18","297","171","0","18","0","18","59","100","12","23","0","18","0","18","0","18","74","72","24","42","59","59","23","35","46","57","0","18","5550","892","2833","596","217","162","0","18","231","173","165","124","276","270","152","127","141","102","419","183","287","209","319","101","463","185","76","98","87","75","2717","591","117","124","0","18","140","132","166","246","223","71","121","102","212","160","421","179","560","206","190","130","340","152","94","63","133","104",
"1400000US18097342400","Census Tract 3424; Marion County; Indiana","1553","269","342","175","178","93","5","9","0","13","32","41","0","13","15","18","0","13","5","8","21","22","19","17","11","18","64","58","6","16","0","13","164","91","6","10","0","13","26","30","5","9","6","10","15","19","12","15","21","24","31","22","0","13","35","41","7","11","0","13","1211","320","610","163","64","48","57","70","23","24","15","19","0","13","7","11","2","9","88","47","91","59","70","43","105","55","77","29","11","14","601","184","0","13","0","13","101","82","40","30","0","13","0","13","43","45","135","70","79","47","23","19","122","77","41","21","17","17",
"1400000US18097342500","Census Tract 3425; Marion County; Indiana","5078","928","1583","753","779","401","203","270","0","18","97","133","49","62","0","18","0","18","70","74","102","81","111","117","34","44","95","71","8","13","10","15","804","394","117","104","0","18","102","108","133","156","8","14","33","42","46","46","233","161","68","66","18","28","30","30","15","17","1","2","3495","738","1779","481","100","77","83","78","208","165","111","97","0","18","92","79","81","63","300","145","191","104","152","66","153","71","226","97","82","37","1716","349","46","52","21","36","256","128","42","40","19","32","52","68","167","89","219","140","211","69","224","99","191","85","222","121","46","31",
"1400000US18097342600","Census Tract 3426; Marion County; Indiana","3362","696","571","338","211","114","0","13","12","20","0","13","0","13","26","41","0","13","5","18","17","21","0","13","44","53","84","50","0","13","23","37","360","252","48","61","0","13","32","49","55","58","0","13","23","39","32","49","37","34","48","50","9","41","57","54","19","33","0","13","2791","697","1426","443","53","44","0","13","111","95","19","25","102","105","36","46","132","103","326","149","192","129","159","104","143","85","120","125","33","41","1365","388","87","86","0","13","161","165","29","39","0","13","0","13","156","108","246","111","106","60","121","55","339","225","89","52","31","33",
"1400000US18097350100","Census Tract 3501; Marion County; Indiana","1548","404","77","59","41","35","0","13","0","13","0","13","0","13","0","13","0","13","24","26","0","13","0","13","12","22","5","9","0","13","0","13","36","38","0","13","0","13","0","13","0","13","0","13","0","13","0","13","0","13","0","13","11","20","0","13","25","34","0","13","1471","415","617","270","15","22","0","13","147","163","48","48","0","13","0","13","68","69","116","96","71","53","70","48","31","25","30","22","21","23","854","236","39","52","0","13","74","65","150","126","8","15","44","44","64","58","98","67","103","85","110","67","67","43","45","31","52","34",
"1400000US18097350300","Census Tract 3503; Marion County; Indiana","2858","384","1315","381","405","135","40","43","0","13","56","65","21","27","0","13","0","13","72","68","83","72","59","51","74","78","0","13","0","13","0","13","910","338","214","161","0","13","85","76","22","27","0","13","23","30","68","66","257","143","0","13","67","59","54","59","120","138","0","13","1543","368","823","256","58","64","0","13","0","13","0","13","0","13","42","43","42","57","159","100","146","97","185","139","101","66","79","50","11","17","720","249","0","13","0","13","72","70","0","13","0","13","0","13","57","53","88","78","143","103","146","141","142","96","66","67","6","16",
"1400000US18097350400","Census Tract 3504; Marion County; Indiana","2365","533","507","362","286","225","38","59","0","13","84","108","0","13","0","13","16","25","0","13","25","29","37","59","51","70","35","54","0","13","0","13","221","167","0","13","0","13","21","31","42","63","20","32","0","13","17","30","52","61","25","27","44","58","0","13","0","13","0","13","1858","474","1110","313","79","59","0","13","124","162","0","13","0","13","36","59","45","48","185","119","176","85","238","147","135","83","56","41","36","36","748","244","32","37","0","13","90","93","30","39","0","13","8","16","102","93","129","92","73","44","22","24","125","92","52","49","85","63",
"1400000US18097350500","Census Tract 3505; Marion County; Indiana","2038","542","646","380","240","189","13","26","18","28","102","145","0","13","0","13","27","42","32","39","0","13","0","13","11","16","22","31","15","29","0","13","406","242","90","98","0","13","30","48","0","13","0","13","10","15","48","63","88","86","35","64","40","45","7","11","37","60","21","32","1392","394","571","162","0","13","0","13","0","13","0","13","0","13","27","42","0","13","158","84","112","90","72","59","40","39","52","31","110","63","821","284","64","101","0","13","112","102","71","81","0","13","24","40","97","107","53","50","28","46","120","91","135","57","13","15","104","56",
"1400000US18097350600","Census Tract 3506; Marion County; Indiana","4999","1223","1962","985","651","362","58","87","0","13","269","307","16","28","76","92","0","13","22","38","48","61","34","41","0","13","91","76","11","19","26","27","1311","686","41","50","0","13","200","207","226","210","0","13","21","34","114","153","314","192","37","42","68","83","122","79","41","64","127","180","3037","724","1430","453","192","237","0","13","102","98","0","13","0","13","0","13","16","26","141","171","241","138","263","144","261","170","156","91","58","50","1607","426","10","18","0","13","179","106","65","90","0","13","30","46","150","135","52","56","161","140","180","112","176","96","156","69","448","209",
"1400000US18097350700","Census Tract 3507; Marion County; Indiana","1748","347","535","284","158","117","14","21","0","13","32","45","0","13","0","13","32","44","14","21","44","65","12","18","10","15","0","13","0","13","0","13","377","228","47","51","0","13","126","139","0","13","0","13","0","13","15","22","88","80","70","55","0","13","8","12","23","23","0","13","1213","332","697","258","42","65","0","13","66","55","21","33","0","13","4","6","63","68","76","74","54","46","104","55","73","55","26","30","168","188","516","141","34","36","0","13","33","34","14","23","3","7","0","13","38","33","74","57","44","44","63","46","112","74","44","41","57","39",
"1400000US18097350800","Census Tract 3508; Marion County; Indiana","2300","502","992","352","480","200","112","117","0","13","106","82","99","97","0","13","35","46","0","13","28","34","36","57","27","30","27","40","10","16","0","13","512","183","23","35","69","52","0","13","94","86","0","13","0","13","0","13","90","51","160","75","33","37","15","16","12","20","16","16","1308","357","659","204","73","49","0","13","100","75","38","34","0","13","21","30","27","36","145","79","67","47","77","62","68","54","16","19","27","26","649","180","49","48","0","13","13","22","75","55","0","13","0","13","89","89","93","54","53","40","81","45","117","48","40","28","39","31",
"1400000US18097350900","Census Tract 3509; Marion County; Indiana","1809","323","262","172","186","125","0","13","0","13","6","10","24","29","0","13","7","11","71","66","44","50","0","13","0","13","29","27","5","8","0","13","76","58","0","13","0","13","0","13","0","13","0","13","22","27","10","15","6","8","6","10","0","13","27","23","5","9","0","13","1547","367","750","221","20","23","24","26","82","59","41","43","0","13","16","25","86","79","256","121","108","58","37","26","55","39","25","23","0","13","797","192","72","63","0","13","71","44","14","18","0","13","19","30","30","26","229","73","212","103","30","23","51","28","38","38","31","26",
"1400000US18097351000","Census Tract 3510; Marion County; Indiana","2034","431","710","307","365","216","0","13","0","13","95","71","95","71","93","69","0","13","15","23","20","32","8","16","0","13","38","43","1","3","0","13","345","127","0","13","0","13","0","13","11","17","12","18","0","13","32","51","14","26","29","38","129","65","4","11","114","53","0","13","1324","398","642","238","116","123","0","13","12","28","0","13","40","60","0","13","67","69","74","88","192","123","90","74","26","36","16","29","9","15","682","296","8","30","6","19","28","50","26","36","12","25","30","49","6","26","51","50","132","97","34","36","309","273","24","32","16","21",
"1400000US18097351200","Census Tract 3512; Marion County; Indiana","2478","509","803","397","425","208","103","63","0","13","66","61","0","13","0","13","0","13","0","13","43","36","0","13","0","13","177","107","36","55","0","13","378","202","0","13","77","71","77","71","0","13","0","13","0","13","0","13","55","50","0","13","95","74","32","40","12","20","30","31","1675","491","859","440","0","13","13","22","122","170","16","32","0","13","0","13","0","13","45","46","23","26","105","62","257","227","241","192","37","34","816","196","20","30","0","13","12","19","30","43","0","13","0","13","32","41","100","94","131","92","86","87","143","132","170","99","92","50",
"1400000US18097351500","Census Tract 3515; Marion County; Indiana","1662","308","273","155","99","54","0","13","0","13","0","13","0","13","0","13","0","13","31","38","0","13","22","14","37","34","0","13","9","12","0","13","174","127","23","32","0","13","0","13","0","13","0","13","18","25","26","20","38","36","0","13","49","51","8","12","5","9","7","13","1389","298","757","210","17","25","42","31","12","22","18","24","0","13","0","13","25","26","359","198","87","42","136","62","11","13","27","23","23","28","632","188","33","34","14","25","29","25","0","13","0","13","28","29","26","23","246","94","85","48","55","49","69","43","37","27","10","14",
"1400000US18097351600","Census Tract 3516; Marion County; Indiana","2643","407","249","107","168","87","0","13","0","13","0","13","0","13","0","13","0","13","91","81","38","42","6","10","2","9","31","32","0","13","0","13","81","63","0","13","0","13","14","23","0","13","0","13","0","13","23","28","31","38","13","19","0","13","0","13","0","13","0","13","2394","410","1173","201","72","38","34","48","111","78","17","26","0","13","0","13","31","48","342","127","148","76","161","70","124","82","79","56","54","74","1221","294","44","44","45","25","43","24","74","44","28","42","53","81","40","61","396","155","137","99","157","65","155","90","49","29","0","13",
"1400000US18097351700","Census Tract 3517; Marion County; Indiana","2726","431","427","203","144","102","39","64","0","13","22","30","0","13","0","13","0","13","44","66","16","24","11","15","11","20","1","3","0","13","0","13","283","132","0","13","0","13","10","21","20","44","20","28","0","13","38","39","68","76","24","28","43","49","41","40","19","30","0","13","2299","416","1206","253","76","59","44","44","68","49","32","36","0","13","0","13","35","41","418","231","157","72","136","68","130","47","81","52","29","30","1093","280","71","79","31","32","57","41","53","45","0","13","0","13","72","59","232","107","186","69","152","110","106","66","79","43","54","57",
"1400000US18097351900","Census Tract 3519; Marion County; Indiana","2435","449","394","151","131","65","0","13","0","13","0","13","0","13","0","13","0","13","9","15","0","13","0","13","28","35","8","12","16","15","70","55","263","143","51","57","19","28","0","13","0","13","0","13","0","13","0","13","36","41","14","21","39","51","34","29","70","82","0","13","2041","494","773","204","70","85","0","13","48","57","14","23","0","13","97","90","110","68","156","88","0","13","88","63","32","24","90","53","68","51","1268","381","112","129","0","13","30","30","47","57","38","52","0","13","171","110","152","78","26","26","299","116","81","38","108","61","204","117",
"1400000US18097352100","Census Tract 3521; Marion County; Indiana","1913","377","676","263","313","113","39","39","0","13","52","50","0","13","23","34","0","13","49","47","15","23","0","13","55","41","55","45","6","10","19","29","363","209","19","29","0","13","73","60","76","97","0","13","64","95","10","15","12","18","40","38","53","55","0","13","7","11","9","14","1237","315","584","185","36","40","0","13","26","29","27","32","0","13","0","13","61","61","218","159","79","37","33","35","42","42","54","41","8","14","653","170","68","40","0","13","60","48","0","13","0","13","20","28","59","60","44","34","183","115","65","45","75","51","64","35","15","18",
"1400000US18097352300","Census Tract 3523; Marion County; Indiana","1243","297","428","203","184","103","26","40","0","13","27","36","21","33","0","13","12","20","0","13","9","15","17","24","13","13","18","22","31","26","10","17","244","130","0","13","23","37","0","13","0","13","12","19","0","13","22","25","67","81","43","41","0","13","28","44","12","15","37","51","815","274","452","158","18","25","0","13","33","47","29","44","0","13","14","22","68","79","0","13","21","33","117","92","61","48","81","40","10","15","363","169","0","13","0","13","0","13","0","13","0","13","0","13","33","33","35","50","45","39","14","20","60","46","145","138","31","26",
"1400000US18097352400","Census Tract 3524; Marion County; Indiana","3373","578","485","244","221","132","52","85","0","13","9","14","0","13","0","13","0","13","19","30","41","71","19","28","57","62","14","23","10","17","0","13","264","188","0","13","0","13","0","13","0","13","0","13","0","13","0","13","174","186","44","52","0","13","14","21","32","40","0","13","2888","667","1198","323","171","152","0","13","184","112","18","29","0","13","0","13","61","90","308","193","205","110","24","39","161","101","44","43","22","25","1690","484","271","178","0","13","92","117","177","145","0","13","71","93","108","102","311","129","142","89","155","140","147","65","92","47","124","77",
"1400000US18097352500","Census Tract 3525; Marion County; Indiana","3182","441","993","502","797","457","220","140","86","54","87","55","0","13","11","19","0","13","0","13","19","31","321","281","29","42","12","18","12","18","0","13","196","88","0","13","0","13","0","13","0","13","0","13","0","13","38","44","82","48","17","29","3","8","12","18","44","53","0","13","2189","389","1068","208","44","50","3","16","4","14","4","14","5","15","13","24","18","28","318","95","186","86","195","71","151","85","88","54","39","34","1121","263","27","32","0","13","26","70","15","44","0","13","0","13","57","65","339","121","102","54","237","103","114","53","151","103","53","39",
"1400000US18097352600","Census Tract 3526; Marion County; Indiana","4093","797","1051","538","516","269","0","13","83","79","44","63","87","127","0","13","0","13","78","78","0","13","54","62","59","57","111","74","0","13","0","13","535","292","102","149","0","13","124","103","30","46","0","13","0","13","65","74","153","103","0","13","0","13","19","22","18","29","24","31","3042","732","1368","492","76","98","31","49","137","106","74","85","0","13","27","43","168","136","300","132","243","127","73","49","132","66","95","132","12","19","1674","466","25","40","17","26","255","178","61","68","55","73","98","100","68","65","543","224","106","82","126","94","142","70","45","36","133","120",
"1400000US18097352700","Census Tract 3527; Marion County; Indiana","2947","712","279","193","157","113","14","21","0","13","27","43","14","25","0","13","16","27","0","13","10","21","29","58","0","13","0","13","47","62","0","13","122","96","0","13","0","13","14","25","14","22","15","24","0","13","26","36","0","13","48","44","0","13","0","13","2","4","3","5","2668","709","1415","523","16","27","0","13","418","368","0","13","0","13","0","13","31","42","180","118","353","209","230","31","28","30","159","79","0","13","1253","290","139","144","0","13","97","124","72","116","0","13","109","88","28","28","273","98","137","98","129","65","35","37","76","39","158","156",
"1400000US18097352800","Census Tract 3528; Marion County; Indiana","1491","344","479","207","233","96","27","43","0","13","34","37","13","24","29","38","0","13","0","13","39","45","0","13","6","11","48","41","37","46","0","13","246","151","0","13","0","13","18","30","22","35","20","32","0","13","65","60","17","28","42","37","39","44","11","19","12","20","0","13","1012","304","493","136","63","65","0","13","78","52","0","13","0","13","0","13","51","52","162","97","41","37","8","15","58","38","32","25","0","13","519","186","0","13","0","13","61","56","0","13","0","13","0","13","62","42","190","135","70","42","40","46","46","40","30","22","20","36",
"1400000US18097353300","Census Tract 3533; Marion County; Indiana","2338","301","346","131","177","94","0","13","0","13","0","13","0","13","0","13","0","13","19","20","25","28","31","34","28","30","29","25","45","69","0","13","169","104","0","13","0","13","0","13","0","13","0","13","0","13","58","49","84","66","17","26","0","13","8","14","0","13","2","4","1992","277","1005","200","53","63","12","19","16","26","0","13","0","13","0","13","156","141","302","105","134","67","129","44","99","84","104","64","0","13","987","174","48","36","0","13","18","27","53","48","0","13","44","32","224","96","227","91","172","94","94","46","83","39","24","20","0","13",
"1400000US18097353500","Census Tract 3535; Marion County; Indiana","2033","373","894","304","408","227","0","13","0","13","0","13","0","13","0","13","0","13","366","228","14","22","0","13","0","13","20","22","0","13","8","13","486","173","0","13","0","13","0","13","0","13","0","13","17","27","331","147","35","32","0","13","8","13","0","13","0","13","95","92","1139","228","633","225","0","13","0","13","0","13","0","13","0","13","0","13","201","141","262","170","66","57","12","15","59","60","13","21","20","27","506","145","0","13","0","13","0","13","0","13","0","13","0","13","107","68","144","89","85","83","39","50","50","39","77","41","4","14",
"1400000US18097353600","Census Tract 3536; Marion County; Indiana","2561","629","907","344","344","157","0","13","21","36","0","13","32","46","13","21","29","42","122","77","40","41","0","13","33","38","22","36","25","31","7","11","563","251","25","42","16","25","16","25","58","69","0","13","0","13","245","183","59","50","23","33","18","29","75","71","19","23","9","12","1654","529","987","429","22","40","0","13","68","64","73","116","0","13","114","156","105","89","287","189","114","92","48","56","38","37","94","75","24","28","667","193","17","27","0","13","14","21","0","13","0","13","0","13","196","103","59","45","39","45","68","43","111","100","41","42","122","60",
"1400000US18097354201","Census Tract 3542.01; Marion County; Indiana","3766","371","468","141","400","114","0","13","0","13","0","13","0","13","0","13","0","13","57","46","94","107","44","36","105","65","81","50","19","27","0","13","68","70","0","13","0","13","0","13","0","13","0","13","0","13","0","13","36","53","0","13","32","48","0","13","0","13","0","13","3298","349","1866","319","25","31","0","13","0","13","0","13","16","23","0","13","204","140","825","320","275","139","135","84","108","66","145","87","133","94","1432","278","24","27","0","13","0","13","0","13","0","13","0","13","217","118","763","232","102","64","136","85","108","78","56","46","26","41",
"1400000US18097354202","Census Tract 3542.02; Marion County; Indiana","3670","657","638","234","328","175","0","13","0","13","0","13","0","13","0","13","0","13","92","138","117","115","0","13","26","41","83","98","10","16","0","13","310","165","0","13","0","13","0","13","0","13","0","13","11","27","30","36","59","72","11","25","39","64","80","94","64","71","16","27","3032","674","1728","680","90","70","0","13","0","13","0","13","0","13","0","13","133","117","527","184","372","263","227","244","151","79","176","152","52","70","1304","351","14","21","0","13","0","13","0","13","0","13","0","13","285","171","579","289","122","88","111","111","155","122","31","33","7","17",
"1400000US18097354400","Census Tract 3544; Marion County; Indiana","1443","295","144","60","96","40","0","13","0","13","0","13","0","13","0","13","0","13","0","13","5","7","59","40","7","10","15","16","4","6","6","9","48","30","0","13","0","13","0","13","0","13","0","13","0","13","0","13","15","15","0","13","7","11","4","7","6","9","16","23","1299","294","707","150","17","21","0","13","38","23","30","16","11","15","7","11","10","15","147","51","92","32","144","57","168","129","24","18","19","15","592","163","34","26","9","12","21","19","0","13","17","16","10","14","29","20","140","43","108","31","150","149","35","20","12","12","27","21",
"1400000US18097354500","Census Tract 3545; Marion County; Indiana","1860","410","505","230","253","90","39","34","0","13","38","41","7","10","0","13","0","13","30","12","45","42","25","32","36","34","33","49","0","13","0","13","252","195","0","13","0","13","8","12","0","13","18","19","11","17","0","13","35","29","119","183","13","16","34","34","14","19","0","13","1355","311","782","228","22","20","35","40","39","31","17","19","0","13","16","21","25","35","173","64","221","156","156","64","35","37","42","24","1","2","573","137","19","20","20","30","58","41","44","36","0","13","0","13","20","21","133","45","68","42","113","41","42","36","34","30","22","24",
"1400000US18097354700","Census Tract 3547; Marion County; Indiana","1361","263","455","233","259","193","0","13","2","8","7","13","0","13","7","14","0","13","13","19","190","177","6","13","17","23","17","19","0","13","0","13","196","98","16","24","0","13","9","14","6","13","0","13","7","12","30","32","14","20","11","15","63","49","0","13","34","38","6","11","906","248","528","185","57","59","0","13","34","32","52","37","15","22","0","13","59","65","153","80","68","39","52","28","19","16","15","17","4","6","378","128","15","19","0","13","0","13","4","6","18","26","38","37","25","26","123","61","101","62","26","33","7","13","9","13","12","16",
"1400000US18097354800","Census Tract 3548; Marion County; Indiana","2067","614","235","140","125","95","4","11","0","13","3","8","0","13","0","13","0","13","9","13","23","24","66","86","0","13","20","31","0","13","0","13","110","91","0","13","4","10","4","10","0","13","0","13","0","13","8","14","28","40","0","13","39","44","27","37","0","13","0","13","1832","624","1098","398","91","61","0","13","175","183","50","54","8","12","33","36","139","98","165","69","239","181","78","43","49","47","41","38","30","31","734","254","93","113","17","19","78","111","0","13","13","19","50","65","73","43","123","49","91","52","66","43","39","51","37","31","54","48",
"1400000US18097354900","Census Tract 3549; Marion County; Indiana","2405","410","801","348","306","128","0","13","7","12","0","13","0","13","0","13","0","13","40","42","77","70","8","13","52","51","84","52","19","30","19","22","495","336","101","128","0","13","0","13","0","13","0","13","10","14","26","29","80","102","84","57","78","105","54","72","62","52","0","13","1604","394","1050","347","44","75","0","13","0","13","48","58","0","13","37","65","82","68","310","200","162","110","210","190","81","50","64","46","12","19","554","163","0","13","0","13","0","13","18","33","0","13","9","18","103","73","37","52","52","46","82","58","163","77","72","63","18","19",
"1400000US18097355000","Census Tract 3550; Marion County; Indiana","2116","506","616","279","359","160","11","18","0","13","47","63","26","37","0","13","9","15","0","13","51","63","53","57","71","88","55","48","36","42","0","13","257","158","44","69","0","13","36","60","30","44","0","13","15","19","0","13","34","54","16","17","53","48","10","13","11","13","8","12","1500","409","669","195","34","40","0","13","22","37","42","38","16","27","56","46","36","36","85","61","152","82","44","38","87","43","77","40","18","19","831","289","68","72","35","53","0","13","8","18","9","15","7","18","77","69","264","142","127","67","88","71","91","37","37","31","20","20",
"1400000US18097355100","Census Tract 3551; Marion County; Indiana","1970","578","1069","576","471","395","43","67","0","13","0","13","0","13","0","13","18","27","4","11","32","42","9","14","93","60","243","362","29","27","0","13","598","320","129","142","39","61","49","66","64","72","0","13","0","13","36","49","77","69","54","44","41","43","59","38","50","38","0","13","901","262","415","111","0","13","0","13","0","13","0","13","0","13","0","13","79","61","126","62","29","28","34","28","88","42","32","19","27","21","486","195","49","52","0","13","77","68","0","13","10","17","0","13","10","13","132","73","88","59","40","28","46","29","22","19","12","11",
"1400000US18097355300","Census Tract 3553; Marion County; Indiana","2235","453","650","458","279","225","40","59","0","13","168","210","0","13","0","13","0","13","23","37","12","19","36","41","0","13","0","13","0","13","0","13","371","257","122","145","0","13","40","57","0","13","0","13","0","13","56","90","29","33","19","31","65","91","0","13","25","37","15","25","1585","218","889","185","71","60","0","13","59","68","0","13","0","13","0","13","0","13","209","122","80","52","60","56","233","90","138","58","39","35","696","121","43","39","0","13","0","13","10","15","0","13","0","13","29","35","201","76","131","64","71","57","141","77","49","33","21","24",
"1400000US18097355400","Census Tract 3554; Marion County; Indiana","2255","478","439","190","306","170","0","13","0","13","0","13","6","13","35","48","0","13","2","10","9","15","14","22","37","46","124","134","36","54","43","61","133","74","0","13","0","13","0","13","6","13","0","13","6","14","0","13","10","13","6","13","14","23","91","63","0","13","0","13","1816","438","806","254","10","16","0","13","48","45","53","55","0","13","4","12","30","31","329","240","123","92","94","71","71","48","23","22","21","27","1010","313","16","23","0","13","122","111","79","94","0","13","40","58","84","68","237","163","147","72","101","56","136","49","22","22","26","29",
"1400000US18097355500","Census Tract 3555; Marion County; Indiana","3953","783","643","317","271","148","0","13","0","13","0","13","29","43","0","13","62","65","0","13","61","64","51","57","0","13","57","73","11","18","0","13","372","213","0","13","51","75","46","72","70","74","0","13","0","13","0","13","29","44","54","56","49","78","23","24","13","21","37","60","3310","883","1596","475","117","123","73","104","127","129","73","103","0","13","126","99","91","96","68","45","147","109","321","205","251","111","193","104","9","15","1714","509","83","118","0","13","74","105","137","101","27","48","0","13","102","88","360","234","76","69","177","95","402","207","158","84","118","71",
"1400000US18097355600","Census Tract 3556; Marion County; Indiana","2175","430","591","231","314","107","0","13","0","13","31","51","0","13","8","15","0","13","46","54","61","39","46","43","90","90","11","13","18","15","3","6","277","156","0","13","0","13","35","58","0","13","0","13","25","35","33","42","57","60","66","65","4","7","31","22","24","23","2","3","1584","427","849","324","67","79","0","13","34","51","10","22","9","20","112","111","109","67","58","49","169","93","111","72","101","125","56","34","13","12","735","151","42","43","2","8","80","57","34","49","5","9","10","20","61","41","136","79","74","41","120","72","64","36","78","32","29","21",
"1400000US18097355700","Census Tract 3557; Marion County; Indiana","2166","374","599","248","300","122","0","13","0","13","32","39","35","51","0","13","0","13","23","25","25","28","49","45","57","60","37","31","28","40","14","24","299","148","55","64","9","14","0","13","14","21","0","13","0","13","18","20","37","30","51","47","74","64","10","15","15","17","16","13","1567","342","871","230","0","13","0","13","26","42","19","22","0","13","65","64","97","67","114","64","50","57","111","63","182","96","82","71","125","92","696","192","0","13","8","14","0","13","9","13","0","13","26","27","59","54","66","48","72","54","137","74","75","54","108","61","136","127",
"1400000US18097355900","Census Tract 3559; Marion County; Indiana","2199","299","164","97","67","50","0","13","0","13","0","13","0","13","0","13","0","13","21","25","20","24","0","13","0","13","10","19","7","13","9","15","97","76","0","13","0","13","0","13","0","13","0","13","0","13","9","15","9","14","0","13","11","24","49","62","9","14","10","15","2035","309","996","174","28","31","0","13","48","38","20","24","0","13","0","13","62","46","311","103","221","107","142","120","95","46","49","32","20","23","1039","180","51","41","0","13","47","33","21","25","10","15","0","13","159","81","293","91","160","64","141","104","78","59","26","21","53","40",
"1400000US18097356200","Census Tract 3562; Marion County; Indiana","2205","301","128","50","45","25","0","13","0","13","0","13","0","13","0","13","0","13","24","21","14","15","7","10","0","13","0","13","0","13","0","13","83","44","0","13","0","13","0","13","0","13","0","13","0","13","39","34","28","23","0","13","2","4","14","20","0","13","0","13","2077","295","1212","245","98","61","0","13","18","16","8","10","9","11","0","13","118","60","572","208","178","59","90","46","50","50","42","27","29","28","865","142","31","28","0","13","21","20","0","13","0","13","0","13","116","53","344","93","124","52","72","36","84","69","42","29","31","38",
"1400000US18097356400","Census Tract 3564; Marion County; Indiana","4484","837","1576","660","667","263","81","73","74","83","41","46","40","45","0","13","40","44","70","63","128","126","61","53","68","62","51","45","13","21","0","13","909","539","8","18","0","13","99","103","246","305","0","13","0","13","223","198","147","117","110","96","14","21","49","45","0","13","13","20","2908","670","1605","363","80","68","14","21","54","59","81","72","0","13","7","14","214","134","489","240","140","99","255","181","146","96","82","80","43","41","1303","388","21","32","7","15","179","142","72","82","0","13","43","41","203","86","313","159","58","38","264","217","72","60","17","19","54","44",
"1400000US18097356900","Census Tract 3569; Marion County; Indiana","2106","451","648","221","224","109","29","29","0","13","28","35","29","35","0","13","0","13","48","50","0","13","31","26","0","13","45","33","14","15","0","13","424","153","20","26","0","13","55","36","32","32","0","13","32","39","72","51","60","32","34","33","16","19","64","37","29","27","10","17","1458","412","733","203","17","20","8","15","43","36","0","13","0","13","0","13","54","50","209","79","82","62","92","46","136","107","67","71","25","26","725","256","37","36","69","93","51","44","10","15","0","13","14","21","38","35","162","72","117","69","130","112","23","22","74","48","0","13",
"1400000US18097357000","Census Tract 3570; Marion County; Indiana","1936","379","158","73","79","44","0","13","0","13","8","12","0","13","0","13","0","13","14","15","37","27","0","13","0","13","20","23","0","13","0","13","79","44","0","13","0","13","0","13","0","13","0","13","0","13","13","14","7","10","10","16","13","20","36","28","0","13","0","13","1778","379","931","214","23","21","0","13","7","10","113","156","9","13","0","13","38","35","375","147","87","41","127","65","67","40","65","37","20","25","847","220","17","18","0","13","25","23","11","18","0","13","15","18","119","96","235","76","58","38","79","45","164","134","84","56","40","28",
"1400000US18097357100","Census Tract 3571; Marion County; Indiana","2017","395","290","216","136","95","0","13","0","13","57","82","0","13","0","13","0","13","0","13","54","56","0","13","18","22","7","11","0","13","0","13","154","133","33","49","0","13","0","13","33","47","0","13","0","13","5","7","30","31","20","29","27","30","0","13","6","9","0","13","1727","359","847","205","30","32","18","29","10","17","56","61","0","13","0","13","26","25","273","89","137","61","133","91","67","69","75","36","22","24","880","218","15","24","0","13","83","66","0","13","0","13","14","21","43","40","361","110","91","54","104","60","100","107","47","43","22","25",
"1400000US18097357200","Census Tract 3572; Marion County; Indiana","2536","565","427","196","172","102","0","13","0","13","0","13","13","22","0","13","0","13","11","17","25","40","39","39","61","59","11","17","0","13","12","20","255","142","0","13","0","13","15","24","0","13","0","13","0","13","11","17","112","84","10","17","16","26","52","51","26","30","13","19","2109","563","1092","236","51","49","13","22","76","55","7","12","30","36","30","36","60","54","387","150","109","74","123","77","171","86","35","30","0","13","1017","398","124","107","0","13","26","45","0","13","0","13","25","43","162","197","313","123","123","70","109","77","70","78","31","28","34","30",
"1400000US18097357300","Census Tract 3573; Marion County; Indiana","2219","424","543","300","161","102","8","13","24","37","60","58","0","13","0","13","0","13","4","8","29","38","0","13","2","7","28","32","0","13","6","14","382","220","0","13","0","13","94","125","0","13","0","13","0","13","6","12","87","74","0","13","32","29","63","49","13","19","87","63","1676","469","856","236","0","13","0","13","0","13","6","16","37","40","36","40","136","83","113","72","122","73","218","139","120","59","39","29","29","28","820","268","19","31","44","66","129","134","42","47","22","39","11","22","54","47","12","16","112","62","178","129","90","56","66","40","41","43",
"1400000US18097357400","Census Tract 3574; Marion County; Indiana","3948","976","1541","549","759","315","49","51","7","13","62","64","0","13","0","13","121","127","230","242","87","110","45","47","0","13","73","69","85","78","0","13","782","316","53","55","21","32","68","83","46","67","6","10","63","100","9","16","109","100","47","45","144","105","162","141","47","39","7","12","2407","999","1353","613","221","278","0","13","128","166","14","23","0","13","0","13","43","40","195","119","172","150","131","94","250","120","173","124","26","28","1054","415","25","29","0","13","162","241","0","13","13","21","16","27","80","58","20","24","121","103","166","92","60","68","326","163","65","52",
"1400000US18097357500","Census Tract 3575; Marion County; Indiana","3304","201","406","249","168","121","10","16","0","13","16","25","38","49","25","38","0","13","0","13","0","13","37","41","35","38","7","12","0","13","0","13","238","142","8","12","0","13","0","13","23","36","20","29","8","14","2","13","50","57","23","35","52","45","0","13","23","39","29","26","2898","198","1213","178","178","138","0","13","30","26","13","20","11","18","79","92","69","47","159","86","210","69","170","82","79","48","153","57","62","42","1685","231","91","112","0","13","155","93","146","79","0","13","73","87","203","147","121","73","254","76","255","104","209","93","96","46","82","42",
"1400000US18097357601","Census Tract 3576.01; Marion County; Indiana","5092","894","1874","927","844","511","57","80","0","18","10","20","92","104","102","88","102","87","49","57","59","52","312","269","53","65","0","18","8","13","0","18","1030","557","0","18","93","132","157","198","34","49","0","18","0","18","168","170","243","205","158","119","22","32","140","118","0","18","15","24","3218","661","1857","496","63","63","0","18","56","54","66","67","0","18","28","38","102","63","208","112","500","289","59","49","560","352","166","90","49","75","1361","280","83","56","0","18","96","73","8","17","15","25","0","18","154","113","237","102","67","52","317","194","158","85","188","97","38","39",
"1400000US18097357602","Census Tract 3576.02; Marion County; Indiana","1578","137","583","250","360","150","71","72","16","24","118","130","37","41","18","26","0","13","0","13","100","88","0","13","0","13","0","13","0","13","0","13","223","123","0","13","0","13","25","34","66","72","0","13","0","13","0","13","88","65","44","39","0","13","0","13","0","13","0","13","995","252","549","174","46","46","13","25","44","34","50","52","0","13","8","18","103","86","30","27","41","44","84","36","15","23","61","42","54","42","446","151","18","26","29","36","64","53","0","13","10","16","27","30","43","52","93","58","52","47","7","12","41","35","58","24","4","7",
"1400000US18097357800","Census Tract 3578; Marion County; Indiana","1435","301","339","180","217","148","7","12","0","13","22","35","25","40","0","13","40","52","0","13","17","18","0","13","10","16","79","71","17","25","0","13","122","63","12","21","0","13","0","13","11","17","0","13","0","13","6","10","24","26","0","13","44","37","11","13","14","16","0","13","1096","236","576","150","70","77","25","39","71","52","22","32","10","18","8","12","17","19","111","36","58","41","73","37","41","28","54","28","16","15","520","119","0","13","0","13","9","16","9","15","0","13","0","13","8","13","193","70","104","53","51","34","91","37","46","26","9","10",
"1400000US18097357900","Census Tract 3579; Marion County; Indiana","3712","683","292","183","96","76","0","13","0","13","0","13","16","27","0","13","0","13","0","13","39","49","0","13","22","25","19","22","0","13","0","13","196","158","72","108","0","13","0","13","0","13","0","13","0","13","51","48","0","13","0","13","15","17","49","48","0","13","9","15","3420","687","1575","369","155","100","2","5","62","54","61","42","28","26","28","27","168","157","403","135","177","132","151","56","159","55","120","53","61","38","1845","376","24","33","15","22","177","86","23","39","116","133","0","13","136","84","507","188","300","160","97","47","218","93","141","83","91","57",
"1400000US18097358000","Census Tract 3580; Marion County; Indiana","1278","282","469","322","232","199","0","13","0","13","95","110","0","13","23","38","22","37","22","26","15","16","33","28","9","11","9","14","4","6","0","13","237","136","0","13","0","13","0","13","0","13","0","13","0","13","51","51","39","40","97","75","24","20","13","20","6","9","7","11","809","165","446","100","13","20","0","13","50","45","0","13","0","13","0","13","38","41","91","50","62","34","61","40","74","42","45","26","12","13","363","126","13","19","20","27","4","7","29","42","22","29","23","29","32","27","43","33","47","34","60","47","38","24","14","14","18","16",
"1400000US18097358100","Census Tract 3581; Marion County; Indiana","2330","527","318","135","162","102","0","13","0","13","49","60","0","13","0","13","0","13","14","23","43","49","26","35","15","25","15","27","0","13","0","13","156","68","0","13","0","13","0","13","0","13","0","13","0","13","17","20","43","31","0","13","33","30","29","32","34","42","0","13","2012","532","1039","277","63","89","0","13","90","78","23","36","0","13","19","34","117","80","158","90","131","64","244","193","76","42","52","53","66","64","973","340","0","13","24","34","114","101","28","36","14","19","48","35","10","16","67","52","161","70","283","296","120","44","104","75","0","13",
"1400000US18097360101","Census Tract 3601.01; Marion County; Indiana","2382","686","629","341","180","155","44","65","0","13","0","13","0","13","0","13","0","13","0","13","52","74","0","13","31","32","26","35","27","30","0","13","449","210","29","36","0","13","26","33","0","13","0","13","10","18","114","163","92","70","0","13","22","35","67","56","54","55","35","37","1753","668","601","237","0","13","0","13","23","35","36","56","13","22","12","21","79","80","0","13","167","146","84","66","56","50","63","48","68","55","1152","513","56","86","0","13","50","80","95","147","0","13","0","13","138","141","129","92","173","161","136","120","104","78","219","107","52","56",
"1400000US18097360102","Census Tract 3601.02; Marion County; Indiana","2158","559","942","283","396","129","0","13","0","13","95","65","21","34","0","13","35","63","115","78","59","58","19","29","0","13","0","13","52","47","0","13","546","181","0","13","0","13","107","74","65","79","0","13","0","13","17","38","0","13","191","103","33","45","62","54","71","45","0","13","1216","473","542","263","0","13","67","115","97","110","0","13","0","13","0","13","0","13","78","97","66","61","39","40","56","66","76","57","63","53","674","250","0","13","0","13","79","92","0","13","0","13","0","13","39","42","129","115","65","76","0","13","126","92","108","65","128","80",
"1400000US18097360201","Census Tract 3602.01; Marion County; Indiana","3886","877","660","548","305","336","0","13","0","13","0","13","0","13","0","13","0","13","0","13","263","331","15","31","7","12","20","32","0","13","0","13","355","246","0","13","0","13","0","13","0","13","0","13","0","13","14","22","0","13","0","13","16","27","269","237","36","58","20","31","3226","638","1721","523","39","88","0","13","168","154","90","104","14","31","14","32","94","105","436","302","307","166","302","354","127","86","73","93","57","43","1505","406","87","69","0","13","140","117","76","94","0","13","0","13","69","95","371","191","131","132","290","174","122","82","81","57","138","110",
"1400000US18097360202","Census Tract 3602.02; Marion County; Indiana","3350","682","749","345","433","239","0","13","0","13","35","51","37","59","39","57","0","13","42","63","0","13","34","49","54","85","36","43","156","111","0","13","316","168","0","13","0","13","36","52","0","13","0","13","0","13","0","13","0","13","36","52","55","85","53","61","93","76","43","51","2601","783","1414","458","200","205","0","13","117","128","0","13","21","35","143","150","138","168","121","100","90","87","178","123","270","128","91","75","45","32","1187","409","48","75","0","13","12","22","38","55","0","13","177","165","148","184","87","82","64","73","284","129","142","92","114","74","73","42",
"1400000US18097360301","Census Tract 3603.01; Marion County; Indiana","3993","589","399","264","116","103","0","13","0","13","0","13","0","13","0","13","0","13","29","48","0","13","26","46","16","23","35","46","0","13","10","15","283","191","29","43","0","13","33","57","33","57","0","13","0","13","57","87","52","46","0","13","39","48","16","24","0","13","24","28","3594","652","1831","364","102","100","0","13","328","173","0","13","0","13","19","32","456","189","146","123","421","175","121","84","121","99","116","62","1","9","1763","403","123","115","61","94","180","129","122","94","19","30","95","82","92","96","331","194","302","113","196","115","193","67","38","40","11","16",
"1400000US18097360302","Census Tract 3603.02; Marion County; Indiana","2905","645","1582","636","808","353","267","212","25","40","105","116","14","21","21","34","22","26","0","13","111","102","79","83","36","34","64","54","51","45","13","20","774","320","81","76","17","28","119","96","0","13","0","13","65","105","107","90","112","92","100","78","33","38","68","41","30","32","42","64","1323","369","863","270","0","13","36","46","204","134","0","13","34","48","0","13","40","52","310","198","55","54","88","69","41","50","55","40","0","13","460","178","30","36","0","13","28","35","0","13","0","13","0","13","41","59","143","73","29","44","64","47","26","33","81","98","18","23",
"1400000US18097360401","Census Tract 3604.01; Marion County; Indiana","5902","1231","1449","642","595","295","241","193","0","18","0","18","0","18","0","18","0","18","27","48","44","65","1","4","78","109","114","170","51","57","39","64","854","478","121","178","0","18","121","190","44","73","0","18","0","18","50","65","165","182","151","146","20","33","120","104","62","63","0","18","4453","1273","2420","867","158","134","0","18","289","221","0","18","81","113","115","131","440","479","323","261","179","127","414","331","213","125","89","71","119","100","2033","575","97","138","0","18","152","170","89","123","0","18","32","59","0","18","402","231","242","142","549","418","262","122","67","53","141","132",
"1400000US18097360402","Census Tract 3604.02; Marion County; Indiana","3179","1254","1501","1118","858","756","624","753","0","13","40","59","76","120","0","13","0","13","0","13","71","70","3","4","32","51","1","4","11","14","0","13","643","421","0","13","40","62","40","62","46","69","73","110","0","13","273","319","87","90","25","38","35","58","16","23","8","13","0","13","1678","627","635","221","0","13","42","62","20","43","40","87","0","13","94","76","51","45","14","24","162","101","51","66","87","56","53","33","21","18","1043","485","46","101","0","13","81","97","137","181","0","13","16","26","134","99","172","182","138","114","109","89","28","22","103","51","79","101",
"1400000US18097360405","Census Tract 3604.05; Marion County; Indiana","6558","797","374","222","270","193","18","31","0","18","0","18","0","18","0","18","0","18","18","28","84","83","2","3","26","44","122","180","0","18","0","18","104","70","0","18","0","18","0","18","0","18","0","18","0","18","0","18","17","27","0","18","44","51","14","22","11","20","18","29","6184","816","2714","495","395","301","90","122","175","137","62","78","34","49","125","107","130","116","499","243","395","136","354","179","266","122","149","93","40","33","3470","557","156","94","0","18","240","204","254","130","115","118","65","74","332","179","678","314","470","203","411","161","318","190","344","131","87","56",
"1400000US18097360406","Census Tract 3604.06; Marion County; Indiana","3667","734","690","341","169","129","0","13","0","13","47","71","0","13","0","13","0","13","0","13","41","72","59","73","0","13","22","36","0","13","0","13","521","259","0","13","0","13","62","106","0","13","24","44","30","47","140","167","79","77","40","60","130","120","0","13","16","27","0","13","2977","674","1635","481","0","13","0","13","191","175","48","43","42","39","62","96","95","75","431","332","112","107","359","321","80","76","151","85","64","91","1342","410","26","43","0","13","55","52","123","136","0","13","65","93","120","154","123","112","363","251","213","147","151","100","66","69","37","56",
"1400000US18097360407","Census Tract 3604.07; Marion County; Indiana","3422","855","352","327","164","173","31","57","0","13","87","104","0","13","0","13","16","25","0","13","0","13","22","41","0","13","8","13","0","13","0","13","188","181","0","13","0","13","69","105","0","13","0","13","16","25","0","13","0","13","54","74","0","13","49","65","0","13","0","13","3070","888","1177","407","134","180","82","102","68","81","0","13","77","96","30","53","19","31","129","81","269","196","56","61","196","114","105","67","12","23","1893","560","168","141","26","40","231","207","61","60","0","13","172","216","220","153","142","110","162","127","290","149","233","137","176","121","12","23",
"1400000US18097360501","Census Tract 3605.01; Marion County; Indiana","6331","1029","592","465","279","235","26","50","0","18","21","40","0","18","0","18","7","14","39","70","130","165","0","18","30","52","0","18","26","46","0","18","313","314","0","18","0","18","0","18","24","45","0","18","30","54","0","18","24","44","64","97","87","107","33","57","0","18","51","57","5739","996","2835","622","289","177","0","18","227","104","266","137","48","70","200","162","342","253","126","95","432","191","278","117","360","233","171","102","96","85","2904","608","35","41","0","18","301","319","174","79","60","75","53","70","216","214","642","238","300","148","578","288","200","131","241","73","104","86",
"1400000US18097360502","Census Tract 3605.02; Marion County; Indiana","5733","840","691","591","281","249","40","79","0","18","0","18","46","70","45","70","0","18","0","18","0","18","17","30","100","93","3","6","30","54","0","18","410","411","39","76","0","18","37","72","74","143","0","18","0","18","2","6","59","78","12","37","39","61","118","97","14","25","16","26","5042","812","2500","528","267","131","150","180","242","164","115","104","0","18","150","136","78","97","172","132","283","115","117","99","395","145","451","248","80","86","2542","494","217","182","73","111","106","102","28","86","40","64","0","18","440","250","363","215","161","124","332","157","247","134","395","144","140","98",
"1400000US18097360601","Census Tract 3606.01; Marion County; Indiana","4756","740","478","330","195","136","0","13","0","13","9","15","9","14","0","13","0","13","42","68","44","41","0","13","0","13","42","50","35","42","14","23","283","208","0","13","0","13","34","38","67","69","13","15","40","61","0","13","9","14","22","22","33","48","30","35","12","19","23","25","4278","703","2196","485","73","48","66","79","379","159","82","49","74","52","90","77","82","52","438","168","210","92","148","79","311","109","116","53","127","53","2082","341","54","60","16","25","133","87","86","67","44","43","16","22","155","103","341","177","243","84","222","89","371","104","164","65","237","74",
"1400000US18097360602","Census Tract 3606.02; Marion County; Indiana","6228","1147","1225","474","504","227","53","72","0","18","145","165","0","18","0","18","0","18","154","156","60","75","0","18","47","75","27","43","18","30","0","18","721","274","73","89","0","18","0","18","0","18","0","18","0","18","210","168","103","64","234","191","2","4","84","92","0","18","15","26","5003","1214","2761","722","108","105","24","35","355","288","316","262","39","54","149","103","101","87","378","202","452","227","271","113","235","107","145","88","188","97","2242","734","89","106","0","18","222","180","98","155","0","18","165","192","203","142","200","145","390","192","153","99","281","131","315","181","126","71",
"1400000US18097360700","Census Tract 3607; Marion County; Indiana","1927","298","207","110","100","64","0","13","9","14","0","13","0","13","0","13","0","13","0","13","39","38","4","7","17","20","3","6","28","23","0","13","107","64","0","13","0","13","0","13","0","13","0","13","18","20","0","13","14","16","5","8","16","24","32","22","0","13","22","34","1720","277","773","160","64","41","0","13","11","14","66","48","4","7","30","27","64","59","133","51","127","53","145","64","35","23","72","35","22","14","947","174","64","45","13","13","82","44","13","20","29","21","9","12","63","45","120","49","204","70","80","41","102","42","128","58","40","24",
"1400000US18097360800","Census Tract 3608; Marion County; Indiana","2493","418","319","165","187","98","36","45","0","13","34","37","0","13","0","13","12","16","0","13","44","29","0","13","8","13","44","45","4","7","5","9","132","80","35","43","0","13","0","13","0","13","0","13","0","13","0","13","48","41","11","16","0","13","21","18","9","10","8","12","2174","459","919","250","215","134","13","21","56","50","17","29","24","41","0","13","39","36","88","51","139","82","92","66","126","91","86","43","24","25","1255","294","116","134","56","61","28","35","23","29","0","13","9","14","195","148","176","151","161","79","100","55","125","79","133","61","133","69",
"1400000US18097360900","Census Tract 3609; Marion County; Indiana","5200","855","1813","559","757","356","82","74","131","201","24","30","0","18","0","18","0","18","13","19","0","18","64","64","66","77","152","129","188","130","37","44","1056","391","394","251","17","28","3","22","5","46","3","25","0","18","128","111","127","105","87","99","7","13","118","112","126","118","41","44","3387","827","1708","520","92","147","88","137","193","167","0","18","11","23","11","23","106","91","305","181","319","155","186","126","301","135","83","63","13","26","1679","396","136","147","0","18","0","18","58","93","0","18","39","64","69","65","299","187","323","143","181","116","310","171","162","90","102","92",
"1400000US18097361000","Census Tract 3610; Marion County; Indiana","2118","248","66","44","31","26","0","13","0","13","0","13","10","16","0","13","0","13","0","13","5","8","0","13","0","13","0","13","0","13","16","23","35","27","0","13","0","13","0","13","0","13","0","13","0","13","0","13","10","15","11","16","0","13","3","6","0","13","11","11","2052","249","1033","156","126","46","24","25","32","25","6","10","4","7","37","45","33","34","149","48","153","33","84","47","218","90","133","39","34","21","1019","138","78","51","17","21","31","21","9","13","0","13","32","27","45","36","195","66","134","43","133","41","151","69","137","36","57","26",
"1400000US18097361100","Census Tract 3611; Marion County; Indiana","2947","576","269","130","56","45","7","10","0","13","17","18","0","13","0","13","0","13","0","13","8","13","6","10","8","13","0","13","10","15","0","13","213","105","9","17","0","13","0","13","0","13","7","11","0","13","36","37","0","13","35","43","34","37","70","71","22","24","0","13","2678","578","1284","387","125","101","12","18","114","84","42","37","13","15","13","18","134","112","174","91","227","81","131","103","159","74","140","62","0","13","1394","265","95","56","6","15","52","30","46","47","8","14","38","47","101","88","262","111","215","76","230","118","194","83","101","45","46","30",
"1400000US18097361200","Census Tract 3612; Marion County; Indiana","3349","458","352","143","193","114","0","13","0","13","0","13","0","13","0","13","0","13","0","13","58","82","39","60","18","25","64","43","14","22","0","13","159","100","0","13","0","13","30","49","0","13","0","13","0","13","24","25","43","56","13","19","11","18","24","30","0","13","14","22","2997","442","1566","339","182","126","0","13","107","63","68","60","28","44","38","40","98","88","297","115","244","107","274","164","89","59","79","53","62","44","1431","263","138","82","20","32","71","61","152","126","0","13","16","20","110","71","210","119","211","67","208","85","153","118","64","48","78","47",
"1400000US18097361300","Census Tract 3613; Marion County; Indiana","2106","358","205","85","85","55","0","13","0","13","0","13","7","13","0","13","0","13","1","3","29","31","0","13","21","35","12","18","15","23","0","13","120","59","0","13","0","13","0","13","0","13","0","13","0","13","16","23","29","23","26","23","17","28","0","13","27","28","5","9","1901","334","963","250","21","34","8","16","20","27","38","50","0","13","22","24","135","101","73","54","109","73","269","102","201","170","49","33","18","16","938","189","39","41","0","13","118","92","0","13","0","13","57","53","103","77","166","79","38","37","172","79","106","58","61","38","78","55",
"1400000US18097361401","Census Tract 3614.01; Marion County; Indiana","5503","1209","361","259","62","67","46","66","0","18","0","18","0","18","0","18","0","18","0","18","0","18","0","18","8","15","8","15","0","18","0","18","299","214","0","18","0","18","42","59","0","18","0","18","52","74","21","28","92","106","14","24","38","66","0","18","20","34","20","34","5142","1201","2482","468","118","151","31","50","103","90","194","101","0","18","199","106","127","104","352","189","279","125","716","308","153","69","146","64","64","59","2660","883","0","18","0","18","178","118","234","198","12","22","675","638","343","164","213","108","439","254","270","81","127","90","71","49","98","98",
"1400000US18097361402","Census Tract 3614.02; Marion County; Indiana","5718","1036","1046","659","585","412","0","18","0","18","49","71","0","18","110","118","0","18","116","123","56","89","36","63","198","189","20","38","0","18","0","18","461","346","0","18","0","18","0","18","0","18","0","18","54","78","0","18","47","73","50","72","162","137","104","156","44","68","0","18","4672","1056","2416","597","144","116","55","91","98","126","41","51","25","55","58","94","435","363","199","157","342","205","216","189","403","178","209","108","191","142","2256","652","188","206","29","43","100","151","168","133","0","18","0","18","268","287","458","279","343","290","25","40","281","133","338","129","58","49",
"1400000US18097361601","Census Tract 3616.01; Marion County; Indiana","5081","1187","161","169","104","133","0","18","0","18","0","18","58","87","0","18","0","18","31","43","0","18","15","26","0","18","0","18","0","18","0","18","57","54","0","18","0","18","10","15","0","18","0","18","0","18","18","33","0","18","20","31","0","18","0","18","9","13","0","18","4920","1214","2292","515","82","90","27","44","18","28","104","81","0","18","58","62","312","238","296","133","177","79","432","185","409","288","232","175","145","94","2628","787","121","128","18","33","106","96","145","158","28","50","67","68","242","309","227","168","179","115","447","223","505","463","249","83","294","164",
"1400000US18097361602","Census Tract 3616.02; Marion County; Indiana","3438","771","103","122","58","58","0","13","0","13","0","13","0","13","0","13","0","13","0","13","0","13","0","13","0","13","0","13","45","54","13","21","45","67","0","13","0","13","0","13","0","13","0","13","0","13","0","13","0","13","0","13","0","13","0","13","45","67","0","13","3335","757","1472","325","125","119","37","54","129","123","174","128","0","13","85","74","16","27","101","52","162","85","174","84","137","88","231","79","101","71","1863","538","202","219","16","27","297","192","43","51","28","44","70","65","51","57","388","214","159","79","138","78","122","67","318","87","31","29",
"1400000US18097370201","Census Tract 3702.01; Marion County; Indiana","3262","402","874","354","493","243","75","101","0","13","66","100","52","58","0","13","14","24","0","13","47","49","82","60","21","25","15","24","112","61","9","15","381","166","0","13","0","13","57","59","0","13","15","28","22","28","52","51","26","35","58","41","0","13","45","45","106","75","0","13","2388","417","1257","232","49","45","37","39","57","55","26","31","0","13","17","26","137","95","237","102","156","91","208","89","153","76","81","42","99","48","1131","237","109","63","0","13","31","40","29","31","9","14","7","12","36","31","241","109","188","103","74","60","208","85","118","69","81","46",
"1400000US18097370203","Census Tract 3702.03; Marion County; Indiana","4943","1099","1971","880","840","372","100","100","76","69","143","112","69","58","0","13","239","240","60","59","39","45","18","31","29","41","67","60","0","13","0","13","1131","597","200","149","20","31","49","54","0","13","29","41","67","77","224","255","133","112","126","99","222","301","59","51","1","2","1","2","2972","1103","1395","604","182","217","0","13","78","72","55","56","0","13","38","54","124","92","172","98","250","183","239","210","100","58","85","65","72","79","1577","563","88","82","37","60","162","109","117","86","0","13","14","24","289","302","236","120","162","116","84","57","238","153","123","65","27","32",
"1400000US18097370204","Census Tract 3702.04; Marion County; Indiana","3474","467","404","197","236","124","44","65","0","13","15","22","0","13","0","13","0","13","25","31","78","85","30","48","0","13","33","34","11","19","0","13","168","96","16","25","0","13","14","22","0","13","0","13","0","13","11","18","24","27","32","51","17","31","25","30","20","21","9","15","3070","473","1430","289","78","85","86","94","134","79","17","28","22","39","28","35","144","127","283","168","157","76","101","76","246","97","102","60","32","30","1640","276","261","150","0","13","17","28","22","37","50","50","0","13","129","98","254","126","130","114","208","132","273","124","139","66","157","85",
"1400000US18097370303","Census Tract 3703.03; Marion County; Indiana","7803","706","662","461","332","199","29","50","0","18","29","41","0","18","0","18","52","75","41","64","35","41","46","70","63","69","0","18","37","40","0","18","330","294","34","47","0","18","0","18","0","18","0","18","0","18","161","183","29","41","75","82","0","18","19","30","0","18","12","18","7141","894","3690","518","274","212","126","116","418","178","137","109","96","84","193","93","214","128","784","255","578","229","317","176","299","148","196","135","58","44","3451","542","401","330","0","18","349","173","124","100","119","111","31","34","154","79","689","210","627","240","324","165","383","175","153","84","97","69",
"1400000US18097370304","Census Tract 3703.04; Marion County; Indiana","3659","788","411","424","212","188","59","93","0","13","47","75","0","13","0","13","0","13","14","21","0","13","20","22","0","13","45","50","12","19","15","24","199","245","0","13","0","13","54","85","54","85","0","13","0","13","0","13","0","13","79","89","12","19","0","13","0","13","0","13","3248","713","2020","566","149","127","64","70","243","162","148","121","0","13","26","28","128","111","297","261","208","118","242","209","337","160","131","80","47","45","1228","258","71","54","0","13","93","59","75","68","0","13","15","25","30","29","170","64","152","56","249","216","201","83","107","55","65","55",
"1400000US18097370305","Census Tract 3703.05; Marion County; Indiana","3878","937","769","380","309","207","244","158","0","13","0","13","0","13","0","13","0","13","65","51","0","13","0","13","0","13","0","13","0","13","0","13","460","226","83","64","0","13","0","13","0","13","0","13","0","13","85","54","113","132","17","30","0","13","47","55","51","58","64","70","3109","890","1355","434","190","236","0","13","0","13","49","62","0","13","63","70","138","112","293","139","108","78","230","142","100","68","53","45","131","70","1754","693","160","126","19","30","65","62","29","45","0","13","77","59","695","657","193","127","38","42","167","92","180","84","92","82","39","31",
"1400000US18097370306","Census Tract 3703.06; Marion County; Indiana","5329","805","403","208","108","70","0","18","0","18","0","18","0","18","0","18","0","18","13","24","3","13","0","18","0","18","92","69","0","18","0","18","295","170","0","18","0","18","23","38","0","18","0","18","0","18","24","35","91","117","15","23","73","73","36","38","8","14","25","30","4926","744","2581","387","175","87","27","34","205","95","148","81","0","18","56","66","217","103","379","139","374","150","396","137","418","255","153","50","33","39","2345","421","246","143","43","61","183","143","143","110","16","22","93","81","125","99","250","110","350","96","317","123","231","88","293","237","55","44",
"1400000US18097380101","Census Tract 3801.01; Marion County; Indiana","7110","818","177","243","67","104","0","18","0","18","31","55","0","18","0","18","0","18","0","18","36","51","0","18","0","18","0","18","0","18","0","18","110","146","22","38","0","18","27","48","0","18","0","18","0","18","0","18","61","76","0","18","0","18","0","18","0","18","0","18","6933","877","3480","536","199","176","0","18","207","164","133","107","48","56","74","97","216","129","353","217","403","134","611","369","448","155","622","299","166","109","3453","497","154","162","55","76","140","88","25","40","70","94","87","85","197","144","448","241","285","107","430","183","769","282","651","322","142","104",
"1400000US18097380102","Census Tract 3801.02; Marion County; Indiana","3258","739","247","497","62","136","23","73","0","13","12","24","0","13","0","13","0","13","0","13","0","13","16","53","11","22","0","13","0","13","0","13","185","364","44","141","21","68","20","68","21","41","0","13","14","28","0","13","20","66","10","19","0","13","35","64","0","13","0","13","3011","731","1393","399","60","71","9","23","87","114","35","57","0","13","91","82","46","62","152","76","137","112","596","388","125","112","55","47","0","13","1618","456","146","57","0","13","93","101","102","113","38","49","7","14","174","146","190","123","539","350","76","102","50","45","32","41","171","152",
"1400000US18097380103","Census Tract 3801.03; Marion County; Indiana","8462","1143","1211","515","571","282","135","94","0","18","0","18","32","41","0","18","91","65","111","148","60","76","129","84","0","18","13","23","0","18","0","18","640","361","170","205","43","85","117","78","83","58","17","29","0","18","19","33","64","67","52","62","0","18","26","51","49","66","0","18","7251","1166","3758","746","88","99","0","18","468","329","190","113","0","18","135","157","289","181","848","599","460","268","891","388","149","106","164","87","76","87","3493","642","100","115","0","18","181","164","27","44","26","58","20","34","189","122","767","401","398","295","1057","517","269","188","339","77","120","127",
"1400000US18097380200","Census Tract 3802; Marion County; Indiana","3140","745","719","398","366","242","78","138","0","13","43","55","0","13","17","27","0","13","18","27","52","66","16","27","16","24","81","102","45","35","0","13","353","192","45","75","0","13","0","13","0","13","0","13","0","13","8","15","47","79","58","76","74","56","0","13","17","21","104","76","2421","557","1242","287","123","80","42","43","62","74","60","56","0","13","0","13","122","174","313","174","138","62","72","52","176","92","103","66","31","24","1179","383","155","105","0","13","66","84","17","24","12","18","32","48","169","138","122","100","145","64","72","60","190","109","124","66","75","48",
"1400000US18097380301","Census Tract 3803.01; Marion County; Indiana","2287","560","214","181","69","57","0","13","0","13","9","21","0","13","0","13","0","13","18","30","0","13","13","22","0","13","0","13","8","12","21","34","145","137","0","13","0","13","32","55","0","13","10","23","0","13","0","13","49","50","11","17","0","13","26","34","8","12","9","20","2073","494","1122","382","51","66","27","39","128","121","111","109","24","33","24","34","65","51","99","51","120","102","144","130","243","129","19","20","67","59","951","220","28","28","6","11","153","110","5","11","25","33","20","29","104","71","72","49","94","64","100","61","230","119","24","30","90","69",
"1400000US18097380302","Census Tract 3803.02; Marion County; Indiana","2769","743","731","199","195","121","12","19","0","13","34","50","16","29","0","13","14","25","71","78","19","33","17","32","0","13","12","18","0","13","0","13","536","136","148","82","20","46","91","26","0","13","0","13","14","21","127","96","96","37","13","23","0","13","13","23","0","13","14","21","2038","750","787","297","0","13","0","13","23","38","44","63","0","13","0","13","186","147","83","83","94","115","141","125","48","52","82","84","86","94","1251","538","227","236","0","13","54","82","81","110","0","13","0","13","146","117","257","148","173","94","40","46","157","110","116","91","0","13",
"1400000US18097380402","Census Tract 3804.02; Marion County; Indiana","4703","826","632","257","150","97","10","17","11","17","34","32","15","22","0","13","0","13","18","28","11","16","32","33","7","13","11","16","1","2","0","13","482","229","0","13","0","13","17","25","17","26","0","13","0","13","39","44","175","133","62","48","34","45","17","27","121","171","0","13","4071","932","1866","413","269","278","24","37","163","80","76","73","0","13","8","16","124","89","406","174","293","183","126","65","150","92","123","53","104","91","2205","586","159","92","21","29","220","209","231","199","42","48","47","41","104","72","566","246","259","200","117","63","285","84","85","40","69","42",
"1400000US18097380403","Census Tract 3804.03; Marion County; Indiana","3664","532","423","287","121","86","0","13","19","31","0","13","0","13","0","13","0","13","3","5","15","23","43","57","0","13","13","22","13","20","15","23","302","239","24","38","17","26","96","85","39","55","0","13","0","13","0","13","46","45","39","41","5","11","31","34","5","9","0","13","3241","558","1538","330","60","65","13","18","169","94","22","25","15","22","118","100","91","66","143","72","207","99","200","105","223","97","203","80","74","57","1703","318","58","52","0","13","146","97","57","52","0","13","29","31","144","89","250","117","235","105","182","100","295","125","211","83","96","51",
"1400000US18097380404","Census Tract 3804.04; Marion County; Indiana","3862","531","360","179","114","71","0","13","0","13","13","20","0","13","0","13","0","13","0","13","0","13","30","47","38","34","26","31","0","13","7","13","246","154","30","49","0","13","13","20","14","20","37","47","0","13","24","27","9","14","26","27","18","21","64","50","0","13","11","17","3502","526","1662","330","118","74","0","13","195","94","118","58","9","16","68","67","78","51","164","71","205","79","132","77","300","131","178","105","97","42","1840","292","103","77","14","22","128","69","67","53","52","54","74","57","50","38","140","63","296","85","204","78","278","103","187","114","247","102",
"1400000US18097380501","Census Tract 3805.01; Marion County; Indiana","2550","591","452","276","242","222","0","13","0","13","96","158","27","46","0","13","0","13","26","44","0","13","61","83","22","33","10","16","0","13","0","13","210","118","0","13","0","13","31","53","0","13","0","13","75","75","50","77","0","13","19","32","35","58","0","13","0","13","0","13","2098","572","991","317","77","101","0","13","82","65","42","42","0","13","108","70","162","197","109","94","24","31","156","105","59","47","144","81","28","28","1107","293","119","112","0","13","66","55","0","13","0","13","16","27","140","146","127","95","182","121","136","81","178","100","107","60","36","37",
"1400000US18097380502","Census Tract 3805.02; Marion County; Indiana","3287","672","1046","411","583","239","156","125","0","13","32","57","26","26","0","13","43","37","138","120","74","84","27","26","42","52","28","30","17","26","0","13","463","220","14","23","0","13","53","54","26","27","0","13","28","29","111","87","58","71","128","143","11","17","8","14","26","27","0","13","2241","623","1195","429","164","213","0","13","0","13","0","13","0","13","0","13","138","115","492","220","147","79","68","59","101","56","66","49","19","26","1046","244","53","65","17","25","29","34","25","42","0","13","20","34","108","72","337","211","60","35","160","81","106","70","54","37","77","34",
"1400000US18097380600","Census Tract 3806; Marion County; Indiana","5863","1201","572","301","205","161","0","18","0","18","37","46","19","34","0","18","0","18","16","53","44","70","1","4","76","80","0","18","12","20","0","18","367","203","20","33","0","18","20","33","0","18","0","18","0","18","114","142","46","56","16","29","13","23","73","69","36","38","29","35","5291","1190","2618","599","212","152","127","101","436","163","0","18","0","18","53","84","171","224","304","163","800","381","127","113","238","116","136","57","14","23","2673","695","225","167","41","59","17","29","186","125","0","18","202","259","231","213","515","216","462","260","343","290","286","131","129","81","36","35",
"1400000US18097380700","Census Tract 3807; Marion County; Indiana","7021","1043","1568","849","1038","612","0","18","0","18","274","275","41","61","107","145","105","142","150","183","156","165","38","56","38","34","129","184","0","18","0","18","530","285","0","18","0","18","24","34","36","52","32","44","0","18","142","112","21","35","206","242","20","31","0","18","23","38","26","36","5453","796","2923","354","125","139","150","80","348","176","139","111","0","18","160","135","189","136","487","217","478","209","460","183","120","83","209","125","58","49","2530","634","298","221","0","18","115","126","87","93","0","18","22","40","396","182","393","190","158","115","413","172","282","150","211","69","155","90",
"1400000US18097380800","Census Tract 3808; Marion County; Indiana","2764","535","287","142","86","68","0","13","0","13","0","13","8","14","12","18","11","17","0","13","0","13","0","13","18","27","37","41","0","13","0","13","201","87","9","16","25","29","17","26","0","13","0","13","0","13","0","13","44","47","38","35","12","21","37","31","19","30","0","13","2477","549","1339","308","77","64","0","13","128","142","10","18","5","10","8","14","120","73","125","74","143","54","167","104","377","255","115","56","64","47","1138","287","41","57","0","13","43","43","40","32","8","15","11","16","142","87","94","63","131","75","99","55","363","242","133","48","33","32",
"1400000US18097380901","Census Tract 3809.01; Marion County; Indiana","5188","745","145","91","70","59","0","18","0","18","0","18","0","18","0","18","0","18","10","16","0","18","10","17","28","29","22","25","0","18","0","18","75","76","0","18","0","18","11","18","0","18","0","18","0","18","0","18","13","18","1","4","50","66","0","18","0","18","0","18","5043","737","2470","405","104","66","0","18","289","177","42","37","27","32","69","51","164","80","285","120","472","223","257","120","340","105","284","92","137","54","2573","384","169","159","19","22","249","105","90","62","27","26","116","66","167","79","387","202","294","100","322","76","298","93","243","60","192","60",
"1400000US18097380902","Census Tract 3809.02; Marion County; Indiana","5985","732","661","440","291","226","28","40","0","18","28","40","0","18","0","18","0","18","0","18","0","18","27","39","0","18","125","145","83","96","0","18","370","287","0","18","0","18","29","42","29","42","0","18","0","18","75","81","79","128","39","67","0","18","104","115","15","25","0","18","5324","699","2708","482","52","57","69","66","225","136","52","67","0","18","120","86","180","121","436","213","265","93","343","131","347","123","261","92","358","212","2616","322","15","24","29","41","111","87","92","84","36","41","0","18","175","109","413","169","249","117","499","162","323","138","329","104","345","208",
"1400000US18097381002","Census Tract 3810.02; Marion County; Indiana","3707","879","204","223","46","42","0","13","0","13","0","13","0","13","0","13","0","13","0","13","25","30","0","13","3","4","12","15","6","10","0","13","158","215","0","13","0","13","0","13","0","13","0","13","0","13","140","204","0","13","0","13","2","5","2","4","14","15","0","13","3503","874","1632","240","15","14","44","35","169","76","29","26","6","9","19","21","193","114","131","50","304","179","233","77","219","70","182","41","88","53","1871","684","230","242","14","22","216","229","76","54","14","22","5","8","78","42","309","222","203","53","173","54","246","50","207","50","100","59",
"1400000US18097381003","Census Tract 3810.03; Marion County; Indiana","3586","366","564","259","240","128","56","45","4","8","20","24","18","27","0","13","0","13","0","13","64","48","27","29","27","30","0","13","24","39","0","13","324","150","31","31","0","13","43","39","16","23","0","13","6","8","52","37","85","51","30","27","2","5","6","10","41","49","12","9","3022","347","1565","229","161","92","0","13","96","49","59","42","89","113","11","11","229","80","274","140","123","43","178","56","116","45","122","39","107","47","1457","252","55","43","9","12","155","70","40","24","35","27","35","51","173","148","258","112","171","106","114","48","168","79","164","52","80","38",
"1400000US18097381004","Census Tract 3810.04; Marion County; Indiana","3749","633","675","396","118","91","10","22","0","13","0","13","0","13","0","13","0","13","28","37","0","13","0","13","22","30","12","19","9","19","37","55","557","374","212","246","11","22","0","13","0","13","0","13","0","13","69","65","10","22","79","117","11","24","154","197","11","18","0","13","3074","652","1585","301","41","68","26","49","283","109","0","13","39","48","127","71","356","161","177","115","82","78","273","136","58","48","59","49","64","68","1489","449","65","82","0","13","49","65","27","49","0","13","0","13","338","321","296","156","263","105","118","84","64","65","162","79","107","81",
"1400000US18097381101","Census Tract 3811.01; Marion County; Indiana","5844","776","154","110","86","69","0","18","0","18","0","18","0","18","0","18","0","18","22","34","45","53","0","18","0","18","19","33","0","18","0","18","68","59","0","18","0","18","0","18","0","18","0","18","0","18","23","37","16","29","0","18","0","18","0","18","13","21","16","25","5690","780","2562","477","270","167","0","18","136","109","71","78","116","126","99","97","263","176","217","144","378","105","214","104","514","280","159","90","125","67","3128","466","122","87","28","48","341","193","55","88","72","89","79","60","116","96","435","189","327","148","234","102","456","120","272","83","591","222",
"1400000US18097381102","Census Tract 3811.02; Marion County; Indiana","7441","897","677","384","375","286","68","103","33","51","69","103","10","19","0","18","0","18","54","82","14","28","30","46","0","18","0","18","97","82","0","18","302","229","52","78","0","18","0","18","0","18","0","18","0","18","18","31","87","100","0","18","0","18","76","72","30","34","39","43","6764","977","3568","707","388","331","34","53","552","339","187","155","131","134","154","139","200","137","443","193","405","131","409","176","411","225","218","103","36","43","3196","529","171","91","90","121","185","115","119","82","65","79","107","77","156","101","304","118","606","218","558","353","349","115","321","131","165","97",
"1400000US18097381203","Census Tract 3812.03; Marion County; Indiana","3249","523","619","440","293","247","1","12","0","13","155","129","0","13","0","13","60","88","24","27","0","13","41","43","7","11","0","13","5","8","0","13","326","212","0","13","0","13","35","54","35","52","63","58","0","13","0","13","80","82","62","55","44","43","0","13","7","11","0","13","2630","601","1425","411","79","70","29","33","145","112","27","42","74","77","68","74","92","52","458","226","146","81","88","65","127","99","68","55","24","23","1205","298","138","80","0","13","133","76","48","55","0","13","18","28","77","42","226","117","106","96","277","113","109","76","21","24","52","44",
"1400000US18097381204","Census Tract 3812.04; Marion County; Indiana","2560","550","260","115","121","66","14","19","0","13","0","13","0","13","0","13","0","13","16","17","6","12","0","13","11","18","32","38","31","44","11","16","139","87","8","14","7","14","0","13","0","13","0","13","0","13","51","58","0","13","0","13","0","13","32","36","20","23","21","23","2300","552","933","374","65","45","34","34","55","46","0","13","0","13","0","13","83","62","362","236","102","90","50","42","53","40","46","34","83","49","1367","249","82","62","0","13","53","34","7","11","0","13","0","13","129","136","255","114","80","53","66","95","132","84","162","73","401","130",
"1400000US18097381205","Census Tract 3812.05; Marion County; Indiana","7241","845","1293","742","535","338","68","101","0","18","176","160","0","18","0","18","0","18","44","47","48","78","159","176","22","34","9","15","0","18","9","16","758","493","305","319","0","18","93","94","0","18","0","18","0","18","55","58","128","112","52","60","0","18","24","25","72","75","29","34","5948","904","2628","512","235","151","10","19","87","76","63","87","32","50","40","47","560","263","522","207","362","140","337","130","181","83","151","58","48","45","3320","544","164","97","0","18","391","241","231","182","0","18","72","64","397","198","701","254","413","172","300","128","323","89","163","91","165","73",
"1400000US18097381206","Census Tract 3812.06; Marion County; Indiana","4171","662","521","315","333","233","16","26","0","13","21","28","65","44","23","31","0","13","13","22","0","13","25","30","81","89","16","25","0","13","73","97","188","124","0","13","0","13","14","25","45","38","0","13","45","61","0","13","29","45","21","28","0","13","18","30","16","19","0","13","3650","711","1702","472","79","71","3","14","74","63","62","60","0","13","32","50","175","136","290","129","385","239","247","110","177","79","139","62","39","36","1948","367","63","66","0","13","163","153","60","57","18","34","0","13","157","73","350","159","190","144","334","154","240","113","227","98","146","69",
"1400000US18097381207","Census Tract 3812.07; Marion County; Indiana","4194","1408","225","262","97","122","0","13","0","13","41","63","0","13","0","13","0","13","0","13","46","56","10","18","0","13","0","13","0","13","0","13","128","143","28","42","0","13","35","53","0","13","0","13","0","13","0","13","35","51","0","13","0","13","0","13","20","19","10","16","3969","1408","1871","587","54","66","46","46","151","54","13","23","41","40","40","39","147","130","205","129","406","375","112","76","410","248","131","62","115","66","2098","906","186","205","0","13","530","370","19","31","5","9","91","94","135","130","118","58","359","307","248","145","159","66","154","77","94","56",
"1400000US18097390102","Census Tract 3901.02; Marion County; Indiana","5535","1007","365","335","59","64","0","18","0","18","0","18","0","18","0","18","13","26","0","18","0","18","24","46","0","18","22","38","0","18","0","18","306","332","123","175","0","18","0","18","0","18","0","18","0","18","0","18","103","143","0","18","0","18","17","30","47","57","16","26","5170","1116","2076","528","175","151","0","18","180","200","227","170","0","18","0","18","249","142","205","121","321","111","280","168","112","68","184","125","143","148","3094","810","57","78","0","18","460","262","110","119","0","18","75","80","63","69","503","236","621","601","223","117","320","140","464","244","198","143",
"1400000US18097390103","Census Tract 3901.03; Marion County; Indiana","3273","407","153","203","137","201","0","13","0","13","0","13","0","13","0","13","0","13","15","22","0","13","0","13","0","13","122","200","0","13","0","13","16","27","0","13","0","13","0","13","0","13","0","13","0","13","0","13","0","13","0","13","16","27","0","13","0","13","0","13","3120","368","1593","294","154","134","103","97","218","101","81","65","0","13","0","13","0","13","336","114","222","110","107","117","129","52","161","69","82","59","1527","298","118","169","0","13","58","59","0","13","90","108","27","43","70","78","167","92","266","90","122","102","145","65","277","95","187","178",
"1400000US18097390104","Census Tract 3901.04; Marion County; Indiana","7350","869","878","460","443","275","0","18","0","18","0","18","0","18","0","18","125","104","282","217","0","18","0","18","15","25","0","18","21","34","0","18","435","232","0","18","0","18","0","18","143","120","0","18","0","18","0","18","0","18","107","91","0","18","145","89","40","48","0","18","6472","1062","3126","486","223","163","128","122","311","115","150","104","102","95","34","61","215","124","319","126","403","99","373","169","575","270","293","108","0","18","3346","668","60","61","33","55","460","197","37","47","111","92","186","109","277","164","441","169","509","150","319","150","505","323","333","238","75","58",
"1400000US18097390200","Census Tract 3902; Marion County; Indiana","6450","762","377","293","86","106","25","40","0","18","12","23","13","23","0","18","12","22","0","18","0","18","22","34","2","4","0","18","0","18","0","18","291","242","31","40","42","70","14","26","0","18","0","18","0","18","14","27","103","140","63","74","0","18","0","18","24","39","0","18","6073","715","3062","421","229","108","35","56","415","190","228","88","5","12","68","61","213","124","453","289","520","150","211","105","395","125","256","91","34","41","3011","398","242","147","48","50","247","123","190","110","67","63","43","35","107","82","453","253","476","163","298","131","543","210","229","72","68","49",
"1400000US18097390300","Census Tract 3903; Marion County; Indiana","6961","1027","675","491","298","265","70","94","0","18","61","80","54","80","0","18","0","18","20","33","13","22","52","77","16","26","12","19","0","18","0","18","377","250","68","93","0","18","0","18","0","18","0","18","0","18","89","128","59","88","31","35","0","18","46","49","70","70","14","26","6286","1027","3470","661","454","240","0","18","295","153","237","140","0","18","131","79","442","261","321","145","411","204","449","177","405","148","182","91","143","78","2816","473","85","62","34","41","282","154","234","132","0","18","56","61","67","103","221","110","646","175","336","176","425","123","251","113","179","140",
"1400000US18097390405","Census Tract 3904.05; Marion County; Indiana","3820","468","108","110","2","5","0","13","0","13","0","13","0","13","0","13","0","13","0","13","1","3","0","13","1","3","0","13","0","13","0","13","106","110","0","13","0","13","0","13","0","13","0","13","0","13","89","108","0","13","0","13","0","13","0","13","17","26","0","13","3712","462","1816","435","183","153","51","49","126","103","26","54","0","13","0","13","155","139","514","277","344","193","115","98","88","63","95","58","119","97","1896","280","97","99","11","18","12","18","27","55","4","16","0","13","94","76","612","175","242","130","158","88","169","95","251","123","219","144",
"1400000US18097390406","Census Tract 3904.06; Marion County; Indiana","6716","1183","291","238","192","168","0","18","0","18","37","59","17","27","0","18","0","18","0","18","0","18","0","18","138","127","0","18","0","18","0","18","99","92","0","18","0","18","60","74","0","18","0","18","0","18","0","18","0","18","18","28","0","18","9","15","0","18","12","20","6425","1155","3608","704","228","165","52","45","451","258","349","310","104","68","302","159","298","168","340","171","555","156","335","154","383","159","131","70","80","63","2817","592","326","225","48","47","238","128","68","80","0","18","132","85","44","45","459","240","482","222","440","220","319","131","168","88","93","72",
"1400000US18097390407","Census Tract 3904.07; Marion County; Indiana","6694","860","520","563","170","171","18","27","17","28","18","28","0","18","0","18","0","18","55","81","0","18","0","18","48","72","14","22","0","18","0","18","350","402","0","18","0","18","18","28","66","100","17","29","65","97","64","95","17","27","0","18","72","108","11","18","0","18","20","30","6174","935","3170","491","345","212","36","29","237","100","166","105","27","36","120","107","256","177","171","93","460","115","570","181","412","109","316","151","54","43","3004","505","181","129","49","44","300","206","142","80","46","50","121","130","76","51","148","81","571","144","441","141","392","182","304","140","233","129",
"1400000US18097390408","Census Tract 3904.08; Marion County; Indiana","5455","662","470","408","175","143","67","67","20","33","16","26","0","18","0","18","11","18","0","18","61","66","0","18","0","18","0","18","0","18","0","18","295","278","28","47","45","68","67","77","0","18","50","73","0","18","11","22","44","66","12","21","23","39","0","18","15","25","0","18","4985","823","2426","395","127","107","65","100","188","139","97","93","22","36","134","90","135","101","296","123","331","127","337","121","447","236","104","73","143","92","2559","544","174","111","8","15","243","317","122","117","162","186","165","137","179","126","187","105","324","164","421","176","295","185","193","84","86","62",
"1400000US18097390409","Census Tract 3904.09; Marion County; Indiana","7128","724","177","203","52","78","10","28","0","18","17","28","0","18","0","18","0","18","0","18","0","18","25","37","0","18","0","18","0","18","0","18","125","144","7","18","0","18","26","38","0","18","0","18","34","57","0","18","27","39","31","53","0","18","0","18","0","18","0","18","6951","734","3145","389","156","110","0","18","350","219","131","119","0","18","49","76","148","131","404","157","599","145","364","164","542","158","336","116","66","64","3806","656","448","149","58","72","160","132","160","134","33","48","50","65","152","94","674","264","856","539","315","197","507","134","212","88","181","97",
"1400000US18097390410","Census Tract 3904.10; Marion County; Indiana","1958","244","32","41","14","21","0","13","0","13","0","13","0","13","0","13","0","13","0","13","14","21","0","13","0","13","0","13","0","13","0","13","18","22","0","13","0","13","0","13","0","13","0","13","0","13","13","20","0","13","0","13","0","13","0","13","0","13","5","8","1926","238","992","173","50","31","0","13","106","53","6","10","7","12","26","27","134","67","102","65","90","31","169","92","155","84","95","54","52","33","934","118","26","31","18","25","59","39","18","19","26","42","38","36","121","64","103","62","57","30","156","62","125","83","160","58","27","25",
"1400000US18097390411","Census Tract 3904.11; Marion County; Indiana","3875","581","638","442","144","121","0","13","0","13","0","13","0","13","0","13","14","26","21","34","89","108","20","31","0","13","0","13","0","13","0","13","494","340","99","121","0","13","95","116","44","47","0","13","30","50","0","13","107","102","14","23","70","53","0","13","0","13","35","41","3237","593","1558","387","38","42","0","13","288","210","43","45","62","64","43","49","56","52","128","76","370","177","104","65","227","89","142","73","57","41","1679","274","82","106","0","13","170","82","37","46","75","71","9","15","75","60","221","102","311","116","139","72","178","63","267","130","115","67",
"1400000US18097390500","Census Tract 3905; Marion County; Indiana","2783","608","624","364","407","287","82","122","0","13","38","52","0","13","0","13","0","13","0","13","104","120","70","81","34","38","0","13","59","65","20","23","217","155","28","39","0","13","27","37","27","37","0","13","0","13","18","28","40","44","17","24","0","13","12","20","17","20","31","36","2159","544","954","370","43","50","13","21","82","81","29","42","0","13","145","183","0","13","128","92","215","154","84","80","150","80","46","34","19","20","1205","303","49","48","0","13","156","103","167","84","0","13","38","41","40","47","221","151","73","41","93","68","183","98","138","86","47","33",
"1400000US18097390601","Census Tract 3906.01; Marion County; Indiana","1741","657","273","155","75","81","53","77","0","13","0","13","0","13","0","13","0","13","10","15","0","13","0","13","0","13","12","20","0","13","0","13","198","101","0","13","0","13","0","13","0","13","0","13","0","13","162","98","0","13","0","13","36","51","0","13","0","13","0","13","1468","619","593","199","0","13","0","13","23","35","0","13","0","13","41","39","163","131","89","114","88","73","83","61","8","14","71","64","27","21","875","572","13","20","0","13","0","13","21","28","0","13","27","45","242","254","293","319","108","79","74","49","64","56","33","30","0","13",
"1400000US18097390602","Census Tract 3906.02; Marion County; Indiana","3173","415","161","105","69","69","0","13","0","13","0","13","0","13","0","13","0","13","0","13","37","57","0","13","0","13","4","7","0","13","28","45","92","59","0","13","0","13","0","13","0","13","0","13","0","13","0","13","0","13","0","13","5","11","32","30","30","37","25","27","3012","433","1214","347","73","71","0","13","25","33","0","13","0","13","0","13","100","140","479","242","97","69","139","89","81","58","124","58","96","70","1798","282","26","43","0","13","160","154","16","23","0","13","17","25","195","226","498","203","200","140","29","35","283","107","142","68","232","101",
"1400000US18097390700","Census Tract 3907; Marion County; Indiana","4154","971","276","189","107","85","0","13","0","13","3","40","20","35","17","31","0","13","0","13","8","15","10","12","21","27","26","33","2","6","0","13","169","125","0","13","0","13","41","63","0","13","0","13","0","13","23","33","0","13","15","30","17","28","13","24","60","73","0","13","3878","982","2326","792","60","66","86","79","427","314","225","288","64","71","45","52","192","100","125","80","222","134","273","159","403","289","121","90","83","96","1552","368","118","95","85","98","71","83","96","88","32","44","31","45","185","117","232","174","276","139","217","121","116","82","58","44","35","32",
"1400000US18097390801","Census Tract 3908.01; Marion County; Indiana","0","13","0","13","0","13","0","13","0","13","0","13","0","13","0","13","0","13","0","13","0","13","0","13","0","13","0","13","0","13","0","13","0","13","0","13","0","13","0","13","0","13","0","13","0","13","0","13","0","13","0","13","0","13","0","13","0","13","0","13","0","13","0","13","0","13","0","13","0","13","0","13","0","13","0","13","0","13","0","13","0","13","0","13","0","13","0","13","0","13","0","13","0","13","0","13","0","13","0","13","0","13","0","13","0","13","0","13","0","13","0","13","0","13","0","13","0","13",
"1400000US18097390802","Census Tract 3908.02; Marion County; Indiana","4046","801","525","306","280","163","58","69","6","10","19","31","0","13","0","13","74","73","21","29","39","37","0","13","23","30","29","49","0","13","11","18","245","188","0","13","0","13","0","13","0","13","0","13","0","13","6","10","23","29","55","53","19","32","129","156","13","23","0","13","3521","796","2069","472","215","143","0","13","314","147","62","57","13","23","104","109","139","92","305","134","542","247","174","107","124","69","51","51","26","24","1452","388","86","61","21","32","81","68","164","130","37","65","59","64","41","35","296","145","280","150","162","74","89","55","71","43","65","49",
"1400000US18097390900","Census Tract 3909; Marion County; Indiana","3146","607","605","352","319","238","11","17","0","13","44","50","23","36","23","36","0","13","15","23","159","198","8","14","1","4","7","9","28","28","0","13","286","168","8","12","26","42","0","13","0","13","0","13","0","13","63","86","15","20","50","48","50","51","10","16","15","23","49","37","2541","471","1148","226","55","37","23","23","38","38","19","25","0","13","0","13","93","64","364","164","231","80","92","46","71","38","145","62","17","19","1393","324","125","82","0","13","134","121","0","13","0","13","0","13","49","44","443","147","327","183","126","48","78","41","52","41","59","48",
"1400000US18097391001","Census Tract 3910.01; Marion County; Indiana","949","275","414","197","69","65","13","21","0","13","0","13","0","13","0","13","0","13","26","40","30","36","0","13","0","13","0","13","0","13","0","13","345","176","9","14","0","13","0","13","0","13","0","13","0","13","311","173","10","16","0","13","0","13","15","23","0","13","0","13","535","140","230","108","29","45","0","13","0","13","0","13","0","13","0","13","51","46","79","61","62","44","0","13","0","13","9","15","0","13","305","104","7","11","0","13","0","13","0","13","0","13","0","13","160","102","58","52","52","42","0","13","20","32","8","14","0","13",
"1400000US18097391002","Census Tract 3910.02; Marion County; Indiana","5713","809","1133","281","689","260","0","18","0","18","0","18","0","18","0","18","0","18","341","200","268","138","9","26","0","18","54","59","17","28","0","18","444","180","0","18","0","18","0","18","0","18","0","18","0","18","337","167","107","81","0","18","0","18","0","18","0","18","0","18","4580","744","2217","469","39","4","0","18","0","18","0","18","0","18","0","18","479","231","1011","445","266","126","90","55","281","164","32","35","19","31","2363","586","80","76","0","18","40","3","0","18","0","18","0","18","442","225","1378","536","102","75","122","122","142","129","57","53","0","18",
